date,prev_date,price,ret,gap_trading_days,spans_missing_day
2017-01-04,2017-01-03,2270.75,0.00572230858833489,1,False
2017-01-05,2017-01-04,2269.0,-0.0007706704833204681,1,False
2017-01-06,2017-01-05,2276.98,0.00351696782723665,1,False
2017-01-09,2017-01-06,2268.9,-0.0035485599346501973,1,False
2017-01-10,2017-01-09,2268.9,0.0,1,False
2017-01-11,2017-01-10,2275.32,0.002829564987438804,1,False
2017-01-12,2017-01-11,2270.44,-0.002144753265474808,1,False
2017-01-13,2017-01-12,2274.64,0.0018498617008155804,1,False
2017-01-17,2017-01-13,2267.89,-0.0029675025498540064,1,False
2017-01-18,2017-01-17,2271.89,0.0017637539739581154,1,False
2017-01-19,2017-01-18,2263.69,-0.0036093296770529637,1,False
2017-01-20,2017-01-19,2271.31,0.003366185299223723,1,False
2017-01-23,2017-01-20,2265.2,-0.0026900775323491777,1,False
2017-01-24,2017-01-23,2280.07,0.006564541762317022,1,False
2017-01-25,2017-01-24,2298.37,0.008026069375062894,1,False
2017-01-26,2017-01-25,2296.68,-0.0007353037152416642,1,False
2017-01-27,2017-01-26,2294.69,-0.000866468119198105,1,False
2017-01-30,2017-01-27,2280.9,-0.006009526341248739,1,False
2017-01-31,2017-01-30,2278.87,-0.0008899995615766487,1,False
2017-02-01,2017-01-31,2279.55,0.00029839350204285964,1,False
2017-02-02,2017-02-01,2280.85,0.0005702879954376794,1,False
2017-02-03,2017-02-02,2297.42,0.007264835478001608,1,False
2017-02-06,2017-02-03,2292.56,-0.002115416423640437,1,False
2017-02-07,2017-02-06,2293.08,0.00022682067208701362,1,False
2017-02-08,2017-02-07,2294.67,0.0006933905489561187,1,False
2017-02-09,2017-02-08,2307.87,0.0057524611382027135,1,False
2017-02-10,2017-02-09,2316.1,0.0035660587468098193,1,False
2017-02-13,2017-02-10,2328.25,0.005245887483269263,1,False
2017-02-14,2017-02-13,2337.58,0.004007301621389514,1,False
2017-02-15,2017-02-14,2349.25,0.004992342508064018,1,False
2017-02-16,2017-02-15,2347.22,-0.0008641055656061214,1,False
2017-02-17,2017-02-16,2351.16,0.0016785814708464297,1,False
2017-02-21,2017-02-17,2365.38,0.00604807839534538,1,False
2017-02-22,2017-02-21,2362.82,-0.0010822785345272479,1,False
2017-02-23,2017-02-22,2363.81,0.00041899086684549225,1,False
2017-02-24,2017-02-23,2367.34,0.001493351834538359,1,False
2017-02-27,2017-02-24,2369.75,0.001018020225231675,1,False
2017-02-28,2017-02-27,2363.64,-0.0025783310475788745,1,False
2017-03-01,2017-02-28,2395.96,0.013673825117192173,1,False
2017-03-02,2017-03-01,2381.92,-0.0058598641045760624,1,False
2017-03-03,2017-03-02,2383.12,0.0005037952576072424,1,False
2017-03-06,2017-03-03,2375.31,-0.0032772164221692712,1,False
2017-03-07,2017-03-06,2368.39,-0.0029133039476952893,1,False
2017-03-08,2017-03-07,2362.98,-0.0022842521713062336,1,False
2017-03-09,2017-03-08,2364.87,0.0007998374933346764,1,False
2017-03-10,2017-03-09,2372.6,0.0032686786165836423,1,False
2017-03-13,2017-03-10,2373.47,0.00036668633566550035,1,False
2017-03-14,2017-03-13,2365.45,-0.0033790189048102937,1,False
2017-03-15,2017-03-14,2385.26,0.008374727853051489,1,False
2017-03-16,2017-03-15,2381.38,-0.001626657052061442,1,False
2017-03-17,2017-03-16,2378.25,-0.0013143639402364293,1,False
2017-03-20,2017-03-17,2373.47,-0.00200988121517931,1,False
2017-03-21,2017-03-20,2344.02,-0.012407993359932812,1,False
2017-03-22,2017-03-21,2348.45,0.0018899156150544716,1,False
2017-03-23,2017-03-22,2345.96,-0.0010602737976110888,1,False
2017-03-24,2017-03-23,2343.98,-0.0008440041603438031,1,False
2017-03-27,2017-03-24,2341.59,-0.0010196332733214408,1,False
2017-03-28,2017-03-27,2358.57,0.007251482966702083,1,False
2017-03-29,2017-03-28,2361.13,0.0010854034436120763,1,False
2017-03-30,2017-03-29,2368.06,0.0029350353432466836,1,False
2017-03-31,2017-03-30,2362.72,-0.002255010430479043,1,False
2017-04-03,2017-03-31,2358.84,-0.0016421751202002621,1,False
2017-04-04,2017-04-03,2360.16,0.0005595970900948988,1,False
2017-04-05,2017-04-04,2352.95,-0.0030548776354145657,1,False
2017-04-06,2017-04-05,2357.49,0.0019294927644020188,1,False
2017-04-07,2017-04-06,2355.54,-0.0008271509105022279,1,False
2017-04-10,2017-04-07,2357.16,0.0006877403907383783,1,False
2017-04-11,2017-04-10,2353.78,-0.0014339289653649834,1,False
2017-04-12,2017-04-11,2344.93,-0.0037599095922304926,1,False
2017-04-13,2017-04-12,2328.95,-0.006814702357852864,1,False
2017-04-17,2017-04-13,2349.01,0.008613323600764389,1,False
2017-04-18,2017-04-17,2342.19,-0.0029033507733046138,1,False
2017-04-19,2017-04-18,2338.17,-0.0017163423974997372,1,False
2017-04-20,2017-04-19,2355.84,0.007557192163101911,1,False
2017-04-21,2017-04-20,2348.69,-0.0030350108666123976,1,False
2017-04-24,2017-04-21,2374.15,0.010840085324159476,1,False
2017-04-25,2017-04-24,2388.61,0.006090600846618832,1,False
2017-04-26,2017-04-25,2387.45,-0.0004856380907726221,1,False
2017-04-27,2017-04-26,2388.77,0.0005528911600243269,1,False
2017-04-28,2017-04-27,2384.2,-0.0019131184668260692,1,False
2017-05-01,2017-04-28,2388.33,0.00173223722842053,1,False
2017-05-02,2017-05-01,2391.17,0.001189115406999841,1,False
2017-05-03,2017-05-02,2388.13,-0.0012713441536987835,1,False
2017-05-04,2017-05-03,2389.52,0.000582045366039452,1,False
2017-05-05,2017-05-04,2399.29,0.004088687267735702,1,False
2017-05-08,2017-05-05,2399.38,3.751109703298283e-05,1,False
2017-05-09,2017-05-08,2396.92,-0.0010252648600889147,1,False
2017-05-10,2017-05-09,2399.63,0.0011306176259533451,1,False
2017-05-11,2017-05-10,2394.44,-0.002162833436821554,1,False
2017-05-12,2017-05-11,2390.9,-0.0014784250179582514,1,False
2017-05-15,2017-05-12,2402.32,0.004776444016897363,1,False
2017-05-16,2017-05-15,2400.67,-0.0006868360584768585,1,False
2017-05-17,2017-05-16,2357.03,-0.01817825856948263,1,False
2017-05-18,2017-05-17,2365.72,0.0036868431882495223,1,False
2017-05-19,2017-05-18,2381.73,0.00676749573068669,1,False
2017-05-22,2017-05-19,2394.02,0.005160114706536767,1,False
2017-05-23,2017-05-22,2398.42,0.0018379127993919386,1,False
2017-05-24,2017-05-23,2404.39,0.0024891386829661855,1,False
2017-05-25,2017-05-24,2415.07,0.004441875070184231,1,False
2017-05-26,2017-05-25,2415.82,0.0003105500047617671,1,False
2017-05-30,2017-05-26,2412.91,-0.0012045599423798903,1,False
2017-05-31,2017-05-30,2411.8,-0.00046002544645251664,1,False
2017-06-01,2017-05-31,2430.06,0.007571108715482167,1,False
2017-06-02,2017-06-01,2439.07,0.003707727381216941,1,False
2017-06-05,2017-06-02,2436.1,-0.0012176772294358873,1,False
2017-06-06,2017-06-05,2429.33,-0.0027790320594393014,1,False
2017-06-07,2017-06-06,2433.14,0.001568333655781684,1,False
2017-06-08,2017-06-07,2433.79,0.0002671445128517025,1,False
2017-06-09,2017-06-08,2431.77,-0.0008299812227020587,1,False
2017-06-12,2017-06-09,2429.39,-0.000978710980068076,1,False
2017-06-13,2017-06-12,2440.35,0.004511420562363311,1,False
2017-06-14,2017-06-13,2437.92,-0.0009957588050893973,1,False
2017-06-15,2017-06-14,2432.46,-0.002239614097263254,1,False
2017-06-16,2017-06-15,2433.15,0.00028366345181418673,1,False
2017-06-19,2017-06-16,2453.46,0.00834720424141544,1,False
2017-06-20,2017-06-19,2437.03,-0.006696665117833511,1,False
2017-06-21,2017-06-20,2435.61,-0.0005826764545369123,1,False
2017-06-22,2017-06-21,2434.5,-0.00045573798760889517,1,False
2017-06-23,2017-06-22,2438.3,0.0015608954610804027,1,False
2017-06-26,2017-06-23,2439.07,0.00031579379075585834,1,False
2017-06-27,2017-06-26,2419.38,-0.008072749039592986,1,False
2017-06-28,2017-06-27,2440.69,0.0088080417296994,1,False
2017-06-29,2017-06-28,2419.7,-0.008600027041533398,1,False
2017-06-30,2017-06-29,2423.41,0.0015332479232963436,1,False
2017-07-03,2017-06-30,2429.01,0.0023107934687074394,1,False
2017-07-05,2017-07-03,2432.54,0.0014532669688471778,1,False
2017-07-06,2017-07-05,2409.75,-0.00936880791271677,1,False
2017-07-07,2017-07-06,2425.18,0.006403153854134258,1,False
2017-07-10,2017-07-07,2427.43,0.0009277661864273146,1,False
2017-07-11,2017-07-10,2425.53,-0.0007827208199616686,1,False
2017-07-12,2017-07-11,2443.25,0.007305619802682184,1,False
2017-07-13,2017-07-12,2447.83,0.00187455233807432,1,False
2017-07-14,2017-07-13,2459.27,0.0046735271648765675,1,False
2017-07-17,2017-07-14,2459.14,-5.286121491343554e-05,1,False
2017-07-18,2017-07-17,2460.61,0.0005977699520971491,1,False
2017-07-19,2017-07-18,2473.83,0.0053726514969865136,1,False
2017-07-20,2017-07-19,2473.45,-0.00015360796821128897,1,False
2017-07-21,2017-07-20,2472.54,-0.0003679071741898854,1,False
2017-07-24,2017-07-21,2469.91,-0.0010636834995592093,1,False
2017-07-25,2017-07-24,2477.13,0.002923183435833865,1,False
2017-07-26,2017-07-25,2477.83,0.0002825850883885206,1,False
2017-07-27,2017-07-26,2475.42,-0.0009726252406339064,1,False
2017-07-28,2017-07-27,2472.1,-0.0013411865461215866,1,False
2017-07-31,2017-07-28,2470.3,-0.0007281258848751415,1,False
2017-08-01,2017-07-31,2476.35,0.002449095251588762,1,False
2017-08-02,2017-08-01,2477.57,0.0004926605689827834,1,False
2017-08-03,2017-08-02,2472.16,-0.0021835911800677232,1,False
2017-08-04,2017-08-03,2476.83,0.0018890363083294837,1,False
2017-08-07,2017-08-04,2480.91,0.001647266869345021,1,False
2017-08-08,2017-08-07,2474.92,-0.002414436638168982,1,False
2017-08-09,2017-08-08,2474.02,-0.0003636481179190021,1,False
2017-08-10,2017-08-09,2438.21,-0.01447441815345063,1,False
2017-08-11,2017-08-10,2441.32,0.0012755258980974293,1,False
2017-08-14,2017-08-11,2465.84,0.01004374682548792,1,False
2017-08-15,2017-08-14,2464.61,-0.0004988158193557357,1,False
2017-08-16,2017-08-15,2468.11,0.0014201029777529683,1,False
2017-08-17,2017-08-16,2430.01,-0.015436913265616137,1,False
2017-08-18,2017-08-17,2425.55,-0.0018353833934839914,1,False
2017-08-21,2017-08-18,2428.37,0.0011626229102676966,1,False
2017-08-22,2017-08-21,2452.51,0.009940824503679613,1,False
2017-08-23,2017-08-22,2444.04,-0.003453604674394928,1,False
2017-08-24,2017-08-23,2438.97,-0.002074434133647607,1,False
2017-08-25,2017-08-24,2443.05,0.0016728373042720346,1,False
2017-08-28,2017-08-25,2444.24,0.00048709604797259054,1,False
2017-08-29,2017-08-28,2446.3,0.0008427977612674997,1,False
2017-08-30,2017-08-29,2457.59,0.004615133058087695,1,False
2017-08-31,2017-08-30,2471.65,0.005721051924853171,1,False
2017-09-01,2017-08-31,2476.55,0.0019824813383773066,1,False
2017-09-05,2017-09-01,2457.85,-0.007550826754961659,1,False
2017-09-06,2017-09-05,2465.54,0.003128750737433128,1,False
2017-09-07,2017-09-06,2465.1,-0.00017845989113951521,1,False
2017-09-08,2017-09-07,2461.43,-0.001488783416494277,1,False
2017-09-11,2017-09-08,2488.11,0.01083922760346634,1,False
2017-09-12,2017-09-11,2496.48,0.003363999180100441,1,False
2017-09-13,2017-09-12,2498.37,0.0007570659488558285,1,False
2017-09-14,2017-09-13,2495.62,-0.0011007176679195263,1,False
2017-09-15,2017-09-14,2500.23,0.0018472363580994688,1,False
2017-09-18,2017-09-15,2503.87,0.0014558660603223306,1,False
2017-09-19,2017-09-18,2506.65,0.0011102812845715793,1,False
2017-09-20,2017-09-19,2508.24,0.0006343127281429606,1,False
2017-09-21,2017-09-20,2500.6,-0.003045960514145296,1,False
2017-09-22,2017-09-21,2502.22,0.0006478445173156988,1,False
2017-09-25,2017-09-22,2496.66,-0.002222026840165925,1,False
2017-09-26,2017-09-25,2496.84,7.209632068461147e-05,1,False
2017-09-27,2017-09-26,2507.04,0.004085163646849521,1,False
2017-09-28,2017-09-27,2510.06,0.0012046078243665992,1,False
2017-09-29,2017-09-28,2519.36,0.0037050907149631662,1,False
2017-10-02,2017-09-29,2529.12,0.0038739997459671383,1,False
2017-10-03,2017-10-02,2534.58,0.002158853672423522,1,False
2017-10-04,2017-10-03,2537.74,0.0012467548864110167,1,False
2017-10-05,2017-10-04,2552.07,0.005646756562926125,1,False
2017-10-06,2017-10-05,2549.33,-0.0010736382622734686,1,False
2017-10-09,2017-10-06,2544.73,-0.001804395664743219,1,False
2017-10-10,2017-10-09,2550.64,0.002322446782173193,1,False
2017-10-11,2017-10-10,2555.24,0.001803468933287311,1,False
2017-10-12,2017-10-11,2550.93,-0.0016867300136190755,1,False
2017-10-13,2017-10-12,2553.17,0.0008781111202582625,1,False
2017-10-16,2017-10-13,2557.64,0.0017507647356032052,1,False
2017-10-17,2017-10-16,2559.36,0.0006724949562879612,1,False
2017-10-18,2017-10-17,2561.26,0.0007423730932734074,1,False
2017-10-19,2017-10-18,2562.1,0.0003279635804251946,1,False
2017-10-20,2017-10-19,2575.21,0.005116896296007312,1,False
2017-10-23,2017-10-20,2564.98,-0.0039724915637947555,1,False
2017-10-24,2017-10-23,2569.13,0.0016179463387628878,1,False
2017-10-25,2017-10-24,2557.15,-0.004663057143858063,1,False
2017-10-26,2017-10-25,2560.4,0.0012709461705413538,1,False
2017-10-27,2017-10-26,2581.07,0.008072957350414134,1,False
2017-10-30,2017-10-27,2572.83,-0.0031924744388955872,1,False
2017-10-31,2017-10-30,2575.26,0.0009444852555358096,1,False
2017-11-01,2017-10-31,2579.36,0.001592072256781707,1,False
2017-11-02,2017-11-01,2579.85,0.00018996960486306058,1,False
2017-11-03,2017-11-02,2587.84,0.0030970792875555375,1,False
2017-11-06,2017-11-03,2591.13,0.0012713305304810074,1,False
2017-11-07,2017-11-06,2590.64,-0.00018910668318461443,1,False
2017-11-08,2017-11-07,2594.38,0.0014436587098169973,1,False
2017-11-09,2017-11-08,2584.62,-0.003761977813581785,1,False
2017-11-10,2017-11-09,2582.3,-0.0008976174447306029,1,False
2017-11-13,2017-11-10,2584.84,0.0009836192541532451,1,False
2017-11-14,2017-11-13,2578.87,-0.002309620711533511,1,False
2017-11-15,2017-11-14,2564.62,-0.005525675974360822,1,False
2017-11-16,2017-11-15,2585.64,0.008196146017733552,1,False
2017-11-17,2017-11-16,2578.85,-0.0026260422951377427,1,False
2017-11-20,2017-11-17,2582.14,0.001275762452255913,1,False
2017-11-21,2017-11-20,2599.03,0.006541086075890767,1,False
2017-11-22,2017-11-21,2597.08,-0.0007502799121211767,1,False
2017-11-24,2017-11-22,2602.42,0.002056155374497548,1,False
2017-11-27,2017-11-24,2601.42,-0.0003842577293442506,1,False
2017-11-28,2017-11-27,2627.04,0.00984846737551015,1,False
2017-11-29,2017-11-28,2626.07,-0.00036923685973555553,1,False
2017-11-30,2017-11-29,2647.58,0.008190946928299692,1,False
2017-12-01,2017-11-30,2642.22,-0.00202449028924534,1,False
2017-12-04,2017-12-01,2639.44,-0.0010521455442770167,1,False
2017-12-05,2017-12-04,2629.57,-0.003739429575970621,1,False
2017-12-06,2017-12-05,2629.27,-0.00011408709408766704,1,False
2017-12-07,2017-12-06,2636.98,0.0029323728639507607,1,False
2017-12-08,2017-12-07,2651.5,0.005506298872194781,1,False
2017-12-11,2017-12-08,2659.99,0.0032019611540636816,1,False
2017-12-12,2017-12-11,2664.11,0.0015488780033008354,1,False
2017-12-13,2017-12-12,2662.85,-0.0004729534441145766,1,False
2017-12-14,2017-12-13,2652.01,-0.004070826370242253,1,False
2017-12-15,2017-12-14,2675.81,0.008974325134520456,1,False
2017-12-18,2017-12-15,2690.16,0.005362862086620401,1,False
2017-12-19,2017-12-18,2681.47,-0.003230291135099761,1,False
2017-12-20,2017-12-19,2679.25,-0.0008279040973793172,1,False
2017-12-21,2017-12-20,2684.57,0.0019856303069889503,1,False
2017-12-22,2017-12-21,2683.34,-0.0004581739347455649,1,False
2017-12-26,2017-12-22,2680.5,-0.0010583824636460903,1,False
2017-12-27,2017-12-26,2682.62,0.00079089722066783,1,False
2017-12-28,2017-12-27,2687.54,0.0018340279279212002,1,False
2017-12-29,2017-12-28,2673.61,-0.005183178668968558,1,False
2018-01-02,2017-12-29,2695.81,0.008303380074131894,1,False
2018-01-03,2018-01-02,2713.06,0.006398818907860759,1,False
2018-01-04,2018-01-03,2723.99,0.004028661363921104,1,False
2018-01-05,2018-01-04,2743.15,0.007033799683552555,1,False
2018-01-08,2018-01-05,2747.71,0.0016623225124401397,1,False
2018-01-09,2018-01-08,2751.29,0.0013029031448006378,1,False
2018-01-10,2018-01-09,2748.23,-0.0011122055472160275,1,False
2018-01-11,2018-01-10,2767.56,0.007033618001404562,1,False
2018-01-12,2018-01-11,2786.24,0.006749627831013516,1,False
2018-01-16,2018-01-12,2776.42,-0.0035244630756861017,1,False
2018-01-17,2018-01-16,2802.56,0.009415002053003496,1,False
2018-01-18,2018-01-17,2798.03,-0.001616379310344751,1,False
2018-01-19,2018-01-18,2810.3,0.004385228178396927,1,False
2018-01-22,2018-01-19,2832.97,0.008066754439027823,1,False
2018-01-23,2018-01-22,2839.13,0.002174396481431362,1,False
2018-01-24,2018-01-23,2837.54,-0.0005600307136341964,1,False
2018-01-25,2018-01-24,2839.25,0.0006026346765155566,1,False
2018-01-26,2018-01-25,2872.87,0.011841155234656897,1,False
2018-01-29,2018-01-26,2853.53,-0.006731944014173874,1,False
2018-01-30,2018-01-29,2822.43,-0.010898781509218525,1,False
2018-01-31,2018-01-30,2823.81,0.0004889403811609849,1,False
2018-02-01,2018-01-31,2821.98,-0.0006480605989779287,1,False
2018-02-02,2018-02-01,2762.13,-0.021208513171602883,1,False
2018-02-05,2018-02-02,2648.94,-0.040979244278871785,1,False
2018-02-06,2018-02-05,2695.14,0.017440938639606607,1,False
2018-02-07,2018-02-06,2681.66,-0.0050015954644285765,1,False
2018-02-08,2018-02-07,2581.0,-0.037536451302551344,1,False
2018-02-09,2018-02-08,2619.55,0.014936071290197583,1,False
2018-02-12,2018-02-09,2656.0,0.013914603653299107,1,False
2018-02-13,2018-02-12,2662.94,0.0026129518072288693,1,False
2018-02-14,2018-02-13,2698.63,0.013402479965752168,1,False
2018-02-15,2018-02-14,2731.2,0.0120690869070601,1,False
2018-02-16,2018-02-15,2732.22,0.0003734622144111466,1,False
2018-02-20,2018-02-16,2716.26,-0.005841403693699454,1,False
2018-02-21,2018-02-20,2701.33,-0.00549652831466807,1,False
2018-02-22,2018-02-21,2703.96,0.0009735944886408721,1,False
2018-02-23,2018-02-22,2747.3,0.016028343614550522,1,False
2018-02-26,2018-02-23,2779.6,0.011756997779638123,1,False
2018-02-27,2018-02-26,2744.28,-0.012706864297021059,1,False
2018-02-28,2018-02-27,2713.83,-0.011095806550352139,1,False
2018-03-01,2018-02-28,2677.67,-0.013324342350110263,1,False
2018-03-02,2018-03-01,2691.25,0.005071573420174946,1,False
2018-03-05,2018-03-02,2720.94,0.011032048304691067,1,False
2018-03-06,2018-03-05,2728.12,0.0026387939462098053,1,False
2018-03-07,2018-03-06,2726.8,-0.00048384968403136774,1,False
2018-03-08,2018-03-07,2738.97,0.00446310693853591,1,False
2018-03-09,2018-03-08,2786.57,0.017378795678667736,1,False
2018-03-12,2018-03-09,2783.02,-0.001273967637633433,1,False
2018-03-13,2018-03-12,2765.31,-0.00636359063175973,1,False
2018-03-14,2018-03-13,2749.48,-0.005724493818052956,1,False
2018-03-15,2018-03-14,2747.33,-0.0007819660444884358,1,False
2018-03-16,2018-03-15,2752.01,0.0017034720983646334,1,False
2018-03-19,2018-03-16,2712.92,-0.014204163502312905,1,False
2018-03-20,2018-03-19,2716.94,0.001481798210046792,1,False
2018-03-21,2018-03-20,2711.93,-0.001843986249236318,1,False
2018-03-22,2018-03-21,2643.69,-0.02516289137256489,1,False
2018-03-23,2018-03-22,2588.26,-0.020966906104724736,1,False
2018-03-26,2018-03-23,2658.55,0.0271572407717926,1,False
2018-03-27,2018-03-26,2612.62,-0.017276334844182117,1,False
2018-03-28,2018-03-27,2605.0,-0.0029166124426820428,1,False
2018-03-29,2018-03-28,2640.87,0.01376967370441462,1,False
2018-04-02,2018-03-29,2581.88,-0.02233733580221664,1,False
2018-04-03,2018-04-02,2614.45,0.01261483879963432,1,False
2018-04-04,2018-04-03,2644.69,0.011566486259060316,1,False
2018-04-05,2018-04-04,2662.84,0.00686280811739759,1,False
2018-04-06,2018-04-05,2604.47,-0.02192020549488527,1,False
2018-04-09,2018-04-06,2613.16,0.003336571356168383,1,False
2018-04-10,2018-04-09,2656.87,0.01672687474169199,1,False
2018-04-11,2018-04-10,2642.19,-0.005525298565605352,1,False
2018-04-12,2018-04-11,2663.99,0.008250731400845313,1,False
2018-04-13,2018-04-12,2656.3,-0.0028866474724003055,1,False
2018-04-16,2018-04-13,2677.84,0.008109023830139561,1,False
2018-04-17,2018-04-16,2706.39,0.01066157798822931,1,False
2018-04-18,2018-04-17,2708.64,0.0008313657676830566,1,False
2018-04-19,2018-04-18,2693.13,-0.005726120857699746,1,False
2018-04-20,2018-04-19,2670.14,-0.008536535555283331,1,False
2018-04-23,2018-04-20,2670.29,5.617682967939963e-05,1,False
2018-04-24,2018-04-23,2634.56,-0.01338056915166519,1,False
2018-04-25,2018-04-24,2639.4,0.0018371189116968,1,False
2018-04-26,2018-04-25,2666.94,0.01043418958854292,1,False
2018-04-27,2018-04-26,2669.91,0.0011136358523251566,1,False
2018-04-30,2018-04-27,2648.05,-0.008187541902161422,1,False
2018-05-01,2018-04-30,2654.8,0.0025490455240648746,1,False
2018-05-02,2018-05-01,2635.67,-0.007205815880669042,1,False
2018-05-03,2018-05-02,2629.73,-0.0022536964035709817,1,False
2018-05-04,2018-05-03,2663.42,0.012811201149927953,1,False
2018-05-07,2018-05-04,2672.63,0.003457960066380883,1,False
2018-05-08,2018-05-07,2671.92,-0.0002656559269333947,1,False
2018-05-09,2018-05-08,2697.79,0.009682176113057217,1,False
2018-05-10,2018-05-09,2723.07,0.009370632999603501,1,False
2018-05-11,2018-05-10,2727.72,0.0017076314600799058,1,False
2018-05-14,2018-05-11,2730.13,0.0008835217690965624,1,False
2018-05-15,2018-05-14,2711.45,-0.006842165025108815,1,False
2018-05-16,2018-05-15,2722.46,0.004060558004020054,1,False
2018-05-17,2018-05-16,2720.13,-0.000855843612027285,1,False
2018-05-18,2018-05-17,2712.97,-0.002632227136203147,1,False
2018-05-21,2018-05-18,2733.01,0.007386738519040259,1,False
2018-05-22,2018-05-21,2724.44,-0.0031357367883761977,1,False
2018-05-23,2018-05-22,2733.29,0.003248373977771557,1,False
2018-05-24,2018-05-23,2727.76,-0.002023202806873625,1,False
2018-05-25,2018-05-24,2721.33,-0.002357245505469785,1,False
2018-05-29,2018-05-25,2689.86,-0.011564198388288038,1,False
2018-05-30,2018-05-29,2724.01,0.01269582803565994,1,False
2018-05-31,2018-05-30,2705.27,-0.006879563584568427,1,False
2018-06-01,2018-05-31,2734.62,0.01084919435028664,1,False
2018-06-04,2018-06-01,2746.87,0.0044795986279628774,1,False
2018-06-05,2018-06-04,2748.8,0.0007026178887243884,1,False
2018-06-06,2018-06-05,2772.35,0.00856737485448189,1,False
2018-06-07,2018-06-06,2770.37,-0.0007141955380813858,1,False
2018-06-08,2018-06-07,2779.03,0.0031259362467830343,1,False
2018-06-11,2018-06-08,2782.0,0.0010687182218256375,1,False
2018-06-12,2018-06-11,2786.85,0.0017433501078361058,1,False
2018-06-13,2018-06-12,2775.63,-0.004026050917702695,1,False
2018-06-14,2018-06-13,2782.49,0.002471510972283708,1,False
2018-06-15,2018-06-14,2779.66,-0.0010170746345898873,1,False
2018-06-18,2018-06-15,2773.75,-0.0021261593144484836,1,False
2018-06-19,2018-06-18,2762.59,-0.004023433979269853,1,False
2018-06-20,2018-06-19,2767.32,0.0017121614137458607,1,False
2018-06-21,2018-06-20,2749.76,-0.006345489498865264,1,False
2018-06-22,2018-06-21,2754.88,0.0018619806819504259,1,False
2018-06-25,2018-06-22,2717.07,-0.013724735741665661,1,False
2018-06-26,2018-06-25,2723.06,0.0022045806696182613,1,False
2018-06-27,2018-06-26,2699.63,-0.008604290761129008,1,False
2018-06-28,2018-06-27,2716.31,0.006178624478169192,1,False
2018-06-29,2018-06-28,2718.37,0.0007583817752760957,1,False
2018-07-02,2018-06-29,2726.71,0.0030680150237090142,1,False
2018-07-03,2018-07-02,2713.22,-0.00494735413740377,1,False
2018-07-05,2018-07-03,2736.61,0.00862075320099387,1,False
2018-07-06,2018-07-05,2759.82,0.008481296202235589,1,False
2018-07-09,2018-07-06,2784.17,0.008823039183714743,1,False
2018-07-10,2018-07-09,2793.84,0.0034732074550045677,1,False
2018-07-11,2018-07-10,2774.02,-0.007094178621538827,1,False
2018-07-12,2018-07-11,2798.29,0.008749035695488905,1,False
2018-07-13,2018-07-12,2801.31,0.0010792305300737493,1,False
2018-07-16,2018-07-13,2798.43,-0.001028090429120665,1,False
2018-07-17,2018-07-16,2809.55,0.00397365665748306,1,False
2018-07-18,2018-07-17,2815.62,0.0021604883344306103,1,False
2018-07-19,2018-07-18,2804.49,-0.003952948196134454,1,False
2018-07-20,2018-07-19,2801.83,-0.0009484790461010695,1,False
2018-07-23,2018-07-20,2806.98,0.00183808439484201,1,False
2018-07-24,2018-07-23,2820.4,0.004780938945058377,1,False
2018-07-25,2018-07-24,2846.07,0.009101545880016992,1,False
2018-07-26,2018-07-25,2837.44,-0.003032251490652005,1,False
2018-07-27,2018-07-26,2818.82,-0.006562253298748155,1,False
2018-07-30,2018-07-27,2802.6,-0.005754180827438504,1,False
2018-07-31,2018-07-30,2816.29,0.00488474987511589,1,False
2018-08-01,2018-07-31,2813.36,-0.0010403758135703045,1,False
2018-08-02,2018-08-01,2827.22,0.004926493587738445,1,False
2018-08-03,2018-08-02,2840.35,0.0046441380578801095,1,False
2018-08-06,2018-08-03,2850.4,0.0035382963367192044,1,False
2018-08-07,2018-08-06,2858.45,0.002824165029469361,1,False
2018-08-08,2018-08-07,2857.7,-0.00026237996116773576,1,False
2018-08-09,2018-08-08,2853.58,-0.001441718864821362,1,False
2018-08-10,2018-08-09,2833.28,-0.0071138709971333425,1,False
2018-08-13,2018-08-10,2821.93,-0.004005957759204981,1,False
2018-08-14,2018-08-13,2839.96,0.00638924424064391,1,False
2018-08-15,2018-08-14,2818.37,-0.00760221974957398,1,False
2018-08-16,2018-08-15,2840.69,0.007919471183698512,1,False
2018-08-17,2018-08-16,2850.13,0.0033231362802699227,1,False
2018-08-20,2018-08-17,2857.05,0.002427959426412052,1,False
2018-08-21,2018-08-20,2862.96,0.0020685672284348477,1,False
2018-08-22,2018-08-21,2861.82,-0.0003981892866123937,1,False
2018-08-23,2018-08-22,2856.98,-0.001691231454109654,1,False
2018-08-24,2018-08-23,2874.69,0.0061988533346399866,1,False
2018-08-27,2018-08-24,2896.74,0.007670392285776817,1,False
2018-08-28,2018-08-27,2897.52,0.0002692682118519141,1,False
2018-08-29,2018-08-28,2914.04,0.005701427427593275,1,False
2018-08-30,2018-08-29,2901.13,-0.004430275493816138,1,False
2018-08-31,2018-08-30,2901.52,0.00013443037712890238,1,False
2018-09-04,2018-08-31,2896.72,-0.001654305329620409,1,False
2018-09-05,2018-09-04,2888.6,-0.002803170482476691,1,False
2018-09-06,2018-09-05,2878.05,-0.0036522883057535926,1,False
2018-09-07,2018-09-06,2871.68,-0.0022133041469051262,1,False
2018-09-10,2018-09-07,2877.13,0.001897843770893859,1,False
2018-09-11,2018-09-10,2887.89,0.0037398379635260603,1,False
2018-09-12,2018-09-11,2888.92,0.00035666178420923345,1,False
2018-09-13,2018-09-12,2904.18,0.005282250806529776,1,False
2018-09-14,2018-09-13,2904.98,0.00027546501938591206,1,False
2018-09-17,2018-09-14,2888.8,-0.005569745746958565,1,False
2018-09-18,2018-09-17,2904.31,0.005369011354195541,1,False
2018-09-19,2018-09-18,2907.95,0.00125330973621951,1,False
2018-09-20,2018-09-19,2930.75,0.007840574975498171,1,False
2018-09-21,2018-09-20,2929.67,-0.00036850635502849727,1,False
2018-09-24,2018-09-21,2919.37,-0.0035157543341060027,1,False
2018-09-25,2018-09-24,2915.56,-0.0013050760951849316,1,False
2018-09-26,2018-09-25,2905.97,-0.00328924803468289,1,False
2018-09-27,2018-09-26,2914.0,0.0027632769780832067,1,False
2018-09-28,2018-09-27,2913.98,-6.863417982172493e-06,1,False
2018-10-01,2018-09-28,2924.59,0.0036410682297065566,1,False
2018-10-02,2018-10-01,2923.43,-0.00039663679353352244,1,False
2018-10-03,2018-10-02,2925.51,0.0007114930065028613,1,False
2018-10-04,2018-10-03,2901.61,-0.008169515742554312,1,False
2018-10-05,2018-10-04,2885.57,-0.005527965508803745,1,False
2018-10-08,2018-10-05,2884.43,-0.00039506925841348295,1,False
2018-10-09,2018-10-08,2880.34,-0.0014179577940874877,1,False
2018-10-10,2018-10-09,2785.68,-0.032864175757028824,1,False
2018-10-11,2018-10-10,2728.37,-0.020573073719881707,1,False
2018-10-12,2018-10-11,2767.13,0.014206284338267983,1,False
2018-10-15,2018-10-12,2750.79,-0.005905035180855278,1,False
2018-10-16,2018-10-15,2809.92,0.021495643069809,1,False
2018-10-17,2018-10-16,2809.21,-0.0002526762327753618,1,False
2018-10-18,2018-10-17,2768.78,-0.014391946490294405,1,False
2018-10-19,2018-10-18,2767.78,-0.00036116990154511086,1,False
2018-10-22,2018-10-19,2755.88,-0.0042994746692295305,1,False
2018-10-23,2018-10-22,2740.69,-0.00551185102399232,1,False
2018-10-24,2018-10-23,2656.1,-0.030864490329077787,1,False
2018-10-25,2018-10-24,2705.57,0.018625051767629408,1,False
2018-10-26,2018-10-25,2658.69,-0.01732721755489608,1,False
2018-10-29,2018-10-26,2641.25,-0.006559621467715271,1,False
2018-10-30,2018-10-29,2682.63,0.015666824420255576,1,False
2018-10-31,2018-10-30,2711.74,0.010851291456518197,1,False
2018-11-01,2018-10-31,2740.37,0.0105577968389301,1,False
2018-11-02,2018-11-01,2723.06,-0.006316665267828814,1,False
2018-11-05,2018-11-02,2738.31,0.005600317290107348,1,False
2018-11-06,2018-11-05,2755.45,0.006259335137365651,1,False
2018-11-07,2018-11-06,2813.89,0.02120887695294771,1,False
2018-11-08,2018-11-07,2806.83,-0.0025089822274502183,1,False
2018-11-09,2018-11-08,2781.01,-0.009198989607493102,1,False
2018-11-12,2018-11-09,2726.22,-0.019701475363267495,1,False
2018-11-13,2018-11-12,2722.18,-0.001481905348797996,1,False
2018-11-14,2018-11-13,2701.58,-0.007567464311691308,1,False
2018-11-15,2018-11-14,2730.2,0.010593800664796094,1,False
2018-11-16,2018-11-15,2736.27,0.0022232803457622463,1,False
2018-11-19,2018-11-16,2690.73,-0.016643094431470606,1,False
2018-11-20,2018-11-19,2641.89,-0.018151208036480848,1,False
2018-11-21,2018-11-20,2649.93,0.00304327583661701,1,False
2018-11-23,2018-11-21,2632.56,-0.006554890129173208,1,False
2018-11-26,2018-11-23,2673.45,0.015532409517731827,1,False
2018-11-27,2018-11-26,2682.17,0.003261703042884756,1,False
2018-11-28,2018-11-27,2743.79,0.02297393528374414,1,False
2018-11-29,2018-11-28,2737.76,-0.0021976900564546487,1,False
2018-11-30,2018-11-29,2760.17,0.00818552393197347,1,False
2018-12-03,2018-11-30,2790.37,0.010941355061463431,1,False
2018-12-04,2018-12-03,2700.06,-0.03236488351007216,1,False
2018-12-06,2018-12-04,2695.95,-0.0015221883958135285,1,False
2018-12-07,2018-12-06,2633.08,-0.02332016543333515,1,False
2018-12-10,2018-12-07,2637.72,0.001762194844060927,1,False
2018-12-11,2018-12-10,2636.78,-0.00035636837875119287,1,False
2018-12-12,2018-12-11,2651.07,0.005419488922094429,1,False
2018-12-13,2018-12-12,2650.54,-0.00019991927787654795,1,False
2018-12-14,2018-12-13,2599.95,-0.019086676677205427,1,False
2018-12-17,2018-12-14,2545.94,-0.020773476413007863,1,False
2018-12-18,2018-12-17,2546.16,8.641209140813899e-05,1,False
2018-12-19,2018-12-18,2506.96,-0.015395733182517968,1,False
2018-12-20,2018-12-19,2467.42,-0.015772090500047797,1,False
2018-12-21,2018-12-20,2416.62,-0.020588306814405377,1,False
2018-12-24,2018-12-21,2351.1,-0.02711224768478282,1,False
2018-12-26,2018-12-24,2467.7,0.049593807154098,1,False
2018-12-27,2018-12-26,2488.83,0.008562629168861635,1,False
2018-12-28,2018-12-27,2485.74,-0.0012415472330372657,1,False
2018-12-31,2018-12-28,2506.85,0.008492440882795549,1,False
2019-01-02,2018-12-31,2510.03,0.0012685242435728217,1,False
2019-01-03,2019-01-02,2447.89,-0.02475667621502542,1,False
2019-01-04,2019-01-03,2531.94,0.0343356931888279,1,False
2019-01-07,2019-01-04,2549.69,0.00701043468644591,1,False
2019-01-08,2019-01-07,2574.41,0.009695296290921585,1,False
2019-01-09,2019-01-08,2584.96,0.0040980263439003295,1,False
2019-01-10,2019-01-09,2596.64,0.004518445159692908,1,False
2019-01-11,2019-01-10,2596.26,-0.00014634296629478794,1,False
2019-01-14,2019-01-11,2582.61,-0.005257562801876614,1,False
2019-01-15,2019-01-14,2610.3,0.010721711756711327,1,False
2019-01-16,2019-01-15,2616.1,0.002221966823736654,1,False
2019-01-17,2019-01-16,2635.96,0.007591452926111408,1,False
2019-01-18,2019-01-17,2670.71,0.013183052853609212,1,False
2019-01-22,2019-01-18,2632.9,-0.014157284018107563,1,False
2019-01-23,2019-01-22,2638.7,0.0022028941471379238,1,False
2019-01-24,2019-01-23,2642.33,0.001375677416909804,1,False
2019-01-25,2019-01-24,2664.76,0.0084887201825663,1,False
2019-01-28,2019-01-25,2643.85,-0.0078468605052614,1,False
2019-01-29,2019-01-28,2640.0,-0.001456209694195909,1,False
2019-01-30,2019-01-29,2681.05,0.015549242424242493,1,False
2019-01-31,2019-01-30,2704.1,0.008597377892989533,1,False
2019-02-01,2019-01-31,2706.53,0.000898635405495396,1,False
2019-02-04,2019-02-01,2724.87,0.006776204217207926,1,False
2019-02-05,2019-02-04,2737.7,0.004708481505539597,1,False
2019-02-06,2019-02-05,2731.61,-0.002224495014062744,1,False
2019-02-07,2019-02-06,2706.05,-0.009357119061652264,1,False
2019-02-08,2019-02-07,2707.88,0.0006762624489569102,1,False
2019-02-11,2019-02-08,2709.8,0.0007090417596054,1,False
2019-02-12,2019-02-11,2744.73,0.012890250202966858,1,False
2019-02-13,2019-02-12,2753.03,0.003023976857468691,1,False
2019-02-14,2019-02-13,2745.73,-0.0026516238471793185,1,False
2019-02-15,2019-02-14,2775.6,0.010878709851296353,1,False
2019-02-19,2019-02-15,2779.76,0.0014987750396311394,1,False
2019-02-20,2019-02-19,2784.7,0.0017771318387196366,1,False
2019-02-21,2019-02-20,2774.88,-0.003526412180845262,1,False
2019-02-22,2019-02-21,2792.67,0.006411088047050706,1,False
2019-02-25,2019-02-22,2796.11,0.0012317960947767492,1,False
2019-02-26,2019-02-25,2793.9,-0.0007903837831845228,1,False
2019-02-27,2019-02-26,2792.38,-0.0005440423780378456,1,False
2019-02-28,2019-02-27,2784.49,-0.0028255466662847617,1,False
2019-03-01,2019-02-28,2803.69,0.0068953381050032014,1,False
2019-03-04,2019-03-01,2792.81,-0.0038806002090102654,1,False
2019-03-05,2019-03-04,2789.65,-0.0011314768996100177,1,False
2019-03-06,2019-03-05,2771.45,-0.0065241159285216455,1,False
2019-03-07,2019-03-06,2748.93,-0.008125710368218741,1,False
2019-03-08,2019-03-07,2743.07,-0.0021317385309919112,1,False
2019-03-11,2019-03-08,2783.3,0.014666049353461608,1,False
2019-03-12,2019-03-11,2791.52,0.0029533287823806376,1,False
2019-03-13,2019-03-12,2810.92,0.006949618845646821,1,False
2019-03-14,2019-03-13,2808.48,-0.0008680432029370966,1,False
2019-03-15,2019-03-14,2822.48,0.004984902865607044,1,False
2019-03-18,2019-03-15,2832.94,0.0037059607153993035,1,False
2019-03-19,2019-03-18,2832.57,-0.0001306063665308388,1,False
2019-03-20,2019-03-19,2824.23,-0.0029443226469249018,1,False
2019-03-21,2019-03-20,2854.88,0.010852515552911779,1,False
2019-03-22,2019-03-21,2800.71,-0.018974527826038257,1,False
2019-03-25,2019-03-22,2798.36,-0.0008390729493592541,1,False
2019-03-26,2019-03-25,2818.46,0.007182778484540853,1,False
2019-03-27,2019-03-26,2805.37,-0.004644380264399728,1,False
2019-03-28,2019-03-27,2815.44,0.0035895443381801506,1,False
2019-03-29,2019-03-28,2834.4,0.006734293751598397,1,False
2019-04-01,2019-03-29,2867.19,0.01156858594411525,1,False
2019-04-02,2019-04-01,2867.24,1.7438676892522764e-05,1,False
2019-04-03,2019-04-02,2873.4,0.0021484075277968806,1,False
2019-04-04,2019-04-03,2879.39,0.0020846384074615365,1,False
2019-04-05,2019-04-04,2892.74,0.004636398681665099,1,False
2019-04-08,2019-04-05,2895.77,0.0010474498226595852,1,False
2019-04-09,2019-04-08,2878.2,-0.0060674708281390766,1,False
2019-04-10,2019-04-09,2888.21,0.0034778681120144483,1,False
2019-04-11,2019-04-10,2888.32,3.808587325715429e-05,1,False
2019-04-12,2019-04-11,2907.41,0.006609378462220095,1,False
2019-04-15,2019-04-12,2905.58,-0.0006294261903205811,1,False
2019-04-16,2019-04-15,2907.06,0.000509364739569973,1,False
2019-04-17,2019-04-16,2900.45,-0.002273774879087531,1,False
2019-04-18,2019-04-17,2905.03,0.0015790653174507785,1,False
2019-04-22,2019-04-18,2907.97,0.001012037741434657,1,False
2019-04-23,2019-04-22,2933.68,0.008841219132246891,1,False
2019-04-24,2019-04-23,2927.25,-0.0021917864252406494,1,False
2019-04-25,2019-04-24,2926.17,-0.00036894696387390624,1,False
2019-04-26,2019-04-25,2939.88,0.004685305365033532,1,False
2019-04-29,2019-04-26,2943.03,0.0010714723049920494,1,False
2019-04-30,2019-04-29,2945.83,0.0009514004274504551,1,False
2019-05-01,2019-04-30,2923.73,-0.007502130129708795,1,False
2019-05-02,2019-05-01,2917.52,-0.0021239991380873624,1,False
2019-05-03,2019-05-02,2945.64,0.00963832295922562,1,False
2019-05-06,2019-05-03,2932.47,-0.004471014787957861,1,False
2019-05-07,2019-05-06,2884.05,-0.016511677868827124,1,False
2019-05-08,2019-05-07,2879.42,-0.0016053813214057522,1,False
2019-05-09,2019-05-08,2870.72,-0.0030214418181440106,1,False
2019-05-10,2019-05-09,2881.4,0.0037203210344445292,1,False
2019-05-13,2019-05-10,2811.87,-0.024130630943291487,1,False
2019-05-14,2019-05-13,2834.41,0.008016017810211773,1,False
2019-05-15,2019-05-14,2850.96,0.00583895766667486,1,False
2019-05-16,2019-05-15,2876.32,0.008895249319527565,1,False
2019-05-17,2019-05-16,2859.53,-0.005837319908772343,1,False
2019-05-20,2019-05-17,2840.23,-0.006749360908960611,1,False
2019-05-21,2019-05-20,2864.36,0.008495790833841,1,False
2019-05-22,2019-05-21,2856.27,-0.002824365652362215,1,False
2019-05-23,2019-05-22,2822.24,-0.011914139769699683,1,False
2019-05-24,2019-05-23,2826.06,0.001353534780883292,1,False
2019-05-28,2019-05-24,2802.39,-0.008375618352052028,1,False
2019-05-29,2019-05-28,2783.02,-0.0069119572935958384,1,False
2019-05-30,2019-05-29,2788.86,0.0020984398243635294,1,False
2019-05-31,2019-05-30,2752.06,-0.013195355808466647,1,False
2019-06-03,2019-05-31,2744.45,-0.0027652013400870645,1,False
2019-06-04,2019-06-03,2803.27,0.021432345278653342,1,False
2019-06-05,2019-06-04,2826.15,0.008161896642135735,1,False
2019-06-06,2019-06-05,2843.49,0.006135555437609463,1,False
2019-06-07,2019-06-06,2873.34,0.010497663083042452,1,False
2019-06-10,2019-06-07,2886.73,0.0046600819951694294,1,False
2019-06-11,2019-06-10,2885.72,-0.00034987685027698667,1,False
2019-06-12,2019-06-11,2879.84,-0.002037619727485618,1,False
2019-06-13,2019-06-12,2891.64,0.004097449858325275,1,False
2019-06-14,2019-06-13,2886.98,-0.0016115422390061696,1,False
2019-06-17,2019-06-14,2889.67,0.0009317695307899942,1,False
2019-06-18,2019-06-17,2917.75,0.009717372571954597,1,False
2019-06-19,2019-06-18,2926.46,0.002985176934281464,1,False
2019-06-20,2019-06-19,2954.18,0.009472195075278522,1,False
2019-06-21,2019-06-20,2950.46,-0.0012592326804730103,1,False
2019-06-24,2019-06-21,2945.35,-0.001731933325650914,1,False
2019-06-25,2019-06-24,2917.38,-0.009496324715228988,1,False
2019-06-26,2019-06-25,2913.78,-0.0012339839170762978,1,False
2019-06-27,2019-06-26,2924.92,0.003823212459416858,1,False
2019-06-28,2019-06-27,2941.76,0.005757422425228809,1,False
2019-07-01,2019-06-28,2964.33,0.007672277820080398,1,False
2019-07-02,2019-07-01,2973.01,0.0029281490252435205,1,False
2019-07-03,2019-07-02,2995.82,0.007672358989710748,1,False
2019-07-05,2019-07-03,2990.41,-0.0018058494836139527,1,False
2019-07-08,2019-07-05,2975.95,-0.004835457345313876,1,False
2019-07-09,2019-07-08,2979.63,0.0012365799156572876,1,False
2019-07-10,2019-07-09,2993.07,0.004510627158405667,1,False
2019-07-11,2019-07-10,2999.91,0.002285278994477169,1,False
2019-07-12,2019-07-11,3013.77,0.004620138604158219,1,False
2019-07-15,2019-07-12,3014.3,0.00017585947169163063,1,False
2019-07-16,2019-07-15,3004.04,-0.0034037753375577573,1,False
2019-07-17,2019-07-16,2984.42,-0.006531204644412147,1,False
2019-07-18,2019-07-17,2995.11,0.0035819355184592006,1,False
2019-07-19,2019-07-18,2976.61,-0.0061767347442999165,1,False
2019-07-22,2019-07-19,2985.03,0.0028287212634507952,1,False
2019-07-23,2019-07-22,3005.47,0.006847502370160408,1,False
2019-07-24,2019-07-23,3019.56,0.00468811866363672,1,False
2019-07-25,2019-07-24,3003.67,-0.00526235610486292,1,False
2019-07-26,2019-07-25,3025.86,0.007387629133693174,1,False
2019-07-29,2019-07-26,3020.97,-0.00161606948107329,1,False
2019-07-30,2019-07-29,3013.18,-0.002578641959370631,1,False
2019-07-31,2019-07-30,2980.38,-0.010885509660889747,1,False
2019-08-01,2019-07-31,2953.56,-0.008998852495319398,1,False
2019-08-02,2019-08-01,2932.05,-0.0072827367651240316,1,False
2019-08-05,2019-08-02,2844.74,-0.02977780051499812,1,False
2019-08-06,2019-08-05,2881.77,0.013017006826634425,1,False
2019-08-07,2019-08-06,2883.98,0.0007668897934256513,1,False
2019-08-08,2019-08-07,2938.09,0.01876226603513209,1,False
2019-08-09,2019-08-08,2918.65,-0.006616543400644659,1,False
2019-08-12,2019-08-09,2883.75,-0.011957583129186489,1,False
2019-08-13,2019-08-12,2926.32,0.014762028608582556,1,False
2019-08-14,2019-08-13,2840.6,-0.02929276360753441,1,False
2019-08-15,2019-08-14,2847.6,0.002464268112370549,1,False
2019-08-16,2019-08-15,2888.68,0.014426183452732166,1,False
2019-08-19,2019-08-16,2923.65,0.012105875347909967,1,False
2019-08-20,2019-08-19,2900.51,-0.007914764079147596,1,False
2019-08-21,2019-08-20,2924.43,0.008246825558263726,1,False
2019-08-22,2019-08-21,2922.95,-0.0005060815269983809,1,False
2019-08-23,2019-08-22,2847.11,-0.025946389777450785,1,False
2019-08-26,2019-08-23,2878.38,0.010983067039910699,1,False
2019-08-27,2019-08-26,2869.16,-0.0032031906836484936,1,False
2019-08-28,2019-08-27,2887.94,0.006545469754213773,1,False
2019-08-29,2019-08-28,2924.58,0.012687244194824032,1,False
2019-08-30,2019-08-29,2926.46,0.0006428273461489553,1,False
2019-09-03,2019-08-30,2906.27,-0.006899120439028739,1,False
2019-09-04,2019-09-03,2937.78,0.010842075925499017,1,False
2019-09-05,2019-09-04,2976.0,0.013009823744460025,1,False
2019-09-06,2019-09-05,2978.71,0.0009106182795699524,1,False
2019-09-09,2019-09-06,2978.43,-9.400042300200528e-05,1,False
2019-09-10,2019-09-09,2979.39,0.00032231746255573235,1,False
2019-09-11,2019-09-10,3000.93,0.0072296678179091245,1,False
2019-09-12,2019-09-11,3009.57,0.0028791074766822966,1,False
2019-09-13,2019-09-12,3007.39,-0.0007243559711188619,1,False
2019-09-16,2019-09-13,2997.96,-0.0031356092824674775,1,False
2019-09-17,2019-09-16,3005.7,0.002581755593803692,1,False
2019-09-18,2019-09-17,3006.73,0.0003426822370828919,1,False
2019-09-19,2019-09-18,3006.79,1.9955233758972568e-05,1,False
2019-09-20,2019-09-19,2992.07,-0.004895586322955614,1,False
2019-09-23,2019-09-20,2991.78,-9.69228661094057e-05,1,False
2019-09-24,2019-09-23,2966.6,-0.00841639425358831,1,False
2019-09-25,2019-09-24,2984.87,0.006158565361019441,1,False
2019-09-26,2019-09-25,2977.62,-0.0024289165022262083,1,False
2019-09-27,2019-09-26,2961.79,-0.005316326462073695,1,False
2019-09-30,2019-09-27,2976.74,0.005047623227845355,1,False
2019-10-01,2019-09-30,2940.25,-0.012258376613342059,1,False
2019-10-02,2019-10-01,2887.61,-0.01790323952044892,1,False
2019-10-03,2019-10-02,2910.63,0.007971990677411389,1,False
2019-10-04,2019-10-03,2952.01,0.014216853396000317,1,False
2019-10-07,2019-10-04,2938.79,-0.004478304612789308,1,False
2019-10-08,2019-10-07,2893.06,-0.015560826054260457,1,False
2019-10-09,2019-10-08,2919.4,0.009104546742895181,1,False
2019-10-10,2019-10-09,2938.13,0.00641570185654583,1,False
2019-10-11,2019-10-10,2970.27,0.010938930544257763,1,False
2019-10-14,2019-10-11,2966.15,-0.001387079289088211,1,False
2019-10-15,2019-10-14,2995.68,0.009955666436289423,1,False
2019-10-16,2019-10-15,2989.69,-0.0019995460129251796,1,False
2019-10-17,2019-10-16,2997.95,0.002762828253096483,1,False
2019-10-18,2019-10-17,2986.2,-0.003919344885671916,1,False
2019-10-21,2019-10-18,3006.72,0.006871609403255041,1,False
2019-10-22,2019-10-21,2995.99,-0.0035686728395061262,1,False
2019-10-23,2019-10-22,3004.52,0.002847139009142241,1,False
2019-10-24,2019-10-23,3010.29,0.001920439870594981,1,False
2019-10-25,2019-10-24,3022.55,0.004072697314876805,1,False
2019-10-28,2019-10-25,3039.42,0.00558137996062924,1,False
2019-10-29,2019-10-28,3036.89,-0.0008323956544341593,1,False
2019-10-30,2019-10-29,3046.77,0.0032533282404039188,1,False
2019-10-31,2019-10-30,3037.56,-0.0030228734036372717,1,False
2019-11-01,2019-10-31,3066.91,0.009662360578885698,1,False
2019-11-04,2019-11-01,3078.27,0.00370405391746087,1,False
2019-11-05,2019-11-04,3074.62,-0.001185730946278274,1,False
2019-11-06,2019-11-05,3076.78,0.0007025258405917167,1,False
2019-11-07,2019-11-06,3085.18,0.0027301269509030224,1,False
2019-11-08,2019-11-07,3093.08,0.002560628553277322,1,False
2019-11-11,2019-11-08,3087.01,-0.001962445200253349,1,False
2019-11-12,2019-11-11,3091.84,0.001564620781921544,1,False
2019-11-13,2019-11-12,3094.04,0.0007115504036430131,1,False
2019-11-14,2019-11-13,3096.63,0.0008370932502488326,1,False
2019-11-15,2019-11-14,3120.46,0.007695462486638771,1,False
2019-11-18,2019-11-15,3122.03,0.0005031309486422941,1,False
2019-11-19,2019-11-18,3120.18,-0.000592563172038818,1,False
2019-11-20,2019-11-19,3108.46,-0.0037561935529359936,1,False
2019-11-21,2019-11-20,3103.54,-0.0015827773238195064,1,False
2019-11-22,2019-11-21,3110.29,0.0021749357185665286,1,False
2019-11-25,2019-11-22,3133.64,0.007507338543994324,1,False
2019-11-26,2019-11-25,3140.52,0.0021955297992111156,1,False
2019-11-27,2019-11-26,3153.63,0.00417446792250975,1,False
2019-11-29,2019-11-27,3140.98,-0.004011250527170329,1,False
2019-12-02,2019-11-29,3113.87,-0.008631064190157245,1,False
2019-12-03,2019-12-02,3093.2,-0.006638042050567283,1,False
2019-12-04,2019-12-03,3112.76,0.006323548428811776,1,False
2019-12-05,2019-12-04,3117.43,0.001500276282141666,1,False
2019-12-06,2019-12-05,3145.91,0.009135730393304842,1,False
2019-12-09,2019-12-06,3135.96,-0.00316283682622831,1,False
2019-12-10,2019-12-09,3132.52,-0.0010969527672547441,1,False
2019-12-11,2019-12-10,3141.63,0.0029082017034209873,1,False
2019-12-12,2019-12-11,3168.57,0.008575166394515055,1,False
2019-12-13,2019-12-12,3168.8,7.258794976916505e-05,1,False
2019-12-16,2019-12-13,3191.45,0.007147816208028068,1,False
2019-12-17,2019-12-16,3192.52,0.00033527080167328194,1,False
2019-12-18,2019-12-17,3191.14,-0.000432260408705365,1,False
2019-12-19,2019-12-18,3205.37,0.004459221469443442,1,False
2019-12-20,2019-12-19,3221.22,0.0049448269622538454,1,False
2019-12-23,2019-12-20,3224.01,0.0008661314657181229,1,False
2019-12-24,2019-12-23,3223.38,-0.0001954088231737039,1,False
2019-12-26,2019-12-24,3239.91,0.005128157399996169,1,False
2019-12-27,2019-12-26,3240.02,3.395156038288327e-05,1,False
2019-12-30,2019-12-27,3221.29,-0.005780828513404224,1,False
2019-12-31,2019-12-30,3230.78,0.002946024729223451,1,False
2020-01-02,2019-12-31,3257.85,0.008378781594537532,1,False
2020-01-03,2020-01-02,3234.85,-0.007059870773669763,1,False
2020-01-06,2020-01-03,3246.28,0.0035333941295578875,1,False
2020-01-07,2020-01-06,3237.18,-0.0028032085956850583,1,False
2020-01-08,2020-01-07,3253.05,0.0049024150649641385,1,False
2020-01-09,2020-01-08,3274.7,0.006655292725288531,1,False
2020-01-10,2020-01-09,3265.35,-0.0028552233792408233,1,False
2020-01-13,2020-01-10,3288.13,0.006976281256220629,1,False
2020-01-14,2020-01-13,3283.15,-0.0015145386587512855,1,False
2020-01-15,2020-01-14,3289.29,0.001870155186330269,1,False
2020-01-16,2020-01-15,3316.81,0.00836654718799501,1,False
2020-01-17,2020-01-16,3329.62,0.003862144651035182,1,False
2020-01-21,2020-01-17,3320.79,-0.002651954277064661,1,False
2020-01-22,2020-01-21,3321.75,0.0002890878375325645,1,False
2020-01-23,2020-01-22,3325.54,0.0011409648528637462,1,False
2020-01-24,2020-01-23,3295.47,-0.009042140524546438,1,False
2020-01-27,2020-01-24,3243.63,-0.015730684849202037,1,False
2020-01-28,2020-01-27,3276.24,0.010053551114029613,1,False
2020-01-29,2020-01-28,3273.4,-0.0008668473616095795,1,False
2020-01-30,2020-01-29,3283.66,0.003134355715769477,1,False
2020-01-31,2020-01-30,3225.52,-0.017705852615678808,1,False
2020-02-03,2020-01-31,3248.92,0.0072546442124061805,1,False
2020-02-04,2020-02-03,3297.59,0.014980362705145023,1,False
2020-02-05,2020-02-04,3334.69,0.011250640619361318,1,False
2020-02-06,2020-02-05,3345.78,0.0033256464618900416,1,False
2020-02-07,2020-02-06,3327.71,-0.005400833288500828,1,False
2020-02-10,2020-02-07,3352.09,0.007326359568592178,1,False
2020-02-11,2020-02-10,3357.75,0.0016884988171557147,1,False
2020-02-12,2020-02-11,3379.45,0.0064626610081155444,1,False
2020-02-13,2020-02-12,3373.94,-0.0016304428235363044,1,False
2020-02-14,2020-02-13,3380.16,0.0018435419717006685,1,False
2020-02-18,2020-02-14,3370.29,-0.0029199801192842934,1,False
2020-02-19,2020-02-18,3386.15,0.004705826501577137,1,False
2020-02-20,2020-02-19,3373.23,-0.0038155427255142094,1,False
2020-02-21,2020-02-20,3337.75,-0.010518108756295885,1,False
2020-02-24,2020-02-21,3225.89,-0.0335135944873044,1,False
2020-02-25,2020-02-24,3128.21,-0.030280015747592093,1,False
2020-02-26,2020-02-25,3116.39,-0.003778518705585654,1,False
2020-02-27,2020-02-26,2978.76,-0.044163278665378725,1,False
2020-02-28,2020-02-27,2954.22,-0.008238327357692588,1,False
2020-03-02,2020-02-28,3090.23,0.04603922524388837,1,False
2020-03-03,2020-03-02,3003.37,-0.028107940185681968,1,False
2020-03-04,2020-03-03,3130.12,0.042202592421180185,1,False
2020-03-05,2020-03-04,3023.94,-0.03392202215889484,1,False
2020-03-06,2020-03-05,2972.37,-0.017053909799797706,1,False
2020-03-09,2020-03-06,2746.56,-0.07596968075979771,1,False
2020-03-10,2020-03-09,2882.23,0.04939633578003022,1,False
2020-03-11,2020-03-10,2741.38,-0.048868410917935035,1,False
2020-03-12,2020-03-11,2480.64,-0.09511268047479748,1,False
2020-03-13,2020-03-12,2711.02,0.0928711945304439,1,False
2020-03-16,2020-03-13,2386.13,-0.11984050283657066,1,False
2020-03-17,2020-03-16,2529.19,0.05995482224354909,1,False
2020-03-18,2020-03-17,2398.1,-0.05183082330706679,1,False
2020-03-19,2020-03-18,2409.39,0.004707893749218206,1,False
2020-03-20,2020-03-19,2304.92,-0.043359522534749395,1,False
2020-03-23,2020-03-20,2237.4,-0.02929385835517062,1,False
2020-03-24,2020-03-23,2447.33,0.09382765710199337,1,False
2020-03-25,2020-03-24,2475.56,0.011535019797084933,1,False
2020-03-26,2020-03-25,2630.07,0.06241416083633622,1,False
2020-03-27,2020-03-26,2541.47,-0.0336873163071707,1,False
2020-03-30,2020-03-27,2626.65,0.03351603599491648,1,False
2020-03-31,2020-03-30,2584.59,-0.0160127919593398,1,False
2020-04-01,2020-03-31,2470.5,-0.04414239782712159,1,False
2020-04-02,2020-04-01,2526.9,0.022829386763812964,1,False
2020-04-03,2020-04-02,2488.65,-0.015137124539950086,1,False
2020-04-06,2020-04-03,2663.68,0.07033130412070787,1,False
2020-04-07,2020-04-06,2659.41,-0.0016030454108602044,1,False
2020-04-08,2020-04-07,2749.98,0.03405642604938697,1,False
2020-04-09,2020-04-08,2789.82,0.01448737809002254,1,False
2020-04-13,2020-04-09,2761.63,-0.010104594561656355,1,False
2020-04-14,2020-04-13,2846.06,0.030572524197665762,1,False
2020-04-15,2020-04-14,2783.36,-0.022030456139364496,1,False
2020-04-16,2020-04-15,2799.55,0.005816710738100639,1,False
2020-04-17,2020-04-16,2874.56,0.026793591827257934,1,False
2020-04-20,2020-04-17,2823.16,-0.017880997439608137,1,False
2020-04-21,2020-04-20,2736.56,-0.030674846625766805,1,False
2020-04-22,2020-04-21,2799.31,0.02293024819481393,1,False
2020-04-23,2020-04-22,2797.8,-0.000539418642451106,1,False
2020-04-24,2020-04-23,2836.74,0.01391807849024218,1,False
2020-04-27,2020-04-24,2878.48,0.014714073196697708,1,False
2020-04-28,2020-04-27,2863.39,-0.005242350129234907,1,False
2020-04-29,2020-04-28,2939.51,0.026583874358714787,1,False
2020-04-30,2020-04-29,2912.43,-0.009212419757034462,1,False
2020-05-01,2020-04-30,2830.71,-0.028059043479156554,1,False
2020-05-04,2020-05-01,2842.74,0.004249817183674676,1,False
2020-05-05,2020-05-04,2868.44,0.009040573531170715,1,False
2020-05-06,2020-05-05,2848.42,-0.006979403438802989,1,False
2020-05-07,2020-05-06,2881.19,0.011504623615899323,1,False
2020-05-08,2020-05-07,2929.8,0.016871501011734846,1,False
2020-05-11,2020-05-08,2930.32,0.0001774865178509888,1,False
2020-05-12,2020-05-11,2870.12,-0.02054383139042848,1,False
2020-05-13,2020-05-12,2820.0,-0.017462684487059787,1,False
2020-05-14,2020-05-13,2852.5,0.01152482269503552,1,False
2020-05-15,2020-05-14,2863.7,0.003926380368098004,1,False
2020-05-18,2020-05-15,2953.91,0.03150120473513285,1,False
2020-05-19,2020-05-18,2922.94,-0.010484408800538914,1,False
2020-05-20,2020-05-19,2971.61,0.01665104312780974,1,False
2020-05-21,2020-05-20,2948.51,-0.007773563825670182,1,False
2020-05-22,2020-05-21,2955.45,0.002353731206609311,1,False
2020-05-26,2020-05-22,2991.77,0.012289160703107926,1,False
2020-05-27,2020-05-26,3036.13,0.014827343010993532,1,False
2020-05-28,2020-05-27,3029.73,-0.0021079466294262605,1,False
2020-05-29,2020-05-28,3044.31,0.004812310007822562,1,False
2020-06-01,2020-05-29,3055.73,0.0037512605483673855,1,False
2020-06-02,2020-06-01,3080.82,0.00821080396500995,1,False
2020-06-03,2020-06-02,3122.87,0.013648963587616247,1,False
2020-06-04,2020-06-03,3112.35,-0.0033686961032639573,1,False
2020-06-05,2020-06-04,3193.93,0.02621170498176606,1,False
2020-06-08,2020-06-05,3232.39,0.012041591393674889,1,False
2020-06-09,2020-06-08,3207.18,-0.007799182648133396,1,False
2020-06-10,2020-06-09,3190.14,-0.0053130787794885,1,False
2020-06-11,2020-06-10,3002.1,-0.058944121574601716,1,False
2020-06-12,2020-06-11,3041.31,0.013060857399820103,1,False
2020-06-15,2020-06-12,3066.59,0.008312207568449193,1,False
2020-06-16,2020-06-15,3124.74,0.018962430582503575,1,False
2020-06-17,2020-06-16,3113.49,-0.0036002995449221364,1,False
2020-06-18,2020-06-17,3115.34,0.000594188515139038,1,False
2020-06-19,2020-06-18,3097.74,-0.005649463621948292,1,False
2020-06-22,2020-06-19,3117.86,0.006495057687217143,1,False
2020-06-23,2020-06-22,3131.29,0.004307441642665166,1,False
2020-06-24,2020-06-23,3050.33,-0.025855158736495243,1,False
2020-06-25,2020-06-24,3083.76,0.01095946995898811,1,False
2020-06-26,2020-06-25,3009.05,-0.024226917788673585,1,False
2020-06-29,2020-06-26,3053.24,0.01468569814393228,1,False
2020-06-30,2020-06-29,3100.29,0.015409859690034278,1,False
2020-07-01,2020-06-30,3115.86,0.005022110834792981,1,False
2020-07-02,2020-07-01,3130.01,0.004541282342595654,1,False
2020-07-06,2020-07-02,3179.72,0.0158817383970018,1,False
2020-07-07,2020-07-06,3145.32,-0.010818562640735552,1,False
2020-07-08,2020-07-07,3169.94,0.007827502448081614,1,False
2020-07-09,2020-07-08,3152.05,-0.005643639942711776,1,False
2020-07-10,2020-07-09,3185.04,0.01046620453355751,1,False
2020-07-13,2020-07-10,3155.22,-0.009362519779971379,1,False
2020-07-14,2020-07-13,3197.52,0.013406355182839835,1,False
2020-07-15,2020-07-14,3226.56,0.00908203857989931,1,False
2020-07-16,2020-07-15,3215.57,-0.0034061043340275488,1,False
2020-07-17,2020-07-16,3224.73,0.00284863958800452,1,False
2020-07-20,2020-07-17,3251.84,0.008406905384326757,1,False
2020-07-21,2020-07-20,3257.3,0.0016790493997245193,1,False
2020-07-22,2020-07-21,3276.02,0.005747091149111094,1,False
2020-07-23,2020-07-22,3235.66,-0.012319827107282633,1,False
2020-07-24,2020-07-23,3215.63,-0.0061903908321639944,1,False
2020-07-27,2020-07-24,3239.41,0.007395129414764723,1,False
2020-07-28,2020-07-27,3218.44,-0.006473401020556158,1,False
2020-07-29,2020-07-28,3258.44,0.012428381451883519,1,False
2020-07-30,2020-07-29,3246.22,-0.0037502608610255894,1,False
2020-07-31,2020-07-30,3271.12,0.007670459796317086,1,False
2020-08-03,2020-07-31,3294.61,0.007181026681992719,1,False
2020-08-04,2020-08-03,3306.51,0.0036119601409574376,1,False
2020-08-05,2020-08-04,3327.77,0.0064297401187354275,1,False
2020-08-06,2020-08-05,3349.16,0.006427727877827971,1,False
2020-08-07,2020-08-06,3351.28,0.0006329945419150107,1,False
2020-08-10,2020-08-07,3360.47,0.0027422358024395965,1,False
2020-08-11,2020-08-10,3333.69,-0.007969123366671882,1,False
2020-08-12,2020-08-11,3380.35,0.013996502374245878,1,False
2020-08-13,2020-08-12,3373.43,-0.0020471252976762555,1,False
2020-08-14,2020-08-13,3372.85,-0.00017193183199293305,1,False
2020-08-17,2020-08-14,3381.99,0.0027098744385312123,1,False
2020-08-18,2020-08-17,3389.78,0.0023033775972136628,1,False
2020-08-19,2020-08-18,3374.85,-0.004404415625792857,1,False
2020-08-20,2020-08-19,3385.51,0.0031586589033587575,1,False
2020-08-21,2020-08-20,3397.16,0.0034411358997610275,1,False
2020-08-24,2020-08-21,3431.28,0.01004368354743379,1,False
2020-08-25,2020-08-24,3443.62,0.003596325569466652,1,False
2020-08-26,2020-08-25,3478.73,0.010195666188487662,1,False
2020-08-27,2020-08-26,3484.55,0.0016730243508407128,1,False
2020-08-28,2020-08-27,3508.01,0.006732576659826961,1,False
2020-08-31,2020-08-28,3500.31,-0.0021949766391772263,1,False
2020-09-01,2020-08-31,3526.65,0.00752504778148233,1,False
2020-09-02,2020-09-01,3580.84,0.015365857116526938,1,False
2020-09-03,2020-09-02,3455.06,-0.03512583639592948,1,False
2020-09-04,2020-09-03,3426.96,-0.008132999137496877,1,False
2020-09-08,2020-09-04,3331.84,-0.027756378831384043,1,False
2020-09-09,2020-09-08,3398.96,0.020145024971186976,1,False
2020-09-10,2020-09-09,3339.19,-0.017584790641843373,1,False
2020-09-11,2020-09-10,3340.97,0.0005330634075928486,1,False
2020-09-14,2020-09-11,3383.54,0.01274180851668838,1,False
2020-09-15,2020-09-14,3401.2,0.005219385613883576,1,False
2020-09-16,2020-09-15,3385.49,-0.004618958014818264,1,False
2020-09-17,2020-09-16,3357.01,-0.00841237162124231,1,False
2020-09-18,2020-09-17,3319.47,-0.01118257020384228,1,False
2020-09-21,2020-09-18,3281.06,-0.011571124305988612,1,False
2020-09-22,2020-09-21,3315.57,0.010517942372282096,1,False
2020-09-23,2020-09-22,3236.92,-0.02372141140135786,1,False
2020-09-24,2020-09-23,3246.59,0.002987407782707008,1,False
2020-09-25,2020-09-24,3298.46,0.015976763311659203,1,False
2020-09-28,2020-09-25,3351.6,0.016110548559024496,1,False
2020-09-29,2020-09-28,3335.47,-0.004812626805108078,1,False
2020-09-30,2020-09-29,3363.0,0.008253709372292528,1,False
2020-10-01,2020-09-30,3380.8,0.005292893250074426,1,False
2020-10-02,2020-10-01,3348.44,-0.009571699006152401,1,False
2020-10-05,2020-10-02,3408.63,0.01797553487594228,1,False
2020-10-06,2020-10-05,3360.95,-0.013988024514247743,1,False
2020-10-07,2020-10-06,3419.45,0.01740579300495404,1,False
2020-10-08,2020-10-07,3446.83,0.008007135650470065,1,False
2020-10-09,2020-10-08,3477.13,0.008790685934612519,1,False
2020-10-12,2020-10-09,3534.22,0.016418713134107588,1,False
2020-10-13,2020-10-12,3511.93,-0.006306907889152336,1,False
2020-10-14,2020-10-13,3488.67,-0.006623138843883547,1,False
2020-10-15,2020-10-14,3483.34,-0.0015278028589691406,1,False
2020-10-16,2020-10-15,3483.81,0.00013492797142955482,1,False
2020-10-19,2020-10-16,3426.92,-0.016329822808936134,1,False
2020-10-20,2020-10-19,3443.12,0.0047272769717412455,1,False
2020-10-21,2020-10-20,3435.56,-0.002195682985199454,1,False
2020-10-22,2020-10-21,3453.49,0.005218945382994278,1,False
2020-10-23,2020-10-22,3465.39,0.0034457896215134287,1,False
2020-10-26,2020-10-23,3400.97,-0.01858953826264864,1,False
2020-10-27,2020-10-26,3390.68,-0.0030256074002417144,1,False
2020-10-28,2020-10-27,3271.03,-0.03528790685054317,1,False
2020-10-29,2020-10-28,3310.11,0.011947307117329942,1,False
2020-10-30,2020-10-29,3269.96,-0.012129506270184387,1,False
2020-11-02,2020-10-30,3310.24,0.01231819349472163,1,False
2020-11-03,2020-11-02,3369.16,0.017799313644932147,1,False
2020-11-04,2020-11-03,3443.44,0.022047038430944355,1,False
2020-11-05,2020-11-04,3510.45,0.019460190971818836,1,False
2020-11-06,2020-11-05,3509.44,-0.00028771240154390476,1,False
2020-11-09,2020-11-06,3550.5,0.011699872344305584,1,False
2020-11-10,2020-11-09,3545.53,-0.001399802844669673,1,False
2020-11-11,2020-11-10,3572.66,0.007651888434169196,1,False
2020-11-12,2020-11-11,3537.01,-0.009978559392721298,1,False
2020-11-13,2020-11-12,3585.15,0.013610365817456005,1,False
2020-11-16,2020-11-13,3626.91,0.011648048198820149,1,False
2020-11-17,2020-11-16,3609.53,-0.004791957892531062,1,False
2020-11-18,2020-11-17,3567.79,-0.01156383241031389,1,False
2020-11-19,2020-11-18,3581.87,0.003946420613320845,1,False
2020-11-20,2020-11-19,3557.54,-0.0067925413261787915,1,False
2020-11-23,2020-11-20,3577.59,0.00563591695385024,1,False
2020-11-24,2020-11-23,3635.41,0.016161717804443754,1,False
2020-11-25,2020-11-24,3629.65,-0.0015844155129681736,1,False
2020-11-27,2020-11-25,3638.35,0.0023969253233782073,1,False
2020-11-30,2020-11-27,3621.63,-0.0045954897137437944,1,False
2020-12-01,2020-11-30,3662.45,0.011271167954760575,1,False
2020-12-02,2020-12-01,3669.01,0.0017911507324332998,1,False
2020-12-03,2020-12-02,3666.72,-0.0006241465681479097,1,False
2020-12-04,2020-12-03,3699.12,0.008836235109307422,1,False
2020-12-07,2020-12-04,3691.96,-0.0019355954929820562,1,False
2020-12-08,2020-12-07,3702.25,0.002787137455443789,1,False
2020-12-09,2020-12-08,3672.82,-0.007949220068876994,1,False
2020-12-10,2020-12-09,3668.1,-0.0012851160688518437,1,False
2020-12-11,2020-12-10,3663.46,-0.001264960061067022,1,False
2020-12-14,2020-12-11,3647.49,-0.004359266922526861,1,False
2020-12-15,2020-12-14,3694.62,0.012921214314501217,1,False
2020-12-16,2020-12-15,3701.17,0.0017728480872187813,1,False
2020-12-17,2020-12-16,3722.48,0.005757638800703457,1,False
2020-12-18,2020-12-17,3709.41,-0.0035111001267972286,1,False
2020-12-21,2020-12-18,3694.92,-0.003906281591951277,1,False
2020-12-22,2020-12-21,3687.26,-0.0020731166033364223,1,False
2020-12-23,2020-12-22,3690.01,0.0007458112528002658,1,False
2020-12-24,2020-12-23,3703.06,0.0035365757816374632,1,False
2020-12-28,2020-12-24,3735.36,0.008722515973276224,1,False
2020-12-29,2020-12-28,3727.04,-0.0022273622890431888,1,False
2020-12-30,2020-12-29,3732.04,0.0013415471795312772,1,False
2020-12-31,2020-12-30,3756.07,0.00643883774021714,1,False
2021-01-04,2020-12-31,3700.65,-0.01475478359029514,1,False
2021-01-05,2021-01-04,3726.86,0.007082539553862066,1,False
2021-01-06,2021-01-05,3748.14,0.005709900559720538,1,False
2021-01-07,2021-01-06,3803.79,0.01484736429268918,1,False
2021-01-08,2021-01-07,3824.68,0.005491890982414871,1,False
2021-01-11,2021-01-08,3799.61,-0.006554796741165214,1,False
2021-01-12,2021-01-11,3801.19,0.0004158321511944507,1,False
2021-01-13,2021-01-12,3809.84,0.0022756031663768717,1,False
2021-01-14,2021-01-13,3795.54,-0.003753438464607517,1,False
2021-01-15,2021-01-14,3768.25,-0.00719001775768402,1,False
2021-01-19,2021-01-15,3798.91,0.008136402839514334,1,False
2021-01-20,2021-01-19,3851.85,0.013935576257400273,1,False
2021-01-21,2021-01-20,3853.07,0.0003167309215053038,1,False
2021-01-22,2021-01-21,3841.47,-0.0030105863636010755,1,False
2021-01-25,2021-01-22,3855.36,0.003615803325289546,1,False
2021-01-26,2021-01-25,3849.62,-0.0014888363213811928,1,False
2021-01-27,2021-01-26,3750.77,-0.025677859113367063,1,False
2021-01-28,2021-01-27,3787.38,0.009760662477304782,1,False
2021-01-29,2021-01-28,3714.24,-0.019311502938707092,1,False
2021-02-01,2021-01-29,3773.86,0.01605173602136656,1,False
2021-02-02,2021-02-01,3826.31,0.013898236818535858,1,False
2021-02-03,2021-02-02,3830.17,0.001008804827627774,1,False
2021-02-04,2021-02-03,3871.74,0.01085330416143404,1,False
2021-02-05,2021-02-04,3886.83,0.003897472454245321,1,False
2021-02-08,2021-02-05,3915.59,0.007399345996609075,1,False
2021-02-09,2021-02-08,3911.23,-0.0011134975827398197,1,False
2021-02-10,2021-02-09,3909.88,-0.0003451599624669788,1,False
2021-02-11,2021-02-10,3916.38,0.0016624551137118804,1,False
2021-02-12,2021-02-11,3934.83,0.004710983101741784,1,False
2021-02-16,2021-02-12,3932.59,-0.0005692749114954987,1,False
2021-02-17,2021-02-16,3931.33,-0.0003203995331321208,1,False
2021-02-18,2021-02-17,3913.97,-0.004415808390544673,1,False
2021-02-19,2021-02-18,3906.71,-0.0018548941356217874,1,False
2021-02-22,2021-02-19,3876.5,-0.007732849379657014,1,False
2021-02-23,2021-02-22,3881.37,0.0012562878885591378,1,False
2021-02-24,2021-02-23,3925.43,0.01135166191319037,1,False
2021-02-25,2021-02-24,3829.34,-0.024478846903396523,1,False
2021-02-26,2021-02-25,3811.15,-0.004750165824920272,1,False
2021-03-01,2021-02-26,3901.82,0.023790719336683086,1,False
2021-03-02,2021-03-01,3870.29,-0.008080844323930969,1,False
2021-03-03,2021-03-02,3819.72,-0.01306620434127681,1,False
2021-03-04,2021-03-03,3768.47,-0.013417213827191521,1,False
2021-03-05,2021-03-04,3841.94,0.019495975820425837,1,False
2021-03-08,2021-03-05,3821.35,-0.005359271617984662,1,False
2021-03-09,2021-03-08,3875.44,0.014154683554241432,1,False
2021-03-10,2021-03-09,3898.81,0.006030283013025661,1,False
2021-03-11,2021-03-10,3939.34,0.010395479646353678,1,False
2021-03-12,2021-03-11,3943.34,0.0010153985185334946,1,False
2021-03-15,2021-03-12,3968.94,0.006491958593476621,1,False
2021-03-16,2021-03-15,3962.71,-0.0015696886322292825,1,False
2021-03-17,2021-03-16,3974.12,0.0028793426720601367,1,False
2021-03-18,2021-03-17,3915.46,-0.014760500437832724,1,False
2021-03-19,2021-03-18,3913.1,-0.0006027388863633076,1,False
2021-03-22,2021-03-19,3940.59,0.0070251207482558975,1,False
2021-03-23,2021-03-22,3910.52,-0.0076308370066411335,1,False
2021-03-24,2021-03-23,3889.14,-0.005467303581109473,1,False
2021-03-25,2021-03-24,3909.52,0.00524023305923671,1,False
2021-03-26,2021-03-25,3974.54,0.016631197691788335,1,False
2021-03-29,2021-03-26,3971.09,-0.0008680249789911887,1,False
2021-03-30,2021-03-29,3958.55,-0.003157823166939022,1,False
2021-03-31,2021-03-30,3972.89,0.003622538555784205,1,False
2021-04-01,2021-03-31,4019.87,0.011825144919693331,1,False
2021-04-05,2021-04-01,4077.91,0.014438277854756487,1,False
2021-04-06,2021-04-05,4073.94,-0.0009735379152555623,1,False
2021-04-07,2021-04-06,4079.95,0.0014752303666720756,1,False
2021-04-08,2021-04-07,4097.17,0.004220639958823158,1,False
2021-04-09,2021-04-08,4128.8,0.007719962803593772,1,False
2021-04-12,2021-04-09,4127.99,-0.000196182910288778,1,False
2021-04-13,2021-04-12,4141.59,0.00329458162447116,1,False
2021-04-14,2021-04-13,4124.66,-0.0040878020277237415,1,False
2021-04-15,2021-04-14,4170.42,0.011094247768300924,1,False
2021-04-16,2021-04-15,4185.47,0.0036087492386858155,1,False
2021-04-19,2021-04-16,4163.26,-0.005306453038726788,1,False
2021-04-20,2021-04-19,4134.94,-0.006802361610853236,1,False
2021-04-21,2021-04-20,4173.42,0.009306060063749566,1,False
2021-04-22,2021-04-21,4134.98,-0.009210671343885979,1,False
2021-04-23,2021-04-22,4180.17,0.010928710658818286,1,False
2021-04-26,2021-04-23,4187.62,0.001782224167916624,1,False
2021-04-27,2021-04-26,4186.72,-0.0002149192142553158,1,False
2021-04-28,2021-04-27,4183.18,-0.0008455306301830001,1,False
2021-04-29,2021-04-28,4211.47,0.006762797680233579,1,False
2021-04-30,2021-04-29,4181.17,-0.007194637501869883,1,False
2021-05-03,2021-04-30,4192.66,0.0027480346410215795,1,False
2021-05-04,2021-05-03,4164.66,-0.006678337857112138,1,False
2021-05-05,2021-05-04,4167.59,0.0007035388242977447,1,False
2021-05-06,2021-05-05,4201.62,0.008165390549454088,1,False
2021-05-07,2021-05-06,4232.6,0.007373346471123199,1,False
2021-05-10,2021-05-07,4188.43,-0.010435666020885526,1,False
2021-05-11,2021-05-10,4152.1,-0.008673894514173552,1,False
2021-05-12,2021-05-11,4063.04,-0.021449387057151936,1,False
2021-05-13,2021-05-12,4112.5,0.012173151138064053,1,False
2021-05-14,2021-05-13,4173.85,0.014917933130699224,1,False
2021-05-17,2021-05-14,4163.29,-0.0025300382141189015,1,False
2021-05-18,2021-05-17,4127.83,-0.008517302421882755,1,False
2021-05-19,2021-05-18,4115.68,-0.0029434351705374118,1,False
2021-05-20,2021-05-19,4159.12,0.010554756443649449,1,False
2021-05-21,2021-05-20,4155.86,-0.0007838196541576359,1,False
2021-05-24,2021-05-21,4197.05,0.009911305963146155,1,False
2021-05-25,2021-05-24,4188.13,-0.002125302295660103,1,False
2021-05-26,2021-05-25,4195.99,0.001876732575158746,1,False
2021-05-27,2021-05-26,4200.88,0.0011653983922745859,1,False
2021-05-28,2021-05-27,4204.11,0.0007688865190149663,1,False
2021-06-01,2021-05-28,4202.04,-0.0004923753184382651,1,False
2021-06-02,2021-06-01,4208.12,0.0014469162597214869,1,False
2021-06-03,2021-06-02,4192.85,-0.003628698801364849,1,False
2021-06-04,2021-06-03,4229.89,0.00883408659980689,1,False
2021-06-07,2021-06-04,4226.52,-0.0007967110255822085,1,False
2021-06-08,2021-06-07,4227.26,0.00017508493985585183,1,False
2021-06-09,2021-06-08,4219.55,-0.0018238764589828538,1,False
2021-06-10,2021-06-09,4239.18,0.004652154850635748,1,False
2021-06-11,2021-06-10,4247.44,0.0019484900381676606,1,False
2021-06-14,2021-06-11,4255.15,0.0018152110447704484,1,False
2021-06-15,2021-06-14,4246.59,-0.0020116799642784233,1,False
2021-06-16,2021-06-15,4223.7,-0.005390207201542929,1,False
2021-06-17,2021-06-16,4221.86,-0.0004356370007340127,1,False
2021-06-18,2021-06-17,4166.45,-0.013124547000611053,1,False
2021-06-21,2021-06-18,4224.79,0.01400232812106239,1,False
2021-06-22,2021-06-21,4246.44,0.005124515064653945,1,False
2021-06-23,2021-06-22,4241.84,-0.0010832603310065858,1,False
2021-06-24,2021-06-23,4266.49,0.005811157422250579,1,False
2021-06-25,2021-06-24,4280.7,0.003330606657931945,1,False
2021-06-28,2021-06-25,4290.61,0.0023150419323942906,1,False
2021-06-29,2021-06-28,4291.8,0.00027734984069871516,1,False
2021-06-30,2021-06-29,4297.5,0.001328114078009257,1,False
2021-07-01,2021-06-30,4319.94,0.005221640488656032,1,False
2021-07-02,2021-07-01,4352.34,0.0075001041681135305,1,False
2021-07-06,2021-07-02,4343.54,-0.002021900862524517,1,False
2021-07-07,2021-07-06,4358.13,0.003359011313352811,1,False
2021-07-08,2021-07-07,4320.82,-0.00856101125941644,1,False
2021-07-09,2021-07-08,4369.55,0.01127795187024705,1,False
2021-07-12,2021-07-09,4384.63,0.0034511562975592103,1,False
2021-07-13,2021-07-12,4369.21,-0.003516830382495284,1,False
2021-07-14,2021-07-13,4374.3,0.0011649703264435818,1,False
2021-07-15,2021-07-14,4360.03,-0.0032622362435132946,1,False
2021-07-16,2021-07-15,4327.16,-0.007538938952254881,1,False
2021-07-19,2021-07-16,4258.49,-0.015869531055010655,1,False
2021-07-20,2021-07-19,4323.06,0.01516265155019747,1,False
2021-07-21,2021-07-20,4358.69,0.008241847210077813,1,False
2021-07-22,2021-07-21,4367.48,0.0020166609692362503,1,False
2021-07-23,2021-07-22,4411.79,0.010145438559535647,1,False
2021-07-26,2021-07-23,4422.3,0.002382253008416102,1,False
2021-07-27,2021-07-26,4401.46,-0.004712479931257563,1,False
2021-07-28,2021-07-27,4400.64,-0.00018630181803303003,1,False
2021-07-29,2021-07-28,4419.15,0.004206206369982368,1,False
2021-07-30,2021-07-29,4395.26,-0.005406016994218166,1,False
2021-08-02,2021-07-30,4387.16,-0.0018428943907755624,1,False
2021-08-03,2021-08-02,4423.15,0.008203484714484954,1,False
2021-08-04,2021-08-03,4402.66,-0.00463244520307915,1,False
2021-08-05,2021-08-04,4429.1,0.006005460335342772,1,False
2021-08-06,2021-08-05,4436.52,0.0016752839177258672,1,False
2021-08-09,2021-08-06,4432.35,-0.000939925887858073,1,False
2021-08-10,2021-08-09,4436.75,0.000992701388653705,1,False
2021-08-11,2021-08-10,4447.7,0.0024680227644109376,1,False
2021-08-12,2021-08-11,4460.83,0.002952087595835984,1,False
2021-08-13,2021-08-12,4468.0,0.0016073241975147479,1,False
2021-08-16,2021-08-13,4479.71,0.0026208594449417255,1,False
2021-08-17,2021-08-16,4448.08,-0.0070607249129965854,1,False
2021-08-18,2021-08-17,4400.27,-0.010748457761550978,1,False
2021-08-19,2021-08-18,4405.8,0.0012567410636163956,1,False
2021-08-20,2021-08-19,4441.67,0.008141540696354754,1,False
2021-08-23,2021-08-20,4479.53,0.008523820995256282,1,False
2021-08-24,2021-08-23,4486.23,0.0014956926284677152,1,False
2021-08-25,2021-08-24,4496.19,0.0022201269217136943,1,False
2021-08-26,2021-08-25,4470.0,-0.005824931775569864,1,False
2021-08-27,2021-08-26,4509.37,0.008807606263982137,1,False
2021-08-30,2021-08-27,4528.79,0.00430658828173347,1,False
2021-08-31,2021-08-30,4522.68,-0.001349146239944865,1,False
2021-09-01,2021-08-31,4524.09,0.0003117620525883158,1,False
2021-09-02,2021-09-01,4536.95,0.0028425606033477546,1,False
2021-09-03,2021-09-02,4535.43,-0.000335026835208585,1,False
2021-09-07,2021-09-03,4520.03,-0.003395488410139813,1,False
2021-09-08,2021-09-07,4514.07,-0.0013185753191903293,1,False
2021-09-09,2021-09-08,4493.28,-0.004605599824548556,1,False
2021-09-10,2021-09-09,4458.58,-0.0077226435922087555,1,False
2021-09-13,2021-09-10,4468.73,0.0022765095613401787,1,False
2021-09-14,2021-09-13,4443.05,-0.00574659914561837,1,False
2021-09-15,2021-09-14,4480.7,0.008473908688851006,1,False
2021-09-16,2021-09-15,4473.75,-0.0015510969268194286,1,False
2021-09-17,2021-09-16,4432.99,-0.009110924839340617,1,False
2021-09-20,2021-09-17,4357.73,-0.016977254629493954,1,False
2021-09-21,2021-09-20,4354.19,-0.0008123495489623656,1,False
2021-09-22,2021-09-21,4395.64,0.009519566210937302,1,False
2021-09-23,2021-09-22,4448.98,0.012134751708511082,1,False
2021-09-24,2021-09-23,4455.48,0.0014610090402744635,1,False
2021-09-27,2021-09-24,4443.11,-0.0027763563072890074,1,False
2021-09-28,2021-09-27,4352.63,-0.020364114325326033,1,False
2021-09-29,2021-09-28,4359.46,0.001569166228234442,1,False
2021-09-30,2021-09-29,4307.54,-0.011909731939276913,1,False
2021-10-01,2021-09-30,4357.04,0.011491477734391298,1,False
2021-10-04,2021-10-01,4300.46,-0.012985880322420762,1,False
2021-10-05,2021-10-04,4345.72,0.010524455523362564,1,False
2021-10-06,2021-10-05,4363.55,0.004102887438675262,1,False
2021-10-07,2021-10-06,4399.76,0.00829828923697451,1,False
2021-10-08,2021-10-07,4391.34,-0.0019137407494954628,1,False
2021-10-11,2021-10-08,4361.19,-0.0068657858421348195,1,False
2021-10-12,2021-10-11,4350.65,-0.0024167715692277048,1,False
2021-10-13,2021-10-12,4363.8,0.003022536862308023,1,False
2021-10-14,2021-10-13,4438.26,0.01706311013337003,1,False
2021-10-15,2021-10-14,4471.37,0.0074601307719690535,1,False
2021-10-18,2021-10-15,4486.46,0.0033748045900920953,1,False
2021-10-19,2021-10-18,4519.63,0.00739335690054066,1,False
2021-10-20,2021-10-19,4536.19,0.0036640167447334893,1,False
2021-10-21,2021-10-20,4549.78,0.002995906256131331,1,False
2021-10-22,2021-10-21,4544.9,-0.0010725793335062406,1,False
2021-10-25,2021-10-22,4566.48,0.004748179277871856,1,False
2021-10-26,2021-10-25,4574.79,0.0018197824144636776,1,False
2021-10-27,2021-10-26,4551.68,-0.005051597996847845,1,False
2021-10-28,2021-10-27,4596.42,0.009829337739032606,1,False
2021-10-29,2021-10-28,4605.38,0.0019493431844783693,1,False
2021-11-01,2021-10-29,4613.67,0.0018000686154020507,1,False
2021-11-02,2021-11-01,4630.65,0.0036803672564356127,1,False
2021-11-03,2021-11-02,4660.57,0.00646129593037692,1,False
2021-11-04,2021-11-03,4680.06,0.004181891914508462,1,False
2021-11-05,2021-11-04,4697.53,0.0037328581257503046,1,False
2021-11-08,2021-11-05,4701.7,0.0008877005575269603,1,False
2021-11-09,2021-11-08,4685.25,-0.0034987345002870374,1,False
2021-11-10,2021-11-09,4646.71,-0.008225815057894437,1,False
2021-11-11,2021-11-10,4649.27,0.0005509274303756584,1,False
2021-11-12,2021-11-11,4682.85,0.007222639253044116,1,False
2021-11-15,2021-11-12,4682.8,-1.0677258507119092e-05,1,False
2021-11-16,2021-11-15,4700.9,0.003865208849406221,1,False
2021-11-17,2021-11-16,4688.67,-0.0026016294752068125,1,False
2021-11-18,2021-11-17,4704.54,0.00338475516511072,1,False
2021-11-19,2021-11-18,4697.96,-0.0013986489646171663,1,False
2021-11-22,2021-11-19,4682.94,-0.0031971323723489764,1,False
2021-11-23,2021-11-22,4690.7,0.0016570786727996278,1,False
2021-11-24,2021-11-23,4701.46,0.002293900697124096,1,False
2021-11-26,2021-11-24,4594.62,-0.02272485568312821,1,False
2021-11-29,2021-11-26,4655.27,0.013200221128189193,1,False
2021-11-30,2021-11-29,4567.0,-0.01896130621854386,1,False
2021-12-01,2021-11-30,4513.04,-0.011815195971097037,1,False
2021-12-02,2021-12-01,4577.1,0.014194423271231882,1,False
2021-12-03,2021-12-02,4538.43,-0.00844858097922263,1,False
2021-12-06,2021-12-03,4591.67,0.011730928977641941,1,False
2021-12-07,2021-12-06,4686.75,0.020707063007576743,1,False
2021-12-08,2021-12-07,4701.21,0.0030852936469836223,1,False
2021-12-09,2021-12-08,4667.45,-0.007181129964413446,1,False
2021-12-10,2021-12-09,4712.02,0.00954911139915815,1,False
2021-12-13,2021-12-10,4668.97,-0.009136209099282255,1,False
2021-12-14,2021-12-13,4634.09,-0.007470598440341258,1,False
2021-12-15,2021-12-14,4709.85,0.016348409288555077,1,False
2021-12-16,2021-12-15,4668.67,-0.00874337823922211,1,False
2021-12-17,2021-12-16,4620.64,-0.010287726483131143,1,False
2021-12-20,2021-12-17,4568.02,-0.011388032826621375,1,False
2021-12-21,2021-12-20,4649.23,0.017777943178882483,1,False
2021-12-22,2021-12-21,4696.56,0.010180180373954517,1,False
2021-12-23,2021-12-22,4725.79,0.006223704157936716,1,False
2021-12-27,2021-12-23,4791.19,0.01383895602639984,1,False
2021-12-28,2021-12-27,4786.35,-0.0010101874482121298,1,False
2021-12-29,2021-12-28,4793.06,0.0014019033292591576,1,False
2021-12-30,2021-12-29,4778.73,-0.002989739331450192,1,False
2021-12-31,2021-12-30,4766.18,-0.0026262207741385435,1,False
2022-01-03,2021-12-31,4796.56,0.00637407735335227,1,False
2022-01-04,2022-01-03,4793.54,-0.000629617892823231,1,False
2022-01-05,2022-01-04,4700.58,-0.01939276609770646,1,False
2022-01-06,2022-01-05,4696.05,-0.0009637108612128298,1,False
2022-01-07,2022-01-06,4677.03,-0.0040502124125595396,1,False
2022-01-10,2022-01-07,4670.29,-0.0014410854751839564,1,False
2022-01-11,2022-01-10,4713.07,0.009160030747555226,1,False
2022-01-12,2022-01-11,4726.35,0.002817696321081753,1,False
2022-01-13,2022-01-12,4659.03,-0.014243549462058636,1,False
2022-01-14,2022-01-13,4662.85,0.0008199131578892072,1,False
2022-01-18,2022-01-14,4577.11,-0.0183878958147915,1,False
2022-01-19,2022-01-18,4532.76,-0.009689520243122751,1,False
2022-01-20,2022-01-19,4482.73,-0.01103742532143781,1,False
2022-01-21,2022-01-20,4397.94,-0.01891481307149878,1,False
2022-01-24,2022-01-21,4410.13,0.0027717522294530283,1,False
2022-01-25,2022-01-24,4356.45,-0.012171976789799865,1,False
2022-01-26,2022-01-25,4349.93,-0.0014966314315554285,1,False
2022-01-27,2022-01-26,4326.51,-0.005383994684971971,1,False
2022-01-28,2022-01-27,4431.85,0.024347568825681787,1,False
2022-01-31,2022-01-28,4515.55,0.018886018254227865,1,False
2022-02-01,2022-01-31,4546.54,0.006862951356977565,1,False
2022-02-02,2022-02-01,4589.38,0.009422549895085064,1,False
2022-02-03,2022-02-02,4477.44,-0.024391094221877574,1,False
2022-02-04,2022-02-03,4500.53,0.005156964694110977,1,False
2022-02-07,2022-02-04,4483.87,-0.003701786234065696,1,False
2022-02-08,2022-02-07,4521.54,0.008401224834796661,1,False
2022-02-09,2022-02-08,4587.18,0.014517177775713597,1,False
2022-02-10,2022-02-09,4504.08,-0.018115705073705524,1,False
2022-02-11,2022-02-10,4418.64,-0.0189694676826343,1,False
2022-02-14,2022-02-11,4401.67,-0.0038405482229827426,1,False
2022-02-15,2022-02-14,4471.07,0.015766743077059386,1,False
2022-02-16,2022-02-15,4475.01,0.0008812208263346832,1,False
2022-02-17,2022-02-16,4380.26,-0.021173137043269175,1,False
2022-02-18,2022-02-17,4348.87,-0.007166241273349194,1,False
2022-02-22,2022-02-18,4304.76,-0.010142864698185927,1,False
2022-02-23,2022-02-22,4225.5,-0.018412176288573612,1,False
2022-02-24,2022-02-23,4288.7,0.014956809844988816,1,False
2022-02-25,2022-02-24,4384.65,0.022372746986266234,1,False
2022-02-28,2022-02-25,4373.94,-0.002442612295166069,1,False
2022-03-01,2022-02-28,4306.26,-0.015473463284818578,1,False
2022-03-02,2022-03-01,4386.54,0.018642627244987553,1,False
2022-03-03,2022-03-02,4363.49,-0.005254711002293466,1,False
2022-03-04,2022-03-03,4328.87,-0.00793401612012401,1,False
2022-03-07,2022-03-04,4201.09,-0.02951809594651711,1,False
2022-03-08,2022-03-07,4170.7,-0.007233836932796112,1,False
2022-03-09,2022-03-08,4277.88,0.025698324022346508,1,False
2022-03-10,2022-03-09,4259.52,-0.0042918454935622075,1,False
2022-03-11,2022-03-10,4204.31,-0.012961554353542182,1,False
2022-03-14,2022-03-11,4173.11,-0.00742095611408311,1,False
2022-03-15,2022-03-14,4262.45,0.021408493905025416,1,False
2022-03-16,2022-03-15,4357.86,0.022383840279651235,1,False
2022-03-17,2022-03-16,4411.67,0.012347803738532281,1,False
2022-03-18,2022-03-17,4463.12,0.011662250349640857,1,False
2022-03-21,2022-03-18,4461.18,-0.00043467350194470455,1,False
2022-03-22,2022-03-21,4511.61,0.011304184094790948,1,False
2022-03-23,2022-03-22,4456.24,-0.012272780670315009,1,False
2022-03-24,2022-03-23,4520.16,0.014343931206577842,1,False
2022-03-25,2022-03-24,4543.06,0.005066192347173759,1,False
2022-03-28,2022-03-25,4575.52,0.007144963967017803,1,False
2022-03-29,2022-03-28,4631.6,0.012256530405287291,1,False
2022-03-30,2022-03-29,4602.45,-0.006293721392175655,1,False
2022-03-31,2022-03-30,4530.41,-0.015652532890091164,1,False
2022-04-01,2022-03-31,4545.86,0.0034102873691344016,1,False
2022-04-04,2022-04-01,4582.64,0.0080908782936564,1,False
2022-04-05,2022-04-04,4525.12,-0.012551716914267819,1,False
2022-04-06,2022-04-05,4481.15,-0.009716869386889204,1,False
2022-04-07,2022-04-06,4500.21,0.004253372460194527,1,False
2022-04-08,2022-04-07,4488.28,-0.0026509873983658894,1,False
2022-04-11,2022-04-08,4412.53,-0.01687728929567678,1,False
2022-04-12,2022-04-11,4397.45,-0.003417540503973915,1,False
2022-04-13,2022-04-12,4446.59,0.011174658040455254,1,False
2022-04-14,2022-04-13,4392.59,-0.012144137417661627,1,False
2022-04-18,2022-04-14,4391.69,-0.000204890508788802,1,False
2022-04-19,2022-04-18,4462.21,0.016057599693967584,1,False
2022-04-20,2022-04-19,4459.45,-0.0006185275905885579,1,False
2022-04-21,2022-04-20,4393.66,-0.01475294038502506,1,False
2022-04-22,2022-04-21,4271.78,-0.02773997077607282,1,False
2022-04-25,2022-04-22,4296.12,0.005697858972138148,1,False
2022-04-26,2022-04-25,4175.2,-0.02814632738377887,1,False
2022-04-27,2022-04-26,4183.96,0.002098103084882119,1,False
2022-04-28,2022-04-27,4287.5,0.02474689050564538,1,False
2022-04-29,2022-04-28,4131.93,-0.03628454810495618,1,False
2022-05-02,2022-04-29,4155.38,0.005675313957399952,1,False
2022-05-03,2022-05-02,4175.48,0.004837102743912469,1,False
2022-05-04,2022-05-03,4300.17,0.0298624349775356,1,False
2022-05-05,2022-05-04,4146.87,-0.03564975338184306,1,False
2022-05-06,2022-05-05,4123.34,-0.005674159064547379,1,False
2022-05-09,2022-05-06,3991.24,-0.032037134944001844,1,False
2022-05-10,2022-05-09,4001.05,0.00245788276325154,1,False
2022-05-11,2022-05-10,3935.18,-0.016463178415666024,1,False
2022-05-12,2022-05-11,3930.08,-0.0012960017076728558,1,False
2022-05-13,2022-05-12,4023.89,0.02386974310955492,1,False
2022-05-16,2022-05-13,4008.01,-0.003946429947140562,1,False
2022-05-17,2022-05-16,4088.85,0.020169610355263545,1,False
2022-05-18,2022-05-17,3923.68,-0.04039522115020122,1,False
2022-05-19,2022-05-18,3900.79,-0.005833809077192775,1,False
2022-05-20,2022-05-19,3901.36,0.00014612424662696633,1,False
2022-05-23,2022-05-20,3973.75,0.01855506797629536,1,False
2022-05-24,2022-05-23,3941.48,-0.008120792702107527,1,False
2022-05-25,2022-05-24,3978.73,0.009450764687376267,1,False
2022-05-26,2022-05-25,4057.84,0.01988322907058282,1,False
2022-05-27,2022-05-26,4158.24,0.024742227391912897,1,False
2022-05-31,2022-05-27,4132.15,-0.006274289122320975,1,False
2022-06-01,2022-05-31,4101.23,-0.007482787410912017,1,False
2022-06-02,2022-06-01,4176.82,0.018431056049039052,1,False
2022-06-03,2022-06-02,4108.54,-0.016347364741597592,1,False
2022-06-06,2022-06-03,4121.43,0.0031373675320187644,1,False
2022-06-07,2022-06-06,4160.68,0.009523393579413009,1,False
2022-06-08,2022-06-07,4115.77,-0.010793908688002896,1,False
2022-06-09,2022-06-08,4017.82,-0.023798705952956634,1,False
2022-06-10,2022-06-09,3900.86,-0.02911031355312088,1,False
2022-06-13,2022-06-10,3749.63,-0.03876837415339185,1,False
2022-06-14,2022-06-13,3735.48,-0.0037737056722930706,1,False
2022-06-15,2022-06-14,3789.99,0.014592502168395916,1,False
2022-06-16,2022-06-15,3666.77,-0.032511959134456814,1,False
2022-06-17,2022-06-16,3674.84,0.0022008470670371594,1,False
2022-06-21,2022-06-17,3764.79,0.02447725615264873,1,False
2022-06-22,2022-06-21,3759.89,-0.0013015334188627437,1,False
2022-06-23,2022-06-22,3795.73,0.009532193760987795,1,False
2022-06-24,2022-06-23,3911.74,0.03056329085577736,1,False
2022-06-27,2022-06-24,3900.11,-0.002973101484249896,1,False
2022-06-28,2022-06-27,3821.55,-0.02014302160708281,1,False
2022-06-29,2022-06-28,3818.83,-0.000711753084481459,1,False
2022-06-30,2022-06-29,3785.38,-0.008759227302603145,1,False
2022-07-01,2022-06-30,3825.33,0.010553762105785847,1,False
2022-07-05,2022-07-01,3831.39,0.0015841770513915776,1,False
2022-07-06,2022-07-05,3845.08,0.0035731157621645693,1,False
2022-07-07,2022-07-06,3902.62,0.014964578110208349,1,False
2022-07-08,2022-07-07,3899.38,-0.0008302114989416909,1,False
2022-07-11,2022-07-08,3854.43,-0.011527473598367033,1,False
2022-07-12,2022-07-11,3818.8,-0.009243908956706903,1,False
2022-07-13,2022-07-12,3801.78,-0.004456897454697795,1,False
2022-07-14,2022-07-13,3790.38,-0.00299859539478875,1,False
2022-07-15,2022-07-14,3863.16,0.019201241036518768,1,False
2022-07-18,2022-07-15,3830.85,-0.008363619420370894,1,False
2022-07-19,2022-07-18,3936.69,0.027628333137554417,1,False
2022-07-20,2022-07-19,3959.9,0.005895816028186118,1,False
2022-07-21,2022-07-20,3998.95,0.009861360135356989,1,False
2022-07-22,2022-07-21,3961.63,-0.009332449768064022,1,False
2022-07-25,2022-07-22,3966.84,0.0013151152429682345,1,False
2022-07-26,2022-07-25,3921.05,-0.011543193070554847,1,False
2022-07-27,2022-07-26,4023.61,0.026156259165274642,1,False
2022-07-28,2022-07-27,4072.43,0.012133382708562568,1,False
2022-07-29,2022-07-28,4130.29,0.014207733466259809,1,False
2022-08-01,2022-07-29,4118.63,-0.0028230463236237346,1,False
2022-08-02,2022-08-01,4091.19,-0.006662409587654183,1,False
2022-08-03,2022-08-02,4155.17,0.015638481713144525,1,False
2022-08-04,2022-08-03,4151.94,-0.0007773448499099889,1,False
2022-08-05,2022-08-04,4145.19,-0.0016257460367924415,1,False
2022-08-08,2022-08-05,4140.06,-0.0012375789770792123,1,False
2022-08-09,2022-08-08,4122.47,-0.004248730694724312,1,False
2022-08-10,2022-08-09,4210.24,0.021290634013103604,1,False
2022-08-11,2022-08-10,4207.27,-0.0007054229687617486,1,False
2022-08-12,2022-08-11,4280.15,0.01732239670855429,1,False
2022-08-15,2022-08-12,4297.14,0.00396948705068767,1,False
2022-08-16,2022-08-15,4305.2,0.0018756661407353103,1,False
2022-08-17,2022-08-16,4274.04,-0.0072377589891293725,1,False
2022-08-18,2022-08-17,4283.74,0.0022695154935377104,1,False
2022-08-19,2022-08-18,4228.48,-0.012899942573545653,1,False
2022-08-22,2022-08-19,4137.99,-0.021400124867564707,1,False
2022-08-23,2022-08-22,4128.73,-0.0022378014446627903,1,False
2022-08-24,2022-08-23,4140.77,0.0029161509713642175,1,False
2022-08-25,2022-08-24,4199.12,0.014091582000449021,1,False
2022-08-26,2022-08-25,4057.66,-0.033688010821315006,1,False
2022-08-29,2022-08-26,4030.61,-0.0066664037893761074,1,False
2022-08-30,2022-08-29,3986.16,-0.011028107408059928,1,False
2022-08-31,2022-08-30,3955.0,-0.007817046982559583,1,False
2022-09-01,2022-08-31,3966.85,0.002996207332490508,1,False
2022-09-02,2022-09-01,3924.26,-0.010736478566116592,1,False
2022-09-06,2022-09-02,3908.19,-0.004095039574340209,1,False
2022-09-07,2022-09-06,3979.87,0.018340971140093032,1,False
2022-09-08,2022-09-07,4006.18,0.006610768693449787,1,False
2022-09-09,2022-09-08,4067.36,0.015271405678227268,1,False
2022-09-12,2022-09-09,4110.41,0.01058426104401855,1,False
2022-09-13,2022-09-12,3932.69,-0.043236562775976095,1,False
2022-09-14,2022-09-13,3946.01,0.0033869946525153516,1,False
2022-09-15,2022-09-14,3901.35,-0.011317761485652666,1,False
2022-09-16,2022-09-15,3873.33,-0.007182129262947479,1,False
2022-09-19,2022-09-16,3899.89,0.006857148758303566,1,False
2022-09-20,2022-09-19,3855.93,-0.011272112803181633,1,False
2022-09-21,2022-09-20,3789.93,-0.017116493297336777,1,False
2022-09-22,2022-09-21,3757.99,-0.008427596288058115,1,False
2022-09-23,2022-09-22,3693.23,-0.01723261637204987,1,False
2022-09-26,2022-09-23,3655.04,-0.010340542018774879,1,False
2022-09-27,2022-09-26,3647.29,-0.0021203598319033956,1,False
2022-09-28,2022-09-27,3719.04,0.019672140136923533,1,False
2022-09-29,2022-09-28,3640.47,-0.021126419721218426,1,False
2022-09-30,2022-09-29,3585.62,-0.01506673588849794,1,False
2022-10-03,2022-09-30,3678.43,0.025883947546031072,1,False
2022-10-04,2022-10-03,3790.93,0.030583700111188827,1,False
2022-10-05,2022-10-04,3783.28,-0.0020179744811957834,1,False
2022-10-06,2022-10-05,3744.52,-0.010245078344716774,1,False
2022-10-07,2022-10-06,3639.66,-0.028003589245083504,1,False
2022-10-10,2022-10-07,3612.39,-0.007492458086744369,1,False
2022-10-11,2022-10-10,3588.84,-0.006519229651283376,1,False
2022-10-12,2022-10-11,3577.03,-0.0032907569019515748,1,False
2022-10-13,2022-10-12,3669.91,0.025965675434648228,1,False
2022-10-14,2022-10-13,3583.07,-0.023662705624933444,1,False
2022-10-17,2022-10-14,3677.95,0.026480085513260976,1,False
2022-10-18,2022-10-17,3719.98,0.011427561549232745,1,False
2022-10-19,2022-10-18,3695.16,-0.006672078882144605,1,False
2022-10-20,2022-10-19,3665.78,-0.007950941231232078,1,False
2022-10-21,2022-10-20,3752.75,0.023724828003862664,1,False
2022-10-24,2022-10-21,3797.34,0.011881953234294862,1,False
2022-10-25,2022-10-24,3859.11,0.01626664981276371,1,False
2022-10-26,2022-10-25,3830.6,-0.007387713747470381,1,False
2022-10-27,2022-10-26,3807.3,-0.006082598026418751,1,False
2022-10-28,2022-10-27,3901.06,0.024626375646783716,1,False
2022-10-31,2022-10-28,3871.98,-0.007454384193014141,1,False
2022-11-01,2022-10-31,3856.1,-0.00410126085362017,1,False
2022-11-02,2022-11-01,3759.69,-0.025001944970306722,1,False
2022-11-03,2022-11-02,3719.89,-0.010585979163175718,1,False
2022-11-04,2022-11-03,3770.55,0.013618682272863003,1,False
2022-11-07,2022-11-04,3806.8,0.00961398204505981,1,False
2022-11-08,2022-11-07,3828.11,0.005597877482399927,1,False
2022-11-09,2022-11-08,3748.57,-0.020777877333723382,1,False
2022-11-10,2022-11-09,3956.37,0.05543447234545429,1,False
2022-11-11,2022-11-10,3992.93,0.009240793960120008,1,False
2022-11-14,2022-11-11,3957.25,-0.008935794015923149,1,False
2022-11-15,2022-11-14,3991.73,0.008713121485880437,1,False
2022-11-16,2022-11-15,3958.79,-0.008252061136399536,1,False
2022-11-17,2022-11-16,3946.56,-0.003089327799655983,1,False
2022-11-18,2022-11-17,3965.34,0.004758574556069206,1,False
2022-11-21,2022-11-18,3949.94,-0.0038836518432215916,1,False
2022-11-22,2022-11-21,4003.58,0.013579953113211918,1,False
2022-11-23,2022-11-22,4027.26,0.0059147063378277576,1,False
2022-11-25,2022-11-23,4026.12,-0.0002830708720074071,1,False
2022-11-28,2022-11-25,3963.94,-0.01544414970244301,1,False
2022-11-29,2022-11-28,3957.63,-0.0015918505325509535,1,False
2022-11-30,2022-11-29,4080.11,0.030947814727501077,1,False
2022-12-01,2022-11-30,4076.57,-0.0008676236670089876,1,False
2022-12-02,2022-12-01,4071.7,-0.0011946317615054713,1,False
2022-12-05,2022-12-02,3998.84,-0.017894245646781326,1,False
2022-12-06,2022-12-05,3941.26,-0.014399175760970717,1,False
2022-12-07,2022-12-06,3933.92,-0.001862348589029894,1,False
2022-12-08,2022-12-07,3963.51,0.007521759466384781,1,False
2022-12-09,2022-12-08,3934.38,-0.007349546235533633,1,False
2022-12-12,2022-12-09,3990.56,0.014279251114533986,1,False
2022-12-13,2022-12-12,4019.65,0.007289703700733785,1,False
2022-12-14,2022-12-13,3995.32,-0.006052765788066128,1,False
2022-12-15,2022-12-14,3895.75,-0.024921658340258168,1,False
2022-12-16,2022-12-15,3852.36,-0.011137778348199956,1,False
2022-12-19,2022-12-16,3817.66,-0.009007465553582783,1,False
2022-12-20,2022-12-19,3821.62,0.0010372846193742458,1,False
2022-12-21,2022-12-20,3878.44,0.014868040255179737,1,False
2022-12-22,2022-12-21,3822.39,-0.014451686760656446,1,False
2022-12-23,2022-12-22,3844.82,0.005868056373107056,1,False
2022-12-27,2022-12-23,3829.25,-0.004049604402806883,1,False
2022-12-28,2022-12-27,3783.22,-0.01202063067180259,1,False
2022-12-29,2022-12-28,3849.28,0.017461316021801565,1,False
2022-12-30,2022-12-29,3839.5,-0.0025407348906808513,1,False
2023-01-03,2022-12-30,3824.14,-0.004000520901158988,1,False
2023-01-04,2023-01-03,3852.97,0.00753894993384141,1,False
2023-01-05,2023-01-04,3808.1,-0.01164556173549236,1,False
2023-01-06,2023-01-05,3895.08,0.02284078674404566,1,False
2023-01-09,2023-01-06,3892.09,-0.0007676350678290644,1,False
2023-01-10,2023-01-09,3919.25,0.006978255898501873,1,False
2023-01-11,2023-01-10,3969.61,0.012849397206098123,1,False
2023-01-12,2023-01-11,3983.17,0.00341595270064321,1,False
2023-01-13,2023-01-12,3999.09,0.003996816605869258,1,False
2023-01-17,2023-01-13,3990.97,-0.0020304619300891558,1,False
2023-01-18,2023-01-17,3928.86,-0.01556263264319191,1,False
2023-01-19,2023-01-18,3898.85,-0.007638348019527341,1,False
2023-01-20,2023-01-19,3972.61,0.01891839901509429,1,False
2023-01-23,2023-01-20,4019.81,0.011881357596139619,1,False
2023-01-24,2023-01-23,4016.95,-0.0007114764130643492,1,False
2023-01-25,2023-01-24,4016.22,-0.00018172991946630024,1,False
2023-01-26,2023-01-25,4060.43,0.011007863115068517,1,False
2023-01-27,2023-01-26,4070.56,0.002494809663015962,1,False
2023-01-30,2023-01-27,4017.77,-0.012968731575016657,1,False
2023-01-31,2023-01-30,4076.6,0.014642450911824145,1,False
2023-02-01,2023-01-31,4119.21,0.010452337732424155,1,False
2023-02-02,2023-02-01,4179.76,0.01469942051995421,1,False
2023-02-03,2023-02-02,4136.48,-0.010354661511665864,1,False
2023-02-06,2023-02-03,4111.08,-0.006140486597300043,1,False
2023-02-07,2023-02-06,4164.0,0.01287252984617182,1,False
2023-02-08,2023-02-07,4117.86,-0.011080691642651352,1,False
2023-02-09,2023-02-08,4081.5,-0.008829829085981511,1,False
2023-02-10,2023-02-09,4090.46,0.0021952713463186946,1,False
2023-02-13,2023-02-10,4137.29,0.011448590134117032,1,False
2023-02-14,2023-02-13,4136.13,-0.0002803767683676739,1,False
2023-02-15,2023-02-14,4147.6,0.0027731236687436045,1,False
2023-02-16,2023-02-15,4090.41,-0.01378869707782826,1,False
2023-02-17,2023-02-16,4079.09,-0.0027674487398573477,1,False
2023-02-21,2023-02-17,3997.34,-0.020041234687148357,1,False
2023-02-22,2023-02-21,3991.05,-0.0015735464083616035,1,False
2023-02-23,2023-02-22,4012.32,0.0053294245875146196,1,False
2023-02-24,2023-02-23,3970.04,-0.010537544363360851,1,False
2023-02-27,2023-02-24,3982.24,0.0030730168965551474,1,False
2023-02-28,2023-02-27,3970.15,-0.0030359797500902896,1,False
2023-03-01,2023-02-28,3951.39,-0.004725262269687613,1,False
2023-03-02,2023-03-01,3981.35,0.0075821419804169565,1,False
2023-03-03,2023-03-02,4045.64,0.0161477890665227,1,False
2023-03-06,2023-03-03,4048.42,0.0006871595099910977,1,False
2023-03-07,2023-03-06,3986.37,-0.015326967063694075,1,False
2023-03-08,2023-03-07,3992.01,0.001414821002566402,1,False
2023-03-09,2023-03-08,3918.32,-0.018459372596762003,1,False
2023-03-10,2023-03-09,3861.59,-0.014478143694236278,1,False
2023-03-13,2023-03-10,3855.76,-0.0015097408062482165,1,False
2023-03-14,2023-03-13,3919.29,0.016476647924144494,1,False
2023-03-15,2023-03-14,3891.93,-0.006980856226510457,1,False
2023-03-16,2023-03-15,3960.28,0.017561980816715783,1,False
2023-03-17,2023-03-16,3916.64,-0.01101942286909019,1,False
2023-03-20,2023-03-17,3951.57,0.008918358593079878,1,False
2023-03-21,2023-03-20,4002.87,0.012982181765728518,1,False
2023-03-22,2023-03-21,3936.97,-0.01646318766285193,1,False
2023-03-23,2023-03-22,3948.72,0.002984528711166279,1,False
2023-03-24,2023-03-23,3970.99,0.0056398022650376856,1,False
2023-03-27,2023-03-24,3977.53,0.0016469444647304599,1,False
2023-03-28,2023-03-27,3971.27,-0.0015738410521103363,1,False
2023-03-29,2023-03-28,4027.81,0.014237259113583312,1,False
2023-03-30,2023-03-29,4050.83,0.0057152646227105475,1,False
2023-03-31,2023-03-30,4109.31,0.014436547571732294,1,False
2023-04-03,2023-03-31,4124.51,0.0036989178231867648,1,False
2023-04-04,2023-04-03,4100.6,-0.0057970522559043225,1,False
2023-04-05,2023-04-04,4090.38,-0.0024923181973370845,1,False
2023-04-06,2023-04-05,4105.02,0.003579129567424122,1,False
2023-04-10,2023-04-06,4109.11,0.0009963410653295313,1,False
2023-04-11,2023-04-10,4108.94,-4.137148920324574e-05,1,False
2023-04-12,2023-04-11,4091.95,-0.004134886369720592,1,False
2023-04-13,2023-04-12,4146.22,0.013262625398648753,1,False
2023-04-14,2023-04-13,4137.64,-0.0020693547375681964,1,False
2023-04-17,2023-04-14,4151.32,0.0033062325383550473,1,False
2023-04-18,2023-04-17,4154.87,0.0008551496873283604,1,False
2023-04-19,2023-04-18,4154.52,-8.423849602978706e-05,1,False
2023-04-20,2023-04-19,4129.79,-0.005952552882162232,1,False
2023-04-21,2023-04-20,4133.52,0.0009031936248575789,1,False
2023-04-24,2023-04-21,4137.04,0.0008515744450250384,1,False
2023-04-25,2023-04-24,4071.63,-0.015810821263512076,1,False
2023-04-26,2023-04-25,4055.99,-0.003841213469789828,1,False
2023-04-27,2023-04-26,4135.35,0.019566123190639217,1,False
2023-04-28,2023-04-27,4169.48,0.008253231286347917,1,False
2023-05-01,2023-04-28,4167.87,-0.0003861392787588569,1,False
2023-05-02,2023-05-01,4119.58,-0.011586253889876552,1,False
2023-05-03,2023-05-02,4090.75,-0.006998286233062534,1,False
2023-05-04,2023-05-03,4061.22,-0.007218725172645657,1,False
2023-05-05,2023-05-04,4136.25,0.018474744042430657,1,False
2023-05-08,2023-05-05,4138.12,0.0004521003324267081,1,False
2023-05-09,2023-05-08,4119.17,-0.004579374208577791,1,False
2023-05-10,2023-05-09,4137.64,0.004483913021312569,1,False
2023-05-11,2023-05-10,4130.62,-0.0016966193288928677,1,False
2023-05-12,2023-05-11,4124.08,-0.0015832974226629437,1,False
2023-05-15,2023-05-12,4136.28,0.002958235533743192,1,False
2023-05-16,2023-05-15,4109.9,-0.006377711373504735,1,False
2023-05-17,2023-05-16,4158.77,0.011890800262780221,1,False
2023-05-18,2023-05-17,4198.05,0.009445100354191105,1,False
2023-05-19,2023-05-18,4191.98,-0.001445909410321633,1,False
2023-05-22,2023-05-19,4192.63,0.00015505799168891166,1,False
2023-05-23,2023-05-22,4145.58,-0.011222073018606449,1,False
2023-05-24,2023-05-23,4115.24,-0.007318638164020563,1,False
2023-05-25,2023-05-24,4151.28,0.00875769092446621,1,False
2023-05-26,2023-05-25,4205.45,0.013048987300302572,1,False
2023-05-30,2023-05-26,4205.52,1.6645067709930572e-05,1,False
2023-05-31,2023-05-30,4179.83,-0.006108638170785219,1,False
2023-06-01,2023-05-31,4221.02,0.009854467765435526,1,False
2023-06-02,2023-06-01,4282.37,0.014534401637518846,1,False
2023-06-05,2023-06-02,4273.79,-0.002003563447343426,1,False
2023-06-06,2023-06-05,4283.85,0.002353882619408054,1,False
2023-06-07,2023-06-06,4267.52,-0.0038119915496573897,1,False
2023-06-08,2023-06-07,4293.93,0.006188606028794119,1,False
2023-06-09,2023-06-08,4298.86,0.0011481323635922358,1,False
2023-06-12,2023-06-09,4338.93,0.009321075820101221,1,False
2023-06-13,2023-06-12,4369.01,0.006932584761680793,1,False
2023-06-14,2023-06-13,4372.59,0.0008194076003487094,1,False
2023-06-15,2023-06-14,4425.84,0.012178136985173449,1,False
2023-06-16,2023-06-15,4409.59,-0.0036716193988033385,1,False
2023-06-20,2023-06-16,4388.71,-0.0047351341054383544,1,False
2023-06-21,2023-06-20,4365.69,-0.005245277085977551,1,False
2023-06-22,2023-06-21,4381.89,0.003710753626574581,1,False
2023-06-23,2023-06-22,4348.33,-0.007658795633847637,1,False
2023-06-26,2023-06-23,4328.82,-0.004486779982200151,1,False
2023-06-27,2023-06-26,4378.41,0.011455777787018118,1,False
2023-06-28,2023-06-27,4376.86,-0.00035400978894173374,1,False
2023-06-29,2023-06-28,4396.44,0.004473526683512752,1,False
2023-06-30,2023-06-29,4450.38,0.012269017659743087,1,False
2023-07-03,2023-06-30,4455.59,0.0011706865481149187,1,False
2023-07-05,2023-07-03,4446.82,-0.0019683139606652134,1,False
2023-07-06,2023-07-05,4411.59,-0.007922515415510367,1,False
2023-07-07,2023-07-06,4398.95,-0.0028651801277997935,1,False
2023-07-10,2023-07-07,4409.53,0.0024051194034939716,1,False
2023-07-11,2023-07-10,4439.26,0.006742215156717579,1,False
2023-07-12,2023-07-11,4472.16,0.007411145100759908,1,False
2023-07-13,2023-07-12,4510.04,0.00847017995778332,1,False
2023-07-14,2023-07-13,4505.42,-0.001024381158481913,1,False
2023-07-17,2023-07-14,4522.79,0.003855356437357571,1,False
2023-07-18,2023-07-17,4554.98,0.007117288222535212,1,False
2023-07-19,2023-07-18,4565.72,0.0023578588709500803,1,False
2023-07-20,2023-07-19,4534.87,-0.006756875147840957,1,False
2023-07-21,2023-07-20,4536.34,0.00032415482692993436,1,False
2023-07-24,2023-07-21,4554.64,0.004034089155574794,1,False
2023-07-25,2023-07-24,4567.46,0.002814712029929778,1,False
2023-07-26,2023-07-25,4566.75,-0.00015544744781559316,1,False
2023-07-27,2023-07-26,4537.41,-0.006424700279192064,1,False
2023-07-28,2023-07-27,4582.23,0.009877881875342887,1,False
2023-07-31,2023-07-28,4588.96,0.0014687171966489831,1,False
2023-08-01,2023-07-31,4576.73,-0.0026650918726683903,1,False
2023-08-02,2023-08-01,4513.39,-0.01383957541738301,1,False
2023-08-03,2023-08-02,4501.89,-0.002547973917609636,1,False
2023-08-04,2023-08-03,4478.03,-0.00529999622380839,1,False
2023-08-07,2023-08-04,4518.44,0.00902405745383561,1,False
2023-08-08,2023-08-07,4499.38,-0.004218270022397053,1,False
2023-08-09,2023-08-08,4467.71,-0.007038747560775049,1,False
2023-08-10,2023-08-09,4468.83,0.00025068771249703303,1,False
2023-08-11,2023-08-10,4464.05,-0.0010696312010077813,1,False
2023-08-14,2023-08-11,4489.72,0.005750383620255262,1,False
2023-08-15,2023-08-14,4437.86,-0.011550831677699436,1,False
2023-08-16,2023-08-15,4404.33,-0.0075554433893813,1,False
2023-08-17,2023-08-16,4370.36,-0.007712864385729601,1,False
2023-08-18,2023-08-17,4369.71,-0.00014872916647590273,1,False
2023-08-21,2023-08-18,4399.77,0.006879175048229769,1,False
2023-08-22,2023-08-21,4387.55,-0.0027774179104816943,1,False
2023-08-23,2023-08-22,4436.01,0.011044888377340412,1,False
2023-08-24,2023-08-23,4376.31,-0.013458039995401183,1,False
2023-08-25,2023-08-24,4405.71,0.006717988442317857,1,False
2023-08-28,2023-08-25,4433.31,0.0062645975336552695,1,False
2023-08-29,2023-08-28,4497.63,0.014508347036412905,1,False
2023-08-30,2023-08-29,4514.87,0.0038331298928546698,1,False
2023-08-31,2023-08-30,4507.66,-0.0015969452055097921,1,False
2023-09-01,2023-08-31,4515.77,0.0017991596526802933,1,False
2023-09-05,2023-09-01,4496.83,-0.00419419058100845,1,False
2023-09-06,2023-09-05,4465.48,-0.0069715777558858605,1,False
2023-09-07,2023-09-06,4451.14,-0.0032113009127796577,1,False
2023-09-08,2023-09-07,4457.49,0.0014266008258556617,1,False
2023-09-11,2023-09-08,4487.46,0.006723514803174124,1,False
2023-09-12,2023-09-11,4461.9,-0.005695872498027943,1,False
2023-09-13,2023-09-12,4467.44,0.001241623523611013,1,False
2023-09-14,2023-09-13,4505.1,0.008429883781315706,1,False
2023-09-15,2023-09-14,4450.32,-0.012159552507158722,1,False
2023-09-18,2023-09-15,4453.53,0.0007212964460983073,1,False
2023-09-19,2023-09-18,4443.95,-0.0021511026084926055,1,False
2023-09-20,2023-09-19,4402.2,-0.009394795170962755,1,False
2023-09-21,2023-09-20,4330.0,-0.016400890463858953,1,False
2023-09-22,2023-09-21,4320.06,-0.0022956120092377796,1,False
2023-09-25,2023-09-22,4337.44,0.00402309227186648,1,False
2023-09-26,2023-09-25,4273.53,-0.01473449776826885,1,False
2023-09-27,2023-09-26,4274.51,0.0002293186195019281,1,False
2023-09-28,2023-09-27,4299.7,0.005893073124170867,1,False
2023-09-29,2023-09-28,4288.05,-0.002709491359862204,1,False
2023-10-02,2023-09-29,4288.39,7.92901202177898e-05,1,False
2023-10-03,2023-10-02,4229.45,-0.01374408577578079,1,False
2023-10-04,2023-10-03,4263.75,0.008109801510834735,1,False
2023-10-05,2023-10-04,4258.19,-0.0013040164174730196,1,False
2023-10-06,2023-10-05,4308.5,0.011814879091820885,1,False
2023-10-09,2023-10-06,4335.66,0.006303818034118613,1,False
2023-10-10,2023-10-09,4358.24,0.005207972949908379,1,False
2023-10-11,2023-10-10,4376.95,0.004293017364807916,1,False
2023-10-12,2023-10-11,4349.61,-0.006246358765807258,1,False
2023-10-13,2023-10-12,4327.78,-0.005018840769632216,1,False
2023-10-16,2023-10-13,4373.63,0.010594346293018697,1,False
2023-10-17,2023-10-16,4373.2,-9.831650139591197e-05,1,False
2023-10-18,2023-10-17,4314.6,-0.013399798774352711,1,False
2023-10-19,2023-10-18,4278.0,-0.00848282575441528,1,False
2023-10-20,2023-10-19,4224.16,-0.012585320243104325,1,False
2023-10-23,2023-10-20,4217.04,-0.001685542214310054,1,False
2023-10-24,2023-10-23,4247.68,0.00726575986948208,1,False
2023-10-25,2023-10-24,4186.77,-0.014339592436341642,1,False
2023-10-26,2023-10-25,4137.23,-0.01183251050332379,1,False
2023-10-27,2023-10-26,4117.37,-0.004800313253070176,1,False
2023-10-30,2023-10-27,4166.82,0.012010093822027113,1,False
2023-10-31,2023-10-30,4193.8,0.006474961721408823,1,False
2023-11-01,2023-10-31,4237.86,0.010505985025513809,1,False
2023-11-02,2023-11-01,4317.78,0.018858574846738696,1,False
2023-11-03,2023-11-02,4358.34,0.009393716215277292,1,False
2023-11-06,2023-11-03,4365.98,0.0017529609897344312,1,False
2023-11-07,2023-11-06,4378.38,0.0028401412741241305,1,False
2023-11-08,2023-11-07,4382.78,0.0010049378994057,1,False
2023-11-09,2023-11-08,4347.35,-0.008083910212239531,1,False
2023-11-10,2023-11-09,4415.24,0.01561640999689451,1,False
2023-11-13,2023-11-10,4411.55,-0.0008357416584374722,1,False
2023-11-14,2023-11-13,4495.7,0.01907492831317792,1,False
2023-11-15,2023-11-14,4502.88,0.001597081655804411,1,False
2023-11-16,2023-11-15,4508.24,0.0011903492875668942,1,False
2023-11-17,2023-11-16,4514.02,0.0012820967827800178,1,False
2023-11-20,2023-11-17,4547.38,0.007390308416887814,1,False
2023-11-21,2023-11-20,4538.19,-0.002020943928152108,1,False
2023-11-22,2023-11-21,4556.62,0.004061090434732906,1,False
2023-11-24,2023-11-22,4559.34,0.0005969336920788049,1,False
2023-11-27,2023-11-24,4550.43,-0.001954230217531494,1,False
2023-11-28,2023-11-27,4554.89,0.0009801271528184774,1,False
2023-11-29,2023-11-28,4550.58,-0.0009462358037187757,1,False
2023-11-30,2023-11-29,4567.8,0.0037841330116161753,1,False
2023-12-01,2023-11-30,4594.63,0.005873724769035471,1,False
2023-12-04,2023-12-01,4569.78,-0.005408487734594569,1,False
2023-12-05,2023-12-04,4567.18,-0.0005689551794614278,1,False
2023-12-06,2023-12-05,4549.34,-0.0039061302598102365,1,False
2023-12-07,2023-12-06,4585.59,0.007968188792220499,1,False
2023-12-08,2023-12-07,4604.37,0.004095438100658821,1,False
2023-12-11,2023-12-08,4622.44,0.003924532563629679,1,False
2023-12-12,2023-12-11,4643.7,0.004599302532861449,1,False
2023-12-13,2023-12-12,4707.09,0.013650752632599072,1,False
2023-12-14,2023-12-13,4719.55,0.002647070695482867,1,False
2023-12-15,2023-12-14,4719.19,-7.627845875146644e-05,1,False
2023-12-18,2023-12-15,4740.56,0.00452831947855481,1,False
2023-12-19,2023-12-18,4768.37,0.005866395531329616,1,False
2023-12-20,2023-12-19,4698.35,-0.014684263175886003,1,False
2023-12-21,2023-12-20,4746.75,0.01030148882054327,1,False
2023-12-22,2023-12-21,4754.63,0.0016600832148312428,1,False
2023-12-26,2023-12-22,4774.75,0.0042316647141837915,1,False
2023-12-27,2023-12-26,4781.58,0.001430441384365766,1,False
2023-12-28,2023-12-27,4783.35,0.0003701705294067992,1,False
2023-12-29,2023-12-28,4769.83,-0.0028264709879060046,1,False
2024-01-02,2023-12-29,4742.83,-0.0056605790982068305,1,False
2024-01-03,2024-01-02,4704.81,-0.008016310936719062,1,False
2024-01-04,2024-01-03,4688.68,-0.003428406248073834,1,False
2024-01-05,2024-01-04,4697.24,0.001825673750394552,1,False
2024-01-08,2024-01-05,4763.54,0.014114671594383177,1,False
2024-01-09,2024-01-08,4756.5,-0.001477892491718369,1,False
2024-01-10,2024-01-09,4783.45,0.005665930831493693,1,False
2024-01-11,2024-01-10,4780.24,-0.000671063771963798,1,False
2024-01-12,2024-01-11,4783.83,0.0007510083175741311,1,False
2024-01-16,2024-01-12,4765.98,-0.0037313198838587747,1,False
2024-01-17,2024-01-16,4739.21,-0.0056168930629166836,1,False
2024-01-18,2024-01-17,4780.94,0.00880526501252299,1,False
2024-01-19,2024-01-18,4839.81,0.012313478102632613,1,False
2024-01-22,2024-01-19,4850.43,0.002194301015948863,1,False
2024-01-23,2024-01-22,4864.6,0.0029213904746590025,1,False
2024-01-24,2024-01-23,4868.55,0.0008119886527155895,1,False
2024-01-25,2024-01-24,4894.16,0.005260293105750158,1,False
2024-01-26,2024-01-25,4890.97,-0.0006517972440622799,1,False
2024-01-29,2024-01-26,4927.93,0.007556783214781593,1,False
2024-01-30,2024-01-29,4924.97,-0.000600657882721567,1,False
2024-01-31,2024-01-30,4845.65,-0.01610568186202166,1,False
2024-02-01,2024-01-31,4906.19,0.012493679898465615,1,False
2024-02-02,2024-02-01,4958.61,0.01068446187367389,1,False
2024-02-05,2024-02-02,4942.81,-0.00318637682737688,1,False
2024-02-06,2024-02-05,4954.23,0.002310426660138587,1,False
2024-02-07,2024-02-06,4995.06,0.008241442161546875,1,False
2024-02-08,2024-02-07,4997.91,0.0005705637169521882,1,False
2024-02-09,2024-02-08,5026.61,0.005742400323335062,1,False
2024-02-12,2024-02-09,5021.84,-0.0009489496897510108,1,False
2024-02-13,2024-02-12,4953.17,-0.013674270785210219,1,False
2024-02-14,2024-02-13,5000.62,0.00957972369210025,1,False
2024-02-15,2024-02-14,5029.73,0.0058212781615079034,1,False
2024-02-16,2024-02-15,5005.57,-0.004803438753173572,1,False
2024-02-20,2024-02-16,4975.51,-0.006005310084565729,1,False
2024-02-21,2024-02-20,4981.8,0.0012641920124771833,1,False
2024-02-22,2024-02-21,5087.03,0.021122887309807714,1,False
2024-02-23,2024-02-22,5088.8,0.00034794369209545373,1,False
2024-02-26,2024-02-23,5069.53,-0.0037867473667663187,1,False
2024-02-27,2024-02-26,5078.18,0.0017062725735916828,1,False
2024-02-28,2024-02-27,5069.76,-0.0016580743494716277,1,False
2024-02-29,2024-02-28,5096.27,0.005229044372909275,1,False
2024-03-01,2024-02-29,5137.08,0.008007817482197588,1,False
2024-03-04,2024-03-01,5130.95,-0.0011932849011501157,1,False
2024-03-05,2024-03-04,5078.65,-0.010193044173106403,1,False
2024-03-06,2024-03-05,5104.76,0.005141130024711504,1,False
2024-03-07,2024-03-06,5157.36,0.010304108322428451,1,False
2024-03-08,2024-03-07,5123.69,-0.00652853397862474,1,False
2024-03-11,2024-03-08,5117.94,-0.001122238074512727,1,False
2024-03-12,2024-03-11,5175.27,0.011201772588189884,1,False
2024-03-13,2024-03-12,5165.31,-0.001924537270519222,1,False
2024-03-14,2024-03-13,5150.48,-0.002871076469757039,1,False
2024-03-15,2024-03-14,5117.09,-0.006482890915021411,1,False
2024-03-18,2024-03-15,5149.42,0.006318044044564486,1,False
2024-03-19,2024-03-18,5178.51,0.005649179907640134,1,False
2024-03-20,2024-03-19,5224.62,0.008904105621114988,1,False
2024-03-21,2024-03-20,5241.53,0.0032365990253835353,1,False
2024-03-22,2024-03-21,5234.18,-0.0014022623165372838,1,False
2024-03-25,2024-03-22,5218.19,-0.0030549197773100945,1,False
2024-03-26,2024-03-25,5203.58,-0.0027998213940082506,1,False
2024-03-27,2024-03-26,5248.49,0.008630596627706266,1,False
2024-03-28,2024-03-27,5254.35,0.001116511606195525,1,False
2024-04-01,2024-03-28,5243.77,-0.0020135697089078697,1,False
2024-04-02,2024-04-01,5205.81,-0.00723906654944817,1,False
2024-04-03,2024-04-02,5211.49,0.0010910886106099138,1,False
2024-04-04,2024-04-03,5147.21,-0.012334284436888443,1,False
2024-04-05,2024-04-04,5204.34,0.011099216857287653,1,False
2024-04-08,2024-04-05,5202.39,-0.00037468728023148934,1,False
2024-04-09,2024-04-08,5209.91,0.0014454894769517779,1,False
2024-04-10,2024-04-09,5160.64,-0.009456977183866844,1,False
2024-04-11,2024-04-10,5199.06,0.007444813046443954,1,False
2024-04-12,2024-04-11,5123.41,-0.014550707243232486,1,False
2024-04-15,2024-04-12,5061.82,-0.012021290507689297,1,False
2024-04-16,2024-04-15,5051.41,-0.002056572537150636,1,False
2024-04-17,2024-04-16,5022.21,-0.005780564238499708,1,False
2024-04-18,2024-04-17,5011.12,-0.0022081912146246774,1,False
2024-04-19,2024-04-18,4967.23,-0.00875852104918673,1,False
2024-04-22,2024-04-19,5010.6,0.008731224445012842,1,False
2024-04-23,2024-04-22,5070.55,0.01196463497385536,1,False
2024-04-24,2024-04-23,5071.63,0.0002129946455513565,1,False
2024-04-25,2024-04-24,5048.42,-0.004576437949929346,1,False
2024-04-26,2024-04-25,5099.96,0.010209134739185721,1,False
2024-04-29,2024-04-26,5116.17,0.003178456301617949,1,False
2024-04-30,2024-04-29,5035.69,-0.015730517164206925,1,False
2024-05-01,2024-04-30,5018.39,-0.003435477561168243,1,False
2024-05-02,2024-05-01,5064.2,0.009128425650457572,1,False
2024-05-03,2024-05-02,5127.79,0.012556771059594851,1,False
2024-05-06,2024-05-03,5180.74,0.010326085896653403,1,False
2024-05-07,2024-05-06,5187.7,0.0013434374239973401,1,False
2024-05-08,2024-05-07,5187.67,-5.782909574536532e-06,1,False
2024-05-09,2024-05-08,5214.08,0.005090917502462489,1,False
2024-05-10,2024-05-09,5222.68,0.0016493801399288799,1,False
2024-05-13,2024-05-10,5221.42,-0.00024125544739483917,1,False
2024-05-14,2024-05-13,5246.68,0.004837764439558523,1,False
2024-05-15,2024-05-14,5308.15,0.011715980391409309,1,False
2024-05-16,2024-05-15,5297.1,-0.0020817045486656305,1,False
2024-05-17,2024-05-16,5303.27,0.0011647882803798026,1,False
2024-05-20,2024-05-17,5308.13,0.0009164157208665369,1,False
2024-05-21,2024-05-20,5321.41,0.0025018226757822504,1,False
2024-05-22,2024-05-21,5307.01,-0.002706049712388192,1,False
2024-05-23,2024-05-22,5267.84,-0.0073808038801509435,1,False
2024-05-24,2024-05-23,5304.72,0.007000971935366307,1,False
2024-05-28,2024-05-24,5306.04,0.00024883499977379486,1,False
2024-05-29,2024-05-28,5266.95,-0.007367076011488782,1,False
2024-05-30,2024-05-29,5235.48,-0.005974995016091,1,False
2024-05-31,2024-05-30,5277.51,0.008027917211029578,1,False
2024-06-03,2024-05-31,5283.4,0.001116056625188655,1,False
2024-06-04,2024-06-03,5291.34,0.0015028201536890773,1,False
2024-06-05,2024-06-04,5354.03,0.011847660516995706,1,False
2024-06-06,2024-06-05,5352.96,-0.0001998494591923805,1,False
2024-06-07,2024-06-06,5346.99,-0.0011152708034434244,1,False
2024-06-10,2024-06-07,5360.79,0.0025808913052016713,1,False
2024-06-11,2024-06-10,5375.32,0.0027104214117694703,1,False
2024-06-12,2024-06-11,5421.03,0.008503679780924589,1,False
2024-06-13,2024-06-12,5433.74,0.0023445728948188194,1,False
2024-06-14,2024-06-13,5431.6,-0.00039383555341243603,1,False
2024-06-17,2024-06-14,5473.23,0.007664408277487045,1,False
2024-06-18,2024-06-17,5487.03,0.002521363070800975,1,False
2024-06-20,2024-06-18,5473.17,-0.0025259566650810417,1,False
2024-06-21,2024-06-20,5464.62,-0.001562165984246855,1,False
2024-06-24,2024-06-21,5447.87,-0.0030651719607218686,1,False
2024-06-25,2024-06-24,5469.3,0.003933647462219136,1,False
2024-06-26,2024-06-25,5477.9,0.0015724132887204867,1,False
2024-06-27,2024-06-26,5482.87,0.0009072819876230209,1,False
2024-06-28,2024-06-27,5460.48,-0.004083627735109618,1,False
2024-07-01,2024-06-28,5475.09,0.0026755889592124937,1,False
2024-07-02,2024-07-01,5509.01,0.006195331948881222,1,False
2024-07-03,2024-07-02,5537.02,0.005084398104196586,1,False
2024-07-05,2024-07-03,5567.19,0.0054487793072806046,1,False
2024-07-08,2024-07-05,5572.85,0.0010166708878267539,1,False
2024-07-09,2024-07-08,5576.98,0.0007410929775606423,1,False
2024-07-10,2024-07-09,5633.91,0.010208033738690059,1,False
2024-07-11,2024-07-10,5584.54,-0.008763008283767415,1,False
2024-07-12,2024-07-11,5615.35,0.005517016620885551,1,False
2024-07-15,2024-07-12,5631.22,0.002826181805230199,1,False
2024-07-16,2024-07-15,5667.2,0.006389379210899104,1,False
2024-07-17,2024-07-16,5588.27,-0.013927512704686507,1,False
2024-07-18,2024-07-17,5544.59,-0.007816372508844482,1,False
2024-07-19,2024-07-18,5505.0,-0.007140293511332718,1,False
2024-07-22,2024-07-19,5564.41,0.010792007266121617,1,False
2024-07-23,2024-07-22,5555.74,-0.001558116673645582,1,False
2024-07-24,2024-07-23,5427.13,-0.023149031452155744,1,False
2024-07-25,2024-07-24,5399.22,-0.005142681306694263,1,False
2024-07-26,2024-07-25,5459.1,0.011090490848678192,1,False
2024-07-29,2024-07-26,5463.54,0.000813320877067536,1,False
2024-07-30,2024-07-29,5436.44,-0.004960154039322595,1,False
2024-07-31,2024-07-30,5522.3,0.01579342363752767,1,False
2024-08-01,2024-07-31,5446.68,-0.013693569708273734,1,False
2024-08-02,2024-08-01,5346.56,-0.018381839946536194,1,False
2024-08-05,2024-08-02,5186.33,-0.029968802370122227,1,False
2024-08-06,2024-08-05,5240.03,0.01035414252467537,1,False
2024-08-07,2024-08-06,5199.5,-0.007734688541859436,1,False
2024-08-08,2024-08-07,5319.31,0.023042600250024137,1,False
2024-08-09,2024-08-08,5344.16,0.004671658542179324,1,False
2024-08-12,2024-08-09,5344.39,4.303763360380408e-05,1,False
2024-08-13,2024-08-12,5434.43,0.01684757287548244,1,False
2024-08-14,2024-08-13,5455.21,0.0038237680860733203,1,False
2024-08-15,2024-08-14,5543.22,0.01613320110499883,1,False
2024-08-16,2024-08-15,5554.25,0.001989818192314141,1,False
2024-08-19,2024-08-16,5608.25,0.009722284736913167,1,False
2024-08-20,2024-08-19,5597.12,-0.0019845762938528466,1,False
2024-08-21,2024-08-20,5620.85,0.004239680407066571,1,False
2024-08-22,2024-08-21,5570.64,-0.008932812652890587,1,False
2024-08-23,2024-08-22,5634.61,0.011483420217425433,1,False
2024-08-26,2024-08-23,5616.84,-0.0031537231503155905,1,False
2024-08-27,2024-08-26,5625.8,0.0015952029967027936,1,False
2024-08-28,2024-08-27,5592.18,-0.005976038963347419,1,False
2024-08-29,2024-08-28,5591.96,-3.934065069444159e-05,1,False
2024-08-30,2024-08-29,5648.4,0.010093062182132906,1,False
2024-09-03,2024-08-30,5528.93,-0.021151122441753323,1,False
2024-09-04,2024-09-03,5520.07,-0.0016024800458679378,1,False
2024-09-05,2024-09-04,5503.41,-0.0030180776693048417,1,False
2024-09-06,2024-09-05,5408.42,-0.01726020776209658,1,False
2024-09-09,2024-09-06,5471.05,0.01158009178281283,1,False
2024-09-10,2024-09-09,5495.52,0.004472633223969957,1,False
2024-09-11,2024-09-10,5554.13,0.010665050805019227,1,False
2024-09-12,2024-09-11,5595.76,0.007495323299958834,1,False
2024-09-13,2024-09-12,5626.02,0.0054076658041088965,1,False
2024-09-16,2024-09-13,5633.09,0.0012566610143582846,1,False
2024-09-17,2024-09-16,5634.58,0.00026450846693371055,1,False
2024-09-18,2024-09-17,5618.26,-0.0028964004415590328,1,False
2024-09-19,2024-09-18,5713.64,0.01697678640717948,1,False
2024-09-20,2024-09-19,5702.55,-0.0019409693295342478,1,False
2024-09-23,2024-09-20,5718.57,0.002809269537312087,1,False
2024-09-24,2024-09-23,5732.93,0.002511117289812015,1,False
2024-09-25,2024-09-24,5722.26,-0.0018611774432969463,1,False
2024-09-26,2024-09-25,5745.37,0.004038614114003858,1,False
2024-09-27,2024-09-26,5738.17,-0.0012531829977877607,1,False
2024-09-30,2024-09-27,5762.48,0.0042365423122701085,1,False
2024-10-01,2024-09-30,5708.75,-0.009324110452443968,1,False
2024-10-02,2024-10-01,5709.54,0.00013838405955768351,1,False
2024-10-03,2024-10-02,5699.94,-0.001681396399709989,1,False
2024-10-04,2024-10-03,5751.07,0.008970269862489832,1,False
2024-10-07,2024-10-04,5695.94,-0.009586042249529192,1,False
2024-10-08,2024-10-07,5751.13,0.00968935768284096,1,False
2024-10-09,2024-10-08,5792.04,0.0071133846739683815,1,False
2024-10-10,2024-10-09,5780.05,-0.0020700823889336917,1,False
2024-10-11,2024-10-10,5815.03,0.00605185076253667,1,False
2024-10-14,2024-10-11,5859.85,0.007707612858403268,1,False
2024-10-15,2024-10-14,5815.26,-0.0076094097971791674,1,False
2024-10-16,2024-10-15,5842.47,0.004679068519722218,1,False
2024-10-17,2024-10-16,5841.47,-0.00017116048520571248,1,False
2024-10-18,2024-10-17,5864.67,0.003971603038276372,1,False
2024-10-21,2024-10-18,5853.98,-0.0018227794573267841,1,False
2024-10-22,2024-10-21,5851.2,-0.0004748905872585807,1,False
2024-10-23,2024-10-22,5797.42,-0.009191277003007925,1,False
2024-10-24,2024-10-23,5809.86,0.002145782089274073,1,False
2024-10-25,2024-10-24,5808.12,-0.0002994908655286066,1,False
2024-10-28,2024-10-25,5823.52,0.002651460369276215,1,False
2024-10-29,2024-10-28,5832.92,0.0016141440228589765,1,False
2024-10-30,2024-10-29,5813.67,-0.0033002338451409985,1,False
2024-10-31,2024-10-30,5705.45,-0.018614747655095742,1,False
2024-11-01,2024-10-31,5728.8,0.004092578148962911,1,False
2024-11-04,2024-11-01,5712.69,-0.002812107247591178,1,False
2024-11-05,2024-11-04,5782.76,0.012265675189796932,1,False
2024-11-06,2024-11-05,5929.04,0.025295879476236127,1,False
2024-11-07,2024-11-06,5973.1,0.007431219893945906,1,False
2024-11-08,2024-11-07,5995.54,0.0037568431802581514,1,False
2024-11-11,2024-11-08,6001.35,0.000969053663222974,1,False
2024-11-12,2024-11-11,5983.99,-0.002892682479775477,1,False
2024-11-13,2024-11-12,5985.38,0.00023228648443596178,1,False
2024-11-14,2024-11-13,5949.17,-0.0060497412027306074,1,False
2024-11-15,2024-11-14,5870.62,-0.013203522508181798,1,False
2024-11-18,2024-11-15,5893.62,0.003917814472747416,1,False
2024-11-19,2024-11-18,5916.98,0.003963608105035599,1,False
2024-11-20,2024-11-19,5917.11,2.1970667468895755e-05,1,False
2024-11-21,2024-11-20,5948.71,0.005340444913141784,1,False
2024-11-22,2024-11-21,5969.34,0.0034679787718681077,1,False
2024-11-25,2024-11-22,5987.37,0.0030204344198856425,1,False
2024-11-26,2024-11-25,6021.63,0.005722044904524104,1,False
2024-11-27,2024-11-26,5998.74,-0.0038012963267421984,1,False
2024-11-29,2024-11-27,6032.38,0.005607844313972654,1,False
2024-12-02,2024-11-29,6047.15,0.0024484531809998433,1,False
2024-12-03,2024-12-02,6049.88,0.00045145233705135013,1,False
2024-12-04,2024-12-03,6086.49,0.006051359696390701,1,False
2024-12-05,2024-12-04,6075.11,-0.0018697147288503357,1,False
2024-12-06,2024-12-05,6090.27,0.002495428066323191,1,False
2024-12-09,2024-12-06,6052.85,-0.006144226774839168,1,False
2024-12-10,2024-12-09,6034.91,-0.0029638930421207466,1,False
2024-12-11,2024-12-10,6084.19,0.008165821859812183,1,False
2024-12-12,2024-12-11,6051.25,-0.0054140321061636465,1,False
2024-12-13,2024-12-12,6051.09,-2.6440818012729572e-05,1,False
2024-12-16,2024-12-13,6074.08,0.00379931549522472,1,False
2024-12-17,2024-12-16,6050.61,-0.0038639596449174807,1,False
2024-12-18,2024-12-17,5872.16,-0.029492894104891865,1,False
2024-12-19,2024-12-18,5867.08,-0.0008650990436227524,1,False
2024-12-20,2024-12-19,5930.85,0.010869120584686254,1,False
2024-12-23,2024-12-20,5974.07,0.007287319692792726,1,False
2024-12-24,2024-12-23,6040.04,0.011042722967758989,1,False
2024-12-26,2024-12-24,6037.59,-0.00040562645280495246,1,False
2024-12-27,2024-12-26,5970.84,-0.011055735815118317,1,False
2024-12-30,2024-12-27,5906.94,-0.010702011777237508,1,False
2024-12-31,2024-12-30,5881.63,-0.004284790432948271,1,False
2025-01-02,2024-12-31,5868.55,-0.002223873314030289,1,False
2025-01-03,2025-01-02,5942.47,0.012595956411720177,1,False
2025-01-06,2025-01-03,5975.38,0.005538101159955344,1,False
2025-01-07,2025-01-06,5909.03,-0.011103896321238205,1,False
2025-01-08,2025-01-07,5918.25,0.0015603237756451893,1,False
2025-01-10,2025-01-08,5827.04,-0.01541165040341319,1,False
2025-01-13,2025-01-10,5836.22,0.0015754139322881056,1,False
2025-01-14,2025-01-13,5842.91,0.001146289893115604,1,False
2025-01-15,2025-01-14,5949.91,0.018312792769356268,1,False
2025-01-16,2025-01-15,5937.34,-0.002112636997870454,1,False
2025-01-17,2025-01-16,5996.66,0.009991006073426734,1,False
2025-01-21,2025-01-17,6049.24,0.00876821430596375,1,False
2025-01-22,2025-01-21,6086.37,0.006137961132307579,1,False
2025-01-23,2025-01-22,6118.71,0.00531351199483443,1,False
2025-01-24,2025-01-23,6101.24,-0.0028551769899211044,1,False
2025-01-27,2025-01-24,6012.28,-0.0145806426234667,1,False
2025-01-28,2025-01-27,6067.7,0.009217800900823026,1,False
2025-01-29,2025-01-28,6039.31,-0.004678873378710091,1,False
2025-01-30,2025-01-29,6071.17,0.0052754370946348494,1,False
2025-01-31,2025-01-30,6040.53,-0.005046803169735048,1,False
2025-02-03,2025-01-31,5994.57,-0.007608603880785325,1,False
2025-02-04,2025-02-03,6037.88,0.007224871842350655,1,False
2025-02-05,2025-02-04,6061.48,0.003908656680821743,1,False
2025-02-06,2025-02-05,6083.57,0.00364432448840879,1,False
2025-02-07,2025-02-06,6025.99,-0.009464837258386094,1,False
2025-02-10,2025-02-07,6066.44,0.006712589964470439,1,False
2025-02-11,2025-02-10,6068.5,0.00033957312690802155,1,False
2025-02-12,2025-02-11,6051.97,-0.002723902117491961,1,False
2025-02-13,2025-02-12,6115.07,0.010426357037460532,1,False
2025-02-14,2025-02-13,6114.63,-7.195338728738232e-05,1,False
2025-02-18,2025-02-14,6129.58,0.0024449557863681637,1,False
2025-02-19,2025-02-18,6144.15,0.002376998097748828,1,False
2025-02-20,2025-02-19,6117.52,-0.004334204080303938,1,False
2025-02-21,2025-02-20,6013.13,-0.0170641044083224,1,False
2025-02-24,2025-02-21,5983.25,-0.0049691258961639395,1,False
2025-02-25,2025-02-24,5955.25,-0.004679730915472358,1,False
2025-02-26,2025-02-25,5956.06,0.0001360144410393893,1,False
2025-02-27,2025-02-26,5861.57,-0.01586451446090209,1,False
2025-02-28,2025-02-27,5954.5,0.015854114170776867,1,False
2025-03-03,2025-02-28,5849.72,-0.017596775547904953,1,False
2025-03-04,2025-03-03,5778.15,-0.012234773630190987,1,False
2025-03-05,2025-03-04,5842.63,0.011159281084776262,1,False
2025-03-06,2025-03-05,5738.52,-0.017819030128555013,1,False
2025-03-07,2025-03-06,5770.2,0.005520587189728143,1,False
2025-03-10,2025-03-07,5614.56,-0.026973068524487775,1,False
2025-03-11,2025-03-10,5572.07,-0.007567823658488071,1,False
2025-03-12,2025-03-11,5599.3,0.004886873280486537,1,False
2025-03-13,2025-03-12,5521.52,-0.013891022092047178,1,False
2025-03-14,2025-03-13,5638.94,0.021265883307494793,1,False
2025-03-17,2025-03-14,5675.12,0.006416099479689574,1,False
2025-03-18,2025-03-17,5614.66,-0.010653519220738983,1,False
2025-03-19,2025-03-18,5675.29,0.010798516740105457,1,False
2025-03-20,2025-03-19,5662.89,-0.002184910374623983,1,False
2025-03-21,2025-03-20,5667.56,0.0008246672635350283,1,False
2025-03-24,2025-03-21,5767.57,0.017646041682840563,1,False
2025-03-25,2025-03-24,5776.65,0.0015743198608773046,1,False
2025-03-26,2025-03-25,5712.2,-0.01115698545004451,1,False
2025-03-27,2025-03-26,5693.31,-0.0033069570393192693,1,False
2025-03-28,2025-03-27,5580.94,-0.019737200328104554,1,False
2025-03-31,2025-03-28,5611.85,0.0055384935154294546,1,False
2025-04-01,2025-03-31,5633.07,0.003781284246727745,1,False
2025-04-02,2025-04-01,5670.97,0.006728125160880394,1,False
2025-04-03,2025-04-02,5396.52,-0.04839560075260485,1,False
2025-04-04,2025-04-03,5074.08,-0.05974961641947041,1,False
2025-04-07,2025-04-04,5062.25,-0.0023314571311449095,1,False
2025-04-08,2025-04-07,4982.77,-0.015700528421156545,1,False
2025-04-09,2025-04-08,5456.9,0.09515390034057347,1,False
2025-04-10,2025-04-09,5268.05,-0.034607561069471604,1,False
2025-04-11,2025-04-10,5363.36,0.018092083408471682,1,False
2025-04-14,2025-04-11,5405.97,0.007944646639420183,1,False
2025-04-15,2025-04-14,5396.63,-0.0017277195396940837,1,False
2025-04-16,2025-04-15,5275.7,-0.022408428964001637,1,False
2025-04-17,2025-04-16,5282.7,0.0013268381447011368,1,False
2025-04-21,2025-04-17,5158.2,-0.023567493895167213,1,False
2025-04-22,2025-04-21,5287.76,0.02511728897677501,1,False
2025-04-23,2025-04-22,5375.86,0.016661119264111734,1,False
2025-04-24,2025-04-23,5484.77,0.02025908412793509,1,False
2025-04-25,2025-04-24,5525.21,0.007373144179245283,1,False
2025-04-28,2025-04-25,5528.75,0.0006406996295162948,1,False
2025-04-29,2025-04-28,5560.83,0.0058023965634184105,1,False
2025-04-30,2025-04-29,5569.06,0.0014799948928487794,1,False
2025-05-01,2025-04-30,5604.14,0.006299088176460632,1,False
2025-05-02,2025-05-01,5686.67,0.014726612825518126,1,False
2025-05-05,2025-05-02,5650.38,-0.0063815906321273985,1,False
2025-05-06,2025-05-05,5606.91,-0.007693287885062627,1,False
2025-05-07,2025-05-06,5631.28,0.004346422539330819,1,False
2025-05-08,2025-05-07,5663.94,0.005799747126763233,1,False
2025-05-09,2025-05-08,5659.91,-0.0007115188367108338,1,False
2025-05-12,2025-05-09,5844.19,0.03255882160670387,1,False
2025-05-13,2025-05-12,5886.55,0.007248224304822415,1,False
2025-05-14,2025-05-13,5892.58,0.001024369112638146,1,False
2025-05-15,2025-05-14,5916.93,0.004132315556174104,1,False
2025-05-16,2025-05-15,5958.38,0.0070053220166539365,1,False
2025-05-19,2025-05-16,5963.6,0.000876077054501545,1,False
2025-05-20,2025-05-19,5940.46,-0.0038802065866255786,1,False
2025-05-21,2025-05-20,5844.61,-0.016135114115741978,1,False
2025-05-22,2025-05-21,5842.01,-0.0004448543187653975,1,False
2025-05-23,2025-05-22,5802.82,-0.006708307585916562,1,False
2025-05-27,2025-05-23,5921.54,0.020459018201495205,1,False
2025-05-28,2025-05-27,5888.55,-0.005571185873944895,1,False
2025-05-29,2025-05-28,5912.17,0.004011174227950942,1,False
2025-05-30,2025-05-29,5911.69,-8.118846379590039e-05,1,False
2025-06-02,2025-05-30,5935.94,0.00410204188649943,1,False
2025-06-03,2025-06-02,5970.37,0.005800260784307065,1,False
2025-06-04,2025-06-03,5970.81,7.369727504324963e-05,1,False
2025-06-05,2025-06-04,5939.3,-0.005277340930292529,1,False
2025-06-06,2025-06-05,6000.36,0.010280672806559643,1,False
2025-06-09,2025-06-06,6005.88,0.0009199448033119229,1,False
2025-06-10,2025-06-09,6038.81,0.005482960032501483,1,False
2025-06-11,2025-06-10,6022.24,-0.002743918089822439,1,False
2025-06-12,2025-06-11,6045.26,0.0038224979409655635,1,False
2025-06-13,2025-06-12,5976.97,-0.01129645375054178,1,False
2025-06-16,2025-06-13,6033.11,0.009392719053299414,1,False
2025-06-17,2025-06-16,5982.72,-0.008352242873078675,1,False
2025-06-18,2025-06-17,5980.87,-0.00030922389816012696,1,False
2025-06-20,2025-06-18,5967.84,-0.002178612810510794,1,False
2025-06-23,2025-06-20,6025.17,0.009606490790637912,1,False
2025-06-24,2025-06-23,6092.18,0.011121677894565751,1,False
2025-06-25,2025-06-24,6092.16,-3.282897091061443e-06,1,False
2025-06-26,2025-06-25,6141.02,0.008020143922681022,1,False
2025-06-27,2025-06-26,6173.07,0.005219002706390752,1,False
2025-06-30,2025-06-27,6204.95,0.0051643671625301035,1,False
2025-07-01,2025-06-30,6198.01,-0.0011184618731818752,1,False
2025-07-02,2025-07-01,6227.42,0.004745071401949907,1,False
2025-07-03,2025-07-02,6279.35,0.00833892687501403,1,False
2025-07-07,2025-07-03,6229.98,-0.00786227873904155,1,False
2025-07-08,2025-07-07,6225.52,-0.0007158931489344988,1,False
2025-07-09,2025-07-08,6263.26,0.0060621442064277,1,False
2025-07-10,2025-07-09,6280.46,0.00274617371784025,1,False
2025-07-11,2025-07-10,6259.75,-0.0032975291618766445,1,False
2025-07-14,2025-07-11,6268.56,0.0014074044490595128,1,False
2025-07-15,2025-07-14,6243.76,-0.003956251515499609,1,False
2025-07-16,2025-07-15,6263.7,0.003193588478737075,1,False
2025-07-17,2025-07-16,6297.36,0.005373820585277134,1,False
2025-07-18,2025-07-17,6296.79,-9.051412020266714e-05,1,False
2025-07-21,2025-07-18,6305.6,0.0013991255862113583,1,False
2025-07-22,2025-07-21,6309.62,0.0006375285460542557,1,False
2025-07-23,2025-07-22,6358.91,0.007811880905664648,1,False
2025-07-24,2025-07-23,6363.35,0.000698232873244109,1,False
2025-07-25,2025-07-24,6388.64,0.003974321701619488,1,False
2025-07-28,2025-07-25,6389.77,0.00017687645570885202,1,False
2025-07-29,2025-07-28,6370.86,-0.0029594179446209568,1,False
2025-07-30,2025-07-29,6362.9,-0.001249438851269713,1,False
2025-07-31,2025-07-30,6339.39,-0.0036948561190650597,1,False
2025-08-01,2025-07-31,6238.01,-0.01599207494727417,1,False
2025-08-04,2025-08-01,6329.94,0.01473707159815385,1,False
2025-08-05,2025-08-04,6299.19,-0.004857865951336082,1,False
2025-08-06,2025-08-05,6345.06,0.007281888623775545,1,False
2025-08-07,2025-08-06,6340.0,-0.0007974707882983934,1,False
2025-08-08,2025-08-07,6389.45,0.007799684542586727,1,False
2025-08-11,2025-08-08,6373.45,-0.002504127898332431,1,False
2025-08-12,2025-08-11,6445.76,0.011345503612643082,1,False
2025-08-13,2025-08-12,6466.58,0.0032300302834731287,1,False
2025-08-14,2025-08-13,6468.54,0.00030309684562790373,1,False
2025-08-15,2025-08-14,6449.8,-0.0028970988816641174,1,False
2025-08-18,2025-08-15,6449.15,-0.00010077831870769494,1,False
2025-08-19,2025-08-18,6411.37,-0.005858136343549147,1,False
2025-08-20,2025-08-19,6395.78,-0.002431617579394141,1,False
2025-08-21,2025-08-20,6370.17,-0.00400420277120217,1,False
2025-08-22,2025-08-21,6466.91,0.01518640789806236,1,False
2025-08-25,2025-08-22,6439.32,-0.0042663343080389105,1,False
2025-08-26,2025-08-25,6465.94,0.004133976879546308,1,False
2025-08-27,2025-08-26,6481.4,0.002390990327779008,1,False
2025-08-28,2025-08-27,6501.86,0.003156725398833604,1,False
2025-08-29,2025-08-28,6460.26,-0.0063981691392923645,1,False
2025-09-02,2025-08-29,6415.54,-0.006922322011807647,1,False
2025-09-03,2025-09-02,6448.26,0.005100116280157385,1,False
2025-09-04,2025-09-03,6502.08,0.00834643764364329,1,False
2025-09-05,2025-09-04,6481.5,-0.003165141001033489,1,False
2025-09-08,2025-09-05,6495.15,0.0021059939828742547,1,False
2025-09-09,2025-09-08,6512.61,0.0026881596267984698,1,False
2025-09-10,2025-09-09,6532.04,0.0029834428900241683,1,False
2025-09-11,2025-09-10,6587.47,0.008485863528086224,1,False
2025-09-12,2025-09-11,6584.29,-0.0004827346462299431,1,False
2025-09-15,2025-09-12,6615.28,0.004706657817319604,1,False
2025-09-16,2025-09-15,6606.76,-0.00128792734396721,1,False
2025-09-17,2025-09-16,6600.35,-0.0009702183823840915,1,False
2025-09-18,2025-09-17,6631.96,0.004789139969850087,1,False
2025-09-19,2025-09-18,6664.36,0.004885433567150432,1,False
2025-09-22,2025-09-19,6693.75,0.004410025868950784,1,False
2025-09-23,2025-09-22,6656.92,-0.005502147525676904,1,False
2025-09-24,2025-09-23,6637.97,-0.002846661819580154,1,False
2025-09-25,2025-09-24,6604.72,-0.005009061505249379,1,False
2025-09-26,2025-09-25,6643.7,0.00590183989631643,1,False
2025-09-29,2025-09-26,6661.21,0.0026355795716241914,1,False
2025-09-30,2025-09-29,6688.46,0.0040908483593822265,1,False
2025-10-01,2025-09-30,6711.2,0.0033998857734067744,1,False
2025-10-02,2025-10-01,6715.35,0.0006183692931220897,1,False
2025-10-03,2025-10-02,6715.79,6.552152903416264e-05,1,False
2025-10-06,2025-10-03,6740.28,0.0036466298082578064,1,False
2025-10-07,2025-10-06,6714.59,-0.003811414362608012,1,False
2025-10-08,2025-10-07,6753.72,0.005827608238179849,1,False
2025-10-09,2025-10-08,6735.11,-0.002755518440207827,1,False
2025-10-10,2025-10-09,6552.51,-0.027111658161485086,1,False
2025-10-13,2025-10-10,6654.72,0.015598602672868944,1,False
2025-10-14,2025-10-13,6644.31,-0.0015643032313906735,1,False
2025-10-15,2025-10-14,6671.06,0.004026001195007511,1,False
2025-10-16,2025-10-15,6629.07,-0.0062943520220175575,1,False
2025-10-17,2025-10-16,6664.01,0.005270724249404557,1,False
2025-10-20,2025-10-17,6735.13,0.010672252892777845,1,False
2025-10-21,2025-10-20,6735.35,3.266455138950519e-05,1,False
2025-10-22,2025-10-21,6699.4,-0.005337510300132964,1,False
2025-10-23,2025-10-22,6738.44,0.005827387527241212,1,False
2025-10-24,2025-10-23,6791.69,0.007902422519158847,1,False
2025-10-27,2025-10-24,6875.16,0.012290019126314666,1,False
2025-10-28,2025-10-27,6890.89,0.0022879467532392894,1,False
2025-10-29,2025-10-28,6890.59,-4.353574066628951e-05,1,False
2025-10-30,2025-10-29,6822.34,-0.009904812214919234,1,False
2025-10-31,2025-10-30,6840.2,0.0026178701149457417,1,False
2025-11-03,2025-10-31,6851.97,0.0017207099207625642,1,False
2025-11-04,2025-11-03,6771.55,-0.011736770592982726,1,False
2025-11-05,2025-11-04,6796.29,0.0036535209811638936,1,False
2025-11-06,2025-11-05,6720.32,-0.011178157494750818,1,False
2025-11-07,2025-11-06,6728.8,0.0012618446740633171,1,False
2025-11-10,2025-11-07,6832.43,0.015400963024610581,1,False
2025-11-11,2025-11-10,6846.61,0.0020753963084874094,1,False
2025-11-12,2025-11-11,6850.92,0.0006295086181336007,1,False
2025-11-13,2025-11-12,6737.49,-0.016556900387101336,1,False
2025-11-14,2025-11-13,6734.11,-0.0005016705034071034,1,False
2025-11-17,2025-11-14,6672.41,-0.009162309495983845,1,False
2025-11-18,2025-11-17,6617.32,-0.008256387122493991,1,False
2025-11-19,2025-11-18,6642.16,0.0037537855204221593,1,False
2025-11-20,2025-11-19,6538.76,-0.01556722511953934,1,False
2025-11-21,2025-11-20,6602.99,0.00982296337531885,1,False
2025-11-24,2025-11-21,6705.12,0.015467235297948356,1,False
2025-11-25,2025-11-24,6765.88,0.009061731930226413,1,False
2025-11-26,2025-11-25,6812.61,0.006906714278112958,1,False
2025-11-28,2025-11-26,6849.09,0.005354775922884247,1,False
2025-12-01,2025-11-28,6812.63,-0.00532333492478565,1,False
2025-12-02,2025-12-01,6829.37,0.002457200816718297,1,False
2025-12-03,2025-12-02,6849.72,0.002979777051177468,1,False
2025-12-04,2025-12-03,6857.12,0.0010803361305278258,1,False
2025-12-05,2025-12-04,6870.4,0.0019366731222436595,1,False
2025-12-08,2025-12-05,6846.51,-0.0034772356776897606,1,False
2025-12-09,2025-12-08,6840.51,-0.0008763589040255981,1,False
2025-12-10,2025-12-09,6886.68,0.006749496748049477,1,False
2025-12-11,2025-12-10,6901.0,0.0020793764194066977,1,False
2025-12-12,2025-12-11,6827.41,-0.010663671931604113,1,False
2025-12-15,2025-12-12,6816.51,-0.0015965058492165562,1,False
2025-12-16,2025-12-15,6800.26,-0.0023839178699950336,1,False
2025-12-17,2025-12-16,6721.43,-0.011592203827500702,1,False
2025-12-18,2025-12-17,6774.76,0.007934323499612317,1,False
2025-12-19,2025-12-18,6834.5,0.008818024549947179,1,False
2025-12-22,2025-12-19,6878.49,0.006436462067451965,1,False
2025-12-23,2025-12-22,6909.79,0.004550417315428268,1,False
2025-12-24,2025-12-23,6932.05,0.0032215161386959235,1,False
2025-12-26,2025-12-24,6929.94,-0.0003043832632483312,1,False
2025-12-29,2025-12-26,6905.74,-0.0034920937266411656,1,False
2025-12-30,2025-12-29,6896.24,-0.0013756671985912794,1,False
2025-12-31,2025-12-30,6845.5,-0.0073576325649918894,1,False
