object,model,period,statistic,real,sim_median,sim_p2.5,sim_p97.5,real_inside_sim_range,n_days,sigma_annual,comparison
sp500,gaussian,describe,rv21_q10,0.0627230515935854,0.15215757878555847,0.1428525406003516,0.16132593848150095,False,1258,0.19236867212948663,level (both sides at the frozen sigma_annual)
sp500,gaussian,describe,rv21_q50,0.11036933306935298,0.1891784907667189,0.18054310426708162,0.1977034177855437,False,1258,0.19236867212948663,level (both sides at the frozen sigma_annual)
sp500,gaussian,describe,rv21_q90,0.2417833548174438,0.2285905188689159,0.21741709956246194,0.24101176961164442,False,1258,0.19236867212948663,level (both sides at the frozen sigma_annual)
sp500,gaussian,describe,rv21_q10_over_own_sd,0.32605647738403815,0.7913709548506652,0.7520966546589829,0.8253596940828605,False,1258,0.19236867212948663,"shape (each series divided by its own annualised sd, inside the path)"
sp500,gaussian,describe,rv21_q50_over_own_sd,0.5737386022764741,0.9839036044443608,0.963768039545813,1.001389623513248,False,1258,0.19236867212948663,"shape (each series divided by its own annualised sd, inside the path)"
sp500,gaussian,describe,rv21_q90_over_own_sd,1.2568748962133258,1.1888056697077367,1.1580768913863655,1.2267783717331961,False,1258,0.19236867212948663,"shape (each series divided by its own annualised sd, inside the path)"
sp500,gaussian,describe,w1_vs_market_standardised,,0.30177783512266343,0.281612356377695,0.3198825629171753,,1258,0.19236867212948663,scale-free
sp500,gaussian,describe,w1_sim_vs_sim_reference,,0.03153609156212667,0.020632436003466086,0.04978513892859483,,1258,0.19236867212948663,scale-free
sp500,gaussian,describe,tail_below_m2_count,37.0,28.0,21.0,37.0,True,1258,0.19236867212948663,scale-free
sp500,gaussian,describe,tail_below_m3_count,11.0,2.0,0.0,4.0,False,1258,0.19236867212948663,scale-free
sp500,gaussian,describe,tail_below_m5_count,3.0,0.0,0.0,0.0,False,1258,0.19236867212948663,scale-free
sp500,gaussian,describe,tail_above_p2_count,18.0,28.0,20.975,36.0,False,1258,0.19236867212948663,scale-free
sp500,gaussian,describe,tail_above_p3_count,9.0,1.0,0.0,4.0,False,1258,0.19236867212948663,scale-free
sp500,gaussian,describe,tail_above_p5_count,4.0,0.0,0.0,0.0,False,1258,0.19236867212948663,scale-free
sp500,gaussian,describe,tail_below_m2_freq,0.029411764705882353,0.022257551669316374,0.016693163751987282,0.029411764705882353,True,1258,0.19236867212948663,scale-free
sp500,gaussian,describe,tail_below_m3_freq,0.008744038155802861,0.001589825119236884,0.0,0.003179650238473768,False,1258,0.19236867212948663,scale-free
sp500,gaussian,describe,tail_below_m5_freq,0.0023847376788553257,0.0,0.0,0.0,False,1258,0.19236867212948663,scale-free
sp500,gaussian,describe,tail_above_p2_freq,0.014308426073131956,0.022257551669316374,0.016673290937996823,0.028616852146263912,False,1258,0.19236867212948663,scale-free
sp500,gaussian,describe,tail_above_p3_freq,0.007154213036565978,0.000794912559618442,0.0,0.003179650238473768,False,1258,0.19236867212948663,scale-free
sp500,gaussian,describe,tail_above_p5_freq,0.003179650238473768,0.0,0.0,0.0,False,1258,0.19236867212948663,scale-free
sp500,gaussian,describe,acf_absret_lag1,0.5007227427362634,-3.2789138899035645e-05,-0.053259894629304964,0.05484797082568419,False,1258,0.19236867212948663,scale-free
sp500,gaussian,describe,acf_absret_lag5,0.4146461452146088,-0.00030536441003929665,-0.05646885983305176,0.05842264038220261,False,1258,0.19236867212948663,scale-free
sp500,gaussian,describe,acf_absret_lag10,0.3659590462564184,-0.002077584032547674,-0.05650074515026387,0.05400996011078532,False,1258,0.19236867212948663,scale-free
sp500,gaussian,describe,acf_absret_lag21,0.1584044724099716,-0.0017280875000721021,-0.05711530312827803,0.05455037664576219,False,1258,0.19236867212948663,scale-free
sp500,gaussian,describe,acf_absret_lag63,0.039974696337050114,-0.0015742234379864865,-0.0588026410620867,0.05754172766471248,True,1258,0.19236867212948663,scale-free
sp500,gaussian,describe,concentration_max_exceed_63d,16.0,1.0,0.0,3.0,False,1258,0.19236867212948663,scale-free
sp500,gaussian,describe,leadlag_ret_vs_future_sq_lag1,-0.09471016076162492,0.0017376201211822821,-0.052386937798668064,0.05346450070078972,False,1258,0.19236867212948663,scale-free
sp500,gaussian,describe,leadlag_ret_vs_future_sq_lag5,-0.06824443785000303,-0.0007373924212911093,-0.05295196042654445,0.05249820569334591,False,1258,0.19236867212948663,scale-free
sp500,gaussian,describe,leadlag_ret_vs_future_sq_lag21,-0.05072095039065012,5.555536291442336e-06,-0.0545213986956755,0.05705236911532657,True,1258,0.19236867212948663,scale-free
sp500,gaussian,describe,sd_daily,0.012118087297484372,0.012109768880556352,0.011625991584924975,0.012612471286420667,True,1258,0.19236867212948663,scale-free
sp500,stoch_vol,describe,rv21_q10,0.0627230515935854,0.08162160251569739,0.05743509908579899,0.11716884769159566,True,1258,0.19236867212948663,level (both sides at the frozen sigma_annual)
sp500,stoch_vol,describe,rv21_q50,0.11036933306935298,0.1506763211723572,0.11342947646173822,0.2040937635825963,False,1258,0.19236867212948663,level (both sides at the frozen sigma_annual)
sp500,stoch_vol,describe,rv21_q90,0.2417833548174438,0.27607949222104633,0.2000480103461229,0.4029347631653288,True,1258,0.19236867212948663,level (both sides at the frozen sigma_annual)
sp500,stoch_vol,describe,rv21_q10_over_own_sd,0.32605647738403815,0.43921232736031257,0.30293962060655366,0.5615708340006329,True,1258,0.19236867212948663,"shape (each series divided by its own annualised sd, inside the path)"
sp500,stoch_vol,describe,rv21_q50_over_own_sd,0.5737386022764741,0.8134771722946994,0.635279704631458,0.9208138728179036,False,1258,0.19236867212948663,"shape (each series divided by its own annualised sd, inside the path)"
sp500,stoch_vol,describe,rv21_q90_over_own_sd,1.2568748962133258,1.4746033817988766,1.3124914300370027,1.683004474680264,False,1258,0.19236867212948663,"shape (each series divided by its own annualised sd, inside the path)"
sp500,stoch_vol,describe,w1_vs_market_standardised,,0.18276723350629137,0.10544157013205548,0.23551976729484783,,1258,0.19236867212948663,scale-free
sp500,stoch_vol,describe,w1_sim_vs_sim_reference,,0.05615884531356624,0.03148683033259552,0.1358859646331797,,1258,0.19236867212948663,scale-free
sp500,stoch_vol,describe,tail_below_m2_count,37.0,35.0,26.0,44.0,True,1258,0.19236867212948663,scale-free
sp500,stoch_vol,describe,tail_below_m3_count,11.0,9.0,4.0,15.0,True,1258,0.19236867212948663,scale-free
sp500,stoch_vol,describe,tail_below_m5_count,3.0,1.0,0.0,3.0,True,1258,0.19236867212948663,scale-free
sp500,stoch_vol,describe,tail_above_p2_count,18.0,35.0,26.0,44.0,False,1258,0.19236867212948663,scale-free
sp500,stoch_vol,describe,tail_above_p3_count,9.0,9.0,4.0,15.0,True,1258,0.19236867212948663,scale-free
sp500,stoch_vol,describe,tail_above_p5_count,4.0,1.0,0.0,3.0,False,1258,0.19236867212948663,scale-free
sp500,stoch_vol,describe,tail_below_m2_freq,0.029411764705882353,0.02782193958664547,0.02066772655007949,0.034976152623211444,True,1258,0.19236867212948663,scale-free
sp500,stoch_vol,describe,tail_below_m3_freq,0.008744038155802861,0.007154213036565978,0.003179650238473768,0.01192368839427663,True,1258,0.19236867212948663,scale-free
sp500,stoch_vol,describe,tail_below_m5_freq,0.0023847376788553257,0.000794912559618442,0.0,0.0023847376788553257,True,1258,0.19236867212948663,scale-free
sp500,stoch_vol,describe,tail_above_p2_freq,0.014308426073131956,0.02782193958664547,0.02066772655007949,0.034976152623211444,False,1258,0.19236867212948663,scale-free
sp500,stoch_vol,describe,tail_above_p3_freq,0.007154213036565978,0.007154213036565978,0.003179650238473768,0.01192368839427663,True,1258,0.19236867212948663,scale-free
sp500,stoch_vol,describe,tail_above_p5_freq,0.003179650238473768,0.000794912559618442,0.0,0.0023847376788553257,False,1258,0.19236867212948663,scale-free
sp500,stoch_vol,describe,acf_absret_lag1,0.5007227427362634,0.24256336365345932,0.12854913374678714,0.3897848108683756,False,1258,0.19236867212948663,scale-free
sp500,stoch_vol,describe,acf_absret_lag5,0.4146461452146088,0.21720626210221206,0.11373144988697052,0.360288925591951,False,1258,0.19236867212948663,scale-free
sp500,stoch_vol,describe,acf_absret_lag10,0.3659590462564184,0.19125068452103106,0.08662827001441831,0.3291036591684341,False,1258,0.19236867212948663,scale-free
sp500,stoch_vol,describe,acf_absret_lag21,0.1584044724099716,0.14466213454869375,0.04456985535611485,0.2871411423931324,True,1258,0.19236867212948663,scale-free
sp500,stoch_vol,describe,acf_absret_lag63,0.039974696337050114,0.04011569277667562,-0.046126788277628714,0.16389426097670123,True,1258,0.19236867212948663,scale-free
sp500,stoch_vol,describe,concentration_max_exceed_63d,16.0,8.0,3.0,17.0,True,1258,0.19236867212948663,scale-free
sp500,stoch_vol,describe,leadlag_ret_vs_future_sq_lag1,-0.09471016076162492,-0.0010584069885290312,-0.09750220824948409,0.10269767926517075,True,1258,0.19236867212948663,scale-free
sp500,stoch_vol,describe,leadlag_ret_vs_future_sq_lag5,-0.06824443785000303,-0.0015573976572828831,-0.09851995058596727,0.09627269461348589,True,1258,0.19236867212948663,scale-free
sp500,stoch_vol,describe,leadlag_ret_vs_future_sq_lag21,-0.05072095039065012,-0.0024405279078419644,-0.07906150895923439,0.08238206031543208,True,1258,0.19236867212948663,scale-free
sp500,stoch_vol,describe,sd_daily,0.012118087297484372,0.011799723635985469,0.008845031089112042,0.01647708263227722,True,1258,0.19236867212948663,scale-free
sp500,sv_jump,describe,rv21_q10,0.0627230515935854,0.07666382927728763,0.05320184154486017,0.1074580888809675,True,1258,0.19236867212948663,level (both sides at the frozen sigma_annual)
sp500,sv_jump,describe,rv21_q50,0.11036933306935298,0.14597971623856046,0.10876229323350026,0.19697179372885426,True,1258,0.19236867212948663,level (both sides at the frozen sigma_annual)
sp500,sv_jump,describe,rv21_q90,0.2417833548174438,0.28280774542306664,0.20276221946977263,0.3889131907851519,True,1258,0.19236867212948663,level (both sides at the frozen sigma_annual)
sp500,sv_jump,describe,rv21_q10_over_own_sd,0.32605647738403815,0.4115412071228546,0.2908660949399777,0.5325948981979152,True,1258,0.19236867212948663,"shape (each series divided by its own annualised sd, inside the path)"
sp500,sv_jump,describe,rv21_q50_over_own_sd,0.5737386022764741,0.7818140212832576,0.6332657025034428,0.9014710020986569,False,1258,0.19236867212948663,"shape (each series divided by its own annualised sd, inside the path)"
sp500,sv_jump,describe,rv21_q90_over_own_sd,1.2568748962133258,1.4978590948430184,1.3168005241008331,1.7044898332624752,False,1258,0.19236867212948663,"shape (each series divided by its own annualised sd, inside the path)"
sp500,sv_jump,describe,w1_vs_market_standardised,,0.13600724769737116,0.07633650602426577,0.19845040304066527,,1258,0.19236867212948663,scale-free
sp500,sv_jump,describe,w1_sim_vs_sim_reference,,0.0681895200240788,0.03624933398397971,0.14699857863202742,,1258,0.19236867212948663,scale-free
sp500,sv_jump,describe,tail_below_m2_count,37.0,30.0,18.0,40.0,True,1258,0.19236867212948663,scale-free
sp500,sv_jump,describe,tail_below_m3_count,11.0,9.0,4.0,15.0,True,1258,0.19236867212948663,scale-free
sp500,sv_jump,describe,tail_below_m5_count,3.0,2.0,0.0,5.0,True,1258,0.19236867212948663,scale-free
sp500,sv_jump,describe,tail_above_p2_count,18.0,30.0,19.0,41.0,False,1258,0.19236867212948663,scale-free
sp500,sv_jump,describe,tail_above_p3_count,9.0,9.0,4.0,15.0,True,1258,0.19236867212948663,scale-free
sp500,sv_jump,describe,tail_above_p5_count,4.0,2.0,0.0,5.0,True,1258,0.19236867212948663,scale-free
sp500,sv_jump,describe,tail_below_m2_freq,0.029411764705882353,0.02384737678855326,0.014308426073131956,0.03179650238473768,True,1258,0.19236867212948663,scale-free
sp500,sv_jump,describe,tail_below_m3_freq,0.008744038155802861,0.007154213036565978,0.003179650238473768,0.01192368839427663,True,1258,0.19236867212948663,scale-free
sp500,sv_jump,describe,tail_below_m5_freq,0.0023847376788553257,0.001589825119236884,0.0,0.00397456279809221,True,1258,0.19236867212948663,scale-free
sp500,sv_jump,describe,tail_above_p2_freq,0.014308426073131956,0.02384737678855326,0.015103338632750398,0.03259141494435612,False,1258,0.19236867212948663,scale-free
sp500,sv_jump,describe,tail_above_p3_freq,0.007154213036565978,0.007154213036565978,0.003179650238473768,0.01192368839427663,True,1258,0.19236867212948663,scale-free
sp500,sv_jump,describe,tail_above_p5_freq,0.003179650238473768,0.001589825119236884,0.0,0.00397456279809221,True,1258,0.19236867212948663,scale-free
sp500,sv_jump,describe,acf_absret_lag1,0.5007227427362634,0.18201071844099936,0.0740286963668827,0.3354824482793681,False,1258,0.19236867212948663,scale-free
sp500,sv_jump,describe,acf_absret_lag5,0.4146461452146088,0.16561432999516162,0.05944204457275343,0.30743587060447125,False,1258,0.19236867212948663,scale-free
sp500,sv_jump,describe,acf_absret_lag10,0.3659590462564184,0.1435530308258276,0.04748860936773379,0.28685510923214197,False,1258,0.19236867212948663,scale-free
sp500,sv_jump,describe,acf_absret_lag21,0.1584044724099716,0.10646928055971755,0.019187983388471497,0.2422858499357791,True,1258,0.19236867212948663,scale-free
sp500,sv_jump,describe,acf_absret_lag63,0.039974696337050114,0.031283822654641205,-0.04183207233589608,0.14594521614591124,True,1258,0.19236867212948663,scale-free
sp500,sv_jump,describe,concentration_max_exceed_63d,16.0,6.0,2.0,15.0,False,1258,0.19236867212948663,scale-free
sp500,sv_jump,describe,leadlag_ret_vs_future_sq_lag1,-0.09471016076162492,0.0005474703992125009,-0.0801783760135629,0.08429980903474366,False,1258,0.19236867212948663,scale-free
sp500,sv_jump,describe,leadlag_ret_vs_future_sq_lag5,-0.06824443785000303,0.00040135295654002693,-0.07751012179864439,0.08194551218479239,True,1258,0.19236867212948663,scale-free
sp500,sv_jump,describe,leadlag_ret_vs_future_sq_lag21,-0.05072095039065012,0.0011219857509550588,-0.06359289568502259,0.06709330750516751,True,1258,0.19236867212948663,scale-free
sp500,sv_jump,describe,sd_daily,0.012118087297484372,0.011843375886007264,0.009060660252792408,0.015781632129887046,True,1258,0.19236867212948663,scale-free
sp500,gaussian,contrast,rv21_q10,0.1014253090749568,0.15241657599205058,0.13654435169803633,0.16686505539533433,False,501,0.19236867212948663,level (both sides at the frozen sigma_annual)
sp500,gaussian,contrast,rv21_q50,0.17720278034722028,0.189346654468299,0.1761883121957325,0.20198607340522223,True,501,0.19236867212948663,level (both sides at the frozen sigma_annual)
sp500,gaussian,contrast,rv21_q90,0.28614728931251504,0.2278840346071144,0.21154100606157383,0.2464773264747325,False,501,0.19236867212948663,level (both sides at the frozen sigma_annual)
sp500,gaussian,contrast,rv21_q10_over_own_sd,0.5208070265465268,0.7948599277093608,0.7319820628829077,0.8458536554327775,False,501,0.19236867212948663,"shape (each series divided by its own annualised sd, inside the path)"
sp500,gaussian,contrast,rv21_q50_over_own_sd,0.9099154241690184,0.985662615373432,0.9507087122094877,1.014016152336839,False,501,0.19236867212948663,"shape (each series divided by its own annualised sd, inside the path)"
sp500,gaussian,contrast,rv21_q90_over_own_sd,1.4693326573061092,1.185761276277586,1.1374458957217823,1.2507669402086246,False,501,0.19236867212948663,"shape (each series divided by its own annualised sd, inside the path)"
sp500,gaussian,contrast,w1_vs_market_standardised,,0.08727525408259483,0.06037251482985853,0.11622866101381961,,501,0.19236867212948663,scale-free
sp500,gaussian,contrast,w1_sim_vs_sim_reference,,0.04966747107394426,0.032918160244910365,0.08085422944534273,,501,0.19236867212948663,scale-free
sp500,gaussian,contrast,tail_below_m2_count,15.0,11.0,6.0,16.0,True,501,0.19236867212948663,scale-free
sp500,gaussian,contrast,tail_below_m3_count,3.0,0.0,0.0,2.0,False,501,0.19236867212948663,scale-free
sp500,gaussian,contrast,tail_below_m5_count,0.0,0.0,0.0,0.0,True,501,0.19236867212948663,scale-free
sp500,gaussian,contrast,tail_above_p2_count,14.0,11.0,7.0,16.0,True,501,0.19236867212948663,scale-free
sp500,gaussian,contrast,tail_above_p3_count,1.0,0.0,0.0,2.0249999999998636,True,501,0.19236867212948663,scale-free
sp500,gaussian,contrast,tail_above_p5_count,0.0,0.0,0.0,0.0,True,501,0.19236867212948663,scale-free
sp500,gaussian,contrast,tail_below_m2_freq,0.029940119760479042,0.021956087824351298,0.011976047904191617,0.031936127744510975,True,501,0.19236867212948663,scale-free
sp500,gaussian,contrast,tail_below_m3_freq,0.005988023952095809,0.0,0.0,0.003992015968063872,False,501,0.19236867212948663,scale-free
sp500,gaussian,contrast,tail_below_m5_freq,0.0,0.0,0.0,0.0,True,501,0.19236867212948663,scale-free
sp500,gaussian,contrast,tail_above_p2_freq,0.027944111776447105,0.021956087824351298,0.013972055888223553,0.031936127744510975,True,501,0.19236867212948663,scale-free
sp500,gaussian,contrast,tail_above_p3_freq,0.001996007984031936,0.0,0.0,0.004041916167664398,True,501,0.19236867212948663,scale-free
sp500,gaussian,contrast,tail_above_p5_freq,0.0,0.0,0.0,0.0,True,501,0.19236867212948663,scale-free
sp500,gaussian,contrast,acf_absret_lag1,0.050493899503632825,-0.0013853891540154804,-0.08834760666739166,0.08956079833106982,True,501,0.19236867212948663,scale-free
sp500,gaussian,contrast,acf_absret_lag5,0.20268576874664154,-0.0039615503226317255,-0.09272315497648492,0.08707007002897117,False,501,0.19236867212948663,scale-free
sp500,gaussian,contrast,acf_absret_lag10,0.15515220151370876,-0.0006747753054280473,-0.08996162462467537,0.0795456686190319,False,501,0.19236867212948663,scale-free
sp500,gaussian,contrast,acf_absret_lag21,0.06706339274911602,-0.0021885881437718503,-0.09374974096316659,0.08883838222658266,True,501,0.19236867212948663,scale-free
sp500,gaussian,contrast,acf_absret_lag63,0.09074437280271565,-0.0013613595306881006,-0.09578507423103577,0.09200055847976532,True,501,0.19236867212948663,scale-free
sp500,gaussian,contrast,concentration_max_exceed_63d,2.0,1.0,0.0,2.0,True,501,0.19236867212948663,scale-free
sp500,gaussian,contrast,leadlag_ret_vs_future_sq_lag1,-0.002306844301550615,-8.364936110596133e-05,-0.0850339879663276,0.08894583670716046,True,501,0.19236867212948663,scale-free
sp500,gaussian,contrast,leadlag_ret_vs_future_sq_lag5,-0.12540398630140218,0.0011147307316640763,-0.08422379967187309,0.08224501105949875,False,501,0.19236867212948663,scale-free
sp500,gaussian,contrast,leadlag_ret_vs_future_sq_lag21,-0.005436194144654863,-0.0004696963222606608,-0.09072743044151871,0.08680230721335608,True,501,0.19236867212948663,scale-free
sp500,gaussian,contrast,sd_daily,0.012267871956501381,0.01210990964347277,0.011377571296126926,0.01286370202866043,True,501,0.19236867212948663,scale-free
sp500,stoch_vol,contrast,rv21_q10,0.1014253090749568,0.08497518457634426,0.04812410943630908,0.1400929309762288,True,501,0.19236867212948663,level (both sides at the frozen sigma_annual)
sp500,stoch_vol,contrast,rv21_q50,0.17720278034722028,0.15098778713587074,0.0967310480164623,0.2337535290982854,True,501,0.19236867212948663,level (both sides at the frozen sigma_annual)
sp500,stoch_vol,contrast,rv21_q90,0.28614728931251504,0.2654644632282106,0.15969875352288979,0.4644250254045602,True,501,0.19236867212948663,level (both sides at the frozen sigma_annual)
sp500,stoch_vol,contrast,rv21_q10_over_own_sd,0.5208070265465268,0.47848549252543293,0.2736538110111664,0.6564427869020001,True,501,0.19236867212948663,"shape (each series divided by its own annualised sd, inside the path)"
sp500,stoch_vol,contrast,rv21_q50_over_own_sd,0.9099154241690184,0.8476365068576632,0.6016710561519775,0.9806079527638704,True,501,0.19236867212948663,"shape (each series divided by its own annualised sd, inside the path)"
sp500,stoch_vol,contrast,rv21_q90_over_own_sd,1.4693326573061092,1.4628495582696415,1.2573565324941476,1.7618158001543514,True,501,0.19236867212948663,"shape (each series divided by its own annualised sd, inside the path)"
sp500,stoch_vol,contrast,w1_vs_market_standardised,,0.06889606320572779,0.04052692351631975,0.16835491250622034,,501,0.19236867212948663,scale-free
sp500,stoch_vol,contrast,w1_sim_vs_sim_reference,,0.07651159049981295,0.04282526278675151,0.17554113048553535,,501,0.19236867212948663,scale-free
sp500,stoch_vol,contrast,tail_below_m2_count,15.0,14.0,9.0,19.0,True,501,0.19236867212948663,scale-free
sp500,stoch_vol,contrast,tail_below_m3_count,3.0,3.0,0.0,7.0,True,501,0.19236867212948663,scale-free
sp500,stoch_vol,contrast,tail_below_m5_count,0.0,0.0,0.0,2.0,True,501,0.19236867212948663,scale-free
sp500,stoch_vol,contrast,tail_above_p2_count,14.0,14.0,8.0,20.0,True,501,0.19236867212948663,scale-free
sp500,stoch_vol,contrast,tail_above_p3_count,1.0,3.0,0.0,7.0,True,501,0.19236867212948663,scale-free
sp500,stoch_vol,contrast,tail_above_p5_count,0.0,0.0,0.0,1.0,True,501,0.19236867212948663,scale-free
sp500,stoch_vol,contrast,tail_below_m2_freq,0.029940119760479042,0.027944111776447105,0.017964071856287425,0.03792415169660679,True,501,0.19236867212948663,scale-free
sp500,stoch_vol,contrast,tail_below_m3_freq,0.005988023952095809,0.005988023952095809,0.0,0.013972055888223553,True,501,0.19236867212948663,scale-free
sp500,stoch_vol,contrast,tail_below_m5_freq,0.0,0.0,0.0,0.003992015968063872,True,501,0.19236867212948663,scale-free
sp500,stoch_vol,contrast,tail_above_p2_freq,0.027944111776447105,0.027944111776447105,0.015968063872255488,0.03992015968063872,True,501,0.19236867212948663,scale-free
sp500,stoch_vol,contrast,tail_above_p3_freq,0.001996007984031936,0.005988023952095809,0.0,0.013972055888223553,True,501,0.19236867212948663,scale-free
sp500,stoch_vol,contrast,tail_above_p5_freq,0.0,0.0,0.0,0.001996007984031936,True,501,0.19236867212948663,scale-free
sp500,stoch_vol,contrast,acf_absret_lag1,0.050493899503632825,0.20909581782419395,0.0595105168136746,0.3981050966532637,False,501,0.19236867212948663,scale-free
sp500,stoch_vol,contrast,acf_absret_lag5,0.20268576874664154,0.18492083122316247,0.040594369129943055,0.3669395730658979,True,501,0.19236867212948663,scale-free
sp500,stoch_vol,contrast,acf_absret_lag10,0.15515220151370876,0.15737154772228934,0.016135754174245388,0.3490509586720582,True,501,0.19236867212948663,scale-free
sp500,stoch_vol,contrast,acf_absret_lag21,0.06706339274911602,0.10543216251411061,-0.017131576837188647,0.2886975252407385,True,501,0.19236867212948663,scale-free
sp500,stoch_vol,contrast,acf_absret_lag63,0.09074437280271565,0.016081455671897997,-0.10164928202474105,0.17561092193848502,True,501,0.19236867212948663,scale-free
sp500,stoch_vol,contrast,concentration_max_exceed_63d,2.0,4.0,1.0,10.0,True,501,0.19236867212948663,scale-free
sp500,stoch_vol,contrast,leadlag_ret_vs_future_sq_lag1,-0.002306844301550615,0.004936931440687272,-0.1475800040938534,0.14418465645920742,True,501,0.19236867212948663,scale-free
sp500,stoch_vol,contrast,leadlag_ret_vs_future_sq_lag5,-0.12540398630140218,0.0017504048202331766,-0.13513332512418852,0.1326215502926627,True,501,0.19236867212948663,scale-free
sp500,stoch_vol,contrast,leadlag_ret_vs_future_sq_lag21,-0.005436194144654863,0.0005159244059201711,-0.1162201045500755,0.10944177366165869,True,501,0.19236867212948663,scale-free
sp500,stoch_vol,contrast,sd_daily,0.012267871956501381,0.01144394235985226,0.00727418104178868,0.018150899310276577,True,501,0.19236867212948663,scale-free
sp500,sv_jump,contrast,rv21_q10,0.1014253090749568,0.0792020527682806,0.047314182428872656,0.13248415917924702,True,501,0.19236867212948663,level (both sides at the frozen sigma_annual)
sp500,sv_jump,contrast,rv21_q50,0.17720278034722028,0.1449495319375675,0.09401599823410733,0.2294494965146422,True,501,0.19236867212948663,level (both sides at the frozen sigma_annual)
sp500,sv_jump,contrast,rv21_q90,0.28614728931251504,0.2711146247730472,0.16837318107661367,0.4481968775891414,True,501,0.19236867212948663,level (both sides at the frozen sigma_annual)
sp500,sv_jump,contrast,rv21_q10_over_own_sd,0.5208070265465268,0.4463981468672038,0.2625876775918121,0.6199909647002774,True,501,0.19236867212948663,"shape (each series divided by its own annualised sd, inside the path)"
sp500,sv_jump,contrast,rv21_q50_over_own_sd,0.9099154241690184,0.810180830906697,0.5966680176238884,0.9641180516332454,True,501,0.19236867212948663,"shape (each series divided by its own annualised sd, inside the path)"
sp500,sv_jump,contrast,rv21_q90_over_own_sd,1.4693326573061092,1.4856027810909747,1.2150799741604292,1.8014446991576005,True,501,0.19236867212948663,"shape (each series divided by its own annualised sd, inside the path)"
sp500,sv_jump,contrast,w1_vs_market_standardised,,0.11098514709251264,0.048407046712728156,0.24971096314388302,,501,0.19236867212948663,scale-free
sp500,sv_jump,contrast,w1_sim_vs_sim_reference,,0.10160690981369352,0.04957890080435553,0.22418665653932454,,501,0.19236867212948663,scale-free
sp500,sv_jump,contrast,tail_below_m2_count,15.0,12.0,5.0,18.0,True,501,0.19236867212948663,scale-free
sp500,sv_jump,contrast,tail_below_m3_count,3.0,3.0,1.0,7.0,True,501,0.19236867212948663,scale-free
sp500,sv_jump,contrast,tail_below_m5_count,0.0,1.0,0.0,3.0,True,501,0.19236867212948663,scale-free
sp500,sv_jump,contrast,tail_above_p2_count,14.0,12.0,5.0,18.0,True,501,0.19236867212948663,scale-free
sp500,sv_jump,contrast,tail_above_p3_count,1.0,3.0,1.0,7.0,True,501,0.19236867212948663,scale-free
sp500,sv_jump,contrast,tail_above_p5_count,0.0,1.0,0.0,3.0,True,501,0.19236867212948663,scale-free
sp500,sv_jump,contrast,tail_below_m2_freq,0.029940119760479042,0.023952095808383235,0.00998003992015968,0.03592814371257485,True,501,0.19236867212948663,scale-free
sp500,sv_jump,contrast,tail_below_m3_freq,0.005988023952095809,0.005988023952095809,0.001996007984031936,0.013972055888223553,True,501,0.19236867212948663,scale-free
sp500,sv_jump,contrast,tail_below_m5_freq,0.0,0.001996007984031936,0.0,0.005988023952095809,True,501,0.19236867212948663,scale-free
sp500,sv_jump,contrast,tail_above_p2_freq,0.027944111776447105,0.023952095808383235,0.00998003992015968,0.03592814371257485,True,501,0.19236867212948663,scale-free
sp500,sv_jump,contrast,tail_above_p3_freq,0.001996007984031936,0.005988023952095809,0.001996007984031936,0.013972055888223553,True,501,0.19236867212948663,scale-free
sp500,sv_jump,contrast,tail_above_p5_freq,0.0,0.001996007984031936,0.0,0.005988023952095809,True,501,0.19236867212948663,scale-free
sp500,sv_jump,contrast,acf_absret_lag1,0.050493899503632825,0.15625965911096298,0.01963794726616639,0.3622328794595293,True,501,0.19236867212948663,scale-free
sp500,sv_jump,contrast,acf_absret_lag5,0.20268576874664154,0.14191711655901645,0.005861051550554396,0.32776542970608175,True,501,0.19236867212948663,scale-free
sp500,sv_jump,contrast,acf_absret_lag10,0.15515220151370876,0.11532626340700525,-0.011478108223831789,0.2928704043574503,True,501,0.19236867212948663,scale-free
sp500,sv_jump,contrast,acf_absret_lag21,0.06706339274911602,0.07976414396896198,-0.03216380808391349,0.24748735872318936,True,501,0.19236867212948663,scale-free
sp500,sv_jump,contrast,acf_absret_lag63,0.09074437280271565,0.007985435254343577,-0.09298644671128056,0.14818959154235634,True,501,0.19236867212948663,scale-free
sp500,sv_jump,contrast,concentration_max_exceed_63d,2.0,4.0,1.0,9.0,True,501,0.19236867212948663,scale-free
sp500,sv_jump,contrast,leadlag_ret_vs_future_sq_lag1,-0.002306844301550615,-0.002454482356870855,-0.11889135822786592,0.12284010261043586,True,501,0.19236867212948663,scale-free
sp500,sv_jump,contrast,leadlag_ret_vs_future_sq_lag5,-0.12540398630140218,-0.0008839340246365717,-0.11495231063029551,0.11738619954585883,False,501,0.19236867212948663,scale-free
sp500,sv_jump,contrast,leadlag_ret_vs_future_sq_lag21,-0.005436194144654863,-0.0018816033717047403,-0.10049271269486668,0.101014106309932,True,501,0.19236867212948663,scale-free
sp500,sv_jump,contrast,sd_daily,0.012267871956501381,0.01149046964127413,0.007771994642772597,0.01751407918030604,True,501,0.19236867212948663,scale-free
nasdaq100,gaussian,describe,rv21_q10,0.0908520696517382,0.1789489143832766,0.16770575074315683,0.18928142130832235,False,1258,0.22616448309739204,level (both sides at the frozen sigma_annual)
nasdaq100,gaussian,describe,rv21_q50,0.15585600633239455,0.22241056831273648,0.21267390428262073,0.23238580634442846,False,1258,0.22616448309739204,level (both sides at the frozen sigma_annual)
nasdaq100,gaussian,describe,rv21_q90,0.31210529282050437,0.26909007234155263,0.2562555625135854,0.28302428323246465,False,1258,0.22616448309739204,level (both sides at the frozen sigma_annual)
nasdaq100,gaussian,describe,rv21_q10_over_own_sd,0.40170794462283027,0.7913668759235254,0.7543910206617541,0.8237386628968308,False,1258,0.22616448309739204,"shape (each series divided by its own annualised sd, inside the path)"
nasdaq100,gaussian,describe,rv21_q50_over_own_sd,0.6891267992122312,0.9837832614460178,0.9639082278747515,1.0012292543751182,False,1258,0.22616448309739204,"shape (each series divided by its own annualised sd, inside the path)"
nasdaq100,gaussian,describe,rv21_q90_over_own_sd,1.3799925105221056,1.1898163355389846,1.1578906097465116,1.2280476348072247,False,1258,0.22616448309739204,"shape (each series divided by its own annualised sd, inside the path)"
nasdaq100,gaussian,describe,w1_vs_market_standardised,,0.23321375389620647,0.2135611366211277,0.2525964347136157,,1258,0.22616448309739204,scale-free
nasdaq100,gaussian,describe,w1_sim_vs_sim_reference,,0.031654085088973674,0.020652640172096406,0.050004413905855326,,1258,0.22616448309739204,scale-free
nasdaq100,gaussian,describe,tail_below_m2_count,42.0,29.0,21.0,37.0,False,1258,0.22616448309739204,scale-free
nasdaq100,gaussian,describe,tail_below_m3_count,12.0,2.0,0.0,4.0,False,1258,0.22616448309739204,scale-free
nasdaq100,gaussian,describe,tail_below_m5_count,2.0,0.0,0.0,0.0,False,1258,0.22616448309739204,scale-free
nasdaq100,gaussian,describe,tail_above_p2_count,23.0,28.0,20.0,37.0,True,1258,0.22616448309739204,scale-free
nasdaq100,gaussian,describe,tail_above_p3_count,10.0,2.0,0.0,4.0,False,1258,0.22616448309739204,scale-free
nasdaq100,gaussian,describe,tail_above_p5_count,3.0,0.0,0.0,0.0,False,1258,0.22616448309739204,scale-free
nasdaq100,gaussian,describe,tail_below_m2_freq,0.033386327503974564,0.023052464228934817,0.016693163751987282,0.029411764705882353,False,1258,0.22616448309739204,scale-free
nasdaq100,gaussian,describe,tail_below_m3_freq,0.009538950715421303,0.001589825119236884,0.0,0.003179650238473768,False,1258,0.22616448309739204,scale-free
nasdaq100,gaussian,describe,tail_below_m5_freq,0.001589825119236884,0.0,0.0,0.0,False,1258,0.22616448309739204,scale-free
nasdaq100,gaussian,describe,tail_above_p2_freq,0.018282988871224166,0.022257551669316374,0.01589825119236884,0.029411764705882353,True,1258,0.22616448309739204,scale-free
nasdaq100,gaussian,describe,tail_above_p3_freq,0.00794912559618442,0.001589825119236884,0.0,0.003179650238473768,False,1258,0.22616448309739204,scale-free
nasdaq100,gaussian,describe,tail_above_p5_freq,0.0023847376788553257,0.0,0.0,0.0,False,1258,0.22616448309739204,scale-free
nasdaq100,gaussian,describe,acf_absret_lag1,0.39796873772958324,-0.0010566294056575296,-0.054914355604509905,0.053593816560505034,False,1258,0.22616448309739204,scale-free
nasdaq100,gaussian,describe,acf_absret_lag5,0.33169546758607027,-0.0006811293430209599,-0.054931004594496215,0.052683110000731004,False,1258,0.22616448309739204,scale-free
nasdaq100,gaussian,describe,acf_absret_lag10,0.2927109149219687,-0.001999396466124562,-0.05692952646250806,0.05505235517176584,False,1258,0.22616448309739204,scale-free
nasdaq100,gaussian,describe,acf_absret_lag21,0.11746393280034197,-0.0016259487931292297,-0.055491674264913984,0.05385659625887636,False,1258,0.22616448309739204,scale-free
nasdaq100,gaussian,describe,acf_absret_lag63,-0.012907946465166157,-0.0014691472450197591,-0.05612850971077769,0.056270925811620576,True,1258,0.22616448309739204,scale-free
nasdaq100,gaussian,describe,concentration_max_exceed_63d,13.0,1.0,0.0,2.0,False,1258,0.22616448309739204,scale-free
nasdaq100,gaussian,describe,leadlag_ret_vs_future_sq_lag1,-0.07043936406558875,0.00011902664207603204,-0.05329513584427994,0.05529000261663905,False,1258,0.22616448309739204,scale-free
nasdaq100,gaussian,describe,leadlag_ret_vs_future_sq_lag5,-0.05167860045719631,0.0014144321562720667,-0.05490343023875529,0.05531981769888659,True,1258,0.22616448309739204,scale-free
nasdaq100,gaussian,describe,leadlag_ret_vs_future_sq_lag21,-0.025758141945788463,-0.0007529455352109169,-0.05497029503896588,0.055649732341788195,True,1258,0.22616448309739204,scale-free
nasdaq100,gaussian,describe,sd_daily,0.01424702327788501,0.014247772334392526,0.013694008244663844,0.014818013256331133,True,1258,0.22616448309739204,scale-free
nasdaq100,stoch_vol,describe,rv21_q10,0.0908520696517382,0.09558741837572345,0.06678214055311983,0.13286762688786852,True,1258,0.22616448309739204,level (both sides at the frozen sigma_annual)
nasdaq100,stoch_vol,describe,rv21_q50,0.15585600633239455,0.1771487760651526,0.1327923050337469,0.23270862651593344,True,1258,0.22616448309739204,level (both sides at the frozen sigma_annual)
nasdaq100,stoch_vol,describe,rv21_q90,0.31210529282050437,0.32483593097258723,0.23521587509228506,0.4594781949515,True,1258,0.22616448309739204,level (both sides at the frozen sigma_annual)
nasdaq100,stoch_vol,describe,rv21_q10_over_own_sd,0.40170794462283027,0.44065044985715274,0.3088078443926305,0.5597523223675734,True,1258,0.22616448309739204,"shape (each series divided by its own annualised sd, inside the path)"
nasdaq100,stoch_vol,describe,rv21_q50_over_own_sd,0.6891267992122312,0.812679761519028,0.6461532296938753,0.9220920458134413,True,1258,0.22616448309739204,"shape (each series divided by its own annualised sd, inside the path)"
nasdaq100,stoch_vol,describe,rv21_q90_over_own_sd,1.3799925105221056,1.4830473653264462,1.3245923305507836,1.6856495621442167,True,1258,0.22616448309739204,"shape (each series divided by its own annualised sd, inside the path)"
nasdaq100,stoch_vol,describe,w1_vs_market_standardised,,0.11793451622432591,0.06824938618384538,0.16752325656953532,,1258,0.22616448309739204,scale-free
nasdaq100,stoch_vol,describe,w1_sim_vs_sim_reference,,0.05356923898800714,0.029427469607220074,0.1396013709918241,,1258,0.22616448309739204,scale-free
nasdaq100,stoch_vol,describe,tail_below_m2_count,42.0,35.0,26.0,44.0,True,1258,0.22616448309739204,scale-free
nasdaq100,stoch_vol,describe,tail_below_m3_count,12.0,9.0,4.0,15.0,True,1258,0.22616448309739204,scale-free
nasdaq100,stoch_vol,describe,tail_below_m5_count,2.0,0.0,0.0,3.0,True,1258,0.22616448309739204,scale-free
nasdaq100,stoch_vol,describe,tail_above_p2_count,23.0,35.0,26.0,44.0,False,1258,0.22616448309739204,scale-free
nasdaq100,stoch_vol,describe,tail_above_p3_count,10.0,9.0,4.0,15.0,True,1258,0.22616448309739204,scale-free
nasdaq100,stoch_vol,describe,tail_above_p5_count,3.0,1.0,0.0,3.0,True,1258,0.22616448309739204,scale-free
nasdaq100,stoch_vol,describe,tail_below_m2_freq,0.033386327503974564,0.02782193958664547,0.02066772655007949,0.034976152623211444,True,1258,0.22616448309739204,scale-free
nasdaq100,stoch_vol,describe,tail_below_m3_freq,0.009538950715421303,0.007154213036565978,0.003179650238473768,0.01192368839427663,True,1258,0.22616448309739204,scale-free
nasdaq100,stoch_vol,describe,tail_below_m5_freq,0.001589825119236884,0.0,0.0,0.0023847376788553257,True,1258,0.22616448309739204,scale-free
nasdaq100,stoch_vol,describe,tail_above_p2_freq,0.018282988871224166,0.02782193958664547,0.02066772655007949,0.034976152623211444,False,1258,0.22616448309739204,scale-free
nasdaq100,stoch_vol,describe,tail_above_p3_freq,0.00794912559618442,0.007154213036565978,0.003179650238473768,0.01192368839427663,True,1258,0.22616448309739204,scale-free
nasdaq100,stoch_vol,describe,tail_above_p5_freq,0.0023847376788553257,0.000794912559618442,0.0,0.0023847376788553257,True,1258,0.22616448309739204,scale-free
nasdaq100,stoch_vol,describe,acf_absret_lag1,0.39796873772958324,0.24080103045877893,0.1335201165827281,0.3809772437535139,False,1258,0.22616448309739204,scale-free
nasdaq100,stoch_vol,describe,acf_absret_lag5,0.33169546758607027,0.21814608338488684,0.11314602764374362,0.36108228084971383,True,1258,0.22616448309739204,scale-free
nasdaq100,stoch_vol,describe,acf_absret_lag10,0.2927109149219687,0.19183025020987404,0.08735947814552829,0.33383853001580527,True,1258,0.22616448309739204,scale-free
nasdaq100,stoch_vol,describe,acf_absret_lag21,0.11746393280034197,0.14321429063889018,0.04524545624084205,0.27283860073677496,True,1258,0.22616448309739204,scale-free
nasdaq100,stoch_vol,describe,acf_absret_lag63,-0.012907946465166157,0.04291559016821429,-0.04837316652671049,0.16761800893038897,True,1258,0.22616448309739204,scale-free
nasdaq100,stoch_vol,describe,concentration_max_exceed_63d,13.0,7.0,3.0,16.0,True,1258,0.22616448309739204,scale-free
nasdaq100,stoch_vol,describe,leadlag_ret_vs_future_sq_lag1,-0.07043936406558875,-0.0017408694416124705,-0.10273221654116388,0.10377579933907237,True,1258,0.22616448309739204,scale-free
nasdaq100,stoch_vol,describe,leadlag_ret_vs_future_sq_lag5,-0.05167860045719631,0.0005986371173788926,-0.09696830407689983,0.09871535489621562,True,1258,0.22616448309739204,scale-free
nasdaq100,stoch_vol,describe,leadlag_ret_vs_future_sq_lag21,-0.025758141945788463,-0.00017008038324085306,-0.08135119950577835,0.08002775614998157,True,1258,0.22616448309739204,scale-free
nasdaq100,stoch_vol,describe,sd_daily,0.01424702327788501,0.013829358188213806,0.010318921415088977,0.018753267998712093,True,1258,0.22616448309739204,scale-free
nasdaq100,sv_jump,describe,rv21_q10,0.0908520696517382,0.0908034700002536,0.06303018155975479,0.12704016221132458,True,1258,0.22616448309739204,level (both sides at the frozen sigma_annual)
nasdaq100,sv_jump,describe,rv21_q50,0.15585600633239455,0.17252736876531316,0.1297655884347367,0.22811482345030468,True,1258,0.22616448309739204,level (both sides at the frozen sigma_annual)
nasdaq100,sv_jump,describe,rv21_q90,0.31210529282050437,0.33207481745324746,0.23879502706312525,0.4522493954146375,True,1258,0.22616448309739204,level (both sides at the frozen sigma_annual)
nasdaq100,sv_jump,describe,rv21_q10_over_own_sd,0.40170794462283027,0.41471086687245884,0.2883290727585212,0.5371734391273337,True,1258,0.22616448309739204,"shape (each series divided by its own annualised sd, inside the path)"
nasdaq100,sv_jump,describe,rv21_q50_over_own_sd,0.6891267992122312,0.7862145785856254,0.6361239619545371,0.8960287439377569,True,1258,0.22616448309739204,"shape (each series divided by its own annualised sd, inside the path)"
nasdaq100,sv_jump,describe,rv21_q90_over_own_sd,1.3799925105221056,1.4987514894531029,1.3190248815279586,1.7171964782075289,True,1258,0.22616448309739204,"shape (each series divided by its own annualised sd, inside the path)"
nasdaq100,sv_jump,describe,w1_vs_market_standardised,,0.09549575080998657,0.0622906634006955,0.14054574307862225,,1258,0.22616448309739204,scale-free
nasdaq100,sv_jump,describe,w1_sim_vs_sim_reference,,0.06987131358723025,0.03601809430708818,0.14619288975618996,,1258,0.22616448309739204,scale-free
nasdaq100,sv_jump,describe,tail_below_m2_count,42.0,30.0,18.0,40.0,False,1258,0.22616448309739204,scale-free
nasdaq100,sv_jump,describe,tail_below_m3_count,12.0,9.0,4.0,15.0,True,1258,0.22616448309739204,scale-free
nasdaq100,sv_jump,describe,tail_below_m5_count,2.0,2.0,0.0,5.0,True,1258,0.22616448309739204,scale-free
nasdaq100,sv_jump,describe,tail_above_p2_count,23.0,29.0,18.0,40.0,True,1258,0.22616448309739204,scale-free
nasdaq100,sv_jump,describe,tail_above_p3_count,10.0,9.0,4.0,15.0,True,1258,0.22616448309739204,scale-free
nasdaq100,sv_jump,describe,tail_above_p5_count,3.0,2.0,0.0,5.0,True,1258,0.22616448309739204,scale-free
nasdaq100,sv_jump,describe,tail_below_m2_freq,0.033386327503974564,0.02384737678855326,0.014308426073131956,0.03179650238473768,False,1258,0.22616448309739204,scale-free
nasdaq100,sv_jump,describe,tail_below_m3_freq,0.009538950715421303,0.007154213036565978,0.003179650238473768,0.01192368839427663,True,1258,0.22616448309739204,scale-free
nasdaq100,sv_jump,describe,tail_below_m5_freq,0.001589825119236884,0.001589825119236884,0.0,0.00397456279809221,True,1258,0.22616448309739204,scale-free
nasdaq100,sv_jump,describe,tail_above_p2_freq,0.018282988871224166,0.023052464228934817,0.014308426073131956,0.03179650238473768,True,1258,0.22616448309739204,scale-free
nasdaq100,sv_jump,describe,tail_above_p3_freq,0.00794912559618442,0.007154213036565978,0.003179650238473768,0.01192368839427663,True,1258,0.22616448309739204,scale-free
nasdaq100,sv_jump,describe,tail_above_p5_freq,0.0023847376788553257,0.001589825119236884,0.0,0.00397456279809221,True,1258,0.22616448309739204,scale-free
nasdaq100,sv_jump,describe,acf_absret_lag1,0.39796873772958324,0.17681510757850755,0.0732160126685808,0.31598071267547145,False,1258,0.22616448309739204,scale-free
nasdaq100,sv_jump,describe,acf_absret_lag5,0.33169546758607027,0.16050486637161193,0.060847991705942836,0.2983965462568911,False,1258,0.22616448309739204,scale-free
nasdaq100,sv_jump,describe,acf_absret_lag10,0.2927109149219687,0.13848944980235406,0.04177894710649599,0.28002945962026327,False,1258,0.22616448309739204,scale-free
nasdaq100,sv_jump,describe,acf_absret_lag21,0.11746393280034197,0.10334801770155352,0.016670864497953183,0.23884445352836095,True,1258,0.22616448309739204,scale-free
nasdaq100,sv_jump,describe,acf_absret_lag63,-0.012907946465166157,0.02874619243474654,-0.04281088260235403,0.1411362565978609,True,1258,0.22616448309739204,scale-free
nasdaq100,sv_jump,describe,concentration_max_exceed_63d,13.0,6.0,3.0,15.0,True,1258,0.22616448309739204,scale-free
nasdaq100,sv_jump,describe,leadlag_ret_vs_future_sq_lag1,-0.07043936406558875,-0.0004515239473648939,-0.07235711832758863,0.07598491179726415,True,1258,0.22616448309739204,scale-free
nasdaq100,sv_jump,describe,leadlag_ret_vs_future_sq_lag5,-0.05167860045719631,-0.0008185205485434486,-0.07590072889782963,0.07423343514008572,True,1258,0.22616448309739204,scale-free
nasdaq100,sv_jump,describe,leadlag_ret_vs_future_sq_lag21,-0.025758141945788463,0.0009281055899597499,-0.0664765015357954,0.06909460992973454,True,1258,0.22616448309739204,scale-free
nasdaq100,sv_jump,describe,sd_daily,0.01424702327788501,0.013942758076455673,0.010509109491212898,0.01826837230050126,True,1258,0.22616448309739204,scale-free
nasdaq100,gaussian,contrast,rv21_q10,0.15651337805476115,0.17945299339452414,0.16187910652369492,0.19660301755396933,False,501,0.22616448309739204,level (both sides at the frozen sigma_annual)
nasdaq100,gaussian,contrast,rv21_q50,0.2517564749428153,0.2224303776165551,0.20659813119855477,0.23850975301444244,False,501,0.22616448309739204,level (both sides at the frozen sigma_annual)
nasdaq100,gaussian,contrast,rv21_q90,0.372400102242198,0.26853423565503043,0.24830992019905768,0.29036066571478153,False,501,0.22616448309739204,level (both sides at the frozen sigma_annual)
nasdaq100,gaussian,contrast,rv21_q10_over_own_sd,0.5925781149974393,0.7952314416733125,0.729786835575524,0.8470405089962458,False,501,0.22616448309739204,"shape (each series divided by its own annualised sd, inside the path)"
nasdaq100,gaussian,contrast,rv21_q50_over_own_sd,0.9531797167384395,0.9847561307933415,0.9529654150908364,1.0128304168422104,True,501,0.22616448309739204,"shape (each series divided by its own annualised sd, inside the path)"
nasdaq100,gaussian,contrast,rv21_q90_over_own_sd,1.4099507234092463,1.1863718399229128,1.1357543884474262,1.2493512494771024,False,501,0.22616448309739204,"shape (each series divided by its own annualised sd, inside the path)"
nasdaq100,gaussian,contrast,w1_vs_market_standardised,,0.06685378156069591,0.04512407830023021,0.09325150798092793,,501,0.22616448309739204,scale-free
nasdaq100,gaussian,contrast,w1_sim_vs_sim_reference,,0.048720826914841045,0.03290787936319895,0.08156172589664404,,501,0.22616448309739204,scale-free
nasdaq100,gaussian,contrast,tail_below_m2_count,15.0,11.0,6.0,17.0,True,501,0.22616448309739204,scale-free
nasdaq100,gaussian,contrast,tail_below_m3_count,3.0,1.0,0.0,2.0,False,501,0.22616448309739204,scale-free
nasdaq100,gaussian,contrast,tail_below_m5_count,0.0,0.0,0.0,0.0,True,501,0.22616448309739204,scale-free
nasdaq100,gaussian,contrast,tail_above_p2_count,12.0,11.0,6.0,17.0,True,501,0.22616448309739204,scale-free
nasdaq100,gaussian,contrast,tail_above_p3_count,1.0,0.0,0.0,2.0,True,501,0.22616448309739204,scale-free
nasdaq100,gaussian,contrast,tail_above_p5_count,0.0,0.0,0.0,0.0,True,501,0.22616448309739204,scale-free
nasdaq100,gaussian,contrast,tail_below_m2_freq,0.029940119760479042,0.021956087824351298,0.011976047904191617,0.033932135728542916,True,501,0.22616448309739204,scale-free
nasdaq100,gaussian,contrast,tail_below_m3_freq,0.005988023952095809,0.001996007984031936,0.0,0.003992015968063872,False,501,0.22616448309739204,scale-free
nasdaq100,gaussian,contrast,tail_below_m5_freq,0.0,0.0,0.0,0.0,True,501,0.22616448309739204,scale-free
nasdaq100,gaussian,contrast,tail_above_p2_freq,0.023952095808383235,0.021956087824351298,0.011976047904191617,0.033932135728542916,True,501,0.22616448309739204,scale-free
nasdaq100,gaussian,contrast,tail_above_p3_freq,0.001996007984031936,0.0,0.0,0.003992015968063872,True,501,0.22616448309739204,scale-free
nasdaq100,gaussian,contrast,tail_above_p5_freq,0.0,0.0,0.0,0.0,True,501,0.22616448309739204,scale-free
nasdaq100,gaussian,contrast,acf_absret_lag1,0.06372523910513123,-0.0022733360770303543,-0.0925911376909553,0.08960316382814548,True,501,0.22616448309739204,scale-free
nasdaq100,gaussian,contrast,acf_absret_lag5,0.18824394798403413,-0.002090326789374547,-0.08671259842215123,0.08728841664080496,False,501,0.22616448309739204,scale-free
nasdaq100,gaussian,contrast,acf_absret_lag10,0.15899234985135596,-0.002023137682546163,-0.09101099915471668,0.08854153753950524,False,501,0.22616448309739204,scale-free
nasdaq100,gaussian,contrast,acf_absret_lag21,0.0330524566678263,-0.0013369194148378622,-0.08969494150229586,0.08464944632207633,True,501,0.22616448309739204,scale-free
nasdaq100,gaussian,contrast,acf_absret_lag63,0.11989338026013782,-0.0014105525049385476,-0.09281447137454692,0.0924412075670363,False,501,0.22616448309739204,scale-free
nasdaq100,gaussian,contrast,concentration_max_exceed_63d,2.0,1.0,0.0,2.0,True,501,0.22616448309739204,scale-free
nasdaq100,gaussian,contrast,leadlag_ret_vs_future_sq_lag1,0.005065086058070232,-0.0015427525605706315,-0.08298576380423986,0.08698634859144004,True,501,0.22616448309739204,scale-free
nasdaq100,gaussian,contrast,leadlag_ret_vs_future_sq_lag5,-0.06508830490508019,0.0014544715253410057,-0.08648678686778762,0.08686062601155575,True,501,0.22616448309739204,scale-free
nasdaq100,gaussian,contrast,leadlag_ret_vs_future_sq_lag21,-0.008966367588984031,-0.000927017059536215,-0.08590403050586848,0.09069622246659208,True,501,0.22616448309739204,scale-free
nasdaq100,gaussian,contrast,sd_daily,0.016638171114260997,0.014237827804975782,0.013364637273291577,0.015162083866581234,False,501,0.22616448309739204,scale-free
nasdaq100,stoch_vol,contrast,rv21_q10,0.15651337805476115,0.10011690804958277,0.0576023576135971,0.16552770784628584,True,501,0.22616448309739204,level (both sides at the frozen sigma_annual)
nasdaq100,stoch_vol,contrast,rv21_q50,0.2517564749428153,0.17688821726936624,0.1118899694777899,0.27332141476944743,True,501,0.22616448309739204,level (both sides at the frozen sigma_annual)
nasdaq100,stoch_vol,contrast,rv21_q90,0.372400102242198,0.3124440607136318,0.1926444696402853,0.5593217992933354,True,501,0.22616448309739204,level (both sides at the frozen sigma_annual)
nasdaq100,stoch_vol,contrast,rv21_q10_over_own_sd,0.5925781149974393,0.4779263177965809,0.2691464242862036,0.6543270464511276,True,501,0.22616448309739204,"shape (each series divided by its own annualised sd, inside the path)"
nasdaq100,stoch_vol,contrast,rv21_q50_over_own_sd,0.9531797167384395,0.8453787956349996,0.6046873170507271,0.9801161139106183,True,501,0.22616448309739204,"shape (each series divided by its own annualised sd, inside the path)"
nasdaq100,stoch_vol,contrast,rv21_q90_over_own_sd,1.4099507234092463,1.4627117590885141,1.2659995127345034,1.7766453560225608,True,501,0.22616448309739204,"shape (each series divided by its own annualised sd, inside the path)"
nasdaq100,stoch_vol,contrast,w1_vs_market_standardised,,0.08139721916084136,0.0430924531744872,0.18597805461306008,,501,0.22616448309739204,scale-free
nasdaq100,stoch_vol,contrast,w1_sim_vs_sim_reference,,0.07541599656343026,0.04223089777403744,0.164448529614573,,501,0.22616448309739204,scale-free
nasdaq100,stoch_vol,contrast,tail_below_m2_count,15.0,14.0,9.0,20.0,True,501,0.22616448309739204,scale-free
nasdaq100,stoch_vol,contrast,tail_below_m3_count,3.0,3.0,0.0,7.0,True,501,0.22616448309739204,scale-free
nasdaq100,stoch_vol,contrast,tail_below_m5_count,0.0,0.0,0.0,1.0,True,501,0.22616448309739204,scale-free
nasdaq100,stoch_vol,contrast,tail_above_p2_count,12.0,14.0,8.0,20.0,True,501,0.22616448309739204,scale-free
nasdaq100,stoch_vol,contrast,tail_above_p3_count,1.0,3.0,0.0,7.0,True,501,0.22616448309739204,scale-free
nasdaq100,stoch_vol,contrast,tail_above_p5_count,0.0,0.0,0.0,1.0249999999998636,True,501,0.22616448309739204,scale-free
nasdaq100,stoch_vol,contrast,tail_below_m2_freq,0.029940119760479042,0.027944111776447105,0.017964071856287425,0.03992015968063872,True,501,0.22616448309739204,scale-free
nasdaq100,stoch_vol,contrast,tail_below_m3_freq,0.005988023952095809,0.005988023952095809,0.0,0.013972055888223553,True,501,0.22616448309739204,scale-free
nasdaq100,stoch_vol,contrast,tail_below_m5_freq,0.0,0.0,0.0,0.001996007984031936,True,501,0.22616448309739204,scale-free
nasdaq100,stoch_vol,contrast,tail_above_p2_freq,0.023952095808383235,0.027944111776447105,0.015968063872255488,0.03992015968063872,True,501,0.22616448309739204,scale-free
nasdaq100,stoch_vol,contrast,tail_above_p3_freq,0.001996007984031936,0.005988023952095809,0.0,0.013972055888223553,True,501,0.22616448309739204,scale-free
nasdaq100,stoch_vol,contrast,tail_above_p5_freq,0.0,0.0,0.0,0.002045908183632462,True,501,0.22616448309739204,scale-free
nasdaq100,stoch_vol,contrast,acf_absret_lag1,0.06372523910513123,0.2101652573327154,0.05936752412680679,0.39919104941360206,True,501,0.22616448309739204,scale-free
nasdaq100,stoch_vol,contrast,acf_absret_lag5,0.18824394798403413,0.18610414770412248,0.039144526569533364,0.3749011854322964,True,501,0.22616448309739204,scale-free
nasdaq100,stoch_vol,contrast,acf_absret_lag10,0.15899234985135596,0.15624129191812858,0.01661410880470003,0.3357560046122285,True,501,0.22616448309739204,scale-free
nasdaq100,stoch_vol,contrast,acf_absret_lag21,0.0330524566678263,0.11115333808079941,-0.02507152544047084,0.2897607062787546,True,501,0.22616448309739204,scale-free
nasdaq100,stoch_vol,contrast,acf_absret_lag63,0.11989338026013782,0.01138193829614735,-0.11211666012180392,0.1648448577853557,True,501,0.22616448309739204,scale-free
nasdaq100,stoch_vol,contrast,concentration_max_exceed_63d,2.0,4.0,1.0,10.0,True,501,0.22616448309739204,scale-free
nasdaq100,stoch_vol,contrast,leadlag_ret_vs_future_sq_lag1,0.005065086058070232,-0.0022032385088184506,-0.14548619983459443,0.15008918787846182,True,501,0.22616448309739204,scale-free
nasdaq100,stoch_vol,contrast,leadlag_ret_vs_future_sq_lag5,-0.06508830490508019,0.0003782271461641683,-0.13054955196400003,0.14493754968257447,True,501,0.22616448309739204,scale-free
nasdaq100,stoch_vol,contrast,leadlag_ret_vs_future_sq_lag21,-0.008966367588984031,-0.00044996840364916056,-0.1148073528639634,0.11461752000924436,True,501,0.22616448309739204,scale-free
nasdaq100,stoch_vol,contrast,sd_daily,0.016638171114260997,0.013416296110034698,0.008766563978819999,0.021508323200493458,True,501,0.22616448309739204,scale-free
nasdaq100,sv_jump,contrast,rv21_q10,0.15651337805476115,0.09489579803802121,0.05635305744672154,0.15058314843947587,False,501,0.22616448309739204,level (both sides at the frozen sigma_annual)
nasdaq100,sv_jump,contrast,rv21_q50,0.2517564749428153,0.1724100828757939,0.11077711926879871,0.26687569232314984,True,501,0.22616448309739204,level (both sides at the frozen sigma_annual)
nasdaq100,sv_jump,contrast,rv21_q90,0.372400102242198,0.32085359835403426,0.20042841697341834,0.5314491950868757,True,501,0.22616448309739204,level (both sides at the frozen sigma_annual)
nasdaq100,sv_jump,contrast,rv21_q10_over_own_sd,0.5925781149974393,0.444154464818194,0.2763088536525048,0.620485884955736,True,501,0.22616448309739204,"shape (each series divided by its own annualised sd, inside the path)"
nasdaq100,sv_jump,contrast,rv21_q50_over_own_sd,0.9531797167384395,0.8069550505846068,0.6003120840975699,0.9598649245378473,True,501,0.22616448309739204,"shape (each series divided by its own annualised sd, inside the path)"
nasdaq100,sv_jump,contrast,rv21_q90_over_own_sd,1.4099507234092463,1.4800262973812377,1.2170542599493335,1.8102794049380058,True,501,0.22616448309739204,"shape (each series divided by its own annualised sd, inside the path)"
nasdaq100,sv_jump,contrast,w1_vs_market_standardised,,0.1295286320954855,0.05221588780909579,0.2622055034375004,,501,0.22616448309739204,scale-free
nasdaq100,sv_jump,contrast,w1_sim_vs_sim_reference,,0.09916228587677428,0.0484764949180567,0.21565192890588822,,501,0.22616448309739204,scale-free
nasdaq100,sv_jump,contrast,tail_below_m2_count,15.0,12.0,5.0,18.0,True,501,0.22616448309739204,scale-free
nasdaq100,sv_jump,contrast,tail_below_m3_count,3.0,3.0,0.0,7.0,True,501,0.22616448309739204,scale-free
nasdaq100,sv_jump,contrast,tail_below_m5_count,0.0,1.0,0.0,2.0,True,501,0.22616448309739204,scale-free
nasdaq100,sv_jump,contrast,tail_above_p2_count,12.0,12.0,5.0,18.0,True,501,0.22616448309739204,scale-free
nasdaq100,sv_jump,contrast,tail_above_p3_count,1.0,3.0,0.9750000000000014,7.0,True,501,0.22616448309739204,scale-free
nasdaq100,sv_jump,contrast,tail_above_p5_count,0.0,1.0,0.0,3.0,True,501,0.22616448309739204,scale-free
nasdaq100,sv_jump,contrast,tail_below_m2_freq,0.029940119760479042,0.023952095808383235,0.00998003992015968,0.03592814371257485,True,501,0.22616448309739204,scale-free
nasdaq100,sv_jump,contrast,tail_below_m3_freq,0.005988023952095809,0.005988023952095809,0.0,0.013972055888223553,True,501,0.22616448309739204,scale-free
nasdaq100,sv_jump,contrast,tail_below_m5_freq,0.0,0.001996007984031936,0.0,0.003992015968063872,True,501,0.22616448309739204,scale-free
nasdaq100,sv_jump,contrast,tail_above_p2_freq,0.023952095808383235,0.023952095808383235,0.00998003992015968,0.03592814371257485,True,501,0.22616448309739204,scale-free
nasdaq100,sv_jump,contrast,tail_above_p3_freq,0.001996007984031936,0.005988023952095809,0.0019461077844311404,0.013972055888223553,True,501,0.22616448309739204,scale-free
nasdaq100,sv_jump,contrast,tail_above_p5_freq,0.0,0.001996007984031936,0.0,0.005988023952095809,True,501,0.22616448309739204,scale-free
nasdaq100,sv_jump,contrast,acf_absret_lag1,0.06372523910513123,0.15690913749708735,0.015100382818533195,0.35139101268464645,True,501,0.22616448309739204,scale-free
nasdaq100,sv_jump,contrast,acf_absret_lag5,0.18824394798403413,0.13982966565654745,0.0018958453703761674,0.3281238117901484,True,501,0.22616448309739204,scale-free
nasdaq100,sv_jump,contrast,acf_absret_lag10,0.15899234985135596,0.11713578094639555,-0.008512650888811738,0.30197881907337776,True,501,0.22616448309739204,scale-free
nasdaq100,sv_jump,contrast,acf_absret_lag21,0.0330524566678263,0.08071724571679387,-0.03347802193954042,0.2529798291205162,True,501,0.22616448309739204,scale-free
nasdaq100,sv_jump,contrast,acf_absret_lag63,0.11989338026013782,0.004721301691737487,-0.08972753143884644,0.151158469175066,True,501,0.22616448309739204,scale-free
nasdaq100,sv_jump,contrast,concentration_max_exceed_63d,2.0,3.0,1.0,9.0,True,501,0.22616448309739204,scale-free
nasdaq100,sv_jump,contrast,leadlag_ret_vs_future_sq_lag1,0.005065086058070232,-0.002748846608304953,-0.11891351653133346,0.10933243385539186,True,501,0.22616448309739204,scale-free
nasdaq100,sv_jump,contrast,leadlag_ret_vs_future_sq_lag5,-0.06508830490508019,0.0005690409263061438,-0.10832709868178354,0.11694208774280834,True,501,0.22616448309739204,scale-free
nasdaq100,sv_jump,contrast,leadlag_ret_vs_future_sq_lag21,-0.008966367588984031,-0.0019154424208850103,-0.09917669013516282,0.09942136085161991,True,501,0.22616448309739204,scale-free
nasdaq100,sv_jump,contrast,sd_daily,0.016638171114260997,0.013687040698152839,0.009238809003378555,0.020373649087809816,True,501,0.22616448309739204,scale-free
nikkei225,gaussian,describe,rv21_q10,0.10009172035904043,0.14648079994541405,0.13727657874197996,0.15520236272230328,False,1220,0.18519240596404887,level (both sides at the frozen sigma_annual)
nikkei225,gaussian,describe,rv21_q50,0.15184382253518003,0.18220302005785824,0.17412530505139645,0.1899997969915251,False,1220,0.18519240596404887,level (both sides at the frozen sigma_annual)
nikkei225,gaussian,describe,rv21_q90,0.24921844212728184,0.22043479958071183,0.21009438111028142,0.23158215109324495,False,1220,0.18519240596404887,level (both sides at the frozen sigma_annual)
nikkei225,gaussian,describe,rv21_q10_over_own_sd,0.5404742156569373,0.7912710818477328,0.7512572815639369,0.8256907042982697,False,1220,0.18519240596404887,"shape (each series divided by its own annualised sd, inside the path)"
nikkei225,gaussian,describe,rv21_q50_over_own_sd,0.8199246710184069,0.9835750101093217,0.9643565033309544,1.002338731842459,False,1220,0.18519240596404887,"shape (each series divided by its own annualised sd, inside the path)"
nikkei225,gaussian,describe,rv21_q90_over_own_sd,1.345727114618632,1.1894160557946494,1.1541370067418701,1.230321439848354,False,1220,0.18519240596404887,"shape (each series divided by its own annualised sd, inside the path)"
nikkei225,gaussian,describe,w1_vs_market_standardised,,0.1505836838537159,0.13145473709968003,0.1704137585471882,,1220,0.18519240596404887,scale-free
nikkei225,gaussian,describe,w1_sim_vs_sim_reference,,0.03298842237480787,0.021126710613973133,0.054088910450194067,,1220,0.18519240596404887,scale-free
nikkei225,gaussian,describe,tail_below_m2_count,33.0,27.0,20.0,36.0,True,1220,0.18519240596404887,scale-free
nikkei225,gaussian,describe,tail_below_m3_count,13.0,1.0,0.0,4.0,False,1220,0.18519240596404887,scale-free
nikkei225,gaussian,describe,tail_below_m5_count,1.0,0.0,0.0,0.0,False,1220,0.18519240596404887,scale-free
nikkei225,gaussian,describe,tail_above_p2_count,25.0,28.0,20.0,36.0,True,1220,0.18519240596404887,scale-free
nikkei225,gaussian,describe,tail_above_p3_count,6.0,1.0,0.0,4.0,False,1220,0.18519240596404887,scale-free
nikkei225,gaussian,describe,tail_above_p5_count,2.0,0.0,0.0,0.0,False,1220,0.18519240596404887,scale-free
nikkei225,gaussian,describe,tail_below_m2_freq,0.027049180327868853,0.022131147540983605,0.01639344262295082,0.029508196721311476,True,1220,0.18519240596404887,scale-free
nikkei225,gaussian,describe,tail_below_m3_freq,0.010655737704918032,0.000819672131147541,0.0,0.003278688524590164,False,1220,0.18519240596404887,scale-free
nikkei225,gaussian,describe,tail_below_m5_freq,0.000819672131147541,0.0,0.0,0.0,False,1220,0.18519240596404887,scale-free
nikkei225,gaussian,describe,tail_above_p2_freq,0.020491803278688523,0.022950819672131147,0.01639344262295082,0.029508196721311476,True,1220,0.18519240596404887,scale-free
nikkei225,gaussian,describe,tail_above_p3_freq,0.004918032786885246,0.000819672131147541,0.0,0.003278688524590164,False,1220,0.18519240596404887,scale-free
nikkei225,gaussian,describe,tail_above_p5_freq,0.001639344262295082,0.0,0.0,0.0,False,1220,0.18519240596404887,scale-free
nikkei225,gaussian,describe,acf_absret_lag1,0.27430379881071254,-0.0011411057629791637,-0.05315217558122469,0.05474841002218694,False,1220,0.18519240596404887,scale-free
nikkei225,gaussian,describe,acf_absret_lag5,0.13378487784597182,-0.0010571019207577513,-0.05682026246257966,0.05451350826560633,False,1220,0.18519240596404887,scale-free
nikkei225,gaussian,describe,acf_absret_lag10,0.16547349040976622,-0.0013245871005726922,-0.05757927962557058,0.05480186975698721,False,1220,0.18519240596404887,scale-free
nikkei225,gaussian,describe,acf_absret_lag21,0.08002434118798187,0.0013045117099315905,-0.05479751730622447,0.056849472545591764,False,1220,0.18519240596404887,scale-free
nikkei225,gaussian,describe,acf_absret_lag63,0.035760971599255044,-0.0011547353494219138,-0.0574988748234916,0.056373804827438395,True,1220,0.18519240596404887,scale-free
nikkei225,gaussian,describe,concentration_max_exceed_63d,10.0,1.0,0.0,3.0,False,1220,0.18519240596404887,scale-free
nikkei225,gaussian,describe,leadlag_ret_vs_future_sq_lag1,-0.004518030853476046,-0.0015837657953440142,-0.05554108212691181,0.05345310322832427,True,1220,0.18519240596404887,scale-free
nikkei225,gaussian,describe,leadlag_ret_vs_future_sq_lag5,-0.03543797173498181,0.0010846940125577502,-0.05730653927928181,0.05873230680520938,True,1220,0.18519240596404887,scale-free
nikkei225,gaussian,describe,leadlag_ret_vs_future_sq_lag21,-0.03183752929223066,0.0010734595202193816,-0.0577816343237028,0.0556517265958396,True,1220,0.18519240596404887,scale-free
nikkei225,gaussian,describe,sd_daily,0.011666025020918767,0.011671229717887555,0.011198569745272741,0.01213099616235295,True,1220,0.18519240596404887,scale-free
nikkei225,stoch_vol,describe,rv21_q10,0.10009172035904043,0.07850098905275034,0.05340711937847199,0.11201506480680253,True,1220,0.18519240596404887,level (both sides at the frozen sigma_annual)
nikkei225,stoch_vol,describe,rv21_q50,0.15184382253518003,0.1442237326738498,0.10804119499090363,0.1959594145943612,True,1220,0.18519240596404887,level (both sides at the frozen sigma_annual)
nikkei225,stoch_vol,describe,rv21_q90,0.24921844212728184,0.2665253453051051,0.19030441789955851,0.38862346045634644,True,1220,0.18519240596404887,level (both sides at the frozen sigma_annual)
nikkei225,stoch_vol,describe,rv21_q10_over_own_sd,0.5404742156569373,0.43986050928075493,0.30011851842402404,0.5687556448373324,True,1220,0.18519240596404887,"shape (each series divided by its own annualised sd, inside the path)"
nikkei225,stoch_vol,describe,rv21_q50_over_own_sd,0.8199246710184069,0.8115702789641321,0.637026065233773,0.915641933948476,True,1220,0.18519240596404887,"shape (each series divided by its own annualised sd, inside the path)"
nikkei225,stoch_vol,describe,rv21_q90_over_own_sd,1.345727114618632,1.4792239877771138,1.3120913719646214,1.673807698507776,True,1220,0.18519240596404887,"shape (each series divided by its own annualised sd, inside the path)"
nikkei225,stoch_vol,describe,w1_vs_market_standardised,,0.05509676992812629,0.03531661510525616,0.09725811962079978,,1220,0.18519240596404887,scale-free
nikkei225,stoch_vol,describe,w1_sim_vs_sim_reference,,0.05453881822027097,0.0288791184592555,0.14017893970263104,,1220,0.18519240596404887,scale-free
nikkei225,stoch_vol,describe,tail_below_m2_count,33.0,34.0,25.0,43.0,True,1220,0.18519240596404887,scale-free
nikkei225,stoch_vol,describe,tail_below_m3_count,13.0,9.0,4.0,15.0,True,1220,0.18519240596404887,scale-free
nikkei225,stoch_vol,describe,tail_below_m5_count,1.0,1.0,0.0,3.0,True,1220,0.18519240596404887,scale-free
nikkei225,stoch_vol,describe,tail_above_p2_count,25.0,34.0,25.0,43.0,True,1220,0.18519240596404887,scale-free
nikkei225,stoch_vol,describe,tail_above_p3_count,6.0,8.0,4.0,14.0,True,1220,0.18519240596404887,scale-free
nikkei225,stoch_vol,describe,tail_above_p5_count,2.0,1.0,0.0,3.0,True,1220,0.18519240596404887,scale-free
nikkei225,stoch_vol,describe,tail_below_m2_freq,0.027049180327868853,0.027868852459016394,0.020491803278688523,0.03524590163934426,True,1220,0.18519240596404887,scale-free
nikkei225,stoch_vol,describe,tail_below_m3_freq,0.010655737704918032,0.007377049180327869,0.003278688524590164,0.012295081967213115,True,1220,0.18519240596404887,scale-free
nikkei225,stoch_vol,describe,tail_below_m5_freq,0.000819672131147541,0.000819672131147541,0.0,0.002459016393442623,True,1220,0.18519240596404887,scale-free
nikkei225,stoch_vol,describe,tail_above_p2_freq,0.020491803278688523,0.027868852459016394,0.020491803278688523,0.03524590163934426,True,1220,0.18519240596404887,scale-free
nikkei225,stoch_vol,describe,tail_above_p3_freq,0.004918032786885246,0.006557377049180328,0.003278688524590164,0.011475409836065573,True,1220,0.18519240596404887,scale-free
nikkei225,stoch_vol,describe,tail_above_p5_freq,0.001639344262295082,0.000819672131147541,0.0,0.002459016393442623,True,1220,0.18519240596404887,scale-free
nikkei225,stoch_vol,describe,acf_absret_lag1,0.27430379881071254,0.23990550062452143,0.13052787885127404,0.37209714626709167,True,1220,0.18519240596404887,scale-free
nikkei225,stoch_vol,describe,acf_absret_lag5,0.13378487784597182,0.2195954611326706,0.10801045958619483,0.3591906942952646,True,1220,0.18519240596404887,scale-free
nikkei225,stoch_vol,describe,acf_absret_lag10,0.16547349040976622,0.19074691290744716,0.08601114464060505,0.32801648656943416,True,1220,0.18519240596404887,scale-free
nikkei225,stoch_vol,describe,acf_absret_lag21,0.08002434118798187,0.14365823052216142,0.040647933999684985,0.2776877304940739,True,1220,0.18519240596404887,scale-free
nikkei225,stoch_vol,describe,acf_absret_lag63,0.035760971599255044,0.041652949848671586,-0.05274243234887097,0.16190255704292922,True,1220,0.18519240596404887,scale-free
nikkei225,stoch_vol,describe,concentration_max_exceed_63d,10.0,7.0,3.0,16.0,True,1220,0.18519240596404887,scale-free
nikkei225,stoch_vol,describe,leadlag_ret_vs_future_sq_lag1,-0.004518030853476046,0.000365922338364892,-0.10609865504696607,0.09912442920173913,True,1220,0.18519240596404887,scale-free
nikkei225,stoch_vol,describe,leadlag_ret_vs_future_sq_lag5,-0.03543797173498181,-0.0005870995378247984,-0.1043858666059849,0.10266481780614319,True,1220,0.18519240596404887,scale-free
nikkei225,stoch_vol,describe,leadlag_ret_vs_future_sq_lag21,-0.03183752929223066,-0.0005865600590440108,-0.08113668698530216,0.08424562677971831,True,1220,0.18519240596404887,scale-free
nikkei225,stoch_vol,describe,sd_daily,0.011666025020918767,0.01133017119653584,0.00833077922337663,0.015760415669855744,True,1220,0.18519240596404887,scale-free
nikkei225,sv_jump,describe,rv21_q10,0.10009172035904043,0.07483378399542559,0.051319970295328594,0.10295091597917548,True,1220,0.18519240596404887,level (both sides at the frozen sigma_annual)
nikkei225,sv_jump,describe,rv21_q50,0.15184382253518003,0.14124114523115733,0.105628844166085,0.18816707633637034,True,1220,0.18519240596404887,level (both sides at the frozen sigma_annual)
nikkei225,sv_jump,describe,rv21_q90,0.24921844212728184,0.271590158119404,0.19969106248695245,0.3770594321017817,True,1220,0.18519240596404887,level (both sides at the frozen sigma_annual)
nikkei225,sv_jump,describe,rv21_q10_over_own_sd,0.5404742156569373,0.41547140013683026,0.28919907388800054,0.5354071488513208,False,1220,0.18519240596404887,"shape (each series divided by its own annualised sd, inside the path)"
nikkei225,sv_jump,describe,rv21_q50_over_own_sd,0.8199246710184069,0.7846869043160727,0.6228235131251342,0.8946861664756095,True,1220,0.18519240596404887,"shape (each series divided by its own annualised sd, inside the path)"
nikkei225,sv_jump,describe,rv21_q90_over_own_sd,1.345727114618632,1.5006318914757233,1.3120885681727807,1.703685890643071,True,1220,0.18519240596404887,"shape (each series divided by its own annualised sd, inside the path)"
nikkei225,sv_jump,describe,w1_vs_market_standardised,,0.06345615990045458,0.03634641804709434,0.1409821676548301,,1220,0.18519240596404887,scale-free
nikkei225,sv_jump,describe,w1_sim_vs_sim_reference,,0.06932856096172903,0.03521025907858928,0.1466691649938948,,1220,0.18519240596404887,scale-free
nikkei225,sv_jump,describe,tail_below_m2_count,33.0,29.0,17.0,40.0,True,1220,0.18519240596404887,scale-free
nikkei225,sv_jump,describe,tail_below_m3_count,13.0,8.0,3.9750000000000014,14.0,True,1220,0.18519240596404887,scale-free
nikkei225,sv_jump,describe,tail_below_m5_count,1.0,2.0,0.0,5.0,True,1220,0.18519240596404887,scale-free
nikkei225,sv_jump,describe,tail_above_p2_count,25.0,29.0,17.0,39.0,True,1220,0.18519240596404887,scale-free
nikkei225,sv_jump,describe,tail_above_p3_count,6.0,8.0,3.0,14.0,True,1220,0.18519240596404887,scale-free
nikkei225,sv_jump,describe,tail_above_p5_count,2.0,2.0,0.0,5.0,True,1220,0.18519240596404887,scale-free
nikkei225,sv_jump,describe,tail_below_m2_freq,0.027049180327868853,0.023770491803278688,0.013934426229508197,0.03278688524590164,True,1220,0.18519240596404887,scale-free
nikkei225,sv_jump,describe,tail_below_m3_freq,0.010655737704918032,0.006557377049180328,0.003258196721311477,0.011475409836065573,True,1220,0.18519240596404887,scale-free
nikkei225,sv_jump,describe,tail_below_m5_freq,0.000819672131147541,0.001639344262295082,0.0,0.004098360655737705,True,1220,0.18519240596404887,scale-free
nikkei225,sv_jump,describe,tail_above_p2_freq,0.020491803278688523,0.023770491803278688,0.013934426229508197,0.031967213114754096,True,1220,0.18519240596404887,scale-free
nikkei225,sv_jump,describe,tail_above_p3_freq,0.004918032786885246,0.006557377049180328,0.002459016393442623,0.011475409836065573,True,1220,0.18519240596404887,scale-free
nikkei225,sv_jump,describe,tail_above_p5_freq,0.001639344262295082,0.001639344262295082,0.0,0.004098360655737705,True,1220,0.18519240596404887,scale-free
nikkei225,sv_jump,describe,acf_absret_lag1,0.27430379881071254,0.1798012638638476,0.07015500723231353,0.3300532326110047,True,1220,0.18519240596404887,scale-free
nikkei225,sv_jump,describe,acf_absret_lag5,0.13378487784597182,0.16236160955932816,0.055009161980295436,0.30149185456286787,True,1220,0.18519240596404887,scale-free
nikkei225,sv_jump,describe,acf_absret_lag10,0.16547349040976622,0.14186438464259649,0.043608814676934476,0.2789186306423703,True,1220,0.18519240596404887,scale-free
nikkei225,sv_jump,describe,acf_absret_lag21,0.08002434118798187,0.10590492380802072,0.017482621898073127,0.23607442155425687,True,1220,0.18519240596404887,scale-free
nikkei225,sv_jump,describe,acf_absret_lag63,0.035760971599255044,0.027867546597328118,-0.043942440152314056,0.14171727396876313,True,1220,0.18519240596404887,scale-free
nikkei225,sv_jump,describe,concentration_max_exceed_63d,10.0,6.0,2.0,15.0,True,1220,0.18519240596404887,scale-free
nikkei225,sv_jump,describe,leadlag_ret_vs_future_sq_lag1,-0.004518030853476046,-0.0004230324472280637,-0.07967730856140698,0.0804432518645001,True,1220,0.18519240596404887,scale-free
nikkei225,sv_jump,describe,leadlag_ret_vs_future_sq_lag5,-0.03543797173498181,-0.0006113639908284934,-0.08005045678361081,0.0696449431955105,True,1220,0.18519240596404887,scale-free
nikkei225,sv_jump,describe,leadlag_ret_vs_future_sq_lag21,-0.03183752929223066,0.0007750777818973495,-0.07069060187965077,0.07187747750806532,True,1220,0.18519240596404887,scale-free
nikkei225,sv_jump,describe,sd_daily,0.011666025020918767,0.011460842786367657,0.008732398371546308,0.015183527673234293,True,1220,0.18519240596404887,scale-free
nikkei225,gaussian,contrast,rv21_q10,0.12428311077118231,0.1469237045078357,0.132866091567493,0.16094561131038437,False,490,0.18519240596404887,level (both sides at the frozen sigma_annual)
nikkei225,gaussian,contrast,rv21_q50,0.17345273178431725,0.18240489706520077,0.1693824477572983,0.1945835131004674,True,490,0.18519240596404887,level (both sides at the frozen sigma_annual)
nikkei225,gaussian,contrast,rv21_q90,0.22886734290342786,0.21994916041049767,0.20363712941928636,0.2379240107864173,True,490,0.18519240596404887,level (both sides at the frozen sigma_annual)
nikkei225,gaussian,contrast,rv21_q10_over_own_sd,0.6761732899315365,0.7946031303456216,0.7294816656677062,0.8464902837673625,False,490,0.18519240596404887,"shape (each series divided by its own annualised sd, inside the path)"
nikkei225,gaussian,contrast,rv21_q50_over_own_sd,0.9436849751383033,0.9849364969358106,0.9496536291962127,1.0143698272751593,False,490,0.18519240596404887,"shape (each series divided by its own annualised sd, inside the path)"
nikkei225,gaussian,contrast,rv21_q90_over_own_sd,1.2451730830411665,1.1863171988628476,1.138026544645028,1.2525884554241786,True,490,0.18519240596404887,"shape (each series divided by its own annualised sd, inside the path)"
nikkei225,gaussian,contrast,w1_vs_market_standardised,,0.06405776505955021,0.040558248454684497,0.09402981229718499,,490,0.18519240596404887,scale-free
nikkei225,gaussian,contrast,w1_sim_vs_sim_reference,,0.050287932844537565,0.033322996107709994,0.08238483364986246,,490,0.18519240596404887,scale-free
nikkei225,gaussian,contrast,tail_below_m2_count,12.0,11.0,6.0,16.0,True,490,0.18519240596404887,scale-free
nikkei225,gaussian,contrast,tail_below_m3_count,0.0,0.0,0.0,3.0,True,490,0.18519240596404887,scale-free
nikkei225,gaussian,contrast,tail_below_m5_count,0.0,0.0,0.0,0.0,True,490,0.18519240596404887,scale-free
nikkei225,gaussian,contrast,tail_above_p2_count,14.0,11.0,6.0,16.0,True,490,0.18519240596404887,scale-free
nikkei225,gaussian,contrast,tail_above_p3_count,1.0,1.0,0.0,2.0,True,490,0.18519240596404887,scale-free
nikkei225,gaussian,contrast,tail_above_p5_count,0.0,0.0,0.0,0.0,True,490,0.18519240596404887,scale-free
nikkei225,gaussian,contrast,tail_below_m2_freq,0.024489795918367346,0.022448979591836733,0.012244897959183673,0.0326530612244898,True,490,0.18519240596404887,scale-free
nikkei225,gaussian,contrast,tail_below_m3_freq,0.0,0.0,0.0,0.006122448979591836,True,490,0.18519240596404887,scale-free
nikkei225,gaussian,contrast,tail_below_m5_freq,0.0,0.0,0.0,0.0,True,490,0.18519240596404887,scale-free
nikkei225,gaussian,contrast,tail_above_p2_freq,0.02857142857142857,0.022448979591836733,0.012244897959183673,0.0326530612244898,True,490,0.18519240596404887,scale-free
nikkei225,gaussian,contrast,tail_above_p3_freq,0.0020408163265306124,0.0020408163265306124,0.0,0.004081632653061225,True,490,0.18519240596404887,scale-free
nikkei225,gaussian,contrast,tail_above_p5_freq,0.0,0.0,0.0,0.0,True,490,0.18519240596404887,scale-free
nikkei225,gaussian,contrast,acf_absret_lag1,0.05631094219827001,-0.0040611289045144935,-0.0859248538338886,0.08727981223595832,True,490,0.18519240596404887,scale-free
nikkei225,gaussian,contrast,acf_absret_lag5,-0.0033283591647711953,0.0005480597450785796,-0.0866122897858055,0.0870186110559589,True,490,0.18519240596404887,scale-free
nikkei225,gaussian,contrast,acf_absret_lag10,0.06126994600612735,-0.00225802519102925,-0.09006502472536511,0.08446883210415909,True,490,0.18519240596404887,scale-free
nikkei225,gaussian,contrast,acf_absret_lag21,0.03131652131546019,-0.0012519803466933862,-0.09479331391254014,0.08789513609401847,True,490,0.18519240596404887,scale-free
nikkei225,gaussian,contrast,acf_absret_lag63,0.050493088777589366,-0.00393162156060871,-0.09520085536915543,0.09165167004976776,True,490,0.18519240596404887,scale-free
nikkei225,gaussian,contrast,concentration_max_exceed_63d,1.0,1.0,0.0,2.0,True,490,0.18519240596404887,scale-free
nikkei225,gaussian,contrast,leadlag_ret_vs_future_sq_lag1,-0.06832648583143967,-0.0011596889693741216,-0.09116264430783029,0.08694435373695451,True,490,0.18519240596404887,scale-free
nikkei225,gaussian,contrast,leadlag_ret_vs_future_sq_lag5,0.04178142090844835,-0.0006708004173725875,-0.088305906832214,0.09089706978100912,True,490,0.18519240596404887,scale-free
nikkei225,gaussian,contrast,leadlag_ret_vs_future_sq_lag21,-0.07563714677127113,-0.0008025994786693005,-0.08792935548117012,0.09389714774576557,True,490,0.18519240596404887,scale-free
nikkei225,gaussian,contrast,sd_daily,0.011578540877525046,0.011667379041386794,0.010949617086852007,0.012387736363355321,True,490,0.18519240596404887,scale-free
nikkei225,stoch_vol,contrast,rv21_q10,0.12428311077118231,0.08121389671792016,0.04631205452307272,0.13371564867065353,True,490,0.18519240596404887,level (both sides at the frozen sigma_annual)
nikkei225,stoch_vol,contrast,rv21_q50,0.17345273178431725,0.1416760197998988,0.09058431533890383,0.22348052367957827,True,490,0.18519240596404887,level (both sides at the frozen sigma_annual)
nikkei225,stoch_vol,contrast,rv21_q90,0.22886734290342786,0.25218099052650883,0.15527571866104065,0.45501987216658124,True,490,0.18519240596404887,level (both sides at the frozen sigma_annual)
nikkei225,stoch_vol,contrast,rv21_q10_over_own_sd,0.6761732899315365,0.4821241799483639,0.2759125234099753,0.6614999657856039,False,490,0.18519240596404887,"shape (each series divided by its own annualised sd, inside the path)"
nikkei225,stoch_vol,contrast,rv21_q50_over_own_sd,0.9436849751383033,0.8444433789753246,0.6113127473855565,0.9795668837142102,True,490,0.18519240596404887,"shape (each series divided by its own annualised sd, inside the path)"
nikkei225,stoch_vol,contrast,rv21_q90_over_own_sd,1.2451730830411665,1.4600978529924484,1.2546622528624554,1.782706881319085,False,490,0.18519240596404887,"shape (each series divided by its own annualised sd, inside the path)"
nikkei225,stoch_vol,contrast,w1_vs_market_standardised,,0.10144112365846435,0.05247736967010458,0.21076696762205654,,490,0.18519240596404887,scale-free
nikkei225,stoch_vol,contrast,w1_sim_vs_sim_reference,,0.07780606872739598,0.04380077325421162,0.17513685041933869,,490,0.18519240596404887,scale-free
nikkei225,stoch_vol,contrast,tail_below_m2_count,12.0,14.0,8.0,19.0,True,490,0.18519240596404887,scale-free
nikkei225,stoch_vol,contrast,tail_below_m3_count,0.0,3.0,0.0,7.0,True,490,0.18519240596404887,scale-free
nikkei225,stoch_vol,contrast,tail_below_m5_count,0.0,0.0,0.0,2.0,True,490,0.18519240596404887,scale-free
nikkei225,stoch_vol,contrast,tail_above_p2_count,14.0,13.0,8.0,19.0,True,490,0.18519240596404887,scale-free
nikkei225,stoch_vol,contrast,tail_above_p3_count,1.0,3.0,0.0,7.0,True,490,0.18519240596404887,scale-free
nikkei225,stoch_vol,contrast,tail_above_p5_count,0.0,0.0,0.0,2.0,True,490,0.18519240596404887,scale-free
nikkei225,stoch_vol,contrast,tail_below_m2_freq,0.024489795918367346,0.02857142857142857,0.0163265306122449,0.03877551020408163,True,490,0.18519240596404887,scale-free
nikkei225,stoch_vol,contrast,tail_below_m3_freq,0.0,0.006122448979591836,0.0,0.014285714285714285,True,490,0.18519240596404887,scale-free
nikkei225,stoch_vol,contrast,tail_below_m5_freq,0.0,0.0,0.0,0.004081632653061225,True,490,0.18519240596404887,scale-free
nikkei225,stoch_vol,contrast,tail_above_p2_freq,0.02857142857142857,0.026530612244897958,0.0163265306122449,0.03877551020408163,True,490,0.18519240596404887,scale-free
nikkei225,stoch_vol,contrast,tail_above_p3_freq,0.0020408163265306124,0.006122448979591836,0.0,0.014285714285714285,True,490,0.18519240596404887,scale-free
nikkei225,stoch_vol,contrast,tail_above_p5_freq,0.0,0.0,0.0,0.004081632653061225,True,490,0.18519240596404887,scale-free
nikkei225,stoch_vol,contrast,acf_absret_lag1,0.05631094219827001,0.20885426053213502,0.060746240228178955,0.3935458042176093,False,490,0.18519240596404887,scale-free
nikkei225,stoch_vol,contrast,acf_absret_lag5,-0.0033283591647711953,0.1850050743568089,0.03367002249881792,0.3733530569405038,False,490,0.18519240596404887,scale-free
nikkei225,stoch_vol,contrast,acf_absret_lag10,0.06126994600612735,0.15777795071999628,0.014852923560303908,0.3395743141348723,True,490,0.18519240596404887,scale-free
nikkei225,stoch_vol,contrast,acf_absret_lag21,0.03131652131546019,0.10715876874852728,-0.029830583405537642,0.294723161511011,True,490,0.18519240596404887,scale-free
nikkei225,stoch_vol,contrast,acf_absret_lag63,0.050493088777589366,0.012404658300530787,-0.10547866856601983,0.18297963359053004,True,490,0.18519240596404887,scale-free
nikkei225,stoch_vol,contrast,concentration_max_exceed_63d,1.0,4.0,1.0,10.0,True,490,0.18519240596404887,scale-free
nikkei225,stoch_vol,contrast,leadlag_ret_vs_future_sq_lag1,-0.06832648583143967,0.00032059404495907834,-0.14173252076654969,0.13985940023273796,True,490,0.18519240596404887,scale-free
nikkei225,stoch_vol,contrast,leadlag_ret_vs_future_sq_lag5,0.04178142090844835,0.0014360054309505996,-0.12492597601705259,0.13539408979080467,True,490,0.18519240596404887,scale-free
nikkei225,stoch_vol,contrast,leadlag_ret_vs_future_sq_lag21,-0.07563714677127113,0.002310455930454464,-0.10808284902918083,0.11877958960999387,True,490,0.18519240596404887,scale-free
nikkei225,stoch_vol,contrast,sd_daily,0.011578540877525046,0.010866192501317783,0.007066951954576867,0.017451371821556167,True,490,0.18519240596404887,scale-free
nikkei225,sv_jump,contrast,rv21_q10,0.12428311077118231,0.07714300754316178,0.043709895666682194,0.12657091536115153,True,490,0.18519240596404887,level (both sides at the frozen sigma_annual)
nikkei225,sv_jump,contrast,rv21_q50,0.17345273178431725,0.14010983774111915,0.09143951326492125,0.21955008550505944,True,490,0.18519240596404887,level (both sides at the frozen sigma_annual)
nikkei225,sv_jump,contrast,rv21_q90,0.22886734290342786,0.25910490796774394,0.16455819957359039,0.4319585087315618,True,490,0.18519240596404887,level (both sides at the frozen sigma_annual)
nikkei225,sv_jump,contrast,rv21_q10_over_own_sd,0.6761732899315365,0.4434304524526989,0.2632404763595694,0.6223643952798961,False,490,0.18519240596404887,"shape (each series divided by its own annualised sd, inside the path)"
nikkei225,sv_jump,contrast,rv21_q50_over_own_sd,0.9436849751383033,0.8094007278187235,0.5898790580196168,0.9558411624799247,True,490,0.18519240596404887,"shape (each series divided by its own annualised sd, inside the path)"
nikkei225,sv_jump,contrast,rv21_q90_over_own_sd,1.2451730830411665,1.478664461918492,1.2293098669325841,1.8135019897252405,True,490,0.18519240596404887,"shape (each series divided by its own annualised sd, inside the path)"
nikkei225,sv_jump,contrast,w1_vs_market_standardised,,0.15090447022574105,0.0698986700319001,0.2867222828150091,,490,0.18519240596404887,scale-free
nikkei225,sv_jump,contrast,w1_sim_vs_sim_reference,,0.09944391988091689,0.05250753839875817,0.21435288944857306,,490,0.18519240596404887,scale-free
nikkei225,sv_jump,contrast,tail_below_m2_count,12.0,12.0,5.0,18.0,True,490,0.18519240596404887,scale-free
nikkei225,sv_jump,contrast,tail_below_m3_count,0.0,3.0,1.0,7.0,False,490,0.18519240596404887,scale-free
nikkei225,sv_jump,contrast,tail_below_m5_count,0.0,1.0,0.0,2.0,True,490,0.18519240596404887,scale-free
nikkei225,sv_jump,contrast,tail_above_p2_count,14.0,12.0,5.0,18.0,True,490,0.18519240596404887,scale-free
nikkei225,sv_jump,contrast,tail_above_p3_count,1.0,3.0,0.0,7.0,True,490,0.18519240596404887,scale-free
nikkei225,sv_jump,contrast,tail_above_p5_count,0.0,1.0,0.0,3.0,True,490,0.18519240596404887,scale-free
nikkei225,sv_jump,contrast,tail_below_m2_freq,0.024489795918367346,0.024489795918367346,0.01020408163265306,0.036734693877551024,True,490,0.18519240596404887,scale-free
nikkei225,sv_jump,contrast,tail_below_m3_freq,0.0,0.006122448979591836,0.0020408163265306124,0.014285714285714285,False,490,0.18519240596404887,scale-free
nikkei225,sv_jump,contrast,tail_below_m5_freq,0.0,0.0020408163265306124,0.0,0.004081632653061225,True,490,0.18519240596404887,scale-free
nikkei225,sv_jump,contrast,tail_above_p2_freq,0.02857142857142857,0.024489795918367346,0.01020408163265306,0.036734693877551024,True,490,0.18519240596404887,scale-free
nikkei225,sv_jump,contrast,tail_above_p3_freq,0.0020408163265306124,0.006122448979591836,0.0,0.014285714285714285,True,490,0.18519240596404887,scale-free
nikkei225,sv_jump,contrast,tail_above_p5_freq,0.0,0.0020408163265306124,0.0,0.006122448979591836,True,490,0.18519240596404887,scale-free
nikkei225,sv_jump,contrast,acf_absret_lag1,0.05631094219827001,0.15706664472518614,0.020805839990564994,0.3557356882313838,True,490,0.18519240596404887,scale-free
nikkei225,sv_jump,contrast,acf_absret_lag5,-0.0033283591647711953,0.13856355308996177,0.008730861176552683,0.32398303653206817,False,490,0.18519240596404887,scale-free
nikkei225,sv_jump,contrast,acf_absret_lag10,0.06126994600612735,0.11715766142926126,-0.011643107982330893,0.29449470622070373,True,490,0.18519240596404887,scale-free
nikkei225,sv_jump,contrast,acf_absret_lag21,0.03131652131546019,0.08092511418230214,-0.03738515011567654,0.25431329669263675,True,490,0.18519240596404887,scale-free
nikkei225,sv_jump,contrast,acf_absret_lag63,0.050493088777589366,0.008874022914950503,-0.0967411193229294,0.15152686250476627,True,490,0.18519240596404887,scale-free
nikkei225,sv_jump,contrast,concentration_max_exceed_63d,1.0,3.0,1.0,9.0,True,490,0.18519240596404887,scale-free
nikkei225,sv_jump,contrast,leadlag_ret_vs_future_sq_lag1,-0.06832648583143967,-0.000624945221097965,-0.12668825335544132,0.11872681767084976,True,490,0.18519240596404887,scale-free
nikkei225,sv_jump,contrast,leadlag_ret_vs_future_sq_lag5,0.04178142090844835,0.00039502467920966887,-0.12002146078270264,0.11243489810514923,True,490,0.18519240596404887,scale-free
nikkei225,sv_jump,contrast,leadlag_ret_vs_future_sq_lag21,-0.07563714677127113,0.003147988488177802,-0.10216526104665802,0.10208893292231386,True,490,0.18519240596404887,scale-free
nikkei225,sv_jump,contrast,sd_daily,0.011578540877525046,0.011045729401442956,0.007514916533497472,0.016987101438029208,True,490,0.18519240596404887,scale-free
ff_momentum,gaussian,describe,rv21_q10,0.0728491436567256,0.14901584155441375,0.1402484474203074,0.15765131112092712,False,1259,0.18857887055227532,level (both sides at the frozen sigma_annual)
ff_momentum,gaussian,describe,rv21_q50,0.1140344684733524,0.1853544782533604,0.1773638746221995,0.1933302301825237,False,1259,0.18857887055227532,level (both sides at the frozen sigma_annual)
ff_momentum,gaussian,describe,rv21_q90,0.3051095179174075,0.22434334760852387,0.21364095872821418,0.23620125051252505,False,1259,0.18857887055227532,level (both sides at the frozen sigma_annual)
ff_momentum,gaussian,describe,rv21_q10_over_own_sd,0.3863059707769929,0.7907322991687382,0.7519190555762637,0.8235392479368685,False,1259,0.18857887055227532,"shape (each series divided by its own annualised sd, inside the path)"
ff_momentum,gaussian,describe,rv21_q50_over_own_sd,0.6047043772156928,0.9840826007983394,0.9626368586824445,1.002174279028849,False,1259,0.18857887055227532,"shape (each series divided by its own annualised sd, inside the path)"
ff_momentum,gaussian,describe,rv21_q90_over_own_sd,1.6179411671300103,1.1901649926046582,1.1571941105356156,1.2293424875793708,False,1259,0.18857887055227532,"shape (each series divided by its own annualised sd, inside the path)"
ff_momentum,gaussian,describe,w1_vs_market_standardised,,0.23078385745648153,0.211130099338942,0.25034092444406114,,1259,0.18857887055227532,scale-free
ff_momentum,gaussian,describe,w1_sim_vs_sim_reference,,0.03166579341710932,0.020816519514174566,0.04979747644463628,,1259,0.18857887055227532,scale-free
ff_momentum,gaussian,describe,tail_below_m2_count,39.0,29.0,21.0,37.0,False,1259,0.18857887055227532,scale-free
ff_momentum,gaussian,describe,tail_below_m3_count,13.0,1.5,0.0,4.0,False,1259,0.18857887055227532,scale-free
ff_momentum,gaussian,describe,tail_below_m5_count,2.0,0.0,0.0,0.0,False,1259,0.18857887055227532,scale-free
ff_momentum,gaussian,describe,tail_above_p2_count,25.0,28.0,21.0,36.0,True,1259,0.18857887055227532,scale-free
ff_momentum,gaussian,describe,tail_above_p3_count,7.0,2.0,0.0,4.0,False,1259,0.18857887055227532,scale-free
ff_momentum,gaussian,describe,tail_above_p5_count,1.0,0.0,0.0,0.0,False,1259,0.18857887055227532,scale-free
ff_momentum,gaussian,describe,tail_below_m2_freq,0.030976965845909452,0.023034154090548053,0.016679904686258934,0.02938840349483717,False,1259,0.18857887055227532,scale-free
ff_momentum,gaussian,describe,tail_below_m3_freq,0.010325655281969817,0.0011914217633042096,0.0,0.003177124702144559,False,1259,0.18857887055227532,scale-free
ff_momentum,gaussian,describe,tail_below_m5_freq,0.0015885623510722795,0.0,0.0,0.0,False,1259,0.18857887055227532,scale-free
ff_momentum,gaussian,describe,tail_above_p2_freq,0.019857029388403495,0.022239872915011914,0.016679904686258934,0.028594122319301033,True,1259,0.18857887055227532,scale-free
ff_momentum,gaussian,describe,tail_above_p3_freq,0.005559968228752979,0.0015885623510722795,0.0,0.003177124702144559,False,1259,0.18857887055227532,scale-free
ff_momentum,gaussian,describe,tail_above_p5_freq,0.0007942811755361397,0.0,0.0,0.0,False,1259,0.18857887055227532,scale-free
ff_momentum,gaussian,describe,acf_absret_lag1,0.3348397479395649,-0.0012515224893374242,-0.05308360366501925,0.05679384683450464,False,1259,0.18857887055227532,scale-free
ff_momentum,gaussian,describe,acf_absret_lag5,0.33611244378513266,-0.0013989070625145782,-0.05756875502556493,0.054845577081635385,False,1259,0.18857887055227532,scale-free
ff_momentum,gaussian,describe,acf_absret_lag10,0.27713024028341554,-0.00015605078333312403,-0.05486187320918268,0.05623136112219754,False,1259,0.18857887055227532,scale-free
ff_momentum,gaussian,describe,acf_absret_lag21,0.24853315465816603,-0.0019575993920808773,-0.05569987081190834,0.05601939948669623,False,1259,0.18857887055227532,scale-free
ff_momentum,gaussian,describe,acf_absret_lag63,0.16403229747774883,-0.0006852436493578479,-0.05585201429312846,0.05698555513786463,False,1259,0.18857887055227532,scale-free
ff_momentum,gaussian,describe,concentration_max_exceed_63d,12.0,1.0,0.0,3.0,False,1259,0.18857887055227532,scale-free
ff_momentum,gaussian,describe,leadlag_ret_vs_future_sq_lag1,0.004745445962850883,0.00027291999126998975,-0.05471796297062037,0.05391211095952964,True,1259,0.18857887055227532,scale-free
ff_momentum,gaussian,describe,leadlag_ret_vs_future_sq_lag5,-0.07602323720775105,-0.001008035523382593,-0.055799482398647626,0.05281099559123994,False,1259,0.18857887055227532,scale-free
ff_momentum,gaussian,describe,leadlag_ret_vs_future_sq_lag21,0.0359817168546363,-0.0008078077747906462,-0.056070954120161005,0.055291817352682224,True,1259,0.18857887055227532,scale-free
ff_momentum,gaussian,describe,sd_daily,0.011879352238161002,0.011877649303577424,0.011418980082521095,0.012320118602070843,True,1259,0.18857887055227532,scale-free
ff_momentum,stoch_vol,describe,rv21_q10,0.0728491436567256,0.08034944078882039,0.05696146871026944,0.11106692332143872,True,1259,0.18857887055227532,level (both sides at the frozen sigma_annual)
ff_momentum,stoch_vol,describe,rv21_q50,0.1140344684733524,0.1474901486532692,0.10944784687497919,0.19398937908701397,True,1259,0.18857887055227532,level (both sides at the frozen sigma_annual)
ff_momentum,stoch_vol,describe,rv21_q90,0.3051095179174075,0.27321152129882426,0.19390888808047063,0.38649230014645813,True,1259,0.18857887055227532,level (both sides at the frozen sigma_annual)
ff_momentum,stoch_vol,describe,rv21_q10_over_own_sd,0.3863059707769929,0.44030200680488185,0.3065339688791278,0.5677272466816727,True,1259,0.18857887055227532,"shape (each series divided by its own annualised sd, inside the path)"
ff_momentum,stoch_vol,describe,rv21_q50_over_own_sd,0.6047043772156928,0.8116996658200126,0.6448543254679364,0.9247431639377013,False,1259,0.18857887055227532,"shape (each series divided by its own annualised sd, inside the path)"
ff_momentum,stoch_vol,describe,rv21_q90_over_own_sd,1.6179411671300103,1.4768789014330865,1.3212968418296183,1.6746006282356798,True,1259,0.18857887055227532,"shape (each series divided by its own annualised sd, inside the path)"
ff_momentum,stoch_vol,describe,w1_vs_market_standardised,,0.12121499062753066,0.06912747402020304,0.16682610861041153,,1259,0.18857887055227532,scale-free
ff_momentum,stoch_vol,describe,w1_sim_vs_sim_reference,,0.056148740458966145,0.02984518543721285,0.13058098160222062,,1259,0.18857887055227532,scale-free
ff_momentum,stoch_vol,describe,tail_below_m2_count,39.0,35.0,26.0,44.0,True,1259,0.18857887055227532,scale-free
ff_momentum,stoch_vol,describe,tail_below_m3_count,13.0,9.0,4.0,15.0,True,1259,0.18857887055227532,scale-free
ff_momentum,stoch_vol,describe,tail_below_m5_count,2.0,1.0,0.0,3.0,True,1259,0.18857887055227532,scale-free
ff_momentum,stoch_vol,describe,tail_above_p2_count,25.0,35.0,26.0,44.0,False,1259,0.18857887055227532,scale-free
ff_momentum,stoch_vol,describe,tail_above_p3_count,7.0,9.0,4.0,15.0,True,1259,0.18857887055227532,scale-free
ff_momentum,stoch_vol,describe,tail_above_p5_count,1.0,1.0,0.0,3.0,True,1259,0.18857887055227532,scale-free
ff_momentum,stoch_vol,describe,tail_below_m2_freq,0.030976965845909452,0.02779984114376489,0.020651310563939634,0.03494837172359015,True,1259,0.18857887055227532,scale-free
ff_momentum,stoch_vol,describe,tail_below_m3_freq,0.010325655281969817,0.007148530579825258,0.003177124702144559,0.011914217633042097,True,1259,0.18857887055227532,scale-free
ff_momentum,stoch_vol,describe,tail_below_m5_freq,0.0015885623510722795,0.0007942811755361397,0.0,0.0023828435266084196,True,1259,0.18857887055227532,scale-free
ff_momentum,stoch_vol,describe,tail_above_p2_freq,0.019857029388403495,0.02779984114376489,0.020651310563939634,0.03494837172359015,False,1259,0.18857887055227532,scale-free
ff_momentum,stoch_vol,describe,tail_above_p3_freq,0.005559968228752979,0.007148530579825258,0.003177124702144559,0.011914217633042097,True,1259,0.18857887055227532,scale-free
ff_momentum,stoch_vol,describe,tail_above_p5_freq,0.0007942811755361397,0.0007942811755361397,0.0,0.0023828435266084196,True,1259,0.18857887055227532,scale-free
ff_momentum,stoch_vol,describe,acf_absret_lag1,0.3348397479395649,0.24165443453424862,0.13443335336571285,0.3863819336224621,True,1259,0.18857887055227532,scale-free
ff_momentum,stoch_vol,describe,acf_absret_lag5,0.33611244378513266,0.21952377654948585,0.10500403570164693,0.361952675551467,True,1259,0.18857887055227532,scale-free
ff_momentum,stoch_vol,describe,acf_absret_lag10,0.27713024028341554,0.19117588448762923,0.08604800843171466,0.32677257763874445,True,1259,0.18857887055227532,scale-free
ff_momentum,stoch_vol,describe,acf_absret_lag21,0.24853315465816603,0.14101999798874126,0.03956720524000858,0.27701752293949927,True,1259,0.18857887055227532,scale-free
ff_momentum,stoch_vol,describe,acf_absret_lag63,0.16403229747774883,0.041941301866031885,-0.048204306943695346,0.1718139381620295,True,1259,0.18857887055227532,scale-free
ff_momentum,stoch_vol,describe,concentration_max_exceed_63d,12.0,8.0,3.0,17.0,True,1259,0.18857887055227532,scale-free
ff_momentum,stoch_vol,describe,leadlag_ret_vs_future_sq_lag1,0.004745445962850883,-0.001694634071617301,-0.10757528930427475,0.10217276505167061,True,1259,0.18857887055227532,scale-free
ff_momentum,stoch_vol,describe,leadlag_ret_vs_future_sq_lag5,-0.07602323720775105,-0.0009622798299551618,-0.09713290614548804,0.09504758537347227,True,1259,0.18857887055227532,scale-free
ff_momentum,stoch_vol,describe,leadlag_ret_vs_future_sq_lag21,0.0359817168546363,0.0008111602359450677,-0.07933855199675821,0.07447895662521557,True,1259,0.18857887055227532,scale-free
ff_momentum,stoch_vol,describe,sd_daily,0.011879352238161002,0.01163296409749905,0.008533855046192999,0.015832712318360965,True,1259,0.18857887055227532,scale-free
ff_momentum,sv_jump,describe,rv21_q10,0.0728491436567256,0.0755755397208725,0.053755664591660646,0.10390100482250074,True,1259,0.18857887055227532,level (both sides at the frozen sigma_annual)
ff_momentum,sv_jump,describe,rv21_q50,0.1140344684733524,0.14318335560287246,0.106648723721725,0.18794074087624899,True,1259,0.18857887055227532,level (both sides at the frozen sigma_annual)
ff_momentum,sv_jump,describe,rv21_q90,0.3051095179174075,0.2774968584231249,0.1994668964102441,0.3774906285575868,True,1259,0.18857887055227532,level (both sides at the frozen sigma_annual)
ff_momentum,sv_jump,describe,rv21_q10_over_own_sd,0.3863059707769929,0.41126843665803847,0.29692474976145794,0.5352838503576816,True,1259,0.18857887055227532,"shape (each series divided by its own annualised sd, inside the path)"
ff_momentum,sv_jump,describe,rv21_q50_over_own_sd,0.6047043772156928,0.7828848588356487,0.6337269486089622,0.8982978499651768,False,1259,0.18857887055227532,"shape (each series divided by its own annualised sd, inside the path)"
ff_momentum,sv_jump,describe,rv21_q90_over_own_sd,1.6179411671300103,1.4979006739512868,1.3111768330870002,1.6988818527953713,True,1259,0.18857887055227532,"shape (each series divided by its own annualised sd, inside the path)"
ff_momentum,sv_jump,describe,w1_vs_market_standardised,,0.09719151295487016,0.05523547969890205,0.144209870311092,,1259,0.18857887055227532,scale-free
ff_momentum,sv_jump,describe,w1_sim_vs_sim_reference,,0.06797859461394135,0.03587438921816264,0.15041698124803662,,1259,0.18857887055227532,scale-free
ff_momentum,sv_jump,describe,tail_below_m2_count,39.0,30.0,18.0,40.024999999999864,True,1259,0.18857887055227532,scale-free
ff_momentum,sv_jump,describe,tail_below_m3_count,13.0,9.0,4.0,15.0,True,1259,0.18857887055227532,scale-free
ff_momentum,sv_jump,describe,tail_below_m5_count,2.0,2.0,0.0,5.0,True,1259,0.18857887055227532,scale-free
ff_momentum,sv_jump,describe,tail_above_p2_count,25.0,30.0,18.0,41.0,True,1259,0.18857887055227532,scale-free
ff_momentum,sv_jump,describe,tail_above_p3_count,7.0,9.0,4.0,15.0,True,1259,0.18857887055227532,scale-free
ff_momentum,sv_jump,describe,tail_above_p5_count,1.0,2.0,0.0,5.0,True,1259,0.18857887055227532,scale-free
ff_momentum,sv_jump,describe,tail_below_m2_freq,0.030976965845909452,0.023828435266084195,0.014297061159650517,0.031791104050833886,True,1259,0.18857887055227532,scale-free
ff_momentum,sv_jump,describe,tail_below_m3_freq,0.010325655281969817,0.007148530579825258,0.003177124702144559,0.011914217633042097,True,1259,0.18857887055227532,scale-free
ff_momentum,sv_jump,describe,tail_below_m5_freq,0.0015885623510722795,0.0015885623510722795,0.0,0.003971405877680699,True,1259,0.18857887055227532,scale-free
ff_momentum,sv_jump,describe,tail_above_p2_freq,0.019857029388403495,0.023828435266084195,0.014297061159650517,0.03256552819698173,True,1259,0.18857887055227532,scale-free
ff_momentum,sv_jump,describe,tail_above_p3_freq,0.005559968228752979,0.007148530579825258,0.003177124702144559,0.011914217633042097,True,1259,0.18857887055227532,scale-free
ff_momentum,sv_jump,describe,tail_above_p5_freq,0.0007942811755361397,0.0015885623510722795,0.0,0.003971405877680699,True,1259,0.18857887055227532,scale-free
ff_momentum,sv_jump,describe,acf_absret_lag1,0.3348397479395649,0.18261496844100833,0.07425917712278507,0.3273405246894353,False,1259,0.18857887055227532,scale-free
ff_momentum,sv_jump,describe,acf_absret_lag5,0.33611244378513266,0.16386004864798254,0.05600808243654094,0.29593926976039814,False,1259,0.18857887055227532,scale-free
ff_momentum,sv_jump,describe,acf_absret_lag10,0.27713024028341554,0.14304432747045093,0.04737288401107151,0.27514454067504723,False,1259,0.18857887055227532,scale-free
ff_momentum,sv_jump,describe,acf_absret_lag21,0.24853315465816603,0.10601860190127199,0.015480439366150196,0.23836265616158725,False,1259,0.18857887055227532,scale-free
ff_momentum,sv_jump,describe,acf_absret_lag63,0.16403229747774883,0.027488738282457178,-0.04285573057689009,0.13484252714441225,False,1259,0.18857887055227532,scale-free
ff_momentum,sv_jump,describe,concentration_max_exceed_63d,12.0,6.0,2.9750000000000014,15.0,True,1259,0.18857887055227532,scale-free
ff_momentum,sv_jump,describe,leadlag_ret_vs_future_sq_lag1,0.004745445962850883,0.00046499403459791,-0.07996619411659361,0.08189956437247868,True,1259,0.18857887055227532,scale-free
ff_momentum,sv_jump,describe,leadlag_ret_vs_future_sq_lag5,-0.07602323720775105,0.00016772559101347836,-0.07419323584538828,0.07457131218706677,False,1259,0.18857887055227532,scale-free
ff_momentum,sv_jump,describe,leadlag_ret_vs_future_sq_lag21,0.0359817168546363,0.0007351444365694773,-0.06900337739459357,0.06631128414366885,True,1259,0.18857887055227532,scale-free
ff_momentum,sv_jump,describe,sd_daily,0.011879352238161002,0.011612083793615339,0.008752160134623285,0.015053982529863863,True,1259,0.18857887055227532,scale-free
ff_momentum,gaussian,contrast,rv21_q10,0.1092641569774828,0.14924104147713413,0.13457978784469235,0.16376538466275295,False,501,0.18857887055227532,level (both sides at the frozen sigma_annual)
ff_momentum,gaussian,contrast,rv21_q50,0.17446689084178693,0.18534264900142206,0.17302627393005507,0.19899949746135123,True,501,0.18857887055227532,level (both sides at the frozen sigma_annual)
ff_momentum,gaussian,contrast,rv21_q90,0.28485526851367876,0.22384287004094566,0.20715264395980804,0.24282916447861,False,501,0.18857887055227532,level (both sides at the frozen sigma_annual)
ff_momentum,gaussian,contrast,rv21_q10_over_own_sd,0.5588064838758352,0.7944390801521264,0.7316315311319407,0.8464540898976509,False,501,0.18857887055227532,"shape (each series divided by its own annualised sd, inside the path)"
ff_momentum,gaussian,contrast,rv21_q50_over_own_sd,0.8922709195856383,0.984423391498328,0.948391524775738,1.0146249775207181,False,501,0.18857887055227532,"shape (each series divided by its own annualised sd, inside the path)"
ff_momentum,gaussian,contrast,rv21_q90_over_own_sd,1.4568269724941858,1.1864199229747898,1.1352758065748985,1.2542677846033332,False,501,0.18857887055227532,"shape (each series divided by its own annualised sd, inside the path)"
ff_momentum,gaussian,contrast,w1_vs_market_standardised,,0.1050661071516418,0.07568272692095335,0.1381566639569712,,501,0.18857887055227532,scale-free
ff_momentum,gaussian,contrast,w1_sim_vs_sim_reference,,0.049453069967613755,0.032862622427933794,0.08038769485905414,,501,0.18857887055227532,scale-free
ff_momentum,gaussian,contrast,tail_below_m2_count,16.0,11.0,6.0,16.0,True,501,0.18857887055227532,scale-free
ff_momentum,gaussian,contrast,tail_below_m3_count,5.0,0.0,0.0,2.0,False,501,0.18857887055227532,scale-free
ff_momentum,gaussian,contrast,tail_below_m5_count,1.0,0.0,0.0,0.0,False,501,0.18857887055227532,scale-free
ff_momentum,gaussian,contrast,tail_above_p2_count,5.0,11.0,6.975000000000001,17.0,False,501,0.18857887055227532,scale-free
ff_momentum,gaussian,contrast,tail_above_p3_count,0.0,0.0,0.0,3.0,True,501,0.18857887055227532,scale-free
ff_momentum,gaussian,contrast,tail_above_p5_count,0.0,0.0,0.0,0.0,True,501,0.18857887055227532,scale-free
ff_momentum,gaussian,contrast,tail_below_m2_freq,0.031936127744510975,0.021956087824351298,0.011976047904191617,0.031936127744510975,True,501,0.18857887055227532,scale-free
ff_momentum,gaussian,contrast,tail_below_m3_freq,0.00998003992015968,0.0,0.0,0.003992015968063872,False,501,0.18857887055227532,scale-free
ff_momentum,gaussian,contrast,tail_below_m5_freq,0.001996007984031936,0.0,0.0,0.0,False,501,0.18857887055227532,scale-free
ff_momentum,gaussian,contrast,tail_above_p2_freq,0.00998003992015968,0.021956087824351298,0.013922155688622756,0.033932135728542916,False,501,0.18857887055227532,scale-free
ff_momentum,gaussian,contrast,tail_above_p3_freq,0.0,0.0,0.0,0.005988023952095809,True,501,0.18857887055227532,scale-free
ff_momentum,gaussian,contrast,tail_above_p5_freq,0.0,0.0,0.0,0.0,True,501,0.18857887055227532,scale-free
ff_momentum,gaussian,contrast,acf_absret_lag1,0.1997537697950924,-0.002978696906998126,-0.08583292698148975,0.08645104361399243,False,501,0.18857887055227532,scale-free
ff_momentum,gaussian,contrast,acf_absret_lag5,0.14070058754756407,-0.00013230760067668568,-0.08734228872236505,0.08854699695897664,False,501,0.18857887055227532,scale-free
ff_momentum,gaussian,contrast,acf_absret_lag10,0.07982754104426194,-0.0031394231867754208,-0.08992104344110514,0.08850924118692606,True,501,0.18857887055227532,scale-free
ff_momentum,gaussian,contrast,acf_absret_lag21,0.09688219596930059,-0.0018478700873090404,-0.08944591276585431,0.0877473253901681,False,501,0.18857887055227532,scale-free
ff_momentum,gaussian,contrast,acf_absret_lag63,-0.012604929394060395,-0.003219584990525632,-0.0898658485496718,0.08920368922846152,True,501,0.18857887055227532,scale-free
ff_momentum,gaussian,contrast,concentration_max_exceed_63d,3.0,1.0,0.0,2.0,False,501,0.18857887055227532,scale-free
ff_momentum,gaussian,contrast,leadlag_ret_vs_future_sq_lag1,-0.052412424804304754,-0.0006892380365892464,-0.0877505494934571,0.08175509456131283,True,501,0.18857887055227532,scale-free
ff_momentum,gaussian,contrast,leadlag_ret_vs_future_sq_lag5,-0.029079317345864532,0.0003052455088300482,-0.09200796422028819,0.08636458701373396,True,501,0.18857887055227532,scale-free
ff_momentum,gaussian,contrast,leadlag_ret_vs_future_sq_lag21,-0.08736820449740522,-0.00041141139693795753,-0.0873918548916803,0.08826063557507648,True,501,0.18857887055227532,scale-free
ff_momentum,gaussian,contrast,sd_daily,0.012317313984486032,0.011867405171527462,0.011138872616971574,0.012634833555280882,True,501,0.18857887055227532,scale-free
ff_momentum,stoch_vol,contrast,rv21_q10,0.1092641569774828,0.08408115451488508,0.049037314264507345,0.13539780377231844,True,501,0.18857887055227532,level (both sides at the frozen sigma_annual)
ff_momentum,stoch_vol,contrast,rv21_q50,0.17446689084178693,0.1483097042383875,0.09374273314455747,0.23384621127178376,True,501,0.18857887055227532,level (both sides at the frozen sigma_annual)
ff_momentum,stoch_vol,contrast,rv21_q90,0.28485526851367876,0.25926309181651763,0.15943057631930999,0.4565123499347326,True,501,0.18857887055227532,level (both sides at the frozen sigma_annual)
ff_momentum,stoch_vol,contrast,rv21_q10_over_own_sd,0.5588064838758352,0.47851930369048595,0.27467080353931156,0.6442433218976873,True,501,0.18857887055227532,"shape (each series divided by its own annualised sd, inside the path)"
ff_momentum,stoch_vol,contrast,rv21_q50_over_own_sd,0.8922709195856383,0.8454820501735185,0.6080931855635302,0.9787215133079668,True,501,0.18857887055227532,"shape (each series divided by its own annualised sd, inside the path)"
ff_momentum,stoch_vol,contrast,rv21_q90_over_own_sd,1.4568269724941858,1.4602459305331494,1.254926231716952,1.7812498845960136,True,501,0.18857887055227532,"shape (each series divided by its own annualised sd, inside the path)"
ff_momentum,stoch_vol,contrast,w1_vs_market_standardised,,0.10054537466963341,0.058130356679747676,0.1866346716818538,,501,0.18857887055227532,scale-free
ff_momentum,stoch_vol,contrast,w1_sim_vs_sim_reference,,0.07714988675038373,0.04097073696529948,0.170669105920442,,501,0.18857887055227532,scale-free
ff_momentum,stoch_vol,contrast,tail_below_m2_count,16.0,14.0,9.0,20.0,True,501,0.18857887055227532,scale-free
ff_momentum,stoch_vol,contrast,tail_below_m3_count,5.0,3.0,0.0,7.0,True,501,0.18857887055227532,scale-free
ff_momentum,stoch_vol,contrast,tail_below_m5_count,1.0,0.0,0.0,2.0,True,501,0.18857887055227532,scale-free
ff_momentum,stoch_vol,contrast,tail_above_p2_count,5.0,14.0,8.0,20.0,False,501,0.18857887055227532,scale-free
ff_momentum,stoch_vol,contrast,tail_above_p3_count,0.0,3.0,0.0,7.0,True,501,0.18857887055227532,scale-free
ff_momentum,stoch_vol,contrast,tail_above_p5_count,0.0,0.0,0.0,1.0,True,501,0.18857887055227532,scale-free
ff_momentum,stoch_vol,contrast,tail_below_m2_freq,0.031936127744510975,0.027944111776447105,0.017964071856287425,0.03992015968063872,True,501,0.18857887055227532,scale-free
ff_momentum,stoch_vol,contrast,tail_below_m3_freq,0.00998003992015968,0.005988023952095809,0.0,0.013972055888223553,True,501,0.18857887055227532,scale-free
ff_momentum,stoch_vol,contrast,tail_below_m5_freq,0.001996007984031936,0.0,0.0,0.003992015968063872,True,501,0.18857887055227532,scale-free
ff_momentum,stoch_vol,contrast,tail_above_p2_freq,0.00998003992015968,0.027944111776447105,0.015968063872255488,0.03992015968063872,False,501,0.18857887055227532,scale-free
ff_momentum,stoch_vol,contrast,tail_above_p3_freq,0.0,0.005988023952095809,0.0,0.013972055888223553,True,501,0.18857887055227532,scale-free
ff_momentum,stoch_vol,contrast,tail_above_p5_freq,0.0,0.0,0.0,0.001996007984031936,True,501,0.18857887055227532,scale-free
ff_momentum,stoch_vol,contrast,acf_absret_lag1,0.1997537697950924,0.2076966487072026,0.06323684511319166,0.40908390637093944,True,501,0.18857887055227532,scale-free
ff_momentum,stoch_vol,contrast,acf_absret_lag5,0.14070058754756407,0.18594029834254033,0.04206857219265241,0.3749816057073193,True,501,0.18857887055227532,scale-free
ff_momentum,stoch_vol,contrast,acf_absret_lag10,0.07982754104426194,0.15866686230582167,0.014704756214128404,0.3429261374241255,True,501,0.18857887055227532,scale-free
ff_momentum,stoch_vol,contrast,acf_absret_lag21,0.09688219596930059,0.10585204273520638,-0.029404381409198422,0.29002683800168616,True,501,0.18857887055227532,scale-free
ff_momentum,stoch_vol,contrast,acf_absret_lag63,-0.012604929394060395,0.008629889147123568,-0.11236424861178865,0.16701592946851207,True,501,0.18857887055227532,scale-free
ff_momentum,stoch_vol,contrast,concentration_max_exceed_63d,3.0,4.0,1.0,10.0,True,501,0.18857887055227532,scale-free
ff_momentum,stoch_vol,contrast,leadlag_ret_vs_future_sq_lag1,-0.052412424804304754,0.00028664907142619865,-0.14166453845599664,0.14273058576751907,True,501,0.18857887055227532,scale-free
ff_momentum,stoch_vol,contrast,leadlag_ret_vs_future_sq_lag5,-0.029079317345864532,-0.000962305159891422,-0.14551038853094975,0.13759567883964455,True,501,0.18857887055227532,scale-free
ff_momentum,stoch_vol,contrast,leadlag_ret_vs_future_sq_lag21,-0.08736820449740522,0.0011044286526310902,-0.11635052365556874,0.11354829898955682,True,501,0.18857887055227532,scale-free
ff_momentum,stoch_vol,contrast,sd_daily,0.012317313984486032,0.011228985487194473,0.007305413215395751,0.017643807901207075,True,501,0.18857887055227532,scale-free
ff_momentum,sv_jump,contrast,rv21_q10,0.1092641569774828,0.07894994765417027,0.04634122383724894,0.12513882277836424,True,501,0.18857887055227532,level (both sides at the frozen sigma_annual)
ff_momentum,sv_jump,contrast,rv21_q50,0.17446689084178693,0.14385540903917826,0.09058899468923563,0.22313751324413544,True,501,0.18857887055227532,level (both sides at the frozen sigma_annual)
ff_momentum,sv_jump,contrast,rv21_q90,0.28485526851367876,0.26652779321995435,0.16562819731277334,0.4401555000943704,True,501,0.18857887055227532,level (both sides at the frozen sigma_annual)
ff_momentum,sv_jump,contrast,rv21_q10_over_own_sd,0.5588064838758352,0.4452170572677766,0.2644325447612923,0.6200196037413468,True,501,0.18857887055227532,"shape (each series divided by its own annualised sd, inside the path)"
ff_momentum,sv_jump,contrast,rv21_q50_over_own_sd,0.8922709195856383,0.8104013582418428,0.5801536903577728,0.966704591919103,True,501,0.18857887055227532,"shape (each series divided by its own annualised sd, inside the path)"
ff_momentum,sv_jump,contrast,rv21_q90_over_own_sd,1.4568269724941858,1.4786398107030148,1.2214812882726278,1.804377587720953,True,501,0.18857887055227532,"shape (each series divided by its own annualised sd, inside the path)"
ff_momentum,sv_jump,contrast,w1_vs_market_standardised,,0.13289219403019178,0.06642237501576055,0.26474363584120947,,501,0.18857887055227532,scale-free
ff_momentum,sv_jump,contrast,w1_sim_vs_sim_reference,,0.09933020431737612,0.05036291787792359,0.22710236839235223,,501,0.18857887055227532,scale-free
ff_momentum,sv_jump,contrast,tail_below_m2_count,16.0,12.0,5.0,18.0,True,501,0.18857887055227532,scale-free
ff_momentum,sv_jump,contrast,tail_below_m3_count,5.0,3.0,1.0,7.0,True,501,0.18857887055227532,scale-free
ff_momentum,sv_jump,contrast,tail_below_m5_count,1.0,1.0,0.0,2.0,True,501,0.18857887055227532,scale-free
ff_momentum,sv_jump,contrast,tail_above_p2_count,5.0,12.0,5.0,18.024999999999864,True,501,0.18857887055227532,scale-free
ff_momentum,sv_jump,contrast,tail_above_p3_count,0.0,3.0,1.0,7.0,False,501,0.18857887055227532,scale-free
ff_momentum,sv_jump,contrast,tail_above_p5_count,0.0,1.0,0.0,2.0,True,501,0.18857887055227532,scale-free
ff_momentum,sv_jump,contrast,tail_below_m2_freq,0.031936127744510975,0.023952095808383235,0.00998003992015968,0.03592814371257485,True,501,0.18857887055227532,scale-free
ff_momentum,sv_jump,contrast,tail_below_m3_freq,0.00998003992015968,0.005988023952095809,0.001996007984031936,0.013972055888223553,True,501,0.18857887055227532,scale-free
ff_momentum,sv_jump,contrast,tail_below_m5_freq,0.001996007984031936,0.001996007984031936,0.0,0.003992015968063872,True,501,0.18857887055227532,scale-free
ff_momentum,sv_jump,contrast,tail_above_p2_freq,0.00998003992015968,0.023952095808383235,0.00998003992015968,0.03597804391217538,True,501,0.18857887055227532,scale-free
ff_momentum,sv_jump,contrast,tail_above_p3_freq,0.0,0.005988023952095809,0.001996007984031936,0.013972055888223553,False,501,0.18857887055227532,scale-free
ff_momentum,sv_jump,contrast,tail_above_p5_freq,0.0,0.001996007984031936,0.0,0.003992015968063872,True,501,0.18857887055227532,scale-free
ff_momentum,sv_jump,contrast,acf_absret_lag1,0.1997537697950924,0.1588202886235234,0.0233341432540941,0.3506129877342056,True,501,0.18857887055227532,scale-free
ff_momentum,sv_jump,contrast,acf_absret_lag5,0.14070058754756407,0.13759987489511502,0.010774964090681382,0.3359911392702464,True,501,0.18857887055227532,scale-free
ff_momentum,sv_jump,contrast,acf_absret_lag10,0.07982754104426194,0.11913651028016783,-0.0020063459652349858,0.3111725047683962,True,501,0.18857887055227532,scale-free
ff_momentum,sv_jump,contrast,acf_absret_lag21,0.09688219596930059,0.08509133961310472,-0.032208921354989456,0.25676831087978996,True,501,0.18857887055227532,scale-free
ff_momentum,sv_jump,contrast,acf_absret_lag63,-0.012604929394060395,0.0032968894989332262,-0.09110510650898204,0.14837281516370618,True,501,0.18857887055227532,scale-free
ff_momentum,sv_jump,contrast,concentration_max_exceed_63d,3.0,3.0,1.0,9.0,True,501,0.18857887055227532,scale-free
ff_momentum,sv_jump,contrast,leadlag_ret_vs_future_sq_lag1,-0.052412424804304754,0.0003891064536535753,-0.11723584389968655,0.12122268114707409,True,501,0.18857887055227532,scale-free
ff_momentum,sv_jump,contrast,leadlag_ret_vs_future_sq_lag5,-0.029079317345864532,-0.0009668930975035526,-0.11230064183621769,0.1093628780737202,True,501,0.18857887055227532,scale-free
ff_momentum,sv_jump,contrast,leadlag_ret_vs_future_sq_lag21,-0.08736820449740522,0.00036062124778871163,-0.10526034425688612,0.10154992591144832,True,501,0.18857887055227532,scale-free
ff_momentum,sv_jump,contrast,sd_daily,0.012317313984486032,0.011351182670192379,0.007599975353262622,0.01723875080827246,True,501,0.18857887055227532,scale-free
