scenario,replicate,version,A,rho,sigma_used,true_A,true_rho,sigma_true,sigma_hat,sigma_hat_error,eval_loss,eval_rv21_component,eval_acf_component,eval_loss_mc_se,energy_score,selected_A,selected_rho,training_loss,training_loss_mc_se,n_within_one_mc_se,on_grid_boundary,true_screen_rank,true_would_be_finalist,selected_is_true,gap_rv21_q10,real_rv21_q10,gap_rv21_q50,real_rv21_q50,gap_rv21_q90,real_rv21_q90,gap_acf_absret_lag1,real_acf_absret_lag1,gap_acf_absret_lag5,real_acf_absret_lag5,gap_acf_absret_lag10,real_acf_absret_lag10,gap_acf_absret_lag21,real_acf_absret_lag21,gap_acf_absret_lag63,real_acf_absret_lag63,heldout_tail_below_m3_count_sim_median,heldout_tail_below_m3_count_real,heldout_tail_below_m3_count_inside,heldout_tail_above_p3_count_sim_median,heldout_tail_above_p3_count_real,heldout_tail_above_p3_count_inside,heldout_acf_sqret_lag1_sim_median,heldout_acf_sqret_lag1_real,heldout_acf_sqret_lag1_inside,heldout_acf_sqret_lag5_sim_median,heldout_acf_sqret_lag5_real,heldout_acf_sqret_lag5_inside,heldout_acf_sqret_lag21_sim_median,heldout_acf_sqret_lag21_real,heldout_acf_sqret_lag21_inside
A1.0_rho0.98,0,fixed_baseline,1.0,0.98,0.1838949699011025,1.0,0.98,0.192,0.1838949699011025,-0.008105030098897514,0.5309013407385744,0.6194400887972429,0.442362592679906,0.021482428172662986,1.4232745547729957,1.0,0.98,0.17067727149144743,0.008140494799082259,1,False,1,True,True,-0.01577772993666171,0.09361044809007538,-0.01815024330389317,0.1618027566154077,-0.014084118441376858,0.28045718430253275,0.021074763787389983,0.2233353870312964,0.059416491785626524,0.16137808054386302,0.01271369381887208,0.18192197385043826,0.023767774517944082,0.11919953285662398,0.05417927895531564,-0.010296013313101782,9.0,7.0,True,9.0,11.0,True,0.1946240852321908,0.15855299800775435,True,0.16944308718512877,0.11968495168810493,True,0.09627907410865401,0.08040004172717077,True
A1.0_rho0.98,0,selected,1.0,0.98,0.1838949699011025,1.0,0.98,0.192,0.1838949699011025,-0.008105030098897514,0.5309013407385744,0.6194400887972429,0.442362592679906,0.021482428172662986,1.4232745547729957,1.0,0.98,0.17067727149144743,0.008140494799082259,1,False,1,True,True,-0.01577772993666171,0.09361044809007538,-0.01815024330389317,0.1618027566154077,-0.014084118441376858,0.28045718430253275,0.021074763787389983,0.2233353870312964,0.059416491785626524,0.16137808054386302,0.01271369381887208,0.18192197385043826,0.023767774517944082,0.11919953285662398,0.05417927895531564,-0.010296013313101782,9.0,7.0,True,9.0,11.0,True,0.1946240852321908,0.15855299800775435,True,0.16944308718512877,0.11968495168810493,True,0.09627907410865401,0.08040004172717077,True
A1.0_rho0.98,0,true_shape,1.0,0.98,0.1838949699011025,1.0,0.98,0.192,0.1838949699011025,-0.008105030098897514,0.5309013407385744,0.6194400887972429,0.442362592679906,0.021482428172662986,1.4232745547729957,1.0,0.98,0.17067727149144743,0.008140494799082259,1,False,1,True,True,-0.01577772993666171,0.09361044809007538,-0.01815024330389317,0.1618027566154077,-0.014084118441376858,0.28045718430253275,0.021074763787389983,0.2233353870312964,0.059416491785626524,0.16137808054386302,0.01271369381887208,0.18192197385043826,0.023767774517944082,0.11919953285662398,0.05417927895531564,-0.010296013313101782,9.0,7.0,True,9.0,11.0,True,0.1946240852321908,0.15855299800775435,True,0.16944308718512877,0.11968495168810493,True,0.09627907410865401,0.08040004172717077,True
A1.0_rho0.98,0,true_everything,1.0,0.98,0.192,1.0,0.98,0.192,0.1838949699011025,-0.008105030098897514,0.3751998507429324,0.30803710880595864,0.4423625926799062,0.017571656552172698,1.28629456862626,1.0,0.98,0.17067727149144743,0.008140494799082259,1,False,1,True,True,-0.012347312434477259,0.09361044809007538,-0.01181886868936044,0.1618027566154077,-0.0023439293676824624,0.28045718430253275,0.021074763787389927,0.2233353870312964,0.05941649178562655,0.16137808054386302,0.01271369381887208,0.18192197385043826,0.02376777451794411,0.11919953285662398,0.05417927895531564,-0.010296013313101782,9.0,7.0,True,9.0,11.0,True,0.19462408523219077,0.15855299800775435,True,0.1694430871851288,0.11968495168810493,True,0.09627907410865402,0.08040004172717077,True
A1.0_rho0.98,1,fixed_baseline,1.0,0.98,0.1362679397944911,1.0,0.98,0.192,0.1362679397944911,-0.055732060205508915,3.7808421280340445,6.907508551506442,0.6541757045616463,0.05602128688707318,3.590724866825689,1.0,0.94,0.0898247020272876,0.003993352300463945,1,False,10,False,False,-0.03503515703951328,0.09331874545643874,-0.061445363728752395,0.1680987965192104,-0.08516047396100057,0.28034880329518946,0.07232309263093156,0.1710413938467661,0.053812710460141605,0.16408081465355845,0.017223660135232632,0.1729959615577755,0.06099958343883012,0.08161209257349812,-0.00389531147739193,0.04560237375012975,9.0,6.0,True,9.0,7.0,True,0.19177919084527534,0.12713996431264726,True,0.16720982541906665,0.11580949674755758,True,0.0946876388477903,0.052532837627753064,True
A1.0_rho0.98,1,selected,1.0,0.94,0.1362679397944911,1.0,0.98,0.192,0.1362679397944911,-0.055732060205508915,3.1367083056032534,5.6213691676384725,0.6520474435680345,0.030356552453781577,3.4536296365837984,1.0,0.94,0.0898247020272876,0.003993352300463945,1,False,10,False,False,-0.030216397570562478,0.09331874545643874,-0.057128410866925536,0.1680987965192104,-0.08412877790338202,0.28034880329518946,0.07667882181018387,0.1710413938467661,0.021181871682807885,0.16408081465355845,-0.045477121163428086,0.1729959615577755,-0.024622021244719433,0.08161209257349812,-0.05096120431816093,0.04560237375012975,9.0,6.0,True,9.0,7.0,True,0.19515367851620152,0.12713996431264726,True,0.13092421795990322,0.11580949674755758,True,0.029583371594784143,0.052532837627753064,True
A1.0_rho0.98,1,true_shape,1.0,0.98,0.1362679397944911,1.0,0.98,0.192,0.1362679397944911,-0.055732060205508915,3.7808421280340445,6.907508551506442,0.6541757045616463,0.05602128688707318,3.590724866825689,1.0,0.94,0.0898247020272876,0.003993352300463945,1,False,10,False,False,-0.03503515703951328,0.09331874545643874,-0.061445363728752395,0.1680987965192104,-0.08516047396100057,0.28034880329518946,0.07232309263093156,0.1710413938467661,0.053812710460141605,0.16408081465355845,0.017223660135232632,0.1729959615577755,0.06099958343883012,0.08161209257349812,-0.00389531147739193,0.04560237375012975,9.0,6.0,True,9.0,7.0,True,0.19177919084527534,0.12713996431264726,True,0.16720982541906665,0.11580949674755758,True,0.0946876388477903,0.052532837627753064,True
A1.0_rho0.98,1,true_everything,1.0,0.98,0.192,1.0,0.98,0.192,0.1362679397944911,-0.055732060205508915,0.5098409610961558,0.3655062176306651,0.6541757045616465,0.020729203826963336,1.3553025040934124,1.0,0.94,0.0898247020272876,0.003993352300463945,1,False,10,False,False,-0.011197822567854135,0.09331874545643874,-0.01782530499471477,0.1680987965192104,-0.005330634761321895,0.28034880329518946,0.07232309263093159,0.1710413938467661,0.05381271046014158,0.16408081465355845,0.01722366013523266,0.1729959615577755,0.06099958343883012,0.08161209257349812,-0.00389531147739193,0.04560237375012975,9.0,6.0,True,9.0,7.0,True,0.1917791908452754,0.12713996431264726,True,0.16720982541906665,0.11580949674755758,True,0.0946876388477903,0.052532837627753064,True
A1.0_rho0.98,2,fixed_baseline,1.0,0.98,0.14861969975351164,1.0,0.98,0.192,0.14861969975351164,-0.04338030024648837,0.2875972381957434,0.2529838315691436,0.3222106448223432,0.01294679910657804,1.1219297448942085,1.0,0.98,0.2500595360528269,0.007908522054107598,1,False,1,True,True,0.001159190327737862,0.06168265483092981,-0.0068484691914115214,0.12334797386684374,0.027671753878128008,0.1854669629556924,0.045885384569004234,0.1972059263676839,0.025261867520880277,0.1953462322761932,0.04887768039105561,0.1432614802488185,0.010911180366481282,0.13252404502391812,-0.025159027050923585,0.06563975177757701,9.0,5.0,True,9.0,8.0,True,0.18975041616371102,0.14837079927989394,True,0.16871248695730998,0.15622465947792097,True,0.09576841863755804,0.08976187640503533,True
A1.0_rho0.98,2,selected,1.0,0.98,0.14861969975351164,1.0,0.98,0.192,0.14861969975351164,-0.04338030024648837,0.2875972381957434,0.2529838315691436,0.3222106448223432,0.01294679910657804,1.1219297448942085,1.0,0.98,0.2500595360528269,0.007908522054107598,1,False,1,True,True,0.001159190327737862,0.06168265483092981,-0.0068484691914115214,0.12334797386684374,0.027671753878128008,0.1854669629556924,0.045885384569004234,0.1972059263676839,0.025261867520880277,0.1953462322761932,0.04887768039105561,0.1432614802488185,0.010911180366481282,0.13252404502391812,-0.025159027050923585,0.06563975177757701,9.0,5.0,True,9.0,8.0,True,0.18975041616371102,0.14837079927989394,True,0.16871248695730998,0.15622465947792097,True,0.09576841863755804,0.08976187640503533,True
A1.0_rho0.98,2,true_shape,1.0,0.98,0.14861969975351164,1.0,0.98,0.192,0.14861969975351164,-0.04338030024648837,0.2875972381957434,0.2529838315691436,0.3222106448223432,0.01294679910657804,1.1219297448942085,1.0,0.98,0.2500595360528269,0.007908522054107598,1,False,1,True,True,0.001159190327737862,0.06168265483092981,-0.0068484691914115214,0.12334797386684374,0.027671753878128008,0.1854669629556924,0.045885384569004234,0.1972059263676839,0.025261867520880277,0.1953462322761932,0.04887768039105561,0.1432614802488185,0.010911180366481282,0.13252404502391812,-0.025159027050923585,0.06563975177757701,9.0,5.0,True,9.0,8.0,True,0.18975041616371102,0.14837079927989394,True,0.16871248695730998,0.15622465947792097,True,0.09576841863755804,0.08976187640503533,True
A1.0_rho0.98,2,true_everything,1.0,0.98,0.192,1.0,0.98,0.192,0.14861969975351164,-0.04338030024648837,1.6688904356220577,3.0155702264217723,0.3222106448223433,0.03762136523472288,2.2146870625852904,1.0,0.98,0.2500595360528269,0.007908522054107598,1,False,1,True,True,0.019501968004907298,0.06168265483092981,0.027156332996785687,0.12334797386684374,0.08988437808432062,0.1854669629556924,0.045885384569004234,0.1972059263676839,0.025261867520880277,0.1953462322761932,0.04887768039105564,0.1432614802488185,0.010911180366481282,0.13252404502391812,-0.025159027050923585,0.06563975177757701,9.0,5.0,True,9.0,8.0,True,0.18975041616371102,0.14837079927989394,True,0.16871248695730995,0.15622465947792097,True,0.09576841863755807,0.08976187640503533,True
A1.0_rho0.98,3,fixed_baseline,1.0,0.98,0.13453571581798135,1.0,0.98,0.192,0.13453571581798135,-0.057464284182018655,2.9330567529889464,5.367547956528842,0.4985655494490507,0.04929242826303137,3.1175009532664033,0.8,0.94,0.16340912410011654,0.004520834551817804,1,False,15,False,False,-0.03851981452802999,0.09558579688320656,-0.042466577796342816,0.14760256274992983,-0.06556251579586292,0.25845971100951953,-0.05246285759936398,0.29660937304843527,0.005271754749534896,0.21371405128268892,-0.041989210823262874,0.23250143370050852,-0.04575459095040324,0.18900014189974312,-0.047933054789187704,0.09013422020876778,9.0,8.0,True,9.0,10.0,True,0.1949513991196189,0.30478954134755715,True,0.16928346141149309,0.1760763380992623,True,0.09591228818511158,0.17317549542396923,True
A1.0_rho0.98,3,selected,0.8,0.94,0.13453571581798135,1.0,0.98,0.192,0.13453571581798135,-0.057464284182018655,3.1070875403355416,2.629813037840452,3.584362042830631,0.026465293498508836,4.0863524706804935,0.8,0.94,0.16340912410011654,0.004520834551817804,1,False,15,False,False,-0.02242570244556541,0.09558579688320656,-0.03032836859701471,0.14760256274992983,-0.07110238871885366,0.25845971100951953,-0.11526788673405114,0.29660937304843527,-0.07460575625352758,0.21371405128268892,-0.13496834624240905,0.23250143370050852,-0.14341864121855355,0.18900014189974312,-0.09264960044396685,0.09013422020876778,7.0,8.0,True,7.0,10.0,True,0.15748742568459193,0.30478954134755715,True,0.11245463105596895,0.1760763380992623,True,0.02986146733730361,0.17317549542396923,False
A1.0_rho0.98,3,true_shape,1.0,0.98,0.13453571581798135,1.0,0.98,0.192,0.13453571581798135,-0.057464284182018655,2.9330567529889464,5.367547956528842,0.4985655494490507,0.04929242826303137,3.1175009532664033,0.8,0.94,0.16340912410011654,0.004520834551817804,1,False,15,False,False,-0.03851981452802999,0.09558579688320656,-0.042466577796342816,0.14760256274992983,-0.06556251579586292,0.25845971100951953,-0.05246285759936398,0.29660937304843527,0.005271754749534896,0.21371405128268892,-0.041989210823262874,0.23250143370050852,-0.04575459095040324,0.18900014189974312,-0.047933054789187704,0.09013422020876778,9.0,8.0,True,9.0,10.0,True,0.1949513991196189,0.30478954134755715,True,0.16928346141149309,0.1760763380992623,True,0.09591228818511158,0.17317549542396923,True
A1.0_rho0.98,3,true_everything,1.0,0.98,0.192,1.0,0.98,0.192,0.13453571581798135,-0.057464284182018655,0.40513425092659144,0.3117029524041322,0.4985655494490507,0.011664772588287664,1.334431850020418,0.8,0.94,0.16340912410011654,0.004520834551817804,1,False,15,False,False,-0.014145202870107398,0.09558579688320656,0.0024401897515641813,0.14760256274992983,0.016829726117569332,0.25845971100951953,-0.05246285759936398,0.29660937304843527,0.005271754749534868,0.21371405128268892,-0.0419892108232629,0.23250143370050852,-0.04575459095040321,0.18900014189974312,-0.047933054789187704,0.09013422020876778,9.0,8.0,True,9.0,10.0,True,0.19495139911961892,0.30478954134755715,True,0.1692834614114931,0.1760763380992623,True,0.09591228818511156,0.17317549542396923,True
A1.0_rho0.98,4,fixed_baseline,1.0,0.98,0.16633174217159025,1.0,0.98,0.192,0.16633174217159025,-0.025668257828409757,0.3670133548690068,0.3911783926522537,0.34284831708575997,0.015867035574209418,1.2906674714441584,0.8,0.96,0.2704473054015046,0.008242645741548647,1,False,10,False,False,-0.014712904461381057,0.08515536247111131,-0.0025714774554032316,0.1325556676419755,0.0019060287398733056,0.23990304909877166,0.03815748526572388,0.2030157336372776,0.04563049215678852,0.173272531748439,0.03568999654129479,0.15412024294647367,0.04350416455529883,0.0988689141854907,0.0017641764107903038,0.040862368431953046,9.0,9.0,True,9.0,6.0,True,0.19112487019994576,0.1630072087486642,True,0.16478912587732059,0.16253974683072084,True,0.09485656571583352,0.06480283859892025,True
A1.0_rho0.98,4,selected,0.8,0.96,0.16633174217159025,1.0,0.98,0.192,0.16633174217159025,-0.025668257828409757,0.17604618190455107,0.10502774424018411,0.24706461956891804,0.00668405920413849,0.879704376469767,0.8,0.96,0.2704473054015046,0.008242645741548647,1,False,10,False,False,0.002432890522288386,0.08515536247111131,0.010446057001795711,0.1325556676419755,-0.006583960758158175,0.23990304909877166,-0.020128794698043462,0.2030157336372776,-0.020858136300960534,0.173272531748439,-0.03492510283798361,0.15412024294647367,-0.028803856127068525,0.0988689141854907,-0.037268173977324494,0.040862368431953046,7.0,9.0,True,7.0,6.0,True,0.15631425442481217,0.1630072087486642,True,0.12552711566509525,0.16253974683072084,True,0.048917386674024385,0.06480283859892025,True
A1.0_rho0.98,4,true_shape,1.0,0.98,0.16633174217159025,1.0,0.98,0.192,0.16633174217159025,-0.025668257828409757,0.3670133548690068,0.3911783926522537,0.34284831708575997,0.015867035574209418,1.2906674714441584,0.8,0.96,0.2704473054015046,0.008242645741548647,1,False,10,False,False,-0.014712904461381057,0.08515536247111131,-0.0025714774554032316,0.1325556676419755,0.0019060287398733056,0.23990304909877166,0.03815748526572388,0.2030157336372776,0.04563049215678852,0.173272531748439,0.03568999654129479,0.15412024294647367,0.04350416455529883,0.0988689141854907,0.0017641764107903038,0.040862368431953046,9.0,9.0,True,9.0,6.0,True,0.19112487019994576,0.1630072087486642,True,0.16478912587732059,0.16253974683072084,True,0.09485656571583352,0.06480283859892025,True
A1.0_rho0.98,4,true_everything,1.0,0.98,0.192,1.0,0.98,0.192,0.16633174217159025,-0.025668257828409757,0.42792033788309747,0.5129923586804349,0.34284831708576,0.01928251127488717,1.312265995161812,0.8,0.96,0.2704473054015046,0.008242645741548647,1,False,10,False,False,-0.0038422483217045583,0.08515536247111131,0.017487638524299798,0.1325556676419755,0.03922192331403876,0.23990304909877166,0.038157485265723934,0.2030157336372776,0.04563049215678852,0.173272531748439,0.03568999654129476,0.15412024294647367,0.04350416455529883,0.0988689141854907,0.0017641764107903038,0.040862368431953046,9.0,9.0,True,9.0,6.0,True,0.19112487019994578,0.1630072087486642,True,0.16478912587732056,0.16253974683072084,True,0.09485656571583354,0.06480283859892025,True
A1.0_rho0.98,5,fixed_baseline,1.0,0.98,0.1986954232826009,1.0,0.98,0.192,0.1986954232826009,0.006695423282600893,0.33911550257557466,0.166326138365412,0.5119048667857373,0.014725920318292635,1.2361395417345322,0.6,0.96,0.06082864151063536,0.002540772118225063,1,True,15,False,False,0.006005416435442029,0.07865311232556757,-0.00830190405635231,0.163817471051058,0.02206770189251339,0.2637334298435803,0.07574617052232815,0.1671792164934199,0.027279496855027063,0.1909174576253327,0.014641863333806182,0.17860130608385466,0.0553437312005093,0.08688789747421026,-0.0005273646820725605,0.03999089423139881,9.0,5.0,True,9.0,8.0,True,0.19205568606499662,0.07073760718717931,False,0.16669381598370495,0.13499930075719332,True,0.09667732713516014,0.023404703268105984,True
A1.0_rho0.98,5,selected,0.6,0.96,0.1986954232826009,1.0,0.98,0.192,0.1986954232826009,0.006695423282600893,1.7462685169710814,2.180335333856511,1.312201700085652,0.01866647703654701,2.7572586192515107,0.6,0.96,0.06082864151063536,0.002540772118225063,1,True,15,False,False,0.043141764198379104,0.07865311232556757,0.017058743199185156,0.163817471051058,0.0036076861632653445,0.2637334298435803,-0.048801605162525574,0.1671792164934199,-0.0929133858467652,0.1909174576253327,-0.10053971987385939,0.17860130608385466,-0.03993852066185154,0.08688789747421026,-0.03799714086347738,0.03999089423139881,5.0,5.0,True,5.0,8.0,True,0.11004559554053583,0.07073760718717931,True,0.08971676311450585,0.13499930075719332,True,0.03869536490185893,0.023404703268105984,True
A1.0_rho0.98,5,true_shape,1.0,0.98,0.1986954232826009,1.0,0.98,0.192,0.1986954232826009,0.006695423282600893,0.33911550257557466,0.166326138365412,0.5119048667857373,0.014725920318292635,1.2361395417345322,0.6,0.96,0.06082864151063536,0.002540772118225063,1,True,15,False,False,0.006005416435442029,0.07865311232556757,-0.00830190405635231,0.163817471051058,0.02206770189251339,0.2637334298435803,0.07574617052232815,0.1671792164934199,0.027279496855027063,0.1909174576253327,0.014641863333806182,0.17860130608385466,0.0553437312005093,0.08688789747421026,-0.0005273646820725605,0.03999089423139881,9.0,5.0,True,9.0,8.0,True,0.19205568606499662,0.07073760718717931,False,0.16669381598370495,0.13499930075719332,True,0.09667732713516014,0.023404703268105984,True
A1.0_rho0.98,5,true_everything,1.0,0.98,0.192,1.0,0.98,0.192,0.1986954232826009,0.006695423282600893,0.3306330851688109,0.14936130355188415,0.5119048667857377,0.014523085775477087,1.2279945581350011,0.6,0.96,0.06082864151063536,0.002540772118225063,1,True,15,False,False,0.0031526849775512372,0.07865311232556757,-0.013542299284692777,0.163817471051058,0.012437084739858106,0.2637334298435803,0.07574617052232821,0.1671792164934199,0.02727949685502709,0.1909174576253327,0.014641863333806238,0.17860130608385466,0.05534373120050927,0.08688789747421026,-0.0005273646820725744,0.03999089423139881,9.0,5.0,True,9.0,8.0,True,0.19205568606499662,0.07073760718717931,False,0.16669381598370497,0.13499930075719332,True,0.09667732713516013,0.023404703268105984,True
A1.0_rho0.98,6,fixed_baseline,1.0,0.98,0.17779157526516753,1.0,0.98,0.192,0.17779157526516753,-0.01420842473483247,0.30170716197044983,0.06614444036985027,0.5372698835710494,0.011029391273531655,1.2999894273763941,0.8,0.96,0.17636860059044362,0.004599377788934128,1,False,15,False,False,-0.0009169952960146471,0.07626864199036447,-0.002488183900100277,0.14226671028699056,-0.019781499311824047,0.2752754997101902,0.04048230414596196,0.2032003164591293,0.057632743093257416,0.160563547594678,0.00010792851128593739,0.1907851337328519,-0.025948356717227394,0.16819103005148706,0.059879949764014936,-0.020449548181648063,9.0,8.0,True,9.0,11.0,True,0.1916292612111239,0.1168943393520913,True,0.16541529142355033,0.07609725143871066,True,0.09542210347340097,0.10791359147341308,True
A1.0_rho0.98,6,selected,0.8,0.96,0.17779157526516753,1.0,0.98,0.192,0.17779157526516753,-0.01420842473483247,0.7576029343795457,0.6505658405471696,0.8646400282119219,0.0143877997142227,1.7565409404061418,0.8,0.96,0.17636860059044362,0.004599377788934128,1,False,15,False,False,0.017380408714555082,0.07626864199036447,0.01044637557274658,0.14226671028699056,-0.025699732738614478,0.2752754997101902,-0.019038287597350156,0.2032003164591293,-0.007670494680662665,0.160563547594678,-0.07069181795491677,0.1907851337328519,-0.09763504559535774,0.16819103005148706,0.024268725798485172,-0.020449548181648063,7.0,8.0,True,7.0,11.0,True,0.15901814505249967,0.1168943393520913,True,0.12557654201023044,0.07609725143871066,True,0.05066086204493428,0.10791359147341308,True
A1.0_rho0.98,6,true_shape,1.0,0.98,0.17779157526516753,1.0,0.98,0.192,0.17779157526516753,-0.01420842473483247,0.30170716197044983,0.06614444036985027,0.5372698835710494,0.011029391273531655,1.2999894273763941,0.8,0.96,0.17636860059044362,0.004599377788934128,1,False,15,False,False,-0.0009169952960146471,0.07626864199036447,-0.002488183900100277,0.14226671028699056,-0.019781499311824047,0.2752754997101902,0.04048230414596196,0.2032003164591293,0.057632743093257416,0.160563547594678,0.00010792851128593739,0.1907851337328519,-0.025948356717227394,0.16819103005148706,0.059879949764014936,-0.020449548181648063,9.0,8.0,True,9.0,11.0,True,0.1916292612111239,0.1168943393520913,True,0.16541529142355033,0.07609725143871066,True,0.09542210347340097,0.10791359147341308,True
A1.0_rho0.98,6,true_everything,1.0,0.98,0.192,1.0,0.98,0.192,0.17779157526516753,-0.01420842473483247,0.3197023205597429,0.10213475754843654,0.5372698835710493,0.011207979942870353,1.3074126533455115,0.8,0.96,0.17636860059044362,0.004599377788934128,1,False,15,False,False,0.005104820974557042,0.07626864199036447,0.008682382920919551,0.14226671028699056,0.0006366069423515142,0.2752754997101902,0.04048230414596199,0.2032003164591293,0.05763274309325739,0.160563547594678,0.00010792851128590963,0.1907851337328519,-0.025948356717227394,0.16819103005148706,0.05987994976401493,-0.020449548181648063,9.0,8.0,True,9.0,11.0,True,0.19162926121112384,0.1168943393520913,True,0.16541529142355038,0.07609725143871066,True,0.095422103473401,0.10791359147341308,True
A1.0_rho0.98,7,fixed_baseline,1.0,0.98,0.18662978353277698,1.0,0.98,0.192,0.18662978353277698,-0.005370216467223021,0.8896281599790319,1.4735386664046553,0.30571765355340846,0.02360074383459489,1.7001977889896986,1.0,0.96,0.19191774942254786,0.007366556294350586,2,False,2,True,False,0.019176309281327485,0.060259884956054714,0.018505769065439104,0.1271755696058244,0.045521208677688274,0.22446266932527914,-0.016761805822821496,0.2576711405635462,0.060735040736460494,0.15618771161207892,-0.000619993209959091,0.19329767640198414,-0.01898367524110775,0.1632625564069118,-0.0340324713810686,0.07650410230711596,9.0,9.0,True,9.0,10.0,True,0.1916678202987745,0.2177293731697739,True,0.1686810084999308,0.10635587015563089,True,0.09864771326650848,0.1867663015506695,True
A1.0_rho0.98,7,selected,1.0,0.96,0.18662978353277698,1.0,0.98,0.192,0.18662978353277698,-0.005370216467223021,1.3391147365229985,1.866697702105327,0.8115317709406702,0.02118119372485512,2.2161566847532037,1.0,0.96,0.19191774942254786,0.007366556294350586,2,False,2,True,False,0.022685122483308458,0.060259884956054714,0.022134909350992354,0.1271755696058244,0.04591405982086416,0.22446266932527914,-0.010750557082843393,0.2576711405635462,0.046797569220253465,0.15618771161207892,-0.033393413126942495,0.19329767640198414,-0.0712758616612594,0.1632625564069118,-0.07057354551441337,0.07650410230711596,9.0,9.0,True,9.0,10.0,True,0.19696920363929965,0.2177293731697739,True,0.1516765117464517,0.10635587015563089,True,0.05605417585349125,0.1867663015506695,False
A1.0_rho0.98,7,true_shape,1.0,0.98,0.18662978353277698,1.0,0.98,0.192,0.18662978353277698,-0.005370216467223021,0.8896281599790319,1.4735386664046553,0.30571765355340846,0.02360074383459489,1.7001977889896986,1.0,0.96,0.19191774942254786,0.007366556294350586,2,False,2,True,False,0.019176309281327485,0.060259884956054714,0.018505769065439104,0.1271755696058244,0.045521208677688274,0.22446266932527914,-0.016761805822821496,0.2576711405635462,0.060735040736460494,0.15618771161207892,-0.000619993209959091,0.19329767640198414,-0.01898367524110775,0.1632625564069118,-0.0340324713810686,0.07650410230711596,9.0,9.0,True,9.0,10.0,True,0.1916678202987745,0.2177293731697739,True,0.1686810084999308,0.10635587015563089,True,0.09864771326650848,0.1867663015506695,True
A1.0_rho0.98,7,true_everything,1.0,0.98,0.192,1.0,0.98,0.192,0.18662978353277698,-0.005370216467223021,1.104526216539647,1.9033347795258857,0.30571765355340846,0.026999367343845546,1.867035316889432,1.0,0.96,0.19191774942254786,0.007366556294350586,2,False,2,True,False,0.021462062124802207,0.060259884956054714,0.022697706220861646,0.1271755696058244,0.053289914401346894,0.22446266932527914,-0.016761805822821496,0.2576711405635462,0.060735040736460494,0.15618771161207892,-0.000619993209959091,0.19329767640198414,-0.01898367524110775,0.1632625564069118,-0.0340324713810686,0.07650410230711596,9.0,9.0,True,9.0,10.0,True,0.1916678202987745,0.2177293731697739,True,0.16868100849993078,0.10635587015563089,True,0.09864771326650845,0.1867663015506695,True
A1.0_rho0.98,8,fixed_baseline,1.0,0.98,0.20187886791682222,1.0,0.98,0.192,0.20187886791682222,0.009878867916822215,1.9129119531218226,3.028606592051012,0.7972173141926329,0.04366339981090181,2.548671477645157,1.0,0.94,0.2476892803149513,0.006548021229482975,1,False,10,False,False,0.01489082183834621,0.07050688360291804,0.042653056205385315,0.11479455097490185,0.08022827663206106,0.2111850629049698,-0.03991102700893723,0.28516135725181896,-0.03504656928992586,0.25781700339314245,0.002490614879487152,0.19102714053506642,-0.07148372720272872,0.21463280862648026,-0.0735034384558303,0.1150255249750558,9.0,7.0,True,9.0,11.0,True,0.19251604101278946,0.2383743362944411,True,0.16980341833768667,0.18132797631909234,True,0.09573838718037787,0.16393689004667,True
A1.0_rho0.98,8,selected,1.0,0.94,0.20187886791682222,1.0,0.98,0.192,0.20187886791682222,0.009878867916822215,3.4127298166641546,3.9003120929880537,2.925147540340255,0.03555239799766732,4.071926258907505,1.0,0.94,0.2476892803149513,0.006548021229482975,1,False,10,False,False,0.02246749675468776,0.07050688360291804,0.04981844103298902,0.11479455097490185,0.07914068082689496,0.2111850629049698,-0.03594555986948034,0.28516135725181896,-0.0713333391228177,0.25781700339314245,-0.0614312028880688,0.19102714053506642,-0.15838497068351218,0.21463280862648026,-0.11985584695679047,0.1150255249750558,9.0,7.0,True,9.0,11.0,True,0.19543728450824893,0.2383743362944411,True,0.13370353658180084,0.18132797631909234,True,0.0306982066285263,0.16393689004667,False
A1.0_rho0.98,8,true_shape,1.0,0.98,0.20187886791682222,1.0,0.98,0.192,0.20187886791682222,0.009878867916822215,1.9129119531218226,3.028606592051012,0.7972173141926329,0.04366339981090181,2.548671477645157,1.0,0.94,0.2476892803149513,0.006548021229482975,1,False,10,False,False,0.01489082183834621,0.07050688360291804,0.042653056205385315,0.11479455097490185,0.08022827663206106,0.2111850629049698,-0.03991102700893723,0.28516135725181896,-0.03504656928992586,0.25781700339314245,0.002490614879487152,0.19102714053506642,-0.07148372720272872,0.21463280862648026,-0.0735034384558303,0.1150255249750558,9.0,7.0,True,9.0,11.0,True,0.19251604101278946,0.2383743362944411,True,0.16980341833768667,0.18132797631909234,True,0.09573838718037787,0.16393689004667,True
A1.0_rho0.98,8,true_everything,1.0,0.98,0.192,1.0,0.98,0.192,0.20187886791682222,0.009878867916822215,1.4403828217317898,2.0835483292709474,0.7972173141926324,0.03674916814030476,2.225333435063206,1.0,0.94,0.2476892803149513,0.006548021229482975,1,False,10,False,False,0.010711916630687074,0.07050688360291804,0.03494841563946624,0.11479455097490185,0.06596807238090324,0.2111850629049698,-0.0399110270089372,0.28516135725181896,-0.03504656928992583,0.25781700339314245,0.002490614879487152,0.19102714053506642,-0.07148372720272872,0.21463280862648026,-0.07350343845583028,0.1150255249750558,9.0,7.0,True,9.0,11.0,True,0.19251604101278946,0.2383743362944411,True,0.16980341833768667,0.18132797631909234,True,0.09573838718037786,0.16393689004667,True
A1.0_rho0.98,9,fixed_baseline,1.0,0.98,0.14992666124824428,1.0,0.98,0.192,0.14992666124824428,-0.04207333875175573,0.6959347694553938,1.2453596829939293,0.14650985591685822,0.0251596983740903,1.4814096658813831,1.0,0.96,0.15153390506900888,0.007116277193614698,1,False,2,True,False,-0.016405717422617525,0.0796401960143933,-0.025308032847007736,0.1421246855190333,-0.02308396070566382,0.2402398005444848,0.006698053861995484,0.2368068013673342,0.038780914213180834,0.18299442240743494,-0.009088449583275038,0.20017293446782608,-0.021774589797106225,0.1630745607516151,-0.021665857312336285,0.06627608803093747,9.0,11.0,True,9.0,9.0,True,0.1922144093668255,0.2797112293758782,True,0.16809928291011011,0.16329580507992422,True,0.09433649763691279,0.1237545142339103,True
A1.0_rho0.98,9,selected,1.0,0.96,0.14992666124824428,1.0,0.98,0.192,0.14992666124824428,-0.04207333875175573,0.7989725260695404,0.9067802112570901,0.6911648408819906,0.016235765311175866,1.724034248058953,1.0,0.96,0.15153390506900888,0.007116277193614698,1,False,2,True,False,-0.013430601283359059,0.0796401960143933,-0.022447256625259898,0.1421246855190333,-0.02266415015233053,0.2402398005444848,0.012369252917991874,0.2368068013673342,0.023073559958235818,0.18299442240743494,-0.042048855694961806,0.20017293446782608,-0.07158354921059905,0.1630745607516151,-0.05859972562150116,0.06627608803093747,9.0,11.0,True,9.0,9.0,True,0.1958274903235768,0.2797112293758782,True,0.15154360580966952,0.16329580507992422,True,0.054223132007995806,0.1237545142339103,True
A1.0_rho0.98,9,true_shape,1.0,0.98,0.14992666124824428,1.0,0.98,0.192,0.14992666124824428,-0.04207333875175573,0.6959347694553938,1.2453596829939293,0.14650985591685822,0.0251596983740903,1.4814096658813831,1.0,0.96,0.15153390506900888,0.007116277193614698,1,False,2,True,False,-0.016405717422617525,0.0796401960143933,-0.025308032847007736,0.1421246855190333,-0.02308396070566382,0.2402398005444848,0.006698053861995484,0.2368068013673342,0.038780914213180834,0.18299442240743494,-0.009088449583275038,0.20017293446782608,-0.021774589797106225,0.1630745607516151,-0.021665857312336285,0.06627608803093747,9.0,11.0,True,9.0,9.0,True,0.1922144093668255,0.2797112293758782,True,0.16809928291011011,0.16329580507992422,True,0.09433649763691279,0.1237545142339103,True
A1.0_rho0.98,9,true_everything,1.0,0.98,0.192,1.0,0.98,0.192,0.14992666124824428,-0.04207333875175573,0.20773236987512578,0.26895488383339333,0.14650985591685822,0.011545719552940382,1.0722467510405882,1.0,0.96,0.15153390506900888,0.007116277193614698,1,False,2,True,False,0.0013395295963717774,0.0796401960143933,0.007473772328913719,0.1421246855190333,0.03785564226683763,0.2402398005444848,0.006698053861995512,0.2368068013673342,0.038780914213180834,0.18299442240743494,-0.009088449583275038,0.20017293446782608,-0.021774589797106225,0.1630745607516151,-0.021665857312336292,0.06627608803093747,9.0,11.0,True,9.0,9.0,True,0.19221440936682543,0.2797112293758782,True,0.16809928291011011,0.16329580507992422,True,0.0943364976369128,0.1237545142339103,True
A1.0_rho0.98,10,fixed_baseline,1.0,0.98,0.1845129097290207,1.0,0.98,0.192,0.1845129097290207,-0.007487090270979296,0.8031245735938799,0.13033158389712743,1.4759175632906323,0.025982355484822355,1.9076226406965469,0.8,0.98,0.1625866490888792,0.00509201112283124,1,False,13,False,False,-0.0024236277702508052,0.08024710340894943,-0.0030491940603192547,0.1464947305921148,0.02586486379401831,0.23931063788182305,0.09978746953828169,0.14355785598482948,0.0732701312199574,0.14773770084465093,0.09210569459658231,0.09955191673283235,0.06394690479721762,0.08274034262455329,0.005322384020122882,0.03789453675068325,9.0,9.0,True,9.0,5.0,True,0.19300696079377158,0.10287541760377915,True,0.1697206260676773,0.103712692712617,True,0.09943773153274557,0.04130361954875554,True
A1.0_rho0.98,10,selected,0.8,0.98,0.1845129097290207,1.0,0.98,0.192,0.1845129097290207,-0.007487090270979296,0.3128054055897059,0.3954608172657122,0.23014999391369959,0.01149328407574788,1.145931584795056,0.8,0.98,0.1625866490888792,0.00509201112283124,1,False,13,False,False,0.013647856159567137,0.08024710340894943,0.00916647511288965,0.1464947305921148,0.019405415776484913,0.23931063788182305,0.035563821490026876,0.14355785598482948,0.01718020891392566,0.14773770084465093,0.04357798231456429,0.09955191673283235,0.02882953996508862,0.08274034262455329,-0.004574191656741229,0.03789453675068325,7.0,9.0,True,7.0,5.0,True,0.1553530402054391,0.10287541760377915,True,0.13874223188700816,0.103712692712617,True,0.08599288832532016,0.04130361954875554,True
A1.0_rho0.98,10,true_shape,1.0,0.98,0.1845129097290207,1.0,0.98,0.192,0.1845129097290207,-0.007487090270979296,0.8031245735938799,0.13033158389712743,1.4759175632906323,0.025982355484822355,1.9076226406965469,0.8,0.98,0.1625866490888792,0.00509201112283124,1,False,13,False,False,-0.0024236277702508052,0.08024710340894943,-0.0030491940603192547,0.1464947305921148,0.02586486379401831,0.23931063788182305,0.09978746953828169,0.14355785598482948,0.0732701312199574,0.14773770084465093,0.09210569459658231,0.09955191673283235,0.06394690479721762,0.08274034262455329,0.005322384020122882,0.03789453675068325,9.0,9.0,True,9.0,5.0,True,0.19300696079377158,0.10287541760377915,True,0.1697206260676773,0.103712692712617,True,0.09943773153274557,0.04130361954875554,True
A1.0_rho0.98,10,true_everything,1.0,0.98,0.192,1.0,0.98,0.192,0.1845129097290207,-0.007487090270979296,0.8499355137898058,0.22395346428897936,1.4759175632906323,0.02619496785720254,1.9484003705043738,0.8,0.98,0.1625866490888792,0.00509201112283124,1,False,13,False,False,0.0007342617680152069,0.08024710340894943,0.0027714809404701113,0.1464947305921148,0.03662504811724554,0.23931063788182305,0.09978746953828169,0.14355785598482948,0.0732701312199574,0.14773770084465093,0.09210569459658231,0.09955191673283235,0.06394690479721762,0.08274034262455329,0.005322384020122882,0.03789453675068325,9.0,9.0,True,9.0,5.0,True,0.1930069607937715,0.10287541760377915,True,0.1697206260676773,0.103712692712617,True,0.0994377315327456,0.04130361954875554,True
A1.0_rho0.98,11,fixed_baseline,1.0,0.98,0.172758863346539,1.0,0.98,0.192,0.172758863346539,-0.019241136653461,2.9019894193285225,4.719831175605994,1.084147663051051,0.0530978972837106,3.219295092072219,1.0,0.98,0.18153448401659542,0.008663687823847134,1,False,1,True,True,-0.03818944806500982,0.11134560883879399,-0.0595130310462868,0.19398456193434818,-0.07645989230089112,0.324445987070507,0.0779166228556486,0.16386151335872937,0.028838419900511336,0.18652653517229267,0.10752989902946528,0.08407161101793173,-0.0295832833901907,0.1708514957892666,0.03310104512274381,0.009810310948345361,9.0,6.0,True,9.0,7.0,True,0.1907437204583026,0.16924268895648203,True,0.1602608330527172,0.1644587571777965,True,0.09491390695233201,0.12289478339660109,True
A1.0_rho0.98,11,selected,1.0,0.98,0.172758863346539,1.0,0.98,0.192,0.172758863346539,-0.019241136653461,2.9019894193285225,4.719831175605994,1.084147663051051,0.0530978972837106,3.219295092072219,1.0,0.98,0.18153448401659542,0.008663687823847134,1,False,1,True,True,-0.03818944806500982,0.11134560883879399,-0.0595130310462868,0.19398456193434818,-0.07645989230089112,0.324445987070507,0.0779166228556486,0.16386151335872937,0.028838419900511336,0.18652653517229267,0.10752989902946528,0.08407161101793173,-0.0295832833901907,0.1708514957892666,0.03310104512274381,0.009810310948345361,9.0,6.0,True,9.0,7.0,True,0.1907437204583026,0.16924268895648203,True,0.1602608330527172,0.1644587571777965,True,0.09491390695233201,0.12289478339660109,True
A1.0_rho0.98,11,true_shape,1.0,0.98,0.172758863346539,1.0,0.98,0.192,0.172758863346539,-0.019241136653461,2.9019894193285225,4.719831175605994,1.084147663051051,0.0530978972837106,3.219295092072219,1.0,0.98,0.18153448401659542,0.008663687823847134,1,False,1,True,True,-0.03818944806500982,0.11134560883879399,-0.0595130310462868,0.19398456193434818,-0.07645989230089112,0.324445987070507,0.0779166228556486,0.16386151335872937,0.028838419900511336,0.18652653517229267,0.10752989902946528,0.08407161101793173,-0.0295832833901907,0.1708514957892666,0.03310104512274381,0.009810310948345361,9.0,6.0,True,9.0,7.0,True,0.1907437204583026,0.16924268895648203,True,0.1602608330527172,0.1644587571777965,True,0.09491390695233201,0.12289478339660109,True
A1.0_rho0.98,11,true_everything,1.0,0.98,0.192,1.0,0.98,0.192,0.172758863346539,-0.019241136653461,1.7376265644486137,2.391105465846177,1.0841476630510507,0.03940808929650089,2.495340174016224,1.0,0.98,0.18153448401659542,0.008663687823847134,1,False,1,True,True,-0.030041630585640272,0.11134560883879399,-0.044536172251915,0.19398456193434818,-0.04884027125691015,0.324445987070507,0.07791662285564857,0.16386151335872937,0.028838419900511336,0.18652653517229267,0.10752989902946528,0.08407161101793173,-0.0295832833901907,0.1708514957892666,0.03310104512274381,0.009810310948345361,9.0,6.0,True,9.0,7.0,True,0.19074372045830257,0.16924268895648203,True,0.16026083305271724,0.1644587571777965,True,0.09491390695233201,0.12289478339660109,True
A1.0_rho0.98,12,fixed_baseline,1.0,0.98,0.17471620976900376,1.0,0.98,0.192,0.17471620976900376,-0.017283790230996243,1.308498139340705,1.7484385197530683,0.8685577589283413,0.0351184477790781,2.2322893009276052,0.8,0.96,0.17644013272808004,0.004902366593384486,1,False,15,False,False,-0.03009427253954644,0.10514627314966896,-0.022705624347165554,0.15919790952215895,-0.03694711174715226,0.28776399451933654,-0.0586449786504461,0.2966267689462614,0.09334643543792229,0.12430197160658216,0.03595468427400911,0.15369669833938038,0.016096219591929986,0.1248062092092566,0.04958634715530543,-0.010792534953450972,9.0,9.0,True,9.0,8.0,True,0.19016915142292007,0.28834413917844737,True,0.1661895404853956,0.12881177499581048,True,0.09272612753997388,0.09792412338345817,True
A1.0_rho0.98,12,selected,0.8,0.96,0.17471620976900376,1.0,0.98,0.192,0.17471620976900376,-0.017283790230996243,0.7557382226841072,0.5116362783305033,0.9998401670377112,0.016546589379756383,1.7647164373847615,0.8,0.96,0.17644013272808004,0.004902366593384486,1,False,15,False,False,-0.012619184505369738,0.10514627314966896,-0.009074408875250961,0.15919790952215895,-0.043218225902482144,0.28776399451933654,-0.1156890527836108,0.2966267689462614,0.02785541963318569,0.12430197160658216,-0.03526048029379328,0.15369669833938038,-0.05624549355730171,0.1248062092092566,0.014635446448317537,-0.010792534953450972,7.0,9.0,True,7.0,8.0,True,0.15588465230744114,0.28834413917844737,True,0.12461885986580971,0.12881177499581048,True,0.04834390665445014,0.09792412338345817,True
A1.0_rho0.98,12,true_shape,1.0,0.98,0.17471620976900376,1.0,0.98,0.192,0.17471620976900376,-0.017283790230996243,1.308498139340705,1.7484385197530683,0.8685577589283413,0.0351184477790781,2.2322893009276052,0.8,0.96,0.17644013272808004,0.004902366593384486,1,False,15,False,False,-0.03009427253954644,0.10514627314966896,-0.022705624347165554,0.15919790952215895,-0.03694711174715226,0.28776399451933654,-0.0586449786504461,0.2966267689462614,0.09334643543792229,0.12430197160658216,0.03595468427400911,0.15369669833938038,0.016096219591929986,0.1248062092092566,0.04958634715530543,-0.010792534953450972,9.0,9.0,True,9.0,8.0,True,0.19016915142292007,0.28834413917844737,True,0.1661895404853956,0.12881177499581048,True,0.09272612753997388,0.09792412338345817,True
A1.0_rho0.98,12,true_everything,1.0,0.98,0.192,1.0,0.98,0.192,0.17471620976900376,-0.017283790230996243,0.7765204398683127,0.6844831208082844,0.8685577589283409,0.023550552022843875,1.854825947426379,0.8,0.96,0.17644013272808004,0.004902366593384486,1,False,15,False,False,-0.022669758027258236,0.10514627314966896,-0.009203133489374349,0.15919790952215895,-0.012135067152330259,0.28776399451933654,-0.0586449786504461,0.2966267689462614,0.09334643543792226,0.12430197160658216,0.03595468427400908,0.15369669833938038,0.016096219591929986,0.1248062092092566,0.04958634715530541,-0.010792534953450972,9.0,9.0,True,9.0,8.0,True,0.19016915142292004,0.28834413917844737,True,0.16618954048539564,0.12881177499581048,True,0.09272612753997388,0.09792412338345817,True
A1.0_rho0.98,13,fixed_baseline,1.0,0.98,0.18663160081138777,1.0,0.98,0.192,0.18663160081138777,-0.005368399188612233,0.5227757112993575,0.7323018201490977,0.31324960244961725,0.016508133304734808,1.3981016337192131,1.4,0.98,1.079585697854876,0.033479996961266245,1,False,13,False,False,-0.021549622840979332,0.10133552922731437,-0.0030774588669989222,0.14901896331233933,-0.025186031884521454,0.29313989837785936,-0.019466356973947913,0.2632476886806692,0.022531016232128276,0.19477604710716545,0.06618548537606556,0.12266313844752044,0.014504067551531857,0.12680669867894068,-0.02202921762575344,0.0634697105463947,9.0,10.0,True,9.0,4.0,True,0.1936279247490087,0.22021417754854958,True,0.16626250235561207,0.18091452961992477,True,0.09560338127357654,0.09247211564199433,True
A1.0_rho0.98,13,selected,1.4,0.98,0.18663160081138777,1.0,0.98,0.192,0.18663160081138777,-0.005368399188612233,4.1740819913405804,5.990795923829359,2.357368058851802,0.08397466143152084,3.9217390068862867,1.4,0.98,1.079585697854876,0.033479996961266245,1,False,13,False,False,-0.04968148763425096,0.10133552922731437,-0.03110220900785382,0.14901896331233933,-0.023507066435995427,0.29313989837785936,0.08789066597895273,0.2632476886806692,0.11614218643414564,0.19477604710716545,0.1434753558199329,0.12266313844752044,0.0676938788779099,0.12680669867894068,-0.010697710869051816,0.0634697105463947,12.0,10.0,True,12.0,4.0,False,0.24659287146821623,0.22021417754854958,True,0.20214170822873243,0.18091452961992477,True,0.10086354324668068,0.09247211564199433,True
A1.0_rho0.98,13,true_shape,1.0,0.98,0.18663160081138777,1.0,0.98,0.192,0.18663160081138777,-0.005368399188612233,0.5227757112993575,0.7323018201490977,0.31324960244961725,0.016508133304734808,1.3981016337192131,1.4,0.98,1.079585697854876,0.033479996961266245,1,False,13,False,False,-0.021549622840979332,0.10133552922731437,-0.0030774588669989222,0.14901896331233933,-0.025186031884521454,0.29313989837785936,-0.019466356973947913,0.2632476886806692,0.022531016232128276,0.19477604710716545,0.06618548537606556,0.12266313844752044,0.014504067551531857,0.12680669867894068,-0.02202921762575344,0.0634697105463947,9.0,10.0,True,9.0,4.0,True,0.1936279247490087,0.22021417754854958,True,0.16626250235561207,0.18091452961992477,True,0.09560338127357654,0.09247211564199433,True
A1.0_rho0.98,13,true_everything,1.0,0.98,0.192,1.0,0.98,0.192,0.18663160081138777,-0.005368399188612233,0.42488537261246934,0.5365211427753211,0.3132496024496175,0.013550943499241278,1.3125158768248997,1.4,0.98,1.079585697854876,0.033479996961266245,1,False,13,False,False,-0.019254606384790013,0.10133552922731437,0.0011205025213353315,0.14901896331233933,-0.01747842334869748,0.29313989837785936,-0.019466356973947885,0.2632476886806692,0.02253101623212833,0.19477604710716545,0.06618548537606558,0.12266313844752044,0.014504067551531885,0.12680669867894068,-0.02202921762575344,0.0634697105463947,9.0,10.0,True,9.0,4.0,True,0.19362792474900864,0.22021417754854958,True,0.16626250235561207,0.18091452961992477,True,0.09560338127357654,0.09247211564199433,True
A1.0_rho0.98,14,fixed_baseline,1.0,0.98,0.20701805642179796,1.0,0.98,0.192,0.20701805642179796,0.01501805642179796,0.5316371508738345,0.850621227306195,0.21265307444147377,0.021404823347724547,1.320621947795981,1.0,0.96,0.4552417903500594,0.007633407442390328,1,False,3,True,False,0.0032816406304649604,0.08443649202923538,0.020266292934598196,0.14133795996136617,0.06093161400767225,0.23589301869996773,0.004382294014808302,0.2362940794276482,0.026799842675163082,0.1904301227169893,0.02245215770270731,0.1660131630449132,0.05058894934358746,0.0922370728440981,-0.011937200790726077,0.05110459371942267,9.0,7.0,True,9.0,9.0,True,0.19473515479715647,0.2558670461550497,True,0.16669037566415779,0.13877412094940922,True,0.09502453799845728,0.08591451768506873,True
A1.0_rho0.98,14,selected,1.0,0.96,0.20701805642179796,1.0,0.98,0.192,0.20701805642179796,0.01501805642179796,0.6143322668710879,1.042216436893128,0.1864480968490478,0.01651769808089048,1.394420186384884,1.0,0.96,0.4552417903500594,0.007633407442390328,1,False,3,True,False,0.007210818766997459,0.08443649202923538,0.023954981421426297,0.14133795996136617,0.06279321752894348,0.23589301869996773,0.01072368232724999,0.2362940794276482,0.011994718493084117,0.1904301227169893,-0.008423866669142577,0.1660131630449132,0.0007289191362078173,0.0922370728440981,-0.04839586379819842,0.05110459371942267,9.0,7.0,True,9.0,9.0,True,0.20059675468361493,0.2558670461550497,True,0.1504186742615666,0.13877412094940922,True,0.05484244649343992,0.08591451768506873,True
A1.0_rho0.98,14,true_shape,1.0,0.98,0.20701805642179796,1.0,0.98,0.192,0.20701805642179796,0.01501805642179796,0.5316371508738345,0.850621227306195,0.21265307444147377,0.021404823347724547,1.320621947795981,1.0,0.96,0.4552417903500594,0.007633407442390328,1,False,3,True,False,0.0032816406304649604,0.08443649202923538,0.020266292934598196,0.14133795996136617,0.06093161400767225,0.23589301869996773,0.004382294014808302,0.2362940794276482,0.026799842675163082,0.1904301227169893,0.02245215770270731,0.1660131630449132,0.05058894934358746,0.0922370728440981,-0.011937200790726077,0.05110459371942267,9.0,7.0,True,9.0,9.0,True,0.19473515479715647,0.2558670461550497,True,0.16669037566415779,0.13877412094940922,True,0.09502453799845728,0.08591451768506873,True
A1.0_rho0.98,14,true_everything,1.0,0.98,0.192,1.0,0.98,0.192,0.20701805642179796,0.01501805642179796,0.2672025997375613,0.32175212503364875,0.2126530744414738,0.013934551509707847,1.093111908463712,1.0,0.96,0.4552417903500594,0.007633407442390328,1,False,3,True,False,-0.003081842286281375,0.08443649202923538,0.008542765866750845,0.14133795996136617,0.03939856921712412,0.23589301869996773,0.004382294014808358,0.2362940794276482,0.026799842675163138,0.1904301227169893,0.02245215770270731,0.1660131630449132,0.05058894934358743,0.0922370728440981,-0.011937200790726084,0.05110459371942267,9.0,7.0,True,9.0,9.0,True,0.19473515479715642,0.2558670461550497,True,0.16669037566415773,0.13877412094940922,True,0.09502453799845725,0.08591451768506873,True
A1.0_rho0.98,15,fixed_baseline,1.0,0.98,0.19165818748772728,1.0,0.98,0.192,0.19165818748772728,-0.00034181251227272114,0.26674997202940504,0.3541080040416793,0.1793919400171308,0.009550646553803195,1.1570871675298608,1.0,0.98,0.13546321750925017,0.00864799245260024,1,False,1,True,True,-0.004801711098263717,0.08595527477064913,0.020089902718612745,0.12962661487773347,-0.0008515058737698644,0.2756564669119365,-0.03784718051381253,0.28060675343162494,0.005306812875913752,0.21632114981860848,-0.042269973021719726,0.2321457289989099,-0.012597056390076966,0.15611657213932106,0.0076557540828195506,0.03345081751649476,9.0,13.0,True,9.0,9.0,True,0.19496549275667488,0.25252461741497695,True,0.1685891646170536,0.17527324526842747,True,0.09658009054384747,0.1237256205251386,True
A1.0_rho0.98,15,selected,1.0,0.98,0.19165818748772728,1.0,0.98,0.192,0.19165818748772728,-0.00034181251227272114,0.26674997202940504,0.3541080040416793,0.1793919400171308,0.009550646553803195,1.1570871675298608,1.0,0.98,0.13546321750925017,0.00864799245260024,1,False,1,True,True,-0.004801711098263717,0.08595527477064913,0.020089902718612745,0.12962661487773347,-0.0008515058737698644,0.2756564669119365,-0.03784718051381253,0.28060675343162494,0.005306812875913752,0.21632114981860848,-0.042269973021719726,0.2321457289989099,-0.012597056390076966,0.15611657213932106,0.0076557540828195506,0.03345081751649476,9.0,13.0,True,9.0,9.0,True,0.19496549275667488,0.25252461741497695,True,0.1685891646170536,0.17527324526842747,True,0.09658009054384747,0.1237256205251386,True
A1.0_rho0.98,15,true_shape,1.0,0.98,0.19165818748772728,1.0,0.98,0.192,0.19165818748772728,-0.00034181251227272114,0.26674997202940504,0.3541080040416793,0.1793919400171308,0.009550646553803195,1.1570871675298608,1.0,0.98,0.13546321750925017,0.00864799245260024,1,False,1,True,True,-0.004801711098263717,0.08595527477064913,0.020089902718612745,0.12962661487773347,-0.0008515058737698644,0.2756564669119365,-0.03784718051381253,0.28060675343162494,0.005306812875913752,0.21632114981860848,-0.042269973021719726,0.2321457289989099,-0.012597056390076966,0.15611657213932106,0.0076557540828195506,0.03345081751649476,9.0,13.0,True,9.0,9.0,True,0.19496549275667488,0.25252461741497695,True,0.1685891646170536,0.17527324526842747,True,0.09658009054384747,0.1237256205251386,True
A1.0_rho0.98,15,true_everything,1.0,0.98,0.192,1.0,0.98,0.192,0.19165818748772728,-0.00034181251227272114,0.2695669454842579,0.3597419509513849,0.17939194001713094,0.009638865180686204,1.159588191307626,1.0,0.98,0.13546321750925017,0.00864799245260024,1,False,1,True,True,-0.004656977894624714,0.08595527477064913,0.020356914421473637,0.12962661487773347,-0.0003614053706360032,0.2756564669119365,-0.03784718051381253,0.28060675343162494,0.0053068128759137245,0.21632114981860848,-0.04226997302171975,0.2321457289989099,-0.012597056390076966,0.15611657213932106,0.007655754082819564,0.03345081751649476,9.0,13.0,True,9.0,9.0,True,0.19496549275667485,0.25252461741497695,True,0.1685891646170536,0.17527324526842747,True,0.09658009054384746,0.1237256205251386,True
A1.0_rho0.98,16,fixed_baseline,1.0,0.98,0.15707327848086683,1.0,0.98,0.192,0.15707327848086683,-0.034926721519133175,1.2898093858976791,2.1295080473777515,0.4501107244176068,0.03237039773813534,2.054950607469512,0.8,0.98,0.2119671873582645,0.004936408303951169,1,False,8,False,False,-0.026739495157118667,0.09281330056644967,-0.014654014798629239,0.13672584714206026,-0.05960580337997343,0.28368783138544174,-0.03679744898350987,0.27946901295932164,0.07810337709128157,0.13951675458766377,-0.008448003490105105,0.19756499423874319,-0.013013616145093165,0.15474370848664587,-0.02128952847024048,0.060985191195264445,9.0,9.0,True,9.0,12.0,True,0.1948678022480798,0.28492376404218667,True,0.1654053103999434,0.09471956726985391,True,0.09354155891126464,0.17158756428681438,True
A1.0_rho0.98,16,selected,0.8,0.98,0.15707327848086683,1.0,0.98,0.192,0.15707327848086683,-0.034926721519133175,0.9741883325879206,1.0193871775755239,0.9289894876003174,0.020641032825000846,1.9071186859613627,0.8,0.98,0.2119671873582645,0.004936408303951169,1,False,8,False,False,-0.013118399566372743,0.09281330056644967,-0.004162961683645716,0.13672584714206026,-0.06541968168225654,0.28368783138544174,-0.1013418267809158,0.27946901295932164,0.021053950823264223,0.13951675458766377,-0.05692960534647362,0.19756499423874319,-0.047700247256976025,0.15474370848664587,-0.029495360223875604,0.060985191195264445,7.0,9.0,True,7.0,12.0,True,0.15424154961993297,0.28492376404218667,True,0.13518678394852376,0.09471956726985391,True,0.08146186094909474,0.17158756428681438,True
A1.0_rho0.98,16,true_shape,1.0,0.98,0.15707327848086683,1.0,0.98,0.192,0.15707327848086683,-0.034926721519133175,1.2898093858976791,2.1295080473777515,0.4501107244176068,0.03237039773813534,2.054950607469512,0.8,0.98,0.2119671873582645,0.004936408303951169,1,False,8,False,False,-0.026739495157118667,0.09281330056644967,-0.014654014798629239,0.13672584714206026,-0.05960580337997343,0.28368783138544174,-0.03679744898350987,0.27946901295932164,0.07810337709128157,0.13951675458766377,-0.008448003490105105,0.19756499423874319,-0.013013616145093165,0.15474370848664587,-0.02128952847024048,0.060985191195264445,9.0,9.0,True,9.0,12.0,True,0.1948678022480798,0.28492376404218667,True,0.1654053103999434,0.09471956726985391,True,0.09354155891126464,0.17158756428681438,True
A1.0_rho0.98,16,true_everything,1.0,0.98,0.192,1.0,0.98,0.192,0.15707327848086683,-0.034926721519133175,0.4032124349587134,0.35631414549982005,0.4501107244176067,0.009903440793864595,1.3832371316020962,0.8,0.98,0.2119671873582645,0.004936408303951169,1,False,8,False,False,-0.012047362774319989,0.09281330056644967,0.012489805810607463,0.13672584714206026,-0.009779055856250385,0.28368783138544174,-0.03679744898350984,0.27946901295932164,0.07810337709128157,0.13951675458766377,-0.008448003490105077,0.19756499423874319,-0.013013616145093165,0.15474370848664587,-0.02128952847024048,0.060985191195264445,9.0,9.0,True,9.0,12.0,True,0.19486780224807987,0.28492376404218667,True,0.16540531039994338,0.09471956726985391,True,0.09354155891126466,0.17158756428681438,True
A1.0_rho0.98,17,fixed_baseline,1.0,0.98,0.22535181334232401,1.0,0.98,0.192,0.22535181334232401,0.03335181334232401,0.24743552753653308,0.10092986989613593,0.3939411851769302,0.012596282528395968,1.1215105349771584,1.0,0.99,0.1533987505975613,0.014087499783222796,2,True,1,True,False,0.0034751796173381616,0.0931530584423834,-0.01199406071100309,0.18848183245129277,0.012232716210366978,0.3124573125372355,0.028711690157578018,0.21905151386527916,0.06265299300835431,0.15523251631190302,0.019946545477256078,0.16991885454797584,0.04301454275199128,0.09931134922816566,-0.01060009766434869,0.05152271985045101,9.0,8.0,True,9.0,11.0,True,0.19498149972460826,0.17659546988005892,True,0.16813968779621377,0.07884783528695831,True,0.09528341970665977,0.06971072547887555,True
A1.0_rho0.98,17,selected,1.0,0.99,0.22535181334232401,1.0,0.98,0.192,0.22535181334232401,0.03335181334232401,0.34805079809822664,0.11782001115021734,0.578281585046236,0.020613564695941416,1.36156132424138,1.0,0.99,0.1533987505975613,0.014087499783222796,2,True,1,True,False,0.0027889762982918065,0.0931530584423834,-0.0145776551135052,0.18848183245129277,0.005291010809028107,0.3124573125372355,0.00815540008447746,0.21905151386527916,0.057329375889862366,0.15523251631190302,0.026995380979282224,0.16991885454797584,0.06949813214772076,0.09931134922816566,0.03200685633598874,0.05152271985045101,8.0,8.0,True,8.0,11.0,True,0.18514054564296906,0.17659546988005892,True,0.1675177384200883,0.07884783528695831,True,0.12116699284387192,0.06971072547887555,True
A1.0_rho0.98,17,true_shape,1.0,0.98,0.22535181334232401,1.0,0.98,0.192,0.22535181334232401,0.03335181334232401,0.24743552753653308,0.10092986989613593,0.3939411851769302,0.012596282528395968,1.1215105349771584,1.0,0.99,0.1533987505975613,0.014087499783222796,2,True,1,True,False,0.0034751796173381616,0.0931530584423834,-0.01199406071100309,0.18848183245129277,0.012232716210366978,0.3124573125372355,0.028711690157578018,0.21905151386527916,0.06265299300835431,0.15523251631190302,0.019946545477256078,0.16991885454797584,0.04301454275199128,0.09931134922816566,-0.01060009766434869,0.05152271985045101,9.0,8.0,True,9.0,11.0,True,0.19498149972460826,0.17659546988005892,True,0.16813968779621377,0.07884783528695831,True,0.09528341970665977,0.06971072547887555,True
A1.0_rho0.98,17,true_everything,1.0,0.98,0.192,1.0,0.98,0.192,0.22535181334232401,0.03335181334232401,0.7756881108901146,1.157435036603299,0.3939411851769302,0.024817807977209644,1.5818577777429335,1.0,0.99,0.1533987505975613,0.014087499783222796,2,True,1,True,False,-0.010825690260597778,0.0931530584423834,-0.038114051196028925,0.18848183245129277,-0.03582104059013369,0.3124573125372355,0.028711690157578018,0.21905151386527916,0.06265299300835431,0.15523251631190302,0.019946545477256078,0.16991885454797584,0.04301454275199128,0.09931134922816566,-0.01060009766434869,0.05152271985045101,9.0,8.0,True,9.0,11.0,True,0.19498149972460832,0.17659546988005892,True,0.16813968779621374,0.07884783528695831,True,0.09528341970665977,0.06971072547887555,True
A1.0_rho0.98,18,fixed_baseline,1.0,0.98,0.21225433696551488,1.0,0.98,0.192,0.21225433696551488,0.020254336965514874,2.0168761477456467,3.6779974173619827,0.3557548781293103,0.03989374442979421,2.507650240822529,1.0,0.98,0.1282895528010857,0.01076058813595731,1,False,1,True,True,0.034544699775420205,0.05569093320414995,0.02465738197609091,0.14120912720033296,0.07111278090124912,0.2347064957936365,0.016334395415625702,0.22933471896240742,0.007686564932422674,0.21163874751215936,0.001505291771800088,0.19107132998706977,-0.01069215059102635,0.15540919157267907,-0.07276797042150471,0.11493087442859114,9.0,8.0,True,9.0,6.0,True,0.19807637254526217,0.15729176844402698,True,0.16874290385097107,0.1470912150709604,True,0.09863349680399594,0.12110118333856013,True
A1.0_rho0.98,18,selected,1.0,0.98,0.21225433696551488,1.0,0.98,0.192,0.21225433696551488,0.020254336965514874,2.0168761477456467,3.6779974173619827,0.3557548781293103,0.03989374442979421,2.507650240822529,1.0,0.98,0.1282895528010857,0.01076058813595731,1,False,1,True,True,0.034544699775420205,0.05569093320414995,0.02465738197609091,0.14120912720033296,0.07111278090124912,0.2347064957936365,0.016334395415625702,0.22933471896240742,0.007686564932422674,0.21163874751215936,0.001505291771800088,0.19107132998706977,-0.01069215059102635,0.15540919157267907,-0.07276797042150471,0.11493087442859114,9.0,8.0,True,9.0,6.0,True,0.19807637254526217,0.15729176844402698,True,0.16874290385097107,0.1470912150709604,True,0.09863349680399594,0.12110118333856013,True
A1.0_rho0.98,18,true_shape,1.0,0.98,0.21225433696551488,1.0,0.98,0.192,0.21225433696551488,0.020254336965514874,2.0168761477456467,3.6779974173619827,0.3557548781293103,0.03989374442979421,2.507650240822529,1.0,0.98,0.1282895528010857,0.01076058813595731,1,False,1,True,True,0.034544699775420205,0.05569093320414995,0.02465738197609091,0.14120912720033296,0.07111278090124912,0.2347064957936365,0.016334395415625702,0.22933471896240742,0.007686564932422674,0.21163874751215936,0.001505291771800088,0.19107132998706977,-0.01069215059102635,0.15540919157267907,-0.07276797042150471,0.11493087442859114,9.0,8.0,True,9.0,6.0,True,0.19807637254526217,0.15729176844402698,True,0.16874290385097107,0.1470912150709604,True,0.09863349680399594,0.12110118333856013,True
A1.0_rho0.98,18,true_everything,1.0,0.98,0.192,1.0,0.98,0.192,0.21225433696551488,0.020254336965514874,1.1454962648887441,1.935237651648178,0.3557548781293103,0.027949180042087282,1.8941974578982281,1.0,0.98,0.1282895528010857,0.01076058813595731,1,False,1,True,True,0.02593397858689777,0.05569093320414995,0.008829596234785742,0.14120912720033296,0.04193002417041908,0.2347064957936365,0.016334395415625702,0.22933471896240742,0.007686564932422646,0.21163874751215936,0.001505291771800088,0.19107132998706977,-0.01069215059102635,0.15540919157267907,-0.07276797042150471,0.11493087442859114,9.0,8.0,True,9.0,6.0,True,0.1980763725452621,0.15729176844402698,True,0.1687429038509711,0.1470912150709604,True,0.09863349680399591,0.12110118333856013,True
A1.0_rho0.98,19,fixed_baseline,1.0,0.98,0.20987581250019788,1.0,0.98,0.192,0.20987581250019788,0.017875812500197874,0.1501009565687802,0.19338306577781117,0.1068188473597492,0.00957217600431156,1.0193630982020971,1.2,0.98,0.21785370080178015,0.0136227646579022,1,False,7,False,False,-0.0031537299435958066,0.0924904106190426,-0.008762690871049583,0.1732100052389287,-0.03652291465866292,0.33768950223709565,0.028580357270562518,0.21515771155555719,0.005628185241366268,0.21362719130555355,-0.024226106042119944,0.21828886389886848,-0.0237601267492229,0.1669226107646984,0.003533787738072794,0.03773215715306048,9.0,5.0,True,9.0,14.0,True,0.19685048506585495,0.13860670766611022,True,0.16770612192110113,0.1398333932242419,True,0.09523847490437233,0.11542678308572356,True
A1.0_rho0.98,19,selected,1.2,0.98,0.20987581250019788,1.0,0.98,0.192,0.20987581250019788,0.017875812500197874,0.8173580866577737,1.0802939585404703,0.554422214775077,0.029029773999428774,1.7618429971038236,1.2,0.98,0.21785370080178015,0.0136227646579022,1,False,7,False,False,-0.019817442586090903,0.0924904106190426,-0.02390076235177513,0.1732100052389287,-0.03250887844590533,0.33768950223709565,0.08661471848401997,0.21515771155555719,0.05605959429738691,0.21362719130555355,0.018232147064280446,0.21828886389886848,0.00737451145079554,0.1669226107646984,0.009449527985558634,0.03773215715306048,11.0,5.0,True,10.0,14.0,True,0.22728683490144586,0.13860670766611022,True,0.1896291011358831,0.1398333932242419,True,0.09979347734243024,0.11542678308572356,True
A1.0_rho0.98,19,true_shape,1.0,0.98,0.20987581250019788,1.0,0.98,0.192,0.20987581250019788,0.017875812500197874,0.1501009565687802,0.19338306577781117,0.1068188473597492,0.00957217600431156,1.0193630982020971,1.2,0.98,0.21785370080178015,0.0136227646579022,1,False,7,False,False,-0.0031537299435958066,0.0924904106190426,-0.008762690871049583,0.1732100052389287,-0.03652291465866292,0.33768950223709565,0.028580357270562518,0.21515771155555719,0.005628185241366268,0.21362719130555355,-0.024226106042119944,0.21828886389886848,-0.0237601267492229,0.1669226107646984,0.003533787738072794,0.03773215715306048,9.0,5.0,True,9.0,14.0,True,0.19685048506585495,0.13860670766611022,True,0.16770612192110113,0.1398333932242419,True,0.09523847490437233,0.11542678308572356,True
A1.0_rho0.98,19,true_everything,1.0,0.98,0.192,1.0,0.98,0.192,0.20987581250019788,0.017875812500197874,0.5087131782371136,0.910607509114478,0.1068188473597492,0.020212730616787914,1.3702459386333243,1.2,0.98,0.21785370080178015,0.0136227646579022,1,False,7,False,False,-0.010762828553483636,0.0924904106190426,-0.0227692089294301,0.1732100052389287,-0.06217426240923529,0.33768950223709565,0.02858035727056249,0.21515771155555719,0.00562818524136624,0.21362719130555355,-0.02422610604212,0.21828886389886848,-0.02376012674922287,0.1669226107646984,0.003533787738072794,0.03773215715306048,9.0,5.0,True,9.0,14.0,True,0.196850485065855,0.13860670766611022,True,0.16770612192110113,0.1398333932242419,True,0.09523847490437233,0.11542678308572356,True
A1.4_rho0.96,0,fixed_baseline,1.0,0.98,0.16839344148368376,1.4,0.96,0.192,0.16839344148368376,-0.02360655851631624,0.42599459843144266,0.01640076031079212,0.8355884365520932,0.01052529181349282,1.4907513283551765,1.4,0.96,0.27931595731635683,0.013089342380776752,1,False,1,True,True,-0.0014301605716893068,0.0734294422168784,0.00048460736862129816,0.1314708267473061,0.00802001074930983,0.23410207918987705,-0.07440786967868152,0.31461686539091777,0.03443279248659262,0.18038791893502232,0.04716456929453311,0.1406097330195646,0.08576539140164023,0.05155333298933652,-0.0067018016266065725,0.04796365440781005,9.0,8.0,True,9.0,11.0,True,0.1940761076893417,0.29172654429883493,True,0.16359952047235157,0.12161038467858593,True,0.09177551348666638,0.007650369068854013,False
A1.4_rho0.96,0,selected,1.4,0.96,0.16839344148368376,1.4,0.96,0.192,0.16839344148368376,-0.02360655851631624,1.6428805587138742,2.064577103175293,1.2211840142524555,0.03466882640390356,2.4522515381571637,1.4,0.96,0.27931595731635683,0.013089342380776752,1,False,1,True,True,-0.02329841104190379,0.0734294422168784,-0.02070726889356915,0.1314708267473061,0.01483058067398127,0.23410207918987705,0.039497792661228937,0.31461686539091777,0.10056841673293343,0.18038791893502232,0.07328859752934469,0.1406097330195646,0.06849913587770869,0.05155333298933652,-0.04484153745759574,0.04796365440781005,12.0,8.0,True,12.0,11.0,True,0.24234514994440734,0.29172654429883493,True,0.168989951921569,0.12161038467858593,True,0.047286136388453456,0.007650369068854013,True
A1.4_rho0.96,0,true_shape,1.4,0.96,0.16839344148368376,1.4,0.96,0.192,0.16839344148368376,-0.02360655851631624,1.6428805587138742,2.064577103175293,1.2211840142524555,0.03466882640390356,2.4522515381571637,1.4,0.96,0.27931595731635683,0.013089342380776752,1,False,1,True,True,-0.02329841104190379,0.0734294422168784,-0.02070726889356915,0.1314708267473061,0.01483058067398127,0.23410207918987705,0.039497792661228937,0.31461686539091777,0.10056841673293343,0.18038791893502232,0.07328859752934469,0.1406097330195646,0.06849913587770869,0.05155333298933652,-0.04484153745759574,0.04796365440781005,12.0,8.0,True,12.0,11.0,True,0.24234514994440734,0.29172654429883493,True,0.168989951921569,0.12161038467858593,True,0.047286136388453456,0.007650369068854013,True
A1.4_rho0.96,0,true_everything,1.4,0.96,0.192,1.4,0.96,0.192,0.16839344148368376,-0.02360655851631624,1.1608788609002567,1.1005737075480584,1.2211840142524553,0.028319907990330496,2.114831107592588,1.4,0.96,0.27931595731635683,0.013089342380776752,1,False,1,True,True,-0.0162706960044985,0.0734294422168784,-0.0051796664708645135,0.1314708267473061,0.04972768444430717,0.23410207918987705,0.039497792661228937,0.31461686539091777,0.10056841673293343,0.18038791893502232,0.07328859752934466,0.1406097330195646,0.06849913587770869,0.05155333298933652,-0.04484153745759573,0.04796365440781005,12.0,8.0,True,12.0,11.0,True,0.24234514994440737,0.29172654429883493,True,0.16898995192156907,0.12161038467858593,True,0.04728613638845346,0.007650369068854013,True
A1.4_rho0.96,1,fixed_baseline,1.0,0.98,0.20395630765571782,1.4,0.96,0.192,0.20395630765571782,0.011956307655717813,4.562779351284181,6.301530066357493,2.82402863621087,0.05668611138584108,4.375348284800101,1.2,0.94,0.15458917652030787,0.005590395136108336,1,False,9,False,False,0.03339490748159234,0.05326883605865028,0.05646356092615004,0.10320966144100666,0.060477209716331276,0.23424145220897521,-0.18651324287509058,0.4256410465240747,-0.09704395072906191,0.31170962433444754,-0.040769244826653145,0.23051969060171387,-0.00625071291135193,0.14546104873523252,0.07972021345000443,-0.03863824253155789,9.0,15.0,True,9.0,14.0,True,0.19246811985401058,0.3730068300754908,False,0.16563305653247307,0.2690801601267227,True,0.0926969343192415,0.15046229601145414,True
A1.4_rho0.96,1,selected,1.2,0.94,0.20395630765571782,1.4,0.96,0.192,0.20395630765571782,0.011956307655717813,3.4403043980013064,4.897215476189966,1.983393319812647,0.04286914358031411,3.7472155428138,1.2,0.94,0.15458917652030787,0.005590395136108336,1,False,9,False,False,0.025416352030725092,0.05326883605865028,0.05010650518395046,0.10320966144100666,0.06609862692919774,0.23424145220897521,-0.12382748002302574,0.4256410465240747,-0.09009941318186865,0.31170962433444754,-0.07810662713106101,0.23051969060171387,-0.07865148527864226,0.14546104873523252,0.03481423008092523,-0.03863824253155789,11.0,15.0,True,11.0,14.0,True,0.22327378040341017,0.3730068300754908,True,0.14113018895782292,0.2690801601267227,True,0.027324921893100852,0.15046229601145414,False
A1.4_rho0.96,1,true_shape,1.4,0.96,0.20395630765571782,1.4,0.96,0.192,0.20395630765571782,0.011956307655717813,1.24348630662223,1.982264999443748,0.5047076138007119,0.03005787470560366,1.9766035053510878,1.2,0.94,0.15458917652030787,0.005590395136108336,1,False,9,False,False,0.007068099933723586,0.05326883605865028,0.03120886069144474,0.10320966144100666,0.06729078240642825,0.23424145220897521,-0.07227589973879978,0.4256410465240747,-0.029948496423532533,0.31170962433444754,-0.014256289262837701,0.23051969060171387,-0.026614621411349307,0.14546104873523252,0.04366233266143914,-0.03863824253155789,12.0,15.0,True,12.0,14.0,True,0.24687850474220585,0.3730068300754908,True,0.17045685094239862,0.2690801601267227,True,0.04695161045026479,0.15046229601145414,True
A1.4_rho0.96,1,true_everything,1.4,0.96,0.192,1.4,0.96,0.192,0.20395630765571782,0.011956307655717813,0.8071130059949936,1.109518398189275,0.5047076138007123,0.022981165504449803,1.6522827331778112,1.2,0.94,0.15458917652030787,0.005590395136108336,1,False,9,False,False,0.0035310336962531413,0.05326883605865028,0.023328990616745204,0.10320966144100666,0.049614387855966474,0.23424145220897521,-0.07227589973879983,0.4256410465240747,-0.029948496423532478,0.31170962433444754,-0.014256289262837729,0.23051969060171387,-0.026614621411349307,0.14546104873523252,0.04366233266143914,-0.03863824253155789,12.0,15.0,True,12.0,14.0,True,0.24687850474220585,0.3730068300754908,True,0.17045685094239865,0.2690801601267227,True,0.046951610450264775,0.15046229601145414,True
A1.4_rho0.96,2,fixed_baseline,1.0,0.98,0.19635780773348507,1.4,0.96,0.192,0.19635780773348507,0.0043578077334850696,0.719878957427758,0.9873818307720995,0.45237608408341645,0.014622773753658634,1.6765811755693292,1.2,0.98,0.1280298069950745,0.007396867203415318,1,False,3,True,False,0.010788958981274396,0.07263913908783647,0.021261743374730052,0.13133316640256443,-0.06396866439436727,0.3466698799678476,-0.06362259857315727,0.3063013764571067,-0.03151338413528515,0.2469395392320689,0.008940451502412794,0.18063870986729738,0.03571993591744803,0.10445225506808455,0.04057824948048507,0.0011000856748052319,9.0,10.0,True,9.0,10.0,True,0.19225984331094587,0.14898694207740612,True,0.16629701943180086,0.10282813660585413,True,0.09374048824779299,0.03075715248364969,True
A1.4_rho0.96,2,selected,1.2,0.98,0.19635780773348507,1.4,0.96,0.192,0.19635780773348507,0.0043578077334850696,0.5125090398924308,0.469878099508309,0.5551399802765525,0.015818735283044144,1.5370000746964112,1.2,0.98,0.1280298069950745,0.007396867203415318,1,False,3,True,False,-0.004555603163324512,0.07263913908783647,0.006849636600177178,0.13133316640256443,-0.06072093439915133,0.3466698799678476,-0.0048726418251262005,0.3063013764571067,0.018966477027881956,0.2469395392320689,0.05146427027229736,0.18063870986729738,0.06496387491539522,0.10445225506808455,0.04710294831019992,0.0011000856748052319,10.0,10.0,True,10.0,10.0,True,0.220633053417437,0.14898694207740612,True,0.18730774986040175,0.10282813660585413,True,0.10013417288992266,0.03075715248364969,True
A1.4_rho0.96,2,true_shape,1.4,0.96,0.19635780773348507,1.4,0.96,0.192,0.19635780773348507,0.0043578077334850696,0.5800579551783087,0.8724032275965552,0.28771268276006234,0.018883191782053815,1.4042407549803837,1.2,0.98,0.1280298069950745,0.007396867203415318,1,False,3,True,False,-0.014353700812248092,0.07263913908783647,-0.002646010566505985,0.13133316640256443,-0.05678970929813032,0.3466698799678476,0.05112735225376386,0.3063013764571067,0.03787176316728452,0.2469395392320689,0.03597326966637285,0.18063870986729738,0.01472781189586829,0.10445225506808455,0.0026324060639737177,0.0011000856748052319,12.0,10.0,True,12.0,10.0,True,0.24538346104299505,0.14898694207740612,True,0.17109659816239065,0.10282813660585413,True,0.050107821900511065,0.03075715248364969,True
A1.4_rho0.96,2,true_everything,1.4,0.96,0.192,1.4,0.96,0.192,0.19635780773348507,0.0043578077334850696,0.692381051578778,1.0970494203974936,0.28771268276006257,0.021063625072546784,1.4915561339100933,1.2,0.98,0.1280298069950745,0.007396867203415318,1,False,3,True,False,-0.015647241092610523,0.07263913908783647,-0.005501990114127192,0.13133316640256443,-0.06322307736283722,0.3466698799678476,0.05112735225376386,0.3063013764571067,0.03787176316728458,0.2469395392320689,0.03597326966637285,0.18063870986729738,0.01472781189586829,0.10445225506808455,0.0026324060639737238,0.0011000856748052319,12.0,10.0,True,12.0,10.0,True,0.24538346104299505,0.14898694207740612,True,0.17109659816239065,0.10282813660585413,True,0.05010782190051105,0.03075715248364969,True
A1.4_rho0.96,3,fixed_baseline,1.0,0.98,0.1513577626953304,1.4,0.96,0.192,0.1513577626953304,-0.04064223730466959,2.3952620011980184,3.9611582026370997,0.8293657997589368,0.034217620910465436,2.9409183327536104,1.2,0.96,0.2445887894574591,0.0080917509787561,1,False,3,True,False,0.011820804752425862,0.05255122564489825,-0.011669545595812764,0.1301872131987446,-0.16727064177481782,0.3868010342491219,-0.1219603857590579,0.3666963276632632,-0.01416926436343352,0.23438455561965155,-0.024518657809811467,0.2170875802917912,-0.013001397301971113,0.15741510642913667,0.0195728080397368,0.02348839963812216,9.0,11.0,True,9.0,14.0,True,0.1956172344811855,0.17315056539888352,True,0.16899327440702167,0.09339781753664735,True,0.09639481126799673,0.06452547215948064,True
A1.4_rho0.96,3,selected,1.2,0.96,0.1513577626953304,1.4,0.96,0.192,0.1513577626953304,-0.04064223730466959,1.9849654744832992,3.608969417380815,0.36096153158578337,0.033337618335768364,2.5474519517105394,1.2,0.96,0.2445887894574591,0.0080917509787561,1,False,3,True,False,0.002857069671749257,0.05255122564489825,-0.01920597136520824,0.1301872131987446,-0.1633662497214916,0.3868010342491219,-0.05910963934605429,0.3666963276632632,0.015687591250036492,0.23438455561965155,-0.025264421297834433,0.2170875802917912,-0.045987621685168456,0.15741510642913667,-0.018108208234598046,0.02348839963812216,11.0,11.0,True,11.0,14.0,True,0.2258137544069337,0.17315056539888352,True,0.16551995336938444,0.09339781753664735,True,0.05663000343872117,0.06452547215948064,True
A1.4_rho0.96,3,true_shape,1.4,0.96,0.1513577626953304,1.4,0.96,0.192,0.1513577626953304,-0.04064223730466959,2.3500616052964003,4.459344365887241,0.24077884470555957,0.04161864968160776,2.7384455350360355,1.2,0.96,0.2445887894574591,0.0080917509787561,1,False,3,True,False,-0.007745497913301022,0.05255122564489825,-0.030276486049035156,0.1301872131987446,-0.16248652528044377,0.3868010342491219,-0.010396821434157877,0.3666963276632632,0.052874812498541646,0.23438455561965155,0.0008932415980965613,0.2170875802917912,-0.03426091026460942,0.15741510642913667,-0.01937422118782991,0.02348839963812216,12.0,11.0,True,12.0,14.0,True,0.2482964648684168,0.17315056539888352,True,0.17314222955084185,0.09339781753664735,True,0.05121490824142401,0.06452547215948064,True
A1.4_rho0.96,3,true_everything,1.4,0.96,0.192,1.4,0.96,0.192,0.1513577626953304,-0.04064223730466959,0.6579470607557536,1.0751152768059475,0.2407788447055596,0.017583573638954176,1.5367035852779363,1.2,0.96,0.2445887894574591,0.0080917509787561,1,False,3,True,False,0.004285632744605902,0.05255122564489825,-0.003448688057106547,0.1301872131987446,-0.10225411075449414,0.3868010342491219,-0.010396821434157988,0.3666963276632632,0.052874812498541646,0.23438455561965155,0.0008932415980965613,0.2170875802917912,-0.03426091026460941,0.15741510642913667,-0.01937422118782991,0.02348839963812216,12.0,11.0,True,12.0,14.0,True,0.24829646486841678,0.17315056539888352,True,0.1731422295508419,0.09339781753664735,True,0.051214908241424016,0.06452547215948064,True
A1.4_rho0.96,4,fixed_baseline,1.0,0.98,0.19339946399601904,1.4,0.96,0.192,0.19339946399601904,0.0013994639960190347,0.6691822522592408,0.02473244596300653,1.313632058555475,0.018524680273186645,1.8969066417556788,1.4,0.94,0.3496246051254024,0.011209042551916133,1,False,6,False,False,0.003338681499559501,0.07896698853152202,-0.0023268493852975913,0.15416916170608808,0.0035499537246162505,0.2760783092198849,-0.04586693380243381,0.2876657778947262,-0.0030097581848577415,0.22032822440552993,0.04724832533336784,0.1412316249961226,0.11401519953742127,0.027803163101499374,0.07775232704448783,-0.03672230620615907,9.0,9.0,True,9.0,11.0,True,0.1920927225390316,0.26516804808658206,True,0.16671365100646895,0.21020679407984158,True,0.09420568884593258,0.018340437468217275,True
A1.4_rho0.96,4,selected,1.4,0.94,0.19339946399601904,1.4,0.96,0.192,0.19339946399601904,0.0013994639960190347,0.790503349754057,1.097578098328776,0.483428601179338,0.020880805795829908,1.6972625882955203,1.4,0.94,0.3496246051254024,0.011209042551916133,1,False,6,False,False,-0.017592873490324734,0.07896698853152202,-0.021935630238698045,0.15416916170608808,0.010219410904253656,0.2760783092198849,0.06389085012262613,0.2876657778947262,0.03587172883933118,0.22032822440552993,0.03037894727452853,0.1412316249961226,0.04544698747354782,0.027803163101499374,0.03161929869169314,-0.03672230620615907,12.0,9.0,True,12.0,11.0,True,0.23696336209765803,0.26516804808658206,True,0.14590510337799215,0.21020679407984158,True,0.024831428262041755,0.018340437468217275,True
A1.4_rho0.96,4,true_shape,1.4,0.96,0.19339946399601904,1.4,0.96,0.192,0.19339946399601904,0.0013994639960190347,1.5085698604840982,1.7135724968540078,1.303567224114189,0.03539028426892938,2.445548990809259,1.4,0.94,0.3496246051254024,0.011209042551916133,1,False,6,False,False,-0.02152712610861708,0.07896698853152202,-0.026541303199622723,0.15416916170608808,0.010186362183513376,0.2760783092198849,0.06732369478894623,0.2876657778947262,0.06516069200576743,0.22032822440552993,0.07493420942315801,0.1412316249961226,0.09356159554330357,0.027803163101499374,0.04311786068594626,-0.03672230620615907,12.0,9.0,True,12.0,11.0,True,0.24188606327637324,0.26516804808658206,True,0.17317962003643228,0.21020679407984158,True,0.048914260511696894,0.018340437468217275,True
A1.4_rho0.96,4,true_everything,1.4,0.96,0.192,1.4,0.96,0.192,0.19339946399601904,0.0013994639960190347,1.5541892039711471,1.8048111838281056,1.3035672241141887,0.03603140960285504,2.4771759966315265,1.4,0.94,0.3496246051254024,0.011209042551916133,1,False,6,False,False,-0.021942768519077935,0.07896698853152202,-0.0274648351948949,0.15416916170608808,0.008114913314505534,0.2760783092198849,0.06732369478894623,0.2876657778947262,0.06516069200576743,0.22032822440552993,0.07493420942315801,0.1412316249961226,0.09356159554330355,0.027803163101499374,0.04311786068594625,-0.03672230620615907,12.0,9.0,True,12.0,11.0,True,0.2418860632763732,0.26516804808658206,True,0.17317962003643225,0.21020679407984158,True,0.048914260511696894,0.018340437468217275,True
A1.4_rho0.96,5,fixed_baseline,1.0,0.98,0.14520358667371366,1.4,0.96,0.192,0.14520358667371366,-0.04679641332628634,4.190533799307212,3.6660009378454053,4.715066660769018,0.06497512645766629,4.349101448335789,1.4,0.94,0.31506357351716385,0.010622351011595223,1,False,4,False,False,0.006934996890614192,0.05503148881176195,-0.013780618154917268,0.12825141746908283,-0.15245604711070015,0.36231399784641527,-0.14092723888723077,0.3840323008406299,-0.17527673936190866,0.3929526051118088,-0.11401204159058204,0.30497652903308303,-0.1512916527564619,0.29488567133653143,-0.01726849752293718,0.060513380013052794,9.0,15.0,True,9.0,11.0,True,0.19249096924826736,0.17665991485560087,True,0.16391562442748198,0.18660003413835413,True,0.0966192283872008,0.11152879656894013,True
A1.4_rho0.96,5,selected,1.4,0.94,0.14520358667371366,1.4,0.96,0.192,0.14520358667371366,-0.04679641332628634,4.732674697279564,4.333103683594883,5.132245710964245,0.05034035155416844,4.8199496282261505,1.4,0.94,0.31506357351716385,0.010622351011595223,1,False,4,False,False,-0.008957563358924267,0.05503148881176195,-0.02845267297528828,0.12825141746908283,-0.14742313401784934,0.36231399784641527,-0.031784553004302274,0.3840323008406299,-0.1377224994913518,0.3929526051118088,-0.130421049325577,0.30497652903308303,-0.22051394529710755,0.29488567133653143,-0.06645270982276683,0.060513380013052794,12.0,15.0,True,12.0,11.0,True,0.2398338556273295,0.17665991485560087,True,0.14457926115625558,0.18660003413835413,True,0.02384319304710868,0.11152879656894013,True
A1.4_rho0.96,5,true_shape,1.4,0.96,0.14520358667371366,1.4,0.96,0.192,0.14520358667371366,-0.04679641332628634,3.987021397573752,4.928091647772438,3.0459511473750664,0.05881525690655748,4.028858188904135,1.4,0.94,0.31506357351716385,0.010622351011595223,1,False,4,False,False,-0.012032436704995202,0.05503148881176195,-0.03175647771141654,0.12825141746908283,-0.14768821985964348,0.36231399784641527,-0.028970558069952967,0.3840323008406299,-0.1080952805080096,0.3929526051118088,-0.0869311729282779,0.30497652903308303,-0.1734033826759528,0.29488567133653143,-0.055583750017741636,0.060513380013052794,12.0,15.0,True,12.0,11.0,True,0.24399687538313602,0.17665991485560087,True,0.17064458621998183,0.18660003413835413,True,0.04962309163743915,0.11152879656894013,True
A1.4_rho0.96,5,true_everything,1.4,0.96,0.192,1.4,0.96,0.192,0.14520358667371366,-0.04679641332628634,1.8609629891546682,0.6759748309342712,3.045951147375065,0.0377171802732654,2.854446449211292,1.4,0.94,0.31506357351716385,0.010622351011595223,1,False,4,False,False,0.0018253574523102029,0.05503148881176195,-0.0006579546773961831,0.12825141746908283,-0.07851832642089573,0.36231399784641527,-0.028970558069952967,0.3840323008406299,-0.10809528050800954,0.3929526051118088,-0.0869311729282779,0.30497652903308303,-0.17340338267595276,0.29488567133653143,-0.05558375001774163,0.060513380013052794,12.0,15.0,True,12.0,11.0,True,0.24399687538313602,0.17665991485560087,True,0.17064458621998183,0.18660003413835413,True,0.04962309163743915,0.11152879656894013,True
A1.4_rho0.96,6,fixed_baseline,1.0,0.98,0.20806011187780812,1.4,0.96,0.192,0.20806011187780812,0.01606011187780812,1.4284630607629913,1.7736841903804084,1.0832419311455745,0.027614347760829702,2.265763977038647,1.4,0.96,0.466507864922953,0.0158019851307339,1,False,1,True,True,0.02660120723029108,0.061522974136981545,0.022202570339155903,0.13900647416274287,-0.013331316652226644,0.3111542943733596,-0.0805125478265627,0.32395592301100845,-0.07663835422951304,0.29548767767506334,-0.03247710082899036,0.22333679396959843,0.043480120921409834,0.09843256754365905,0.06254182048758915,-0.021529671738734327,9.0,10.0,True,9.0,11.0,True,0.19352092764854795,0.22273913954993196,True,0.16567298901297087,0.17873701669137515,True,0.09355002512752517,0.041883516323132426,True
A1.4_rho0.96,6,selected,1.4,0.96,0.20806011187780812,1.4,0.96,0.192,0.20806011187780812,0.01606011187780812,0.07519416360789269,0.011440668103856765,0.1389476591119286,0.0050328568010615865,0.8877903475165543,1.4,0.96,0.466507864922953,0.0158019851307339,1,False,1,True,True,-0.0003764656426979082,0.061522974136981545,-0.0028944617897804226,0.13900647416274287,-0.006228293487593017,0.3111542943733596,0.03246353008827191,0.32395592301100845,-0.011131125531481434,0.29548767767506334,-0.00686719031801547,0.22333679396959843,0.020944393739148415,0.09843256754365905,0.026602304146010843,-0.021529671738734327,12.0,10.0,True,12.0,11.0,True,0.2444918838801019,0.22273913954993196,True,0.17074892171288958,0.17873701669137515,True,0.04611660955721968,0.041883516323132426,True
A1.4_rho0.96,6,true_shape,1.4,0.96,0.20806011187780812,1.4,0.96,0.192,0.20806011187780812,0.01606011187780812,0.07519416360789269,0.011440668103856765,0.1389476591119286,0.0050328568010615865,0.8877903475165543,1.4,0.96,0.466507864922953,0.0158019851307339,1,False,1,True,True,-0.0003764656426979082,0.061522974136981545,-0.0028944617897804226,0.13900647416274287,-0.006228293487593017,0.3111542943733596,0.03246353008827191,0.32395592301100845,-0.011131125531481434,0.29548767767506334,-0.00686719031801547,0.22333679396959843,0.020944393739148415,0.09843256754365905,0.026602304146010843,-0.021529671738734327,12.0,10.0,True,12.0,11.0,True,0.2444918838801019,0.22273913954993196,True,0.17074892171288958,0.17873701669137515,True,0.04611660955721968,0.041883516323132426,True
A1.4_rho0.96,6,true_everything,1.4,0.96,0.192,1.4,0.96,0.192,0.20806011187780812,0.01606011187780812,0.24175186961684875,0.3445560801217688,0.13894765911192866,0.015580594187577606,1.0480536600440409,1.4,0.96,0.466507864922953,0.0158019851307339,1,False,1,True,True,-0.005096350480269615,0.061522974136981545,-0.013400916520070999,0.13900647416274287,-0.029765460917138997,0.3111542943733596,0.032463530088271964,0.32395592301100845,-0.011131125531481378,0.29548767767506334,-0.0068671903180154426,0.22333679396959843,0.0209443937391484,0.09843256754365905,0.026602304146010836,-0.021529671738734327,12.0,10.0,True,12.0,11.0,True,0.24449188388010185,0.22273913954993196,True,0.1707489217128896,0.17873701669137515,True,0.04611660955721966,0.041883516323132426,True
A1.4_rho0.96,7,fixed_baseline,1.0,0.98,0.14282532677348514,1.4,0.96,0.192,0.14282532677348514,-0.049174673226514864,1.1773337536574844,0.39177340609599726,1.9628941012189713,0.02270196828244355,2.357197221305687,1.4,0.96,0.47979458620135607,0.01920405956380698,1,False,1,True,True,-0.0022050144579083206,0.06250863221137361,-0.005400716741207734,0.11702575339866664,-0.039714367326614264,0.24582189148830258,-0.07162715481105844,0.31294334798551743,-0.09835697634110763,0.31629866867971224,-0.0973223749869972,0.2897113797448218,0.05016349080440706,0.09165864537748293,0.08765016768054305,-0.04611016700081869,9.0,11.0,True,9.0,11.0,True,0.19037540926196733,0.13512087729420788,True,0.16496340118878572,0.14947230196737477,True,0.0948466124542817,0.03416780098149359,True
A1.4_rho0.96,7,selected,1.4,0.96,0.14282532677348514,1.4,0.96,0.192,0.14282532677348514,-0.049174673226514864,1.672238051823134,2.7310619551585558,0.6134141484877123,0.038066533119853606,2.354440701365735,1.4,0.96,0.47979458620135607,0.01920405956380698,1,False,1,True,True,-0.020327444598049874,0.06250863221137361,-0.023007665139923972,0.11702575339866664,-0.03375936233465157,0.24582189148830258,0.04027398285522438,0.31294334798551743,-0.03187190279450436,0.31629866867971224,-0.07047069149269741,0.2897113797448218,0.029031448843886587,0.09165864537748293,0.04827306991063611,-0.04611016700081869,12.0,11.0,True,12.0,11.0,True,0.2406962008127803,0.13512087729420788,True,0.17159789011979432,0.14947230196737477,True,0.04938910314514419,0.03416780098149359,True
A1.4_rho0.96,7,true_shape,1.4,0.96,0.14282532677348514,1.4,0.96,0.192,0.14282532677348514,-0.049174673226514864,1.672238051823134,2.7310619551585558,0.6134141484877123,0.038066533119853606,2.354440701365735,1.4,0.96,0.47979458620135607,0.01920405956380698,1,False,1,True,True,-0.020327444598049874,0.06250863221137361,-0.023007665139923972,0.11702575339866664,-0.03375936233465157,0.24582189148830258,0.04027398285522438,0.31294334798551743,-0.03187190279450436,0.31629866867971224,-0.07047069149269741,0.2897113797448218,0.029031448843886587,0.09165864537748293,0.04827306991063611,-0.04611016700081869,12.0,11.0,True,12.0,11.0,True,0.2406962008127803,0.13512087729420788,True,0.17159789011979432,0.14947230196737477,True,0.04938910314514419,0.03416780098149359,True
A1.4_rho0.96,7,true_everything,1.4,0.96,0.192,1.4,0.96,0.192,0.14282532677348514,-0.049174673226514864,0.5274546424640042,0.4414951364402962,0.6134141484877121,0.013371433487233639,1.5549347190483316,1.4,0.96,0.47979458620135607,0.01920405956380698,1,False,1,True,True,-0.005804487332346037,0.06250863221137361,0.009362705521560155,0.11702575339866664,0.0392536376023806,0.24582189148830258,0.04027398285522443,0.31294334798551743,-0.03187190279450436,0.31629866867971224,-0.07047069149269736,0.2897113797448218,0.029031448843886573,0.09165864537748293,0.04827306991063612,-0.04611016700081869,12.0,11.0,True,12.0,11.0,True,0.24069620081278037,0.13512087729420788,True,0.17159789011979426,0.14947230196737477,True,0.0493891031451442,0.03416780098149359,True
A1.4_rho0.96,8,fixed_baseline,1.0,0.98,0.18023287218272377,1.4,0.96,0.192,0.18023287218272377,-0.011767127817276235,2.1158501855062144,2.883366843650316,1.3483335273621126,0.02974724576705734,2.8302944538230577,1.2,0.98,0.375041656382336,0.011398678478835918,1,False,3,True,False,0.024660064026288273,0.05215741409144807,0.011121868215795527,0.1296203183472464,-0.10203281121926511,0.36189794841235245,-0.12371831401221439,0.3668411999823703,-0.04476888100201801,0.2641391147122304,-0.016059481380346963,0.20780233129431736,0.06482533552679516,0.07796766046706212,0.05323072158057017,-0.012837114274548854,9.0,9.0,True,9.0,10.0,True,0.19153604866806456,0.11014800008821729,True,0.16814516091262666,0.05857692309052054,False,0.0954424354277239,0.011760963718773639,False
A1.4_rho0.96,8,selected,1.2,0.98,0.18023287218272377,1.4,0.96,0.192,0.18023287218272377,-0.011767127817276235,1.2156933040749742,1.4140628265873758,1.0173237815625726,0.0185975288962172,2.1545861345817094,1.2,0.98,0.375041656382336,0.011398678478835918,1,False,3,True,False,0.010290661901288758,0.05215741409144807,-0.0016952699859743847,0.1296203183472464,-0.09871283303739042,0.36189794841235245,-0.06729062019738513,0.3668411999823703,0.005560452496852553,0.2641391147122304,0.026966571914670334,0.20780233129431736,0.09463029119428766,0.07796766046706212,0.05945205345141187,-0.012837114274548854,10.0,9.0,True,10.0,10.0,True,0.2215783970462774,0.11014800008821729,True,0.18818877853537214,0.05857692309052054,False,0.09994723928790177,0.011760963718773639,False
A1.4_rho0.96,8,true_shape,1.4,0.96,0.18023287218272377,1.4,0.96,0.192,0.18023287218272377,-0.011767127817276235,0.6332174435697351,1.1000703399889127,0.16636454715055737,0.018787078336379236,1.427057091207837,1.2,0.98,0.375041656382336,0.011398678478835918,1,False,3,True,False,0.0011959694457899933,0.05215741409144807,-0.010954857685658542,0.1296203183472464,-0.095691985667263,0.36189794841235245,-0.011717927620406243,0.3668411999823703,0.02334229527776943,0.2641391147122304,0.010128448729737616,0.20780233129431736,0.043827735305578,0.07796766046706212,0.016735015870913413,-0.012837114274548854,12.0,9.0,True,12.0,10.0,True,0.24908986149611506,0.11014800008821729,True,0.17197722046503688,0.05857692309052054,True,0.05034211908814021,0.011760963718773639,True
A1.4_rho0.96,8,true_everything,1.4,0.96,0.192,1.4,0.96,0.192,0.18023287218272377,-0.011767127817276235,0.43768190257532363,0.7089992580000896,0.1663645471505577,0.012620070078469678,1.2611020114418097,1.2,0.98,0.375041656382336,0.011398678478835918,1,False,3,True,False,0.0046793300334765225,0.05215741409144807,-0.0032073717459947804,0.1296203183472464,-0.07831180661664694,0.36189794841235245,-0.011717927620406243,0.3668411999823703,0.023342295277769542,0.2641391147122304,0.01012844872973756,0.20780233129431736,0.04382773530557803,0.07796766046706212,0.01673501587091341,-0.012837114274548854,12.0,9.0,True,12.0,10.0,True,0.24908986149611506,0.11014800008821729,True,0.17197722046503688,0.05857692309052054,True,0.05034211908814021,0.011760963718773639,True
A1.4_rho0.96,9,fixed_baseline,1.0,0.98,0.15747392680249014,1.4,0.96,0.192,0.15747392680249014,-0.03452607319750986,2.342144891625563,2.239227057276275,2.445062725974851,0.0356062739649051,3.2226575033084455,1.4,0.94,0.38052974922566046,0.00988703857446294,1,False,6,False,False,0.01757484555359741,0.049076031063168296,0.030165811859234712,0.09324289880288093,0.0094402318714219,0.21742073662696548,-0.13270717981757899,0.3755609716476577,-0.07051005983171019,0.28732317167480803,-0.09196823136591076,0.2826958100382262,0.0016858200788787692,0.14026264626450144,0.1112206759466437,-0.07035592460394426,9.0,14.0,True,9.0,10.0,True,0.1908176701497649,0.18478375378009929,True,0.16350469157636935,0.1687368484249812,True,0.09645265579761589,0.0844757652356589,True
A1.4_rho0.96,9,selected,1.4,0.94,0.15747392680249014,1.4,0.96,0.192,0.15747392680249014,-0.03452607319750986,0.811894534733685,0.3978627111164761,1.225926358350894,0.01887879620807712,1.873391196127153,1.4,0.94,0.38052974922566046,0.00988703857446294,1,False,6,False,False,0.000806314703459543,0.049076031063168296,0.014766851711868798,0.09324289880288093,0.017277143137805318,0.21742073662696548,-0.02215270938419106,0.3755609716476577,-0.03173125574511282,0.28732317167480803,-0.10895587157846254,0.2826958100382262,-0.06549339236288872,0.14026264626450144,0.06108256343315973,-0.07035592460394426,12.0,14.0,True,12.0,10.0,True,0.23616890795425782,0.18478375378009929,True,0.14466338931898065,0.1687368484249812,True,0.024202092669228868,0.0844757652356589,True
A1.4_rho0.96,9,true_shape,1.4,0.96,0.15747392680249014,1.4,0.96,0.192,0.15747392680249014,-0.03452607319750986,0.44599904393414047,0.25903724386325555,0.6329608440050254,0.013096394985476717,1.481166301305575,1.4,0.94,0.38052974922566046,0.00988703857446294,1,False,6,False,False,-0.0023728050213759483,0.049076031063168296,0.010816549105032727,0.09324289880288093,0.014848400071188206,0.21742073662696548,-0.018160551970395844,0.3755609716476577,-0.0031504471062712147,0.28732317167480803,-0.06409107262936686,0.2826958100382262,-0.017995624391418705,0.14026264626450144,0.07241324185991846,-0.07035592460394426,12.0,14.0,True,12.0,10.0,True,0.24279626105844032,0.18478375378009929,True,0.17266236535273682,0.1687368484249812,True,0.05050274479103478,0.0844757652356589,True
A1.4_rho0.96,9,true_everything,1.4,0.96,0.192,1.4,0.96,0.192,0.15747392680249014,-0.03452607319750986,1.5473435376446267,2.4617262312842283,0.6329608440050253,0.03340798178765229,2.3136857844262977,1.4,0.94,0.38052974922566046,0.00988703857446294,1,False,6,False,False,0.00786685200388642,0.049076031063168296,0.03363152672267529,0.09324289880288093,0.06577328254535836,0.21742073662696548,-0.018160551970395844,0.3755609716476577,-0.0031504471062713257,0.28732317167480803,-0.06409107262936681,0.2826958100382262,-0.01799562439141872,0.14026264626450144,0.07241324185991847,-0.07035592460394426,12.0,14.0,True,12.0,10.0,True,0.24279626105844032,0.18478375378009929,True,0.1726623653527368,0.1687368484249812,True,0.050502744791034795,0.0844757652356589,True
A1.4_rho0.96,10,fixed_baseline,1.0,0.98,0.16164349308642584,1.4,0.96,0.192,0.16164349308642584,-0.030356506913574166,4.108906365284202,2.8045857560857144,5.41322697448269,0.04356308016294504,4.553982355285246,1.2,0.94,0.18074144490260174,0.005934726548368158,1,False,10,False,False,0.005616506159556681,0.06318026170239117,-0.008810100823888611,0.13522339803452438,-0.14573855961433313,0.3769397794279202,-0.19421177007261786,0.4355029646976084,-0.1762827861490035,0.39060627559671895,-0.1247039712344688,0.31412032971377724,0.03273108608675285,0.10893904654072184,0.12643670593093445,-0.08706972288114902,9.0,14.0,True,9.0,14.0,True,0.19075607995066118,0.2400179735727178,True,0.16490226684227774,0.3636068519971861,False,0.09591012972571328,0.023727074896292184,True
A1.4_rho0.96,10,selected,1.2,0.94,0.16164349308642584,1.4,0.96,0.192,0.16164349308642584,-0.030356506913574166,3.3585712329849233,2.537582820365635,4.179559645604212,0.03914237095083919,4.092624605987336,1.2,0.94,0.18074144490260174,0.005934726548368158,1,False,10,False,False,-0.000769646459824011,0.06318026170239117,-0.01372275912530195,0.13522339803452438,-0.13904765626249266,0.3769397794279202,-0.1337543051667507,0.4355029646976084,-0.16607557330077818,0.39060627559671895,-0.16047149749882797,0.31412032971377724,-0.04213924706921461,0.10893904654072184,0.08169103819561963,-0.08706972288114902,11.0,14.0,True,11.0,14.0,True,0.21832363669513255,0.2400179735727178,True,0.14295770901998697,0.3636068519971861,False,0.02912927500666984,0.023727074896292184,True
A1.4_rho0.96,10,true_shape,1.4,0.96,0.16164349308642584,1.4,0.96,0.192,0.16164349308642584,-0.030356506913574166,3.0245889279779985,4.106105525414227,1.94307233054177,0.046198006559134655,3.40809026904315,1.2,0.94,0.18074144490260174,0.005934726548368158,1,False,10,False,False,-0.015311325093676165,0.06318026170239117,-0.02862548086633826,0.13522339803452438,-0.13839157531821705,0.3769397794279202,-0.08106323003680616,0.4355029646976084,-0.10576964249420678,0.39060627559671895,-0.0953726799702142,0.31412032971377724,0.01099027359702831,0.10893904654072184,0.09216660561735081,-0.08706972288114902,12.0,14.0,True,12.0,14.0,True,0.24100188909736614,0.2400179735727178,True,0.1714859621920181,0.3636068519971861,True,0.050031435883510764,0.023727074896292184,True
A1.4_rho0.96,10,true_everything,1.4,0.96,0.192,1.4,0.96,0.192,0.16164349308642584,-0.030356506913574166,1.5206556584543303,1.0982389863668895,1.9430723305417712,0.030634124291728647,2.5220993945019634,1.2,0.94,0.18074144490260174,0.005934726548368158,1,False,10,False,False,-0.0063215805802304265,0.06318026170239117,-0.008606485064518443,0.13522339803452438,-0.09359243079957502,0.3769397794279202,-0.08106323003680616,0.4355029646976084,-0.1057696424942069,0.39060627559671895,-0.0953726799702142,0.31412032971377724,0.010990273597028297,0.10893904654072184,0.09216660561735081,-0.08706972288114902,12.0,14.0,True,12.0,14.0,True,0.2410018890973662,0.2400179735727178,True,0.1714859621920181,0.3636068519971861,True,0.050031435883510764,0.023727074896292184,True
A1.4_rho0.96,11,fixed_baseline,1.0,0.98,0.15512143326735472,1.4,0.96,0.192,0.15512143326735472,-0.03687856673264528,2.0339968968469364,1.8851406363654253,2.1828531573284478,0.038165576840916336,2.8756536070787977,1.4,0.94,0.13419727947074694,0.006144245546108939,1,False,3,True,False,0.001738442154975428,0.06390042870413748,-0.029265958319494106,0.15037876436262962,-0.08784445993902126,0.31188922583256695,-0.10984466152895941,0.3553953111830425,-0.12387890157843684,0.34354331277079947,-0.08767011387700185,0.2788109253308834,-0.011027607585714805,0.15353407399220073,0.07362389406674943,-0.030361581843878792,9.0,10.0,True,9.0,16.0,False,0.19402991280505277,0.21918972207062032,True,0.16886634877966422,0.24688220258384538,True,0.09721634564831305,0.12056784477462046,True
A1.4_rho0.96,11,selected,1.4,0.94,0.15512143326735472,1.4,0.96,0.192,0.15512143326735472,-0.03687856673264528,2.5458757651018034,3.6964618038997785,1.3952897263038284,0.03519378546882657,3.065697830900281,1.4,0.94,0.13419727947074694,0.006144245546108939,1,False,3,True,False,-0.015002043828329738,0.06390042870413748,-0.04442235976491325,0.15037876436262962,-0.08230529859165955,0.31188922583256695,-0.0007936480760880604,0.3553953111830425,-0.08919310409233999,0.34354331277079947,-0.10592076920419136,0.2788109253308834,-0.07876156521544471,0.15353407399220073,0.02357712133701454,-0.030361581843878792,12.0,10.0,True,12.0,16.0,True,0.23839592122669656,0.21918972207062032,True,0.14841121387836542,0.24688220258384538,True,0.024948455384203833,0.12056784477462046,True
A1.4_rho0.96,11,true_shape,1.4,0.96,0.15512143326735472,1.4,0.96,0.192,0.15512143326735472,-0.03687856673264528,2.5205562973784303,4.537527037534421,0.5035855572224397,0.04369024064004853,2.830574012120638,1.4,0.94,0.13419727947074694,0.006144245546108939,1,False,3,True,False,-0.01827507846978816,0.06390042870413748,-0.04801598411269775,0.15037876436262962,-0.08143418900059507,0.31188922583256695,0.004793813376350042,0.3553953111830425,-0.057062419450145174,0.34354331277079947,-0.06098096955990551,0.2788109253308834,-0.03116510939959226,0.15353407399220073,0.03447537090434235,-0.030361581843878792,12.0,10.0,True,12.0,16.0,True,0.24495474560176825,0.21918972207062032,True,0.1756436525660372,0.24688220258384538,True,0.05064740738221357,0.12056784477462046,True
A1.4_rho0.96,11,true_everything,1.4,0.96,0.192,1.4,0.96,0.192,0.15512143326735472,-0.03687856673264528,0.607704868193641,0.7118241791648424,0.5035855572224397,0.019470116796431625,1.49093355954793,1.4,0.94,0.13419727947074694,0.006144245546108939,1,False,3,True,False,-0.007428108532256852,0.06390042870413748,-0.023680258591905617,0.15037876436262962,-0.02664581272228822,0.31188922583256695,0.004793813376350153,0.3553953111830425,-0.05706241945014512,0.34354331277079947,-0.06098096955990556,0.2788109253308834,-0.031165109399592245,0.15353407399220073,0.03447537090434235,-0.030361581843878792,12.0,10.0,True,12.0,16.0,True,0.24495474560176833,0.21918972207062032,True,0.17564365256603717,0.24688220258384538,True,0.05064740738221358,0.12056784477462046,True
A1.4_rho0.96,12,fixed_baseline,1.0,0.98,0.18953430373529565,1.4,0.96,0.192,0.18953430373529565,-0.002465696264704359,5.086071551554563,7.607826564794789,2.5643165383143383,0.05869548207498826,4.472581338878371,1.6,0.96,0.304684743698885,0.01221040776924927,1,False,4,False,False,0.04189671436290151,0.03855404862494421,0.03673732192212863,0.11139243277262596,-0.041067774041083305,0.31244222788268505,-0.15316441476138531,0.39542735916354055,-0.12095666057693816,0.33655008739188175,-0.08073778187384639,0.27033420863847085,-0.07134465879152341,0.2138745923788386,0.029921328033233746,0.0069903286326734445,9.0,20.0,False,9.0,7.0,True,0.19530513921164933,0.2865770129541961,True,0.16714905318051004,0.21797747793438982,True,0.09530503971524454,0.1087655056576928,True
A1.4_rho0.96,12,selected,1.6,0.96,0.18953430373529565,1.4,0.96,0.192,0.18953430373529565,-0.002465696264704359,0.47354594337495515,0.4174465440905879,0.5296453426593224,0.019125942107245802,1.4144027343064658,1.6,0.96,0.304684743698885,0.01221040776924927,1,False,4,False,False,0.005950493934733701,0.03855404862494421,-0.0008648926451221978,0.11139243277262596,-0.03800761444454065,0.31244222788268505,0.0028996856367946577,0.39542735916354055,-0.02546251743183625,0.33655008739188175,-0.037547326348640025,0.27033420863847085,-0.08585115480062211,0.2138745923788386,-0.005710787631355196,0.0069903286326734445,13.0,20.0,False,13.0,7.0,True,0.26457586044042264,0.2865770129541961,True,0.17468205303081025,0.21797747793438982,True,0.042974443067116,0.1087655056576928,True
A1.4_rho0.96,12,true_shape,1.4,0.96,0.18953430373529565,1.4,0.96,0.192,0.18953430373529565,-0.002465696264704359,1.3973965540694857,1.9315355664949543,0.863257541644017,0.03736213547359842,2.108145385136476,1.6,0.96,0.304684743698885,0.01221040776924927,1,False,4,False,False,0.01747504355181711,0.03855404862494421,0.013474018342742422,0.11139243277262596,-0.034684502868317924,0.31244222788268505,-0.0376121721665591,0.39542735916354055,-0.05346660502687384,0.33655008739188175,-0.055382388665470794,0.27033420863847085,-0.09276161740842502,0.2138745923788386,-0.004625976872695522,0.0069903286326734445,12.0,20.0,False,12.0,7.0,True,0.2502774393672772,0.2865770129541961,True,0.17357348956590155,0.21797747793438982,True,0.0493478500888829,0.1087655056576928,True
A1.4_rho0.96,12,true_everything,1.4,0.96,0.192,1.4,0.96,0.192,0.18953430373529565,-0.002465696264704359,1.4620401749072394,2.0608228081704616,0.8632575416440172,0.03854687387814645,2.152110688934138,1.6,0.96,0.304684743698885,0.01221040776924927,1,False,4,False,False,0.018203939168981796,0.03855404862494421,0.015098435327079177,0.11139243277262596,-0.031071087399120345,0.31244222788268505,-0.0376121721665591,0.39542735916354055,-0.05346660502687384,0.33655008739188175,-0.055382388665470794,0.27033420863847085,-0.09276161740842503,0.2138745923788386,-0.004625976872695528,0.0069903286326734445,12.0,20.0,False,12.0,7.0,True,0.2502774393672772,0.2865770129541961,True,0.17357348956590157,0.21797747793438982,True,0.04934785008888289,0.1087655056576928,True
A1.4_rho0.96,13,fixed_baseline,1.0,0.98,0.2163011616945879,1.4,0.96,0.192,0.2163011616945879,0.024301161694587903,4.26701645893869,6.135740775040401,2.3982921428369783,0.061720371554406996,4.263591658367828,1.4,0.96,0.14396680635001646,0.0074134200677193765,1,False,2,True,True,0.03670111523019166,0.05518387812353847,0.05772692119764784,0.11087869502985291,0.07199322315371456,0.23805640582981738,-0.11411176342635149,0.35651539923543263,-0.07628090700671142,0.2922703169515927,0.0065961164164211605,0.18214472145072605,0.13405263419105176,0.007994059394807192,0.08134273117684353,-0.04098810456757565,9.0,11.0,True,9.0,14.0,True,0.19230265065684812,0.18910342022119336,True,0.16360674328699762,0.2169580898314948,True,0.09489371653893755,-0.015090658314596083,False
A1.4_rho0.96,13,selected,1.4,0.96,0.2163011616945879,1.4,0.96,0.192,0.2163011616945879,0.024301161694587903,1.4564645845094555,2.015741667148822,0.8971875018700889,0.03480972993560206,2.3073477257607644,1.4,0.96,0.14396680635001646,0.0074134200677193765,1,False,2,True,True,0.00864697927502512,0.05518387812353847,0.030289430873517667,0.11087869502985291,0.08012549746412986,0.23805640582981738,-0.001569315882190947,0.35651539923543263,-0.008915667192756216,0.2922703169515927,0.035680605096598206,0.18214472145072605,0.11301510565938888,0.007994059394807192,0.04430642669866443,-0.04098810456757565,12.0,11.0,True,12.0,14.0,True,0.24405237445562872,0.18910342022119336,True,0.17054346069169535,0.2169580898314948,True,0.05177304844654343,-0.015090658314596083,False
A1.4_rho0.96,13,true_shape,1.4,0.96,0.2163011616945879,1.4,0.96,0.192,0.2163011616945879,0.024301161694587903,1.4564645845094555,2.015741667148822,0.8971875018700889,0.03480972993560206,2.3073477257607644,1.4,0.96,0.14396680635001646,0.0074134200677193765,1,False,2,True,True,0.00864697927502512,0.05518387812353847,0.030289430873517667,0.11087869502985291,0.08012549746412986,0.23805640582981738,-0.001569315882190947,0.35651539923543263,-0.008915667192756216,0.2922703169515927,0.035680605096598206,0.18214472145072605,0.11301510565938888,0.007994059394807192,0.04430642669866443,-0.04098810456757565,12.0,11.0,True,12.0,14.0,True,0.24405237445562872,0.18910342022119336,True,0.17054346069169535,0.2169580898314948,True,0.05177304844654343,-0.015090658314596083,False
A1.4_rho0.96,13,true_everything,1.4,0.96,0.192,1.4,0.96,0.192,0.2163011616945879,0.024301161694587903,0.72365291072669,0.5501183195832912,0.8971875018700889,0.021923953535635934,1.7596120450578516,1.4,0.96,0.14396680635001646,0.0074134200677193765,1,False,2,True,True,0.0014756632515962528,0.05518387812353847,0.014429370637023833,0.11087869502985291,0.04437816342458542,0.23805640582981738,-0.001569315882190947,0.35651539923543263,-0.008915667192756216,0.2922703169515927,0.035680605096598234,0.18214472145072605,0.11301510565938888,0.007994059394807192,0.04430642669866443,-0.04098810456757565,12.0,11.0,True,12.0,14.0,True,0.24405237445562866,0.18910342022119336,True,0.17054346069169535,0.2169580898314948,True,0.05177304844654343,-0.015090658314596083,False
A1.4_rho0.96,14,fixed_baseline,1.0,0.98,0.16441160461109605,1.4,0.96,0.192,0.16441160461109605,-0.027588395388903952,1.4758225067636876,2.1263418137110484,0.8253031998163269,0.03178327766559455,2.1937147355998494,1.4,0.94,0.09129038233267547,0.00439393892341108,1,False,2,True,False,0.0217005794980858,0.048059484186099365,0.022461613789697743,0.1062186323083448,-0.006242174642648868,0.24338463261592258,-0.05619927110409212,0.299642048167606,-0.07222450723946319,0.2921279111508684,-0.05584478710800936,0.24867442068863357,-0.045163517432863676,0.18707929387997702,-0.04568295620573479,0.08747076430866625,9.0,15.0,True,9.0,10.0,True,0.19340903326628167,0.217248191302886,True,0.16681094149873749,0.21871741098548336,True,0.09356724486368265,0.11469343438755883,True
A1.4_rho0.96,14,selected,1.4,0.94,0.16441160461109605,1.4,0.96,0.192,0.16441160461109605,-0.027588395388903952,0.9456379414652496,0.1155338547179348,1.7757420282125644,0.015018473872713885,2.132202375181114,1.4,0.94,0.09129038233267547,0.00439393892341108,1,False,2,True,False,0.004013214807368749,0.048059484186099365,0.005770712756851967,0.1062186323083448,0.001916645045175469,0.24338463261592258,0.05269357729158036,0.299642048167606,-0.03572899792027512,0.2921279111508684,-0.0751278936764036,0.24867442068863357,-0.1135501524196013,0.18707929387997702,-0.09387158558318118,0.08747076430866625,12.0,15.0,True,12.0,10.0,True,0.24170035517971047,0.217248191302886,True,0.14481943313895682,0.21871741098548336,True,0.02286386757120996,0.11469343438755883,True
A1.4_rho0.96,14,true_shape,1.4,0.96,0.16441160461109605,1.4,0.96,0.192,0.16441160461109605,-0.027588395388903952,0.4600591702862543,0.007035130495859227,0.9130832100766494,0.011585011461249644,1.4938905203478359,1.4,0.94,0.09129038233267547,0.00439393892341108,1,False,2,True,False,0.0006625763721516756,0.048059484186099365,0.0018895961186560506,0.1062186323083448,0.0010203073372717364,0.24338463261592258,0.05695231836778958,0.299642048167606,-0.005826420518860009,0.2921279111508684,-0.029918885806099305,0.24867442068863357,-0.0669608487262589,0.18707929387997702,-0.08299723879669374,0.08747076430866625,12.0,15.0,True,12.0,10.0,True,0.2468604731298504,0.217248191302886,True,0.17173586708763958,0.21871741098548336,True,0.04829135476501148,0.11469343438755883,True
A1.4_rho0.96,14,true_everything,1.4,0.96,0.192,1.4,0.96,0.192,0.16441160461109605,-0.027588395388903952,0.9769340525500102,1.040784895023371,0.9130832100766495,0.025542208876485797,1.9016541425420495,1.4,0.94,0.09129038233267547,0.00439393892341108,1,False,2,True,False,0.008838176105653912,0.048059484186099365,0.020030241103497687,0.1062186323083448,0.042031646739861483,0.24338463261592258,0.05695231836778958,0.299642048167606,-0.005826420518860009,0.2921279111508684,-0.029918885806099332,0.24867442068863357,-0.0669608487262589,0.18707929387997702,-0.08299723879669375,0.08747076430866625,12.0,15.0,True,12.0,10.0,True,0.24686047312985046,0.217248191302886,True,0.17173586708763963,0.21871741098548336,True,0.04829135476501148,0.11469343438755883,True
A1.4_rho0.96,15,fixed_baseline,1.0,0.98,0.21975055236552485,1.4,0.96,0.192,0.21975055236552485,0.027750552365524844,3.2628345055114014,4.46001225923323,2.065656751789573,0.04776023490344955,3.6244952629009015,1.4,0.98,0.32517599285200055,0.012469657111720718,1,False,2,True,False,0.03487850080320336,0.05862571318285732,0.051371464268977984,0.12121734791264677,0.048025792830242664,0.2678989305510471,-0.15263943293445492,0.39393199114082195,-0.10159779114936718,0.3135182023266195,-0.06436191398141652,0.251501210552433,0.04462972967918549,0.09512794554174406,-0.012191953223252658,0.051007206875550756,9.0,13.0,True,9.0,15.0,True,0.19135770699518423,0.294890499217,True,0.16367493206610997,0.23823615274878226,True,0.09245686378945436,0.030935095862731143,True
A1.4_rho0.96,15,selected,1.4,0.98,0.21975055236552485,1.4,0.96,0.192,0.21975055236552485,0.027750552365524844,0.6445124195397014,0.6268402429874828,0.66218459609192,0.024733280463732774,1.636610496432768,1.4,0.98,0.32517599285200055,0.012469657111720718,1,False,2,True,False,0.0022141193391941733,0.05862571318285732,0.01815314096602666,0.12121734791264677,0.04961252402760552,0.2678989305510471,-0.04531482776781354,0.39393199114082195,-0.008355526679061642,0.3135182023266195,0.012920501920174576,0.251501210552433,0.09512004353571149,0.09512794554174406,-0.0027178081806062057,0.051007206875550756,12.0,13.0,True,12.0,15.0,True,0.2435632704064533,0.294890499217,True,0.1978306654935591,0.23823615274878226,True,0.09754799872345393,0.030935095862731143,True
A1.4_rho0.96,15,true_shape,1.4,0.96,0.21975055236552485,1.4,0.96,0.192,0.21975055236552485,0.027750552365524844,0.6877299934933481,0.9868688889699054,0.38859109801679065,0.021704220923988445,1.511424715868584,1.4,0.98,0.32517599285200055,0.012469657111720718,1,False,2,True,False,0.00636715202279535,0.05862571318285732,0.02398962840762975,0.12121734791264677,0.05506790081308921,0.2678989305510471,-0.03809890079200662,0.39393199114082195,-0.03288769150064036,0.3135182023266195,-0.035257504156284925,0.251501210552433,0.023312181389814043,0.09512794554174406,-0.04782967778771493,0.051007206875550756,12.0,13.0,True,12.0,15.0,True,0.24529192330735067,0.294890499217,True,0.17018524308633348,0.23823615274878226,True,0.04977794147324607,0.030935095862731143,True
A1.4_rho0.96,15,true_everything,1.4,0.96,0.192,1.4,0.96,0.192,0.21975055236552485,0.027750552365524844,0.23020697473887577,0.0718228514609608,0.38859109801679076,0.008694549752286842,1.1067438897298916,1.4,0.98,0.32517599285200055,0.012469657111720718,1,False,2,True,False,-0.0018402808589884495,0.05862571318285732,0.005652592359990077,0.12121734791264677,0.014282984144528554,0.2678989305510471,-0.03809890079200662,0.39393199114082195,-0.03288769150064036,0.3135182023266195,-0.035257504156284925,0.251501210552433,0.023312181389814043,0.09512794554174406,-0.04782967778771495,0.051007206875550756,12.0,13.0,True,12.0,15.0,True,0.24529192330735072,0.294890499217,True,0.17018524308633348,0.23823615274878226,True,0.04977794147324607,0.030935095862731143,True
A1.4_rho0.96,16,fixed_baseline,1.0,0.98,0.17936461423179556,1.4,0.96,0.192,0.17936461423179556,-0.012635385768204443,2.0118532776193336,2.858404003914055,1.165302551324612,0.03920418944731106,2.7113441413908324,1.2,0.96,0.19158764027973418,0.008850898056634282,1,False,4,False,False,0.023159202700161093,0.053008905312819606,0.03145961348825849,0.10892701498222196,0.05156800560377853,0.20680342325043863,-0.08730414065696496,0.33002743364923004,-0.05176077415811625,0.27035104283353983,-0.005622491022856557,0.1981029850196277,0.07554850521770479,0.06720163207019209,0.06685100743713102,-0.02607143844639163,9.0,9.0,True,9.0,11.0,True,0.19161629078342607,0.2812114445684753,True,0.16686821007945285,0.16646489441922102,True,0.09657988837509326,0.04240889809193267,True
A1.4_rho0.96,16,selected,1.2,0.96,0.17936461423179556,1.4,0.96,0.192,0.17936461423179556,-0.012635385768204443,0.9254942952101636,1.636580971468644,0.21440761895168334,0.02613560754616626,1.6776629633949904,1.2,0.96,0.19158764027973418,0.008850898056634282,1,False,4,False,False,0.012373379197301547,0.053008905312819606,0.022549050666522963,0.10892701498222196,0.057462828852147735,0.20680342325043863,-0.022848410218502924,0.33002743364923004,-0.01972038320957381,0.27035104283353983,-0.003600342351786495,0.1981029850196277,0.04361702878295583,0.06720163207019209,0.028652925844569938,-0.02607143844639163,11.0,9.0,True,11.0,11.0,True,0.2223987718614789,0.2812114445684753,True,0.16457893546879357,0.16646489441922102,True,0.056741816710253405,0.04240889809193267,True
A1.4_rho0.96,16,true_shape,1.4,0.96,0.17936461423179556,1.4,0.96,0.192,0.17936461423179556,-0.012635385768204443,0.5448067941453079,0.7778465343944515,0.31176705389616427,0.021892771423406673,1.368714799699752,1.2,0.96,0.19158764027973418,0.008850898056634282,1,False,4,False,False,-9.964329988430137e-05,0.053008905312819606,0.0095292848990077,0.10892701498222196,0.05844626985719972,0.20680342325043863,0.02711864486183546,0.33002743364923004,0.016017057122871936,0.27035104283353983,0.02140700286603367,0.1981029850196277,0.05595512248878133,0.06720163207019209,0.028220999174180635,-0.02607143844639163,12.0,9.0,True,12.0,11.0,True,0.2404450420252705,0.2812114445684753,True,0.1725373818354972,0.16646489441922102,True,0.053571178045709225,0.04240889809193267,True
A1.4_rho0.96,16,true_everything,1.4,0.96,0.192,1.4,0.96,0.192,0.17936461423179556,-0.012635385768204443,0.8964392042612974,1.4811113546264307,0.3117670538961642,0.02924585331715257,1.659494367298021,1.2,0.96,0.19158764027973418,0.008850898056634282,1,False,4,False,False,0.003627563089780121,0.053008905312819606,0.01787396900564639,0.10892701498222196,0.07713185180248586,0.20680342325043863,0.02711864486183546,0.33002743364923004,0.016017057122871936,0.27035104283353983,0.021407002866033698,0.1981029850196277,0.05595512248878132,0.06720163207019209,0.02822099917418063,-0.02607143844639163,12.0,9.0,True,12.0,11.0,True,0.2404450420252705,0.2812114445684753,True,0.17253738183549716,0.16646489441922102,True,0.053571178045709225,0.04240889809193267,True
A1.4_rho0.96,17,fixed_baseline,1.0,0.98,0.2159068474605525,1.4,0.96,0.192,0.2159068474605525,0.023906847460552494,2.9985656042292526,4.950982960624541,1.046148247833965,0.048743850793931925,3.246244592097561,1.6,0.98,0.6882310195687933,0.015198517839911357,1,False,8,False,False,0.03868353202170408,0.052858765011226126,0.04309405535953292,0.12564354459651547,0.05061052890307116,0.25976820101747733,-0.08591197316564725,0.3297484013759533,-0.05787602646422982,0.276672395162963,0.02662982616370757,0.16245810329571414,0.05269803006584932,0.09000498926928076,0.06913146572932966,-0.02515931415546993,9.0,13.0,True,9.0,7.0,True,0.19451674274336306,0.20850871281290537,True,0.16696277959552536,0.1302527769315999,True,0.093807361539506,0.02165857676985267,True
A1.4_rho0.96,17,selected,1.6,0.98,0.2159068474605525,1.4,0.96,0.192,0.2159068474605525,0.023906847460552494,1.564268142998349,0.5235894397957419,2.604946846200956,0.048827435224940464,2.647399334224931,1.6,0.98,0.6882310195687933,0.015198517839911357,1,False,8,False,False,-0.0065070509058077555,0.052858765011226126,-0.006527659776677117,0.12564354459651547,0.046652729729819264,0.25976820101747733,0.06175434364941523,0.3297484013759533,0.06891562847305216,0.276672395162963,0.131059187945133,0.16245810329571414,0.12074433971486205,0.09000498926928076,0.08174842050880332,-0.02515931415546993,13.0,13.0,True,13.0,7.0,True,0.26210284147156093,0.20850871281290537,True,0.20675787753797764,0.1302527769315999,True,0.09232029115022859,0.02165857676985267,True
A1.4_rho0.96,17,true_shape,1.4,0.96,0.2159068474605525,1.4,0.96,0.192,0.2159068474605525,0.023906847460552494,0.6680099798051947,1.0359069423544225,0.300113017255967,0.025156208060751476,1.4615622486967328,1.6,0.98,0.6882310195687933,0.015198517839911357,1,False,8,False,False,0.010860691796188711,0.052858765011226126,0.016660471493036094,0.12564354459651547,0.05667315413864482,0.25976820101747733,0.02743951129083072,0.3297484013759533,0.008634187260277704,0.276672395162963,0.05246864981160171,0.16245810329571414,0.030742054501242275,0.09000498926928076,0.030069058770709207,-0.02515931415546993,12.0,13.0,True,12.0,7.0,True,0.24532574082609915,0.20850871281290537,True,0.17268659641686945,0.1302527769315999,True,0.04948047312261771,0.02165857676985267,True
A1.4_rho0.96,17,true_everything,1.4,0.96,0.192,1.4,0.96,0.192,0.2159068474605525,0.023906847460552494,0.21094054816931393,0.12176807908266059,0.3001130172559673,0.011843251245640693,1.0861705526322307,1.6,0.98,0.6882310195687933,0.015198517839911357,1,False,8,False,False,0.0038051891473324592,0.052858765011226126,0.0009034890457865485,0.12564354459651547,0.021634361729292784,0.25976820101747733,0.02743951129083072,0.3297484013759533,0.00863418726027776,0.276672395162963,0.052468649811601736,0.16245810329571414,0.03074205450124229,0.09000498926928076,0.030069058770709214,-0.02515931415546993,12.0,13.0,True,12.0,7.0,True,0.24532574082609915,0.20850871281290537,True,0.17268659641686948,0.1302527769315999,True,0.049480473122617705,0.02165857676985267,True
A1.4_rho0.96,18,fixed_baseline,1.0,0.98,0.21897906320321453,1.4,0.96,0.192,0.21897906320321453,0.026979063203214526,3.3948277219823293,5.4613507143720055,1.3283047295926529,0.05507108667641459,3.5884514291300715,1.2,0.96,0.3639708617412213,0.007801884939650544,1,False,7,False,False,0.039185168511580104,0.0541997770789608,0.05036665478295102,0.12126015579735655,0.03612796455269163,0.281388149808921,-0.1024263215235171,0.3476288510659892,-0.07738140273886251,0.2970860461449417,-0.0029416441013346284,0.195320774687351,0.009595134004968614,0.1350871587247345,0.08024907398787945,-0.03892362409999986,9.0,7.0,True,9.0,16.0,False,0.19340622432867785,0.29365133184879794,True,0.16720335375412249,0.225601884900788,True,0.09852495630313898,0.05214248815340118,True
A1.4_rho0.96,18,selected,1.2,0.96,0.21897906320321453,1.4,0.96,0.192,0.21897906320321453,0.026979063203214526,1.8038333558080242,3.254348888134308,0.35331782348174023,0.037997112920632715,2.4098831429040772,1.2,0.96,0.3639708617412213,0.007801884939650544,1,False,7,False,False,0.026247750265258066,0.0541997770789608,0.03941969852470159,0.12126015579735655,0.042892365001644506,0.281388149808921,-0.039475869119311446,0.3476288510659892,-0.045273883786668745,0.2970860461449417,-0.0017972600890211188,0.195320774687351,-0.023552796705081813,0.1350871587247345,0.04317656145537028,-0.03892362409999986,11.0,7.0,True,11.0,16.0,True,0.22542680791741235,0.29365133184879794,True,0.16392728178573107,0.225601884900788,True,0.05594834712513051,0.05214248815340118,True
A1.4_rho0.96,18,true_shape,1.4,0.96,0.21897906320321453,1.4,0.96,0.192,0.21897906320321453,0.026979063203214526,0.6429909414744551,1.1017209315498695,0.18426095139904067,0.025858026954058224,1.4962489166396575,1.2,0.96,0.3639708617412213,0.007801884939650544,1,False,7,False,False,0.010969349926031477,0.0541997770789608,0.02319148989406783,0.12126015579735655,0.044524397416007055,0.281388149808921,0.008745299251965877,0.3476288510659892,-0.009208480085159954,0.2970860461449417,0.024063515354372733,0.195320774687351,-0.012681204102206897,0.1350871587247345,0.043546067364419856,-0.03892362409999986,12.0,7.0,True,12.0,16.0,True,0.2463277400171754,0.29365133184879794,True,0.17085481897492225,0.225601884900788,True,0.05122780725162297,0.05214248815340118,True
A1.4_rho0.96,18,true_everything,1.4,0.96,0.192,1.4,0.96,0.192,0.21897906320321453,0.026979063203214526,0.12427175298199038,0.06428255456494034,0.18426095139904042,0.0074236059992202974,1.043685069779785,1.2,0.96,0.3639708617412213,0.007801884939650544,1,False,7,False,False,0.002940262712637136,0.0541997770789608,0.005394491304752114,0.12126015579735655,0.004370717508525801,0.281388149808921,0.008745299251965821,0.3476288510659892,-0.009208480085159898,0.2970860461449417,0.024063515354372705,0.195320774687351,-0.012681204102206883,0.1350871587247345,0.04354606736441985,-0.03892362409999986,12.0,7.0,True,12.0,16.0,True,0.2463277400171754,0.29365133184879794,True,0.17085481897492227,0.225601884900788,True,0.051227807251622966,0.05214248815340118,True
A1.4_rho0.96,19,fixed_baseline,1.0,0.98,0.21006813687765563,1.4,0.96,0.192,0.21006813687765563,0.018068136877655627,1.828080263185904,1.5011972683873565,2.154963257984452,0.03241677231311139,2.7519482880095234,1.6,0.94,0.3081908042860208,0.013432947768379755,2,False,3,True,False,0.023111508617487564,0.06592821564281037,0.024451004999840292,0.14004059196502375,0.02980834545562544,0.27412831749353744,-0.17188139197598956,0.41433116506163487,-0.06189623640703368,0.2817106236464091,-0.04455339235974265,0.2376943210663778,0.07388660439490521,0.06994606518617044,0.004893375366319251,0.035117889114769235,9.0,10.0,True,9.0,7.0,True,0.1945369333193779,0.37720494583047515,True,0.16691760517868393,0.08805925807962009,True,0.09510076068336613,0.0016461496645709763,False
A1.4_rho0.96,19,selected,1.6,0.94,0.21006813687765563,1.4,0.96,0.192,0.21006813687765563,0.018068136877655627,0.5445523362900028,0.7838712882734526,0.30523338430655295,0.01364316514442412,1.3828330864359435,1.6,0.94,0.3081908042860208,0.013432947768379755,2,False,3,True,False,-0.012643768598117763,0.06592821564281037,-0.01206132340054672,0.14004059196502375,0.036127908908645034,0.27412831749353744,-0.021475883455238987,0.41433116506163487,0.0008255387287655624,0.2817106236464091,-0.053238218730107895,0.2376943210663778,0.007444626686189837,0.06994606518617044,-0.04233696674614701,0.035117889114769235,13.0,10.0,True,13.0,7.0,True,0.25053791377723683,0.37720494583047515,True,0.14635085408325077,0.08805925807962009,True,0.020324432779924455,0.0016461496645709763,True
A1.4_rho0.96,19,true_shape,1.4,0.96,0.21006813687765563,1.4,0.96,0.192,0.21006813687765563,0.018068136877655627,0.31324236317031967,0.22086402763390756,0.4056206987067318,0.009570148468813084,1.2425073554120685,1.6,0.94,0.3081908042860208,0.013432947768379755,2,False,3,True,False,-0.004018467119787289,0.06592821564281037,-0.0017393079514482768,0.14004059196502375,0.037585841746536786,0.27412831749353744,-0.05683068972504002,0.41433116506163487,0.005591083744889258,0.2817106236464091,-0.01965936059949444,0.2376943210663778,0.05305927804490973,0.06994606518617044,-0.02953504944902675,0.035117889114769235,12.0,10.0,True,12.0,7.0,True,0.24238770809973104,0.37720494583047515,True,0.1768569345261341,0.08805925807962009,True,0.05058049370280705,0.0016461496645709763,True
A1.4_rho0.96,19,true_everything,1.4,0.96,0.192,1.4,0.96,0.192,0.21006813687765563,0.018068136877655627,0.41954392549240127,0.4334671522780706,0.405620698706732,0.01306224824541299,1.3290674871318475,1.6,0.94,0.3081908042860208,0.013432947768379755,2,False,3,True,False,-0.009343376584884766,0.06592821564281037,-0.013634717541186031,0.14004059196502375,0.010775045118521065,0.27412831749353744,-0.05683068972504002,0.41433116506163487,0.005591083744889314,0.2817106236464091,-0.01965936059949447,0.2376943210663778,0.053059278044909744,0.06994606518617044,-0.029535049449026747,0.035117889114769235,12.0,10.0,True,12.0,7.0,True,0.24238770809973104,0.37720494583047515,True,0.17685693452613416,0.08805925807962009,True,0.05058049370280705,0.0016461496645709763,True
