object,model,period,statistic,real,sim_median,sim_p2.5,sim_p97.5,real_inside_sim_range,n_days,sigma_annual,category,comparison
ff_momentum,gaussian,describe,rv21_q10,0.0728491436567256,0.14899297188283034,0.1397808631423405,0.15820740863564953,False,1259,0.18857887055227532,return,level (both sides at the frozen sigma_annual)
ff_momentum,gaussian,describe,rv21_q50,0.1140344684733524,0.18527298631015499,0.17692203349408753,0.1935131778542251,False,1259,0.18857887055227532,return,level (both sides at the frozen sigma_annual)
ff_momentum,gaussian,describe,rv21_q90,0.3051095179174075,0.22441706349587992,0.2134135333052893,0.2363704273193866,False,1259,0.18857887055227532,return,level (both sides at the frozen sigma_annual)
ff_momentum,gaussian,describe,rv21_q10_over_own_sd,0.3863059707769929,0.7907054737276351,0.7518324866018663,0.8247741936666649,False,1259,0.18857887055227532,return,"shape (each series divided by its own annualised sd, inside the path)"
ff_momentum,gaussian,describe,rv21_q50_over_own_sd,0.6047043772156928,0.9839568321460644,0.9628882739710781,1.0022899037926456,False,1259,0.18857887055227532,return,"shape (each series divided by its own annualised sd, inside the path)"
ff_momentum,gaussian,describe,rv21_q90_over_own_sd,1.6179411671300103,1.1905700978044422,1.1570193360312346,1.229512728780046,False,1259,0.18857887055227532,return,"shape (each series divided by its own annualised sd, inside the path)"
ff_momentum,gaussian,describe,w1_vs_market_standardised,,0.23086565315257065,0.2105857107451563,0.2500828300335187,,1259,0.18857887055227532,return,scale-free
ff_momentum,gaussian,describe,w1_sim_vs_sim_reference,,0.03248118888868469,0.02074867727649999,0.05213276241243218,,1259,0.18857887055227532,return,scale-free
ff_momentum,gaussian,describe,tail_below_m2_count,39.0,28.0,20.0,37.0,False,1259,0.18857887055227532,return,scale-free
ff_momentum,gaussian,describe,tail_below_m3_count,13.0,2.0,0.0,4.0,False,1259,0.18857887055227532,return,scale-free
ff_momentum,gaussian,describe,tail_below_m5_count,2.0,0.0,0.0,0.0,False,1259,0.18857887055227532,return,scale-free
ff_momentum,gaussian,describe,tail_above_p2_count,25.0,28.0,20.0,37.0,True,1259,0.18857887055227532,return,scale-free
ff_momentum,gaussian,describe,tail_above_p3_count,7.0,2.0,0.0,4.0,False,1259,0.18857887055227532,return,scale-free
ff_momentum,gaussian,describe,tail_above_p5_count,1.0,0.0,0.0,0.0,False,1259,0.18857887055227532,return,scale-free
ff_momentum,gaussian,describe,acf_absret_lag1,0.3348397479395649,-0.001026338221712336,-0.05329383174398852,0.05236227010112427,False,1259,0.18857887055227532,return,scale-free
ff_momentum,gaussian,describe,acf_absret_lag5,0.33611244378513266,-0.0009674136422153016,-0.057958179030821864,0.05452817652935644,False,1259,0.18857887055227532,return,scale-free
ff_momentum,gaussian,describe,acf_absret_lag10,0.27713024028341554,0.0005879314509283163,-0.05463852474437908,0.05999841062508541,False,1259,0.18857887055227532,return,scale-free
ff_momentum,gaussian,describe,acf_absret_lag21,0.24853315465816603,-0.0008223254269143125,-0.05959364816229121,0.05473861746183815,False,1259,0.18857887055227532,return,scale-free
ff_momentum,gaussian,describe,acf_absret_lag63,0.16403229747774883,-0.0013836402009546915,-0.056418081303671645,0.05570628275460565,False,1259,0.18857887055227532,return,scale-free
ff_momentum,gaussian,describe,acf_ret_lag1,0.07830265156455762,-0.00035092634819110366,-0.05444551052123296,0.054574612476874,False,1259,0.18857887055227532,return,scale-free
ff_momentum,gaussian,describe,acf_ret_lag5,-0.014285660164666857,-0.0015582741855927344,-0.05929472847990793,0.0514723551162311,True,1259,0.18857887055227532,return,scale-free
ff_momentum,gaussian,describe,acf_ret_lag21,-0.03730275413265044,-0.0007700447489038405,-0.05790279482957825,0.05170932283256291,True,1259,0.18857887055227532,return,scale-free
ff_momentum,gaussian,describe,concentration_max_exceed_63d,12.0,1.0,0.0,3.0,False,1259,0.18857887055227532,return,scale-free
ff_momentum,gaussian,describe,leadlag_ret_vs_future_sq_lag1,0.004745445962850883,-0.0003980002921910846,-0.05770602635685879,0.053025648454674716,True,1259,0.18857887055227532,return,scale-free
ff_momentum,gaussian,describe,leadlag_ret_vs_future_sq_lag5,-0.07602323720775105,-0.0015286655686950815,-0.05747421602637156,0.055278819504326344,False,1259,0.18857887055227532,return,scale-free
ff_momentum,gaussian,describe,leadlag_ret_vs_future_sq_lag21,0.0359817168546363,-0.00216582809308573,-0.05857302419182884,0.054675612071265076,True,1259,0.18857887055227532,return,scale-free
ff_momentum,gaussian,describe,sd_daily,0.011879352238161002,0.011864717112834267,0.011417573670032446,0.012358677862549747,True,1259,0.18857887055227532,return,scale-free
ff_momentum,gaussian,describe,excess_kurtosis,20.251566196012654,-0.012020155304172775,-0.24425194617765636,0.2931933959450086,False,1259,0.18857887055227532,return,scale-free
ff_momentum,stoch_vol,describe,rv21_q10,0.0728491436567256,0.08052945037173462,0.0563618315823195,0.11085759243557079,True,1259,0.18857887055227532,return,level (both sides at the frozen sigma_annual)
ff_momentum,stoch_vol,describe,rv21_q50,0.1140344684733524,0.14790019660226367,0.11021857894062549,0.19330494476477975,True,1259,0.18857887055227532,return,level (both sides at the frozen sigma_annual)
ff_momentum,stoch_vol,describe,rv21_q90,0.3051095179174075,0.2715496631286769,0.19387877581545535,0.38922347286055137,True,1259,0.18857887055227532,return,level (both sides at the frozen sigma_annual)
ff_momentum,stoch_vol,describe,rv21_q10_over_own_sd,0.3863059707769929,0.440253081405101,0.3047794767420543,0.5642965987468651,True,1259,0.18857887055227532,return,"shape (each series divided by its own annualised sd, inside the path)"
ff_momentum,stoch_vol,describe,rv21_q50_over_own_sd,0.6047043772156928,0.8122535528105239,0.6347242786502176,0.9193232479343076,False,1259,0.18857887055227532,return,"shape (each series divided by its own annualised sd, inside the path)"
ff_momentum,stoch_vol,describe,rv21_q90_over_own_sd,1.6179411671300103,1.4745950919411428,1.3063739586606595,1.6744090319324636,True,1259,0.18857887055227532,return,"shape (each series divided by its own annualised sd, inside the path)"
ff_momentum,stoch_vol,describe,w1_vs_market_standardised,,0.12136014451084998,0.07067664154288854,0.16789765039849006,,1259,0.18857887055227532,return,scale-free
ff_momentum,stoch_vol,describe,w1_sim_vs_sim_reference,,0.055812558467529236,0.02966009405701097,0.14101866441481478,,1259,0.18857887055227532,return,scale-free
ff_momentum,stoch_vol,describe,tail_below_m2_count,39.0,35.0,26.0,43.524999999999864,True,1259,0.18857887055227532,return,scale-free
ff_momentum,stoch_vol,describe,tail_below_m3_count,13.0,9.0,4.0,15.0,True,1259,0.18857887055227532,return,scale-free
ff_momentum,stoch_vol,describe,tail_below_m5_count,2.0,1.0,0.0,3.0,True,1259,0.18857887055227532,return,scale-free
ff_momentum,stoch_vol,describe,tail_above_p2_count,25.0,35.0,26.0,44.0,False,1259,0.18857887055227532,return,scale-free
ff_momentum,stoch_vol,describe,tail_above_p3_count,7.0,9.0,4.0,15.0,True,1259,0.18857887055227532,return,scale-free
ff_momentum,stoch_vol,describe,tail_above_p5_count,1.0,1.0,0.0,3.0,True,1259,0.18857887055227532,return,scale-free
ff_momentum,stoch_vol,describe,acf_absret_lag1,0.3348397479395649,0.24312314347337177,0.13748880221983809,0.3709132648784352,True,1259,0.18857887055227532,return,scale-free
ff_momentum,stoch_vol,describe,acf_absret_lag5,0.33611244378513266,0.21769299096434638,0.10802430757087408,0.3514010479811975,True,1259,0.18857887055227532,return,scale-free
ff_momentum,stoch_vol,describe,acf_absret_lag10,0.27713024028341554,0.18871152005121894,0.0835639617881521,0.3278525746729291,True,1259,0.18857887055227532,return,scale-free
ff_momentum,stoch_vol,describe,acf_absret_lag21,0.24853315465816603,0.14175539241716992,0.04277209989776052,0.27930875152854007,True,1259,0.18857887055227532,return,scale-free
ff_momentum,stoch_vol,describe,acf_absret_lag63,0.16403229747774883,0.0427938940609863,-0.04179800844387476,0.1658530880720022,True,1259,0.18857887055227532,return,scale-free
ff_momentum,stoch_vol,describe,acf_ret_lag1,0.07830265156455762,0.00041913710665393024,-0.08308683089996154,0.08060593006804379,True,1259,0.18857887055227532,return,scale-free
ff_momentum,stoch_vol,describe,acf_ret_lag5,-0.014285660164666857,-0.0028979204133312373,-0.08414793815677339,0.0788102370298745,True,1259,0.18857887055227532,return,scale-free
ff_momentum,stoch_vol,describe,acf_ret_lag21,-0.03730275413265044,6.990943333912268e-05,-0.07307334855868809,0.0690494093790999,True,1259,0.18857887055227532,return,scale-free
ff_momentum,stoch_vol,describe,concentration_max_exceed_63d,12.0,7.0,3.0,16.524999999999864,True,1259,0.18857887055227532,return,scale-free
ff_momentum,stoch_vol,describe,leadlag_ret_vs_future_sq_lag1,0.004745445962850883,-0.0007297119306828054,-0.10159063578386794,0.10562629560391204,True,1259,0.18857887055227532,return,scale-free
ff_momentum,stoch_vol,describe,leadlag_ret_vs_future_sq_lag5,-0.07602323720775105,0.0012023640349803954,-0.093314452293499,0.09922027992873726,True,1259,0.18857887055227532,return,scale-free
ff_momentum,stoch_vol,describe,leadlag_ret_vs_future_sq_lag21,0.0359817168546363,0.0005485153619912697,-0.08061584650867033,0.07765298958462642,True,1259,0.18857887055227532,return,scale-free
ff_momentum,stoch_vol,describe,sd_daily,0.011879352238161002,0.011561002285182392,0.008626260498927804,0.01566820116446391,True,1259,0.18857887055227532,return,scale-free
ff_momentum,stoch_vol,describe,excess_kurtosis,20.251566196012654,3.1102891674500004,1.2466329988898648,11.310201373707292,False,1259,0.18857887055227532,return,scale-free
ff_momentum,sv_jump,describe,rv21_q10,0.0728491436567256,0.07561023471686361,0.052391400437297085,0.1044785295074259,True,1259,0.18857887055227532,return,level (both sides at the frozen sigma_annual)
ff_momentum,sv_jump,describe,rv21_q50,0.1140344684733524,0.14464147937369015,0.10854232907583446,0.18663694149939802,True,1259,0.18857887055227532,return,level (both sides at the frozen sigma_annual)
ff_momentum,sv_jump,describe,rv21_q90,0.3051095179174075,0.2763596225284052,0.20283047182797773,0.3896283359028976,True,1259,0.18857887055227532,return,level (both sides at the frozen sigma_annual)
ff_momentum,sv_jump,describe,rv21_q10_over_own_sd,0.3863059707769929,0.4156446468650524,0.2910984142376552,0.5327759546551759,True,1259,0.18857887055227532,return,"shape (each series divided by its own annualised sd, inside the path)"
ff_momentum,sv_jump,describe,rv21_q50_over_own_sd,0.6047043772156928,0.7870055957286906,0.6339928525601816,0.8928931879354309,False,1259,0.18857887055227532,return,"shape (each series divided by its own annualised sd, inside the path)"
ff_momentum,sv_jump,describe,rv21_q90_over_own_sd,1.6179411671300103,1.5016436018109953,1.3228580817163607,1.6982000917907003,True,1259,0.18857887055227532,return,"shape (each series divided by its own annualised sd, inside the path)"
ff_momentum,sv_jump,describe,w1_vs_market_standardised,,0.0964908102192969,0.055635105902041675,0.14427395907944304,,1259,0.18857887055227532,return,scale-free
ff_momentum,sv_jump,describe,w1_sim_vs_sim_reference,,0.06739955282548137,0.034983385679828075,0.15437741750987397,,1259,0.18857887055227532,return,scale-free
ff_momentum,sv_jump,describe,tail_below_m2_count,39.0,30.0,18.0,40.0,True,1259,0.18857887055227532,return,scale-free
ff_momentum,sv_jump,describe,tail_below_m3_count,13.0,9.0,4.0,15.0,True,1259,0.18857887055227532,return,scale-free
ff_momentum,sv_jump,describe,tail_below_m5_count,2.0,2.0,0.0,5.0,True,1259,0.18857887055227532,return,scale-free
ff_momentum,sv_jump,describe,tail_above_p2_count,25.0,30.0,19.0,41.0,True,1259,0.18857887055227532,return,scale-free
ff_momentum,sv_jump,describe,tail_above_p3_count,7.0,9.0,4.0,15.0,True,1259,0.18857887055227532,return,scale-free
ff_momentum,sv_jump,describe,tail_above_p5_count,1.0,2.0,0.0,5.0,True,1259,0.18857887055227532,return,scale-free
ff_momentum,sv_jump,describe,acf_absret_lag1,0.3348397479395649,0.1807984504455179,0.07663716717863149,0.3338404955741733,False,1259,0.18857887055227532,return,scale-free
ff_momentum,sv_jump,describe,acf_absret_lag5,0.33611244378513266,0.16318357693020363,0.05829295604172142,0.30808946207764265,False,1259,0.18857887055227532,return,scale-free
ff_momentum,sv_jump,describe,acf_absret_lag10,0.27713024028341554,0.14530382219799204,0.043934703677364864,0.28118330703281197,True,1259,0.18857887055227532,return,scale-free
ff_momentum,sv_jump,describe,acf_absret_lag21,0.24853315465816603,0.10637475584175876,0.017975505837813276,0.23650010658255707,False,1259,0.18857887055227532,return,scale-free
ff_momentum,sv_jump,describe,acf_absret_lag63,0.16403229747774883,0.03183917043750939,-0.044254111918942705,0.13728428558126504,False,1259,0.18857887055227532,return,scale-free
ff_momentum,sv_jump,describe,acf_ret_lag1,0.07830265156455762,-0.00213555069585838,-0.07258460418896942,0.06706379356898605,False,1259,0.18857887055227532,return,scale-free
ff_momentum,sv_jump,describe,acf_ret_lag5,-0.014285660164666857,-0.0006973715899648955,-0.07142254450667355,0.06950584498746763,True,1259,0.18857887055227532,return,scale-free
ff_momentum,sv_jump,describe,acf_ret_lag21,-0.03730275413265044,-0.0017023789922882315,-0.06909741802207688,0.06404463197058222,True,1259,0.18857887055227532,return,scale-free
ff_momentum,sv_jump,describe,concentration_max_exceed_63d,12.0,6.0,2.0,15.0,True,1259,0.18857887055227532,return,scale-free
ff_momentum,sv_jump,describe,leadlag_ret_vs_future_sq_lag1,0.004745445962850883,0.0008013683463960108,-0.07354269565141848,0.08406282518979095,True,1259,0.18857887055227532,return,scale-free
ff_momentum,sv_jump,describe,leadlag_ret_vs_future_sq_lag5,-0.07602323720775105,0.0010321498003750154,-0.07089314055932353,0.07292703552472854,False,1259,0.18857887055227532,return,scale-free
ff_momentum,sv_jump,describe,leadlag_ret_vs_future_sq_lag21,0.0359817168546363,-0.0017045985770416149,-0.0657051013412798,0.06541377705206258,True,1259,0.18857887055227532,return,scale-free
ff_momentum,sv_jump,describe,sd_daily,0.011879352238161002,0.01161436049701913,0.008914428706870571,0.015305656611170596,True,1259,0.18857887055227532,return,scale-free
ff_momentum,sv_jump,describe,excess_kurtosis,20.251566196012654,9.872799295613003,2.741341172018817,40.651671642466425,True,1259,0.18857887055227532,return,scale-free
ff_momentum,gaussian,contrast,rv21_q10,0.1092641569774828,0.14950882563135348,0.13511199875788998,0.16354330467524014,False,501,0.18857887055227532,return,level (both sides at the frozen sigma_annual)
ff_momentum,gaussian,contrast,rv21_q50,0.17446689084178693,0.18541720176739362,0.1733784790954274,0.1985429543863583,True,501,0.18857887055227532,return,level (both sides at the frozen sigma_annual)
ff_momentum,gaussian,contrast,rv21_q90,0.28485526851367876,0.22419748359319303,0.2077406575161707,0.2418162827207016,False,501,0.18857887055227532,return,level (both sides at the frozen sigma_annual)
ff_momentum,gaussian,contrast,rv21_q10_over_own_sd,0.5588064838758352,0.7939206629842734,0.7288847395349127,0.847449961413952,False,501,0.18857887055227532,return,"shape (each series divided by its own annualised sd, inside the path)"
ff_momentum,gaussian,contrast,rv21_q50_over_own_sd,0.8922709195856383,0.9840590083800944,0.9480407267925568,1.01514635385243,False,501,0.18857887055227532,return,"shape (each series divided by its own annualised sd, inside the path)"
ff_momentum,gaussian,contrast,rv21_q90_over_own_sd,1.4568269724941858,1.1879064142169709,1.1352003341836823,1.2493891986208971,False,501,0.18857887055227532,return,"shape (each series divided by its own annualised sd, inside the path)"
ff_momentum,gaussian,contrast,w1_vs_market_standardised,,0.10471330594059927,0.07564570467139049,0.13806148405573318,,501,0.18857887055227532,return,scale-free
ff_momentum,gaussian,contrast,w1_sim_vs_sim_reference,,0.04917223559520109,0.03317596070541202,0.08221124728941746,,501,0.18857887055227532,return,scale-free
ff_momentum,gaussian,contrast,tail_below_m2_count,16.0,11.0,7.0,16.0,True,501,0.18857887055227532,return,scale-free
ff_momentum,gaussian,contrast,tail_below_m3_count,5.0,0.0,0.0,2.0,False,501,0.18857887055227532,return,scale-free
ff_momentum,gaussian,contrast,tail_below_m5_count,1.0,0.0,0.0,0.0,False,501,0.18857887055227532,return,scale-free
ff_momentum,gaussian,contrast,tail_above_p2_count,5.0,11.0,6.0,17.0,False,501,0.18857887055227532,return,scale-free
ff_momentum,gaussian,contrast,tail_above_p3_count,0.0,1.0,0.0,3.0,True,501,0.18857887055227532,return,scale-free
ff_momentum,gaussian,contrast,tail_above_p5_count,0.0,0.0,0.0,0.0,True,501,0.18857887055227532,return,scale-free
ff_momentum,gaussian,contrast,acf_absret_lag1,0.1997537697950924,-0.001803751200126848,-0.08878340122943477,0.08620212685235254,False,501,0.18857887055227532,return,scale-free
ff_momentum,gaussian,contrast,acf_absret_lag5,0.14070058754756407,0.00010991964189563211,-0.08915458009803985,0.08624761119064935,False,501,0.18857887055227532,return,scale-free
ff_momentum,gaussian,contrast,acf_absret_lag10,0.07982754104426194,-0.0023814576031252173,-0.08699593476244229,0.08782890236379949,True,501,0.18857887055227532,return,scale-free
ff_momentum,gaussian,contrast,acf_absret_lag21,0.09688219596930059,-0.0012906633580172854,-0.08844461712411682,0.09043091472441303,False,501,0.18857887055227532,return,scale-free
ff_momentum,gaussian,contrast,acf_absret_lag63,-0.012604929394060395,-0.0038037165256488373,-0.09313914198059262,0.0897905022587413,True,501,0.18857887055227532,return,scale-free
ff_momentum,gaussian,contrast,acf_ret_lag1,0.0516482889843772,-0.0011208524876796999,-0.08760522612478946,0.08179585345461009,True,501,0.18857887055227532,return,scale-free
ff_momentum,gaussian,contrast,acf_ret_lag5,-0.02522431992934759,-0.001664936671456045,-0.09196061322247946,0.08208342457162988,True,501,0.18857887055227532,return,scale-free
ff_momentum,gaussian,contrast,acf_ret_lag21,-0.022262365837967434,-0.0030430256210107615,-0.09412880422789167,0.0812722800235835,True,501,0.18857887055227532,return,scale-free
ff_momentum,gaussian,contrast,concentration_max_exceed_63d,3.0,1.0,0.0,2.0,False,501,0.18857887055227532,return,scale-free
ff_momentum,gaussian,contrast,leadlag_ret_vs_future_sq_lag1,-0.052412424804304754,-0.0013543981684418394,-0.08932437069220237,0.08389283313662273,True,501,0.18857887055227532,return,scale-free
ff_momentum,gaussian,contrast,leadlag_ret_vs_future_sq_lag5,-0.029079317345864532,0.0013510019389504895,-0.09127545727868741,0.08670401178224886,True,501,0.18857887055227532,return,scale-free
ff_momentum,gaussian,contrast,leadlag_ret_vs_future_sq_lag21,-0.08736820449740522,0.0016321457143730848,-0.0861133920025701,0.08895426993869135,False,501,0.18857887055227532,return,scale-free
ff_momentum,gaussian,contrast,sd_daily,0.012317313984486032,0.011875739329457095,0.011165326386219435,0.012602337261699958,True,501,0.18857887055227532,return,scale-free
ff_momentum,gaussian,contrast,excess_kurtosis,2.363255199382367,-0.02052558512444702,-0.3793165484732291,0.4722017909136763,False,501,0.18857887055227532,return,scale-free
ff_momentum,stoch_vol,contrast,rv21_q10,0.1092641569774828,0.08359413842079105,0.04930721893482728,0.13753218341511514,True,501,0.18857887055227532,return,level (both sides at the frozen sigma_annual)
ff_momentum,stoch_vol,contrast,rv21_q50,0.17446689084178693,0.14777389940250646,0.0916205455703496,0.23570730583284524,True,501,0.18857887055227532,return,level (both sides at the frozen sigma_annual)
ff_momentum,stoch_vol,contrast,rv21_q90,0.28485526851367876,0.26194386429413863,0.15772889147026092,0.47073743278132546,True,501,0.18857887055227532,return,level (both sides at the frozen sigma_annual)
ff_momentum,stoch_vol,contrast,rv21_q10_over_own_sd,0.5588064838758352,0.47814451659030766,0.26654106646923265,0.6536395357523771,True,501,0.18857887055227532,return,"shape (each series divided by its own annualised sd, inside the path)"
ff_momentum,stoch_vol,contrast,rv21_q50_over_own_sd,0.8922709195856383,0.8471041532101243,0.5935078602169126,0.9783126989466026,True,501,0.18857887055227532,return,"shape (each series divided by its own annualised sd, inside the path)"
ff_momentum,stoch_vol,contrast,rv21_q90_over_own_sd,1.4568269724941858,1.4634219391034864,1.2507786627958204,1.7721878200974452,True,501,0.18857887055227532,return,"shape (each series divided by its own annualised sd, inside the path)"
ff_momentum,stoch_vol,contrast,w1_vs_market_standardised,,0.10214656305868189,0.05908684672067251,0.19806991582787695,,501,0.18857887055227532,return,scale-free
ff_momentum,stoch_vol,contrast,w1_sim_vs_sim_reference,,0.07720460027001295,0.04224670382949187,0.17397264584035538,,501,0.18857887055227532,return,scale-free
ff_momentum,stoch_vol,contrast,tail_below_m2_count,16.0,14.0,9.0,20.0,True,501,0.18857887055227532,return,scale-free
ff_momentum,stoch_vol,contrast,tail_below_m3_count,5.0,3.0,0.0,7.0,True,501,0.18857887055227532,return,scale-free
ff_momentum,stoch_vol,contrast,tail_below_m5_count,1.0,0.0,0.0,2.0,True,501,0.18857887055227532,return,scale-free
ff_momentum,stoch_vol,contrast,tail_above_p2_count,5.0,14.0,9.0,20.0,False,501,0.18857887055227532,return,scale-free
ff_momentum,stoch_vol,contrast,tail_above_p3_count,0.0,3.0,0.0,7.0,True,501,0.18857887055227532,return,scale-free
ff_momentum,stoch_vol,contrast,tail_above_p5_count,0.0,0.0,0.0,2.0,True,501,0.18857887055227532,return,scale-free
ff_momentum,stoch_vol,contrast,acf_absret_lag1,0.1997537697950924,0.20911969956057025,0.06641066608474154,0.3992118086236229,True,501,0.18857887055227532,return,scale-free
ff_momentum,stoch_vol,contrast,acf_absret_lag5,0.14070058754756407,0.18408094392595384,0.03788678063881608,0.3855992896343187,True,501,0.18857887055227532,return,scale-free
ff_momentum,stoch_vol,contrast,acf_absret_lag10,0.07982754104426194,0.15575745357387227,0.01784646644329851,0.3493536536426447,True,501,0.18857887055227532,return,scale-free
ff_momentum,stoch_vol,contrast,acf_absret_lag21,0.09688219596930059,0.10688884030911777,-0.02721731787507615,0.2958451977952958,True,501,0.18857887055227532,return,scale-free
ff_momentum,stoch_vol,contrast,acf_absret_lag63,-0.012604929394060395,0.008872092304785419,-0.10585267610370729,0.15787768997609494,True,501,0.18857887055227532,return,scale-free
ff_momentum,stoch_vol,contrast,acf_ret_lag1,0.0516482889843772,-0.003219009236378789,-0.13059951274931195,0.1280088200594198,True,501,0.18857887055227532,return,scale-free
ff_momentum,stoch_vol,contrast,acf_ret_lag5,-0.02522431992934759,-0.002253557630365676,-0.11698658332767926,0.10785534288878372,True,501,0.18857887055227532,return,scale-free
ff_momentum,stoch_vol,contrast,acf_ret_lag21,-0.022262365837967434,-0.003380143136138477,-0.10624293569495652,0.10067857370093132,True,501,0.18857887055227532,return,scale-free
ff_momentum,stoch_vol,contrast,concentration_max_exceed_63d,3.0,4.0,1.0,10.0,True,501,0.18857887055227532,return,scale-free
ff_momentum,stoch_vol,contrast,leadlag_ret_vs_future_sq_lag1,-0.052412424804304754,0.0018895799156990602,-0.13051270639977117,0.1520327817609493,True,501,0.18857887055227532,return,scale-free
ff_momentum,stoch_vol,contrast,leadlag_ret_vs_future_sq_lag5,-0.029079317345864532,-0.001749372177592216,-0.13428702036095685,0.13275946466202976,True,501,0.18857887055227532,return,scale-free
ff_momentum,stoch_vol,contrast,leadlag_ret_vs_future_sq_lag21,-0.08736820449740522,-0.0005526027049438851,-0.11725580644131516,0.11581283830434114,True,501,0.18857887055227532,return,scale-free
ff_momentum,stoch_vol,contrast,sd_daily,0.012317313984486032,0.011289290338743607,0.007193235975807514,0.018422026212411357,True,501,0.18857887055227532,return,scale-free
ff_momentum,stoch_vol,contrast,excess_kurtosis,2.363255199382367,2.171565385496755,0.6130561192571923,9.413895767048258,True,501,0.18857887055227532,return,scale-free
ff_momentum,sv_jump,contrast,rv21_q10,0.1092641569774828,0.07855821963199305,0.04527031406632949,0.12766501289846374,True,501,0.18857887055227532,return,level (both sides at the frozen sigma_annual)
ff_momentum,sv_jump,contrast,rv21_q50,0.17446689084178693,0.14232222312455114,0.09166153863026792,0.21823943706611157,True,501,0.18857887055227532,return,level (both sides at the frozen sigma_annual)
ff_momentum,sv_jump,contrast,rv21_q90,0.28485526851367876,0.26841643112583397,0.1626043828503907,0.44178753305396185,True,501,0.18857887055227532,return,level (both sides at the frozen sigma_annual)
ff_momentum,sv_jump,contrast,rv21_q10_over_own_sd,0.5588064838758352,0.4421850734676222,0.2568555604515379,0.6195002937860443,True,501,0.18857887055227532,return,"shape (each series divided by its own annualised sd, inside the path)"
ff_momentum,sv_jump,contrast,rv21_q50_over_own_sd,0.8922709195856383,0.8084795487029394,0.5860248755021454,0.9530087257347113,True,501,0.18857887055227532,return,"shape (each series divided by its own annualised sd, inside the path)"
ff_momentum,sv_jump,contrast,rv21_q90_over_own_sd,1.4568269724941858,1.4863376263990453,1.2526487198436782,1.7973973075726173,True,501,0.18857887055227532,return,"shape (each series divided by its own annualised sd, inside the path)"
ff_momentum,sv_jump,contrast,w1_vs_market_standardised,,0.13177584198425635,0.06713309353093397,0.26104404470201303,,501,0.18857887055227532,return,scale-free
ff_momentum,sv_jump,contrast,w1_sim_vs_sim_reference,,0.10149602965982753,0.05133493058799963,0.2221424642461062,,501,0.18857887055227532,return,scale-free
ff_momentum,sv_jump,contrast,tail_below_m2_count,16.0,12.0,5.0,18.0,True,501,0.18857887055227532,return,scale-free
ff_momentum,sv_jump,contrast,tail_below_m3_count,5.0,3.0,1.0,7.0,True,501,0.18857887055227532,return,scale-free
ff_momentum,sv_jump,contrast,tail_below_m5_count,1.0,1.0,0.0,2.0,True,501,0.18857887055227532,return,scale-free
ff_momentum,sv_jump,contrast,tail_above_p2_count,5.0,12.0,5.0,18.0,True,501,0.18857887055227532,return,scale-free
ff_momentum,sv_jump,contrast,tail_above_p3_count,0.0,3.0,1.0,7.0,False,501,0.18857887055227532,return,scale-free
ff_momentum,sv_jump,contrast,tail_above_p5_count,0.0,1.0,0.0,3.0,True,501,0.18857887055227532,return,scale-free
ff_momentum,sv_jump,contrast,acf_absret_lag1,0.1997537697950924,0.1605232719463504,0.02636478259483655,0.36397000711921595,True,501,0.18857887055227532,return,scale-free
ff_momentum,sv_jump,contrast,acf_absret_lag5,0.14070058754756407,0.14072448524660103,0.008877309663423594,0.33363623435513146,True,501,0.18857887055227532,return,scale-free
ff_momentum,sv_jump,contrast,acf_absret_lag10,0.07982754104426194,0.11728093620470018,-0.003698629581848484,0.2995501051250355,True,501,0.18857887055227532,return,scale-free
ff_momentum,sv_jump,contrast,acf_absret_lag21,0.09688219596930059,0.08078366752474278,-0.025658326872492226,0.24667931184856978,True,501,0.18857887055227532,return,scale-free
ff_momentum,sv_jump,contrast,acf_absret_lag63,-0.012604929394060395,0.010019377906947183,-0.09279730755558788,0.1571450412505476,True,501,0.18857887055227532,return,scale-free
ff_momentum,sv_jump,contrast,acf_ret_lag1,0.0516482889843772,-0.0029740489401862136,-0.1136157716173432,0.10939182719404314,True,501,0.18857887055227532,return,scale-free
ff_momentum,sv_jump,contrast,acf_ret_lag5,-0.02522431992934759,-0.006882260355064273,-0.11738540464663526,0.10485263723117465,True,501,0.18857887055227532,return,scale-free
ff_momentum,sv_jump,contrast,acf_ret_lag21,-0.022262365837967434,-0.0008078996969458095,-0.10043610440352287,0.09826468974681574,True,501,0.18857887055227532,return,scale-free
ff_momentum,sv_jump,contrast,concentration_max_exceed_63d,3.0,3.0,1.0,9.0,True,501,0.18857887055227532,return,scale-free
ff_momentum,sv_jump,contrast,leadlag_ret_vs_future_sq_lag1,-0.052412424804304754,-0.0006364841227152988,-0.12132842484113072,0.12027265864681608,True,501,0.18857887055227532,return,scale-free
ff_momentum,sv_jump,contrast,leadlag_ret_vs_future_sq_lag5,-0.029079317345864532,-0.0001670106943587893,-0.1160968057327709,0.11978056709477275,True,501,0.18857887055227532,return,scale-free
ff_momentum,sv_jump,contrast,leadlag_ret_vs_future_sq_lag21,-0.08736820449740522,-0.0030357333119959513,-0.10271855589932434,0.10886588522042077,True,501,0.18857887055227532,return,scale-free
ff_momentum,sv_jump,contrast,sd_daily,0.012317313984486032,0.011380107431619085,0.007559584174259825,0.017060827512271535,True,501,0.18857887055227532,return,scale-free
ff_momentum,sv_jump,contrast,excess_kurtosis,2.363255199382367,6.804746513150855,1.207222181944568,49.133090391204185,True,501,0.18857887055227532,return,scale-free
gld,gaussian,describe,rv21_q10,0.079691318799339,0.10569594762498649,0.09933865924637904,0.11176727321200812,False,1258,0.13390036298195174,return,level (both sides at the frozen sigma_annual)
gld,gaussian,describe,rv21_q50,0.11098476044717101,0.13155589222249067,0.12601243075645746,0.13768038739615007,False,1258,0.13390036298195174,return,level (both sides at the frozen sigma_annual)
gld,gaussian,describe,rv21_q90,0.17239022295265496,0.15908619705421176,0.15200148450688303,0.16759424268268963,False,1258,0.13390036298195174,return,level (both sides at the frozen sigma_annual)
gld,gaussian,describe,rv21_q10_over_own_sd,0.5951538668351518,0.7909587236076716,0.752199350332153,0.8245256854679083,False,1258,0.13390036298195174,return,"shape (each series divided by its own annualised sd, inside the path)"
gld,gaussian,describe,rv21_q50_over_own_sd,0.828860788541182,0.9843985962989853,0.9638432416272669,1.002689293464691,False,1258,0.13390036298195174,return,"shape (each series divided by its own annualised sd, inside the path)"
gld,gaussian,describe,rv21_q90_over_own_sd,1.2874514983644312,1.1905945993612943,1.1588983519628635,1.2296272036415516,False,1258,0.13390036298195174,return,"shape (each series divided by its own annualised sd, inside the path)"
gld,gaussian,describe,w1_vs_market_standardised,,0.14362995702175335,0.12427554066079112,0.16211301123230212,,1258,0.13390036298195174,return,scale-free
gld,gaussian,describe,w1_sim_vs_sim_reference,,0.03167124674349829,0.021197308891660615,0.051512875963272566,,1258,0.13390036298195174,return,scale-free
gld,gaussian,describe,tail_below_m2_count,38.0,28.0,21.0,37.0,False,1258,0.13390036298195174,return,scale-free
gld,gaussian,describe,tail_below_m3_count,10.0,2.0,0.0,4.0,False,1258,0.13390036298195174,return,scale-free
gld,gaussian,describe,tail_below_m5_count,2.0,0.0,0.0,0.0,False,1258,0.13390036298195174,return,scale-free
gld,gaussian,describe,tail_above_p2_count,28.0,29.0,21.0,37.0,True,1258,0.13390036298195174,return,scale-free
gld,gaussian,describe,tail_above_p3_count,6.0,2.0,0.0,5.0,False,1258,0.13390036298195174,return,scale-free
gld,gaussian,describe,tail_above_p5_count,2.0,0.0,0.0,0.0,False,1258,0.13390036298195174,return,scale-free
gld,gaussian,describe,acf_absret_lag1,0.08799307814062904,0.00010541688638082138,-0.05490812418832983,0.054079692494981464,False,1258,0.13390036298195174,return,scale-free
gld,gaussian,describe,acf_absret_lag5,0.13581131852346184,-0.001747354044825085,-0.056824862429360266,0.055650400897799615,False,1258,0.13390036298195174,return,scale-free
gld,gaussian,describe,acf_absret_lag10,0.13747937717635786,-0.0017907968680694196,-0.05601148378201866,0.0527363955557033,False,1258,0.13390036298195174,return,scale-free
gld,gaussian,describe,acf_absret_lag21,0.12311782936632172,-0.0008503171627107125,-0.05379545646814307,0.054787248068031855,False,1258,0.13390036298195174,return,scale-free
gld,gaussian,describe,acf_absret_lag63,0.03417952825564246,-0.00013947164328445224,-0.05720367341307144,0.06014968750963042,True,1258,0.13390036298195174,return,scale-free
gld,gaussian,describe,acf_ret_lag1,0.047556623988487465,-0.0029775172745980334,-0.05411299470273753,0.05446008635535613,True,1258,0.13390036298195174,return,scale-free
gld,gaussian,describe,acf_ret_lag5,-0.07174511107316912,-0.0006756385190939058,-0.0574313323144815,0.05388300665897798,False,1258,0.13390036298195174,return,scale-free
gld,gaussian,describe,acf_ret_lag21,0.0560739828445459,-0.0006386670394995774,-0.055087503220381126,0.055227636702003105,False,1258,0.13390036298195174,return,scale-free
gld,gaussian,describe,concentration_max_exceed_63d,9.0,1.0,0.0,3.0,False,1258,0.13390036298195174,return,scale-free
gld,gaussian,describe,leadlag_ret_vs_future_sq_lag1,0.02639768950535576,-0.0005427730085448621,-0.0562845512390113,0.05840165659877674,True,1258,0.13390036298195174,return,scale-free
gld,gaussian,describe,leadlag_ret_vs_future_sq_lag5,0.09663960821041873,0.0003897825071566854,-0.05225869007905201,0.05854824477723297,False,1258,0.13390036298195174,return,scale-free
gld,gaussian,describe,leadlag_ret_vs_future_sq_lag21,0.06489213767734367,-7.254315328873956e-05,-0.05645330302702371,0.054108743925729064,False,1258,0.13390036298195174,return,scale-free
gld,gaussian,describe,sd_daily,0.008434930021702937,0.008418723142338533,0.008102187578954341,0.008753278846846535,True,1258,0.13390036298195174,return,scale-free
gld,gaussian,describe,excess_kurtosis,4.621450201687509,-0.014188312918740786,-0.23301439977315902,0.27645275460290963,False,1258,0.13390036298195174,return,scale-free
gld,stoch_vol,describe,rv21_q10,0.079691318799339,0.056776053052385235,0.03948714107009703,0.08019732812216511,True,1258,0.13390036298195174,return,level (both sides at the frozen sigma_annual)
gld,stoch_vol,describe,rv21_q50,0.11098476044717101,0.10487200911416561,0.07829999976608233,0.1397427296195535,True,1258,0.13390036298195174,return,level (both sides at the frozen sigma_annual)
gld,stoch_vol,describe,rv21_q90,0.17239022295265496,0.19441159415329004,0.13758528890404773,0.28243550106933124,True,1258,0.13390036298195174,return,level (both sides at the frozen sigma_annual)
gld,stoch_vol,describe,rv21_q10_over_own_sd,0.5951538668351518,0.43831021276422505,0.29957847422350714,0.569588379878608,False,1258,0.13390036298195174,return,"shape (each series divided by its own annualised sd, inside the path)"
gld,stoch_vol,describe,rv21_q50_over_own_sd,0.828860788541182,0.8102691512110507,0.6462786918156633,0.9227949408971619,True,1258,0.13390036298195174,return,"shape (each series divided by its own annualised sd, inside the path)"
gld,stoch_vol,describe,rv21_q90_over_own_sd,1.2874514983644312,1.478069931991107,1.3160431247757076,1.6720146677859502,False,1258,0.13390036298195174,return,"shape (each series divided by its own annualised sd, inside the path)"
gld,stoch_vol,describe,w1_vs_market_standardised,,0.05810413378149887,0.03467884798865881,0.10484030518004489,,1258,0.13390036298195174,return,scale-free
gld,stoch_vol,describe,w1_sim_vs_sim_reference,,0.05600915709877731,0.029694307150098,0.13441469755446003,,1258,0.13390036298195174,return,scale-free
gld,stoch_vol,describe,tail_below_m2_count,38.0,35.0,26.0,43.524999999999864,True,1258,0.13390036298195174,return,scale-free
gld,stoch_vol,describe,tail_below_m3_count,10.0,9.0,4.0,15.0,True,1258,0.13390036298195174,return,scale-free
gld,stoch_vol,describe,tail_below_m5_count,2.0,1.0,0.0,3.0,True,1258,0.13390036298195174,return,scale-free
gld,stoch_vol,describe,tail_above_p2_count,28.0,34.0,26.0,43.0,True,1258,0.13390036298195174,return,scale-free
gld,stoch_vol,describe,tail_above_p3_count,6.0,9.0,4.0,15.0,True,1258,0.13390036298195174,return,scale-free
gld,stoch_vol,describe,tail_above_p5_count,2.0,1.0,0.0,3.0,True,1258,0.13390036298195174,return,scale-free
gld,stoch_vol,describe,acf_absret_lag1,0.08799307814062904,0.24016554508715676,0.1324478592072422,0.3792164558444463,False,1258,0.13390036298195174,return,scale-free
gld,stoch_vol,describe,acf_absret_lag5,0.13581131852346184,0.2187319502432464,0.10929060159277519,0.35560949089322336,True,1258,0.13390036298195174,return,scale-free
gld,stoch_vol,describe,acf_absret_lag10,0.13747937717635786,0.191359239944401,0.08377763858235708,0.3282540517123468,True,1258,0.13390036298195174,return,scale-free
gld,stoch_vol,describe,acf_absret_lag21,0.12311782936632172,0.14275397812870463,0.03434217534031896,0.2676761280543769,True,1258,0.13390036298195174,return,scale-free
gld,stoch_vol,describe,acf_absret_lag63,0.03417952825564246,0.04339728445175399,-0.04429303452956153,0.16332695924847124,True,1258,0.13390036298195174,return,scale-free
gld,stoch_vol,describe,acf_ret_lag1,0.047556623988487465,0.0005201659699302432,-0.08654176525406057,0.08070818470470482,True,1258,0.13390036298195174,return,scale-free
gld,stoch_vol,describe,acf_ret_lag5,-0.07174511107316912,0.0005561824844352677,-0.0749241177347077,0.07671078315298216,True,1258,0.13390036298195174,return,scale-free
gld,stoch_vol,describe,acf_ret_lag21,0.0560739828445459,-0.0006751718649090021,-0.07047510553004913,0.07306050420445044,True,1258,0.13390036298195174,return,scale-free
gld,stoch_vol,describe,concentration_max_exceed_63d,9.0,8.0,3.0,17.0,True,1258,0.13390036298195174,return,scale-free
gld,stoch_vol,describe,leadlag_ret_vs_future_sq_lag1,0.02639768950535576,0.0006609318840417823,-0.10628254199156197,0.11302153143497534,True,1258,0.13390036298195174,return,scale-free
gld,stoch_vol,describe,leadlag_ret_vs_future_sq_lag5,0.09663960821041873,-0.00023456690699449428,-0.10183618756744027,0.09141613996687924,False,1258,0.13390036298195174,return,scale-free
gld,stoch_vol,describe,leadlag_ret_vs_future_sq_lag21,0.06489213767734367,0.0006736331313886975,-0.08472362025529712,0.07751925181724975,True,1258,0.13390036298195174,return,scale-free
gld,stoch_vol,describe,sd_daily,0.008434930021702937,0.008258416399188066,0.006078990119806738,0.011387627172737641,True,1258,0.13390036298195174,return,scale-free
gld,stoch_vol,describe,excess_kurtosis,4.621450201687509,3.1154654171533274,1.2643963474075646,10.744640196418771,True,1258,0.13390036298195174,return,scale-free
gld,sv_jump,describe,rv21_q10,0.079691318799339,0.05425186828351118,0.038011943535044966,0.07484509852100861,False,1258,0.13390036298195174,return,level (both sides at the frozen sigma_annual)
gld,sv_jump,describe,rv21_q50,0.11098476044717101,0.10212372939974378,0.07668071162710215,0.13567972897602548,True,1258,0.13390036298195174,return,level (both sides at the frozen sigma_annual)
gld,sv_jump,describe,rv21_q90,0.17239022295265496,0.1953984116583875,0.14331248956751128,0.2706783133797931,True,1258,0.13390036298195174,return,level (both sides at the frozen sigma_annual)
gld,sv_jump,describe,rv21_q10_over_own_sd,0.5951538668351518,0.4174612894265836,0.29520780344201725,0.537308961857263,False,1258,0.13390036298195174,return,"shape (each series divided by its own annualised sd, inside the path)"
gld,sv_jump,describe,rv21_q50_over_own_sd,0.828860788541182,0.7848416261552214,0.6346551168787121,0.8924263737818343,True,1258,0.13390036298195174,return,"shape (each series divided by its own annualised sd, inside the path)"
gld,sv_jump,describe,rv21_q90_over_own_sd,1.2874514983644312,1.4938883025640561,1.3099831331575107,1.7024987381259993,False,1258,0.13390036298195174,return,"shape (each series divided by its own annualised sd, inside the path)"
gld,sv_jump,describe,w1_vs_market_standardised,,0.06906154798003801,0.03489459661540328,0.1481965402085328,,1258,0.13390036298195174,return,scale-free
gld,sv_jump,describe,w1_sim_vs_sim_reference,,0.06744696626769067,0.03573543895784048,0.14605312335698548,,1258,0.13390036298195174,return,scale-free
gld,sv_jump,describe,tail_below_m2_count,38.0,29.0,18.0,40.0,True,1258,0.13390036298195174,return,scale-free
gld,sv_jump,describe,tail_below_m3_count,10.0,8.0,4.0,15.0,True,1258,0.13390036298195174,return,scale-free
gld,sv_jump,describe,tail_below_m5_count,2.0,2.0,0.0,5.0,True,1258,0.13390036298195174,return,scale-free
gld,sv_jump,describe,tail_above_p2_count,28.0,30.0,18.0,40.0,True,1258,0.13390036298195174,return,scale-free
gld,sv_jump,describe,tail_above_p3_count,6.0,9.0,4.0,15.0,True,1258,0.13390036298195174,return,scale-free
gld,sv_jump,describe,tail_above_p5_count,2.0,2.0,0.0,5.0,True,1258,0.13390036298195174,return,scale-free
gld,sv_jump,describe,acf_absret_lag1,0.08799307814062904,0.17826595230142372,0.07068189741459155,0.33446332932877293,True,1258,0.13390036298195174,return,scale-free
gld,sv_jump,describe,acf_absret_lag5,0.13581131852346184,0.16165337133438487,0.05662148187159697,0.31306494995020595,True,1258,0.13390036298195174,return,scale-free
gld,sv_jump,describe,acf_absret_lag10,0.13747937717635786,0.13949458743278276,0.0360728456940645,0.28462421931960863,True,1258,0.13390036298195174,return,scale-free
gld,sv_jump,describe,acf_absret_lag21,0.12311782936632172,0.10232930252169534,0.01630147350988559,0.23300993392752226,True,1258,0.13390036298195174,return,scale-free
gld,sv_jump,describe,acf_absret_lag63,0.03417952825564246,0.029750135938448465,-0.03941314629477034,0.1312147967179319,True,1258,0.13390036298195174,return,scale-free
gld,sv_jump,describe,acf_ret_lag1,0.047556623988487465,-0.0007198179166642811,-0.07582274518969964,0.07132598095541226,True,1258,0.13390036298195174,return,scale-free
gld,sv_jump,describe,acf_ret_lag5,-0.07174511107316912,0.0002777323745783148,-0.07405374675296642,0.07405454065602278,True,1258,0.13390036298195174,return,scale-free
gld,sv_jump,describe,acf_ret_lag21,0.0560739828445459,-0.0012938593677098039,-0.06516050504090995,0.0595453700546079,True,1258,0.13390036298195174,return,scale-free
gld,sv_jump,describe,concentration_max_exceed_63d,9.0,6.0,2.0,15.0,True,1258,0.13390036298195174,return,scale-free
gld,sv_jump,describe,leadlag_ret_vs_future_sq_lag1,0.02639768950535576,0.0009373302678860346,-0.07965620640058257,0.07513576375756674,True,1258,0.13390036298195174,return,scale-free
gld,sv_jump,describe,leadlag_ret_vs_future_sq_lag5,0.09663960821041873,0.00014246015566000725,-0.07967462751474158,0.08036427031672805,False,1258,0.13390036298195174,return,scale-free
gld,sv_jump,describe,leadlag_ret_vs_future_sq_lag21,0.06489213767734367,0.0018074352888227479,-0.06346769799969561,0.0738719666300815,True,1258,0.13390036298195174,return,scale-free
gld,sv_jump,describe,sd_daily,0.008434930021702937,0.00822709366369218,0.00624582496975317,0.010858406321962975,True,1258,0.13390036298195174,return,scale-free
gld,sv_jump,describe,excess_kurtosis,4.621450201687509,10.254873613065158,2.9207015399110547,41.33267345396809,True,1258,0.13390036298195174,return,scale-free
gld,gaussian,contrast,rv21_q10,0.09404474115632075,0.1064813928832857,0.09634667106765923,0.11672821908546506,False,500,0.13390036298195174,return,level (both sides at the frozen sigma_annual)
gld,gaussian,contrast,rv21_q50,0.13700090755058913,0.13188843290242835,0.12232316473118952,0.14169944780581792,True,500,0.13390036298195174,return,level (both sides at the frozen sigma_annual)
gld,gaussian,contrast,rv21_q90,0.19077309521418137,0.1591203405152876,0.14693807879376694,0.1730732077915682,False,500,0.13390036298195174,return,level (both sides at the frozen sigma_annual)
gld,gaussian,contrast,rv21_q10_over_own_sd,0.6561963864488392,0.7956129578604554,0.7296934910427811,0.8465621810619331,False,500,0.13390036298195174,return,"shape (each series divided by its own annualised sd, inside the path)"
gld,gaussian,contrast,rv21_q50_over_own_sd,0.9559226743521738,0.985096099092994,0.952834975798625,1.0143885215466988,True,500,0.13390036298195174,return,"shape (each series divided by its own annualised sd, inside the path)"
gld,gaussian,contrast,rv21_q90_over_own_sd,1.3311176592333307,1.1857079472666405,1.13841150128498,1.2494876523219762,False,500,0.13390036298195174,return,"shape (each series divided by its own annualised sd, inside the path)"
gld,gaussian,contrast,w1_vs_market_standardised,,0.08084125911543927,0.05191748389743211,0.11078667252243052,,500,0.13390036298195174,return,scale-free
gld,gaussian,contrast,w1_sim_vs_sim_reference,,0.049821059830244166,0.03278045543286789,0.07999751880357737,,500,0.13390036298195174,return,scale-free
gld,gaussian,contrast,tail_below_m2_count,12.0,11.0,7.0,17.0,True,500,0.13390036298195174,return,scale-free
gld,gaussian,contrast,tail_below_m3_count,1.0,0.0,0.0,2.0,True,500,0.13390036298195174,return,scale-free
gld,gaussian,contrast,tail_below_m5_count,0.0,0.0,0.0,0.0,True,500,0.13390036298195174,return,scale-free
gld,gaussian,contrast,tail_above_p2_count,17.0,11.0,7.0,16.0,False,500,0.13390036298195174,return,scale-free
gld,gaussian,contrast,tail_above_p3_count,4.0,0.0,0.0,2.0,False,500,0.13390036298195174,return,scale-free
gld,gaussian,contrast,tail_above_p5_count,0.0,0.0,0.0,0.0,True,500,0.13390036298195174,return,scale-free
gld,gaussian,contrast,acf_absret_lag1,0.019577067957771803,-0.001569002486122596,-0.09261430736417668,0.08665457607262692,True,500,0.13390036298195174,return,scale-free
gld,gaussian,contrast,acf_absret_lag5,0.0821745555300918,-0.00409059166156202,-0.09175377087555567,0.08650703963941767,True,500,0.13390036298195174,return,scale-free
gld,gaussian,contrast,acf_absret_lag10,0.010332470433297384,-0.0016659976712395024,-0.08735220375887487,0.08031913588403915,True,500,0.13390036298195174,return,scale-free
gld,gaussian,contrast,acf_absret_lag21,-0.03565698371266309,-0.0024565348525203874,-0.08487539737765441,0.08747871360437469,True,500,0.13390036298195174,return,scale-free
gld,gaussian,contrast,acf_absret_lag63,-0.018246566494502518,-0.005645317229371052,-0.09477140268724021,0.08743936467553536,True,500,0.13390036298195174,return,scale-free
gld,gaussian,contrast,acf_ret_lag1,-0.010401151493192798,-0.0017396622122517256,-0.08980547761694876,0.08219174362702673,True,500,0.13390036298195174,return,scale-free
gld,gaussian,contrast,acf_ret_lag5,0.055457508660796385,-0.004723272241733123,-0.08975782421633256,0.08321177290504429,True,500,0.13390036298195174,return,scale-free
gld,gaussian,contrast,acf_ret_lag21,0.02208820709564124,0.00031899168369931843,-0.09356846089423757,0.08473749757875104,True,500,0.13390036298195174,return,scale-free
gld,gaussian,contrast,concentration_max_exceed_63d,2.0,1.0,0.0,2.0,True,500,0.13390036298195174,return,scale-free
gld,gaussian,contrast,leadlag_ret_vs_future_sq_lag1,0.057068253328240816,-0.0010809260024349965,-0.08751321651305133,0.08941217122435774,True,500,0.13390036298195174,return,scale-free
gld,gaussian,contrast,leadlag_ret_vs_future_sq_lag5,0.04350892129150482,0.0001871276462490426,-0.09103311052551614,0.08417794835116048,True,500,0.13390036298195174,return,scale-free
gld,gaussian,contrast,leadlag_ret_vs_future_sq_lag21,-0.0020246812906624177,-0.0005991204661994361,-0.09091358186251572,0.0902517811667211,True,500,0.13390036298195174,return,scale-free
gld,gaussian,contrast,sd_daily,0.009028184185022504,0.008439475410284388,0.007907156950905755,0.008969371487981517,False,500,0.13390036298195174,return,scale-free
gld,gaussian,contrast,excess_kurtosis,0.922521355510729,-0.03329553510635064,-0.37963258744948414,0.47460927323715724,False,500,0.13390036298195174,return,scale-free
gld,stoch_vol,contrast,rv21_q10,0.09404474115632075,0.0586021831307504,0.033886220785892276,0.09661399899126201,True,500,0.13390036298195174,return,level (both sides at the frozen sigma_annual)
gld,stoch_vol,contrast,rv21_q50,0.13700090755058913,0.104211363564845,0.06721338463195918,0.16261274297827025,True,500,0.13390036298195174,return,level (both sides at the frozen sigma_annual)
gld,stoch_vol,contrast,rv21_q90,0.19077309521418137,0.18393135449589382,0.11277634818940559,0.31494601492270585,True,500,0.13390036298195174,return,level (both sides at the frozen sigma_annual)
gld,stoch_vol,contrast,rv21_q10_over_own_sd,0.6561963864488392,0.4768110928825874,0.2694476429581865,0.6469232219121597,False,500,0.13390036298195174,return,"shape (each series divided by its own annualised sd, inside the path)"
gld,stoch_vol,contrast,rv21_q50_over_own_sd,0.9559226743521738,0.84630426575488,0.6068439261566863,0.9806025042830759,True,500,0.13390036298195174,return,"shape (each series divided by its own annualised sd, inside the path)"
gld,stoch_vol,contrast,rv21_q90_over_own_sd,1.3311176592333307,1.4632937416122018,1.2564614781586445,1.7794174828451785,True,500,0.13390036298195174,return,"shape (each series divided by its own annualised sd, inside the path)"
gld,stoch_vol,contrast,w1_vs_market_standardised,,0.06864226019895438,0.036907287111975204,0.18901261357395668,,500,0.13390036298195174,return,scale-free
gld,stoch_vol,contrast,w1_sim_vs_sim_reference,,0.0777257297492577,0.04186621427770507,0.18611324651615616,,500,0.13390036298195174,return,scale-free
gld,stoch_vol,contrast,tail_below_m2_count,12.0,14.0,8.0,19.524999999999864,True,500,0.13390036298195174,return,scale-free
gld,stoch_vol,contrast,tail_below_m3_count,1.0,3.0,0.0,7.0,True,500,0.13390036298195174,return,scale-free
gld,stoch_vol,contrast,tail_below_m5_count,0.0,0.0,0.0,2.0,True,500,0.13390036298195174,return,scale-free
gld,stoch_vol,contrast,tail_above_p2_count,17.0,14.0,8.0,19.524999999999864,True,500,0.13390036298195174,return,scale-free
gld,stoch_vol,contrast,tail_above_p3_count,4.0,3.0,0.0,7.0,True,500,0.13390036298195174,return,scale-free
gld,stoch_vol,contrast,tail_above_p5_count,0.0,0.0,0.0,2.0,True,500,0.13390036298195174,return,scale-free
gld,stoch_vol,contrast,acf_absret_lag1,0.019577067957771803,0.209882585154757,0.058463115780038315,0.4037966816487599,False,500,0.13390036298195174,return,scale-free
gld,stoch_vol,contrast,acf_absret_lag5,0.0821745555300918,0.18479731926739812,0.04458342328455582,0.3811232792267458,True,500,0.13390036298195174,return,scale-free
gld,stoch_vol,contrast,acf_absret_lag10,0.010332470433297384,0.15626977171015125,0.019447742382959095,0.34159444105966025,False,500,0.13390036298195174,return,scale-free
gld,stoch_vol,contrast,acf_absret_lag21,-0.03565698371266309,0.10617131982638572,-0.02635663392534993,0.2899075350332354,False,500,0.13390036298195174,return,scale-free
gld,stoch_vol,contrast,acf_absret_lag63,-0.018246566494502518,0.008841652229034307,-0.10397914511708538,0.17069965318172436,True,500,0.13390036298195174,return,scale-free
gld,stoch_vol,contrast,acf_ret_lag1,-0.010401151493192798,-0.00630088441406337,-0.12284546688312298,0.1169457650760698,True,500,0.13390036298195174,return,scale-free
gld,stoch_vol,contrast,acf_ret_lag5,0.055457508660796385,-0.005170812606420442,-0.1206767445378347,0.11435390270246998,True,500,0.13390036298195174,return,scale-free
gld,stoch_vol,contrast,acf_ret_lag21,0.02208820709564124,-0.0038206433338343034,-0.11236278135590237,0.10265842717846023,True,500,0.13390036298195174,return,scale-free
gld,stoch_vol,contrast,concentration_max_exceed_63d,2.0,4.0,1.0,10.0,True,500,0.13390036298195174,return,scale-free
gld,stoch_vol,contrast,leadlag_ret_vs_future_sq_lag1,0.057068253328240816,-0.00016852733272086022,-0.14924822557346842,0.1498014064604877,True,500,0.13390036298195174,return,scale-free
gld,stoch_vol,contrast,leadlag_ret_vs_future_sq_lag5,0.04350892129150482,-0.00023706415062588337,-0.13126852022539695,0.12480171581260176,True,500,0.13390036298195174,return,scale-free
gld,stoch_vol,contrast,leadlag_ret_vs_future_sq_lag21,-0.0020246812906624177,0.0011999537941410345,-0.10686346220036683,0.11935995324006606,True,500,0.13390036298195174,return,scale-free
gld,stoch_vol,contrast,sd_daily,0.009028184185022504,0.007972446206981891,0.005117760176810842,0.012467547806363772,True,500,0.13390036298195174,return,scale-free
gld,stoch_vol,contrast,excess_kurtosis,0.922521355510729,2.218972883068575,0.5218143728398424,9.009614867152163,True,500,0.13390036298195174,return,scale-free
gld,sv_jump,contrast,rv21_q10,0.09404474115632075,0.0566620273947903,0.03207139797150722,0.09042047288400216,False,500,0.13390036298195174,return,level (both sides at the frozen sigma_annual)
gld,sv_jump,contrast,rv21_q50,0.13700090755058913,0.10241899290040185,0.06549638009819601,0.1574277966715873,True,500,0.13390036298195174,return,level (both sides at the frozen sigma_annual)
gld,sv_jump,contrast,rv21_q90,0.19077309521418137,0.19167714487308446,0.1209108706916494,0.3112586054701531,True,500,0.13390036298195174,return,level (both sides at the frozen sigma_annual)
gld,sv_jump,contrast,rv21_q10_over_own_sd,0.6561963864488392,0.4426922953377552,0.25712678235324904,0.617284928238903,False,500,0.13390036298195174,return,"shape (each series divided by its own annualised sd, inside the path)"
gld,sv_jump,contrast,rv21_q50_over_own_sd,0.9559226743521738,0.8082696145700559,0.5987887183217987,0.9589015822723685,True,500,0.13390036298195174,return,"shape (each series divided by its own annualised sd, inside the path)"
gld,sv_jump,contrast,rv21_q90_over_own_sd,1.3311176592333307,1.4849809025001561,1.2421448972107816,1.7994446661539694,True,500,0.13390036298195174,return,"shape (each series divided by its own annualised sd, inside the path)"
gld,sv_jump,contrast,w1_vs_market_standardised,,0.1171695736406948,0.04552898042778862,0.2588576288773512,,500,0.13390036298195174,return,scale-free
gld,sv_jump,contrast,w1_sim_vs_sim_reference,,0.09809647259218268,0.04797692301714198,0.22394136319691135,,500,0.13390036298195174,return,scale-free
gld,sv_jump,contrast,tail_below_m2_count,12.0,12.0,5.0,18.0,True,500,0.13390036298195174,return,scale-free
gld,sv_jump,contrast,tail_below_m3_count,1.0,3.0,1.0,7.0,True,500,0.13390036298195174,return,scale-free
gld,sv_jump,contrast,tail_below_m5_count,0.0,1.0,0.0,3.0,True,500,0.13390036298195174,return,scale-free
gld,sv_jump,contrast,tail_above_p2_count,17.0,12.0,5.0,18.524999999999864,True,500,0.13390036298195174,return,scale-free
gld,sv_jump,contrast,tail_above_p3_count,4.0,3.0,1.0,7.0,True,500,0.13390036298195174,return,scale-free
gld,sv_jump,contrast,tail_above_p5_count,0.0,1.0,0.0,3.0,True,500,0.13390036298195174,return,scale-free
gld,sv_jump,contrast,acf_absret_lag1,0.019577067957771803,0.15628525962761958,0.010102224550753745,0.35712905126024286,True,500,0.13390036298195174,return,scale-free
gld,sv_jump,contrast,acf_absret_lag5,0.0821745555300918,0.1425316428942554,0.008645379887912315,0.32852468800511764,True,500,0.13390036298195174,return,scale-free
gld,sv_jump,contrast,acf_absret_lag10,0.010332470433297384,0.11924808785203603,-0.0062890970063516375,0.3012222362032012,True,500,0.13390036298195174,return,scale-free
gld,sv_jump,contrast,acf_absret_lag21,-0.03565698371266309,0.0823228412014572,-0.029373916294079067,0.2486946814305921,False,500,0.13390036298195174,return,scale-free
gld,sv_jump,contrast,acf_absret_lag63,-0.018246566494502518,0.007531167191781648,-0.10197728828042106,0.1468641201976937,True,500,0.13390036298195174,return,scale-free
gld,sv_jump,contrast,acf_ret_lag1,-0.010401151493192798,-0.004964316843049346,-0.1220156030346229,0.10954609439520445,True,500,0.13390036298195174,return,scale-free
gld,sv_jump,contrast,acf_ret_lag5,0.055457508660796385,-0.0003264592261429009,-0.11212436876073388,0.11189921211031754,True,500,0.13390036298195174,return,scale-free
gld,sv_jump,contrast,acf_ret_lag21,0.02208820709564124,-0.0033981975197300536,-0.10733287606119642,0.100137193122465,True,500,0.13390036298195174,return,scale-free
gld,sv_jump,contrast,concentration_max_exceed_63d,2.0,4.0,1.0,9.0,True,500,0.13390036298195174,return,scale-free
gld,sv_jump,contrast,leadlag_ret_vs_future_sq_lag1,0.057068253328240816,0.0011770547927149881,-0.12112093502784745,0.11224880650385137,True,500,0.13390036298195174,return,scale-free
gld,sv_jump,contrast,leadlag_ret_vs_future_sq_lag5,0.04350892129150482,0.00028162452182038016,-0.10848625611841682,0.10739148159774053,True,500,0.13390036298195174,return,scale-free
gld,sv_jump,contrast,leadlag_ret_vs_future_sq_lag21,-0.0020246812906624177,-0.001414956936359811,-0.10741183957891302,0.0942587358519922,True,500,0.13390036298195174,return,scale-free
gld,sv_jump,contrast,sd_daily,0.009028184185022504,0.008116183688838971,0.005387421007668846,0.012126846816642523,True,500,0.13390036298195174,return,scale-free
gld,sv_jump,contrast,excess_kurtosis,0.922521355510729,6.9976174586228606,1.1173112910127734,48.81423934505979,False,500,0.13390036298195174,return,scale-free
sp500,gaussian,describe,rv21_q10,0.0627230515935854,0.15229131080108588,0.14212075190662557,0.16160744799118074,False,1258,0.19236867212948663,price_change,level (both sides at the frozen sigma_annual)
sp500,gaussian,describe,rv21_q50,0.11036933306935298,0.18945488105596653,0.18052209299377914,0.1977936443583113,False,1258,0.19236867212948663,price_change,level (both sides at the frozen sigma_annual)
sp500,gaussian,describe,rv21_q90,0.2417833548174438,0.22870373826765916,0.21771854349276729,0.24122606102678376,False,1258,0.19236867212948663,price_change,level (both sides at the frozen sigma_annual)
sp500,gaussian,describe,rv21_q10_over_own_sd,0.32605647738403815,0.7913523939580348,0.7518455264730111,0.8235962949275365,False,1258,0.19236867212948663,price_change,"shape (each series divided by its own annualised sd, inside the path)"
sp500,gaussian,describe,rv21_q50_over_own_sd,0.5737386022764741,0.9841689735674348,0.9641210595384264,1.0013299072712618,False,1258,0.19236867212948663,price_change,"shape (each series divided by its own annualised sd, inside the path)"
sp500,gaussian,describe,rv21_q90_over_own_sd,1.2568748962133258,1.1888605810763837,1.1581379452898308,1.2268106136919732,False,1258,0.19236867212948663,price_change,"shape (each series divided by its own annualised sd, inside the path)"
sp500,gaussian,describe,w1_vs_market_standardised,,0.30182042812974297,0.28227672657330005,0.31881401465542314,,1258,0.19236867212948663,price_change,scale-free
sp500,gaussian,describe,w1_sim_vs_sim_reference,,0.03184137537398027,0.020897795991893637,0.05116826962174633,,1258,0.19236867212948663,price_change,scale-free
sp500,gaussian,describe,tail_below_m2_count,37.0,28.0,21.0,37.0,True,1258,0.19236867212948663,price_change,scale-free
sp500,gaussian,describe,tail_below_m3_count,11.0,1.5,0.0,4.0,False,1258,0.19236867212948663,price_change,scale-free
sp500,gaussian,describe,tail_below_m5_count,3.0,0.0,0.0,0.0,False,1258,0.19236867212948663,price_change,scale-free
sp500,gaussian,describe,tail_above_p2_count,18.0,28.0,21.0,36.0,False,1258,0.19236867212948663,price_change,scale-free
sp500,gaussian,describe,tail_above_p3_count,9.0,2.0,0.0,4.0,False,1258,0.19236867212948663,price_change,scale-free
sp500,gaussian,describe,tail_above_p5_count,4.0,0.0,0.0,0.0,False,1258,0.19236867212948663,price_change,scale-free
sp500,gaussian,describe,acf_absret_lag1,0.5007227427362634,0.0008269215389519565,-0.052543548412600866,0.05297131364951989,False,1258,0.19236867212948663,price_change,scale-free
sp500,gaussian,describe,acf_absret_lag5,0.4146461452146088,-0.0013008176954840355,-0.05751342253027625,0.05703478784773135,False,1258,0.19236867212948663,price_change,scale-free
sp500,gaussian,describe,acf_absret_lag10,0.3659590462564184,-0.0018022106631043738,-0.0545153502572876,0.054506981939351856,False,1258,0.19236867212948663,price_change,scale-free
sp500,gaussian,describe,acf_absret_lag21,0.1584044724099716,-0.0016245315789574753,-0.058026819693845634,0.05452620767481418,False,1258,0.19236867212948663,price_change,scale-free
sp500,gaussian,describe,acf_absret_lag63,0.039974696337050114,-0.0019322616446434127,-0.059167077890213596,0.05681645786423562,True,1258,0.19236867212948663,price_change,scale-free
sp500,gaussian,describe,acf_ret_lag1,-0.24396953335811847,-0.0011124740923878556,-0.056331431301737206,0.0552450153923382,False,1258,0.19236867212948663,price_change,scale-free
sp500,gaussian,describe,acf_ret_lag5,0.07865234975544881,0.0007176792798790409,-0.054961733008873165,0.05371466640029184,False,1258,0.19236867212948663,price_change,scale-free
sp500,gaussian,describe,acf_ret_lag21,0.06479069799423912,0.00018516668287471078,-0.05488926903301115,0.05736725715543457,False,1258,0.19236867212948663,price_change,scale-free
sp500,gaussian,describe,concentration_max_exceed_63d,16.0,1.0,0.0,3.0,False,1258,0.19236867212948663,price_change,scale-free
sp500,gaussian,describe,leadlag_ret_vs_future_sq_lag1,-0.09471016076162492,0.0015584551336795386,-0.053087096495233126,0.05313656985135249,False,1258,0.19236867212948663,price_change,scale-free
sp500,gaussian,describe,leadlag_ret_vs_future_sq_lag5,-0.06824443785000303,-0.0008229855436024439,-0.05385614731367334,0.05273195395172707,False,1258,0.19236867212948663,price_change,scale-free
sp500,gaussian,describe,leadlag_ret_vs_future_sq_lag21,-0.05072095039065012,0.0004233922875525846,-0.05507695725564916,0.05660158089751457,True,1258,0.19236867212948663,price_change,scale-free
sp500,gaussian,describe,sd_daily,0.012118087297484372,0.0121198608140204,0.011625459121363152,0.012642325246645676,True,1258,0.19236867212948663,price_change,scale-free
sp500,gaussian,describe,excess_kurtosis,20.36735027053842,-0.015362839225676161,-0.24404818313304313,0.3023411713138275,False,1258,0.19236867212948663,price_change,scale-free
sp500,stoch_vol,describe,rv21_q10,0.0627230515935854,0.08137203399501136,0.057242423074766104,0.11394697115546563,True,1258,0.19236867212948663,price_change,level (both sides at the frozen sigma_annual)
sp500,stoch_vol,describe,rv21_q50,0.11036933306935298,0.1498178267703584,0.11469256694295746,0.20370010696215185,False,1258,0.19236867212948663,price_change,level (both sides at the frozen sigma_annual)
sp500,stoch_vol,describe,rv21_q90,0.2417833548174438,0.27579778463360105,0.20127251146329034,0.4010320993818336,True,1258,0.19236867212948663,price_change,level (both sides at the frozen sigma_annual)
sp500,stoch_vol,describe,rv21_q10_over_own_sd,0.32605647738403815,0.44189297771415587,0.29712901565564914,0.5655821292479082,True,1258,0.19236867212948663,price_change,"shape (each series divided by its own annualised sd, inside the path)"
sp500,stoch_vol,describe,rv21_q50_over_own_sd,0.5737386022764741,0.8140754198610665,0.6447200676934531,0.9255266512085578,False,1258,0.19236867212948663,price_change,"shape (each series divided by its own annualised sd, inside the path)"
sp500,stoch_vol,describe,rv21_q90_over_own_sd,1.2568748962133258,1.4796103830274374,1.3157984828271296,1.6808707752468568,False,1258,0.19236867212948663,price_change,"shape (each series divided by its own annualised sd, inside the path)"
sp500,stoch_vol,describe,w1_vs_market_standardised,,0.18321394593406798,0.10236688265370622,0.23608762066634859,,1258,0.19236867212948663,price_change,scale-free
sp500,stoch_vol,describe,w1_sim_vs_sim_reference,,0.0558997513629316,0.02873104703730347,0.13750058263196058,,1258,0.19236867212948663,price_change,scale-free
sp500,stoch_vol,describe,tail_below_m2_count,37.0,35.0,25.0,44.0,True,1258,0.19236867212948663,price_change,scale-free
sp500,stoch_vol,describe,tail_below_m3_count,11.0,9.0,4.0,15.0,True,1258,0.19236867212948663,price_change,scale-free
sp500,stoch_vol,describe,tail_below_m5_count,3.0,1.0,0.0,3.0,True,1258,0.19236867212948663,price_change,scale-free
sp500,stoch_vol,describe,tail_above_p2_count,18.0,35.0,26.0,43.524999999999864,False,1258,0.19236867212948663,price_change,scale-free
sp500,stoch_vol,describe,tail_above_p3_count,9.0,9.0,4.0,15.0,True,1258,0.19236867212948663,price_change,scale-free
sp500,stoch_vol,describe,tail_above_p5_count,4.0,1.0,0.0,3.0,False,1258,0.19236867212948663,price_change,scale-free
sp500,stoch_vol,describe,acf_absret_lag1,0.5007227427362634,0.24163022419804414,0.13333132746079326,0.3858114252462888,False,1258,0.19236867212948663,price_change,scale-free
sp500,stoch_vol,describe,acf_absret_lag5,0.4146461452146088,0.21566330880058507,0.10986060679906855,0.3592134133056191,False,1258,0.19236867212948663,price_change,scale-free
sp500,stoch_vol,describe,acf_absret_lag10,0.3659590462564184,0.18642521173221843,0.08934186539630384,0.32951849613280354,False,1258,0.19236867212948663,price_change,scale-free
sp500,stoch_vol,describe,acf_absret_lag21,0.1584044724099716,0.14140682152041276,0.047049657598863474,0.27774012027593975,True,1258,0.19236867212948663,price_change,scale-free
sp500,stoch_vol,describe,acf_absret_lag63,0.039974696337050114,0.03963119673413622,-0.046088309470149684,0.1625957807026194,True,1258,0.19236867212948663,price_change,scale-free
sp500,stoch_vol,describe,acf_ret_lag1,-0.24396953335811847,0.0005139390102009948,-0.07944368107996315,0.07789263461369407,False,1258,0.19236867212948663,price_change,scale-free
sp500,stoch_vol,describe,acf_ret_lag5,0.07865234975544881,-0.0007038494531525165,-0.08934688447560679,0.07472904242871715,False,1258,0.19236867212948663,price_change,scale-free
sp500,stoch_vol,describe,acf_ret_lag21,0.06479069799423912,-0.0024813743496146026,-0.06716959902219302,0.0662609177187815,True,1258,0.19236867212948663,price_change,scale-free
sp500,stoch_vol,describe,concentration_max_exceed_63d,16.0,7.0,3.0,17.0,True,1258,0.19236867212948663,price_change,scale-free
sp500,stoch_vol,describe,leadlag_ret_vs_future_sq_lag1,-0.09471016076162492,0.0002461496282822577,-0.10560090125351083,0.09827762688642336,True,1258,0.19236867212948663,price_change,scale-free
sp500,stoch_vol,describe,leadlag_ret_vs_future_sq_lag5,-0.06824443785000303,-0.00017831886937045245,-0.0997310503255147,0.09897997194873107,True,1258,0.19236867212948663,price_change,scale-free
sp500,stoch_vol,describe,leadlag_ret_vs_future_sq_lag21,-0.05072095039065012,-0.00067896144928865,-0.0850169270977119,0.08051521667444933,True,1258,0.19236867212948663,price_change,scale-free
sp500,stoch_vol,describe,sd_daily,0.012118087297484372,0.011700945052200627,0.0088181756365619,0.016497809377210314,True,1258,0.19236867212948663,price_change,scale-free
sp500,stoch_vol,describe,excess_kurtosis,20.36735027053842,2.979187437621342,1.1844328250623684,10.81737380896018,False,1258,0.19236867212948663,price_change,scale-free
sp500,sv_jump,describe,rv21_q10,0.0627230515935854,0.07696591186321491,0.05339119594771245,0.1064536702306827,True,1258,0.19236867212948663,price_change,level (both sides at the frozen sigma_annual)
sp500,sv_jump,describe,rv21_q50,0.11036933306935298,0.1451839835176436,0.1113363920867275,0.1974274216204507,False,1258,0.19236867212948663,price_change,level (both sides at the frozen sigma_annual)
sp500,sv_jump,describe,rv21_q90,0.2417833548174438,0.2815293691618982,0.20700207709818508,0.3914597244991302,True,1258,0.19236867212948663,price_change,level (both sides at the frozen sigma_annual)
sp500,sv_jump,describe,rv21_q10_over_own_sd,0.32605647738403815,0.41300453890741584,0.2871575503898017,0.5316172675638864,True,1258,0.19236867212948663,price_change,"shape (each series divided by its own annualised sd, inside the path)"
sp500,sv_jump,describe,rv21_q50_over_own_sd,0.5737386022764741,0.7798211185926758,0.6312701483500732,0.8961724083360397,False,1258,0.19236867212948663,price_change,"shape (each series divided by its own annualised sd, inside the path)"
sp500,sv_jump,describe,rv21_q90_over_own_sd,1.2568748962133258,1.5018053811783982,1.3135080371484313,1.7203194566922402,False,1258,0.19236867212948663,price_change,"shape (each series divided by its own annualised sd, inside the path)"
sp500,sv_jump,describe,w1_vs_market_standardised,,0.13529474301541206,0.07481175395120698,0.1993659141203786,,1258,0.19236867212948663,price_change,scale-free
sp500,sv_jump,describe,w1_sim_vs_sim_reference,,0.0674041817780015,0.033471392806826615,0.14645957356221936,,1258,0.19236867212948663,price_change,scale-free
sp500,sv_jump,describe,tail_below_m2_count,37.0,30.0,18.0,40.0,True,1258,0.19236867212948663,price_change,scale-free
sp500,sv_jump,describe,tail_below_m3_count,11.0,9.0,4.0,15.0,True,1258,0.19236867212948663,price_change,scale-free
sp500,sv_jump,describe,tail_below_m5_count,3.0,2.0,0.0,5.0,True,1258,0.19236867212948663,price_change,scale-free
sp500,sv_jump,describe,tail_above_p2_count,18.0,30.0,17.475,41.0,True,1258,0.19236867212948663,price_change,scale-free
sp500,sv_jump,describe,tail_above_p3_count,9.0,9.0,3.0,15.0,True,1258,0.19236867212948663,price_change,scale-free
sp500,sv_jump,describe,tail_above_p5_count,4.0,2.0,0.0,5.0,True,1258,0.19236867212948663,price_change,scale-free
sp500,sv_jump,describe,acf_absret_lag1,0.5007227427362634,0.18084923148556079,0.07254103599775662,0.33174502189270083,False,1258,0.19236867212948663,price_change,scale-free
sp500,sv_jump,describe,acf_absret_lag5,0.4146461452146088,0.16463273272141743,0.05756587626148642,0.30406641080022195,False,1258,0.19236867212948663,price_change,scale-free
sp500,sv_jump,describe,acf_absret_lag10,0.3659590462564184,0.1430547751678533,0.04194291136049117,0.2848049222670986,False,1258,0.19236867212948663,price_change,scale-free
sp500,sv_jump,describe,acf_absret_lag21,0.1584044724099716,0.10743362266263001,0.017437193459547275,0.24451184199107712,True,1258,0.19236867212948663,price_change,scale-free
sp500,sv_jump,describe,acf_absret_lag63,0.039974696337050114,0.03072354838078393,-0.047385032038395454,0.14299812756951186,True,1258,0.19236867212948663,price_change,scale-free
sp500,sv_jump,describe,acf_ret_lag1,-0.24396953335811847,-0.001836588096382163,-0.08047471179880207,0.07452740536587253,False,1258,0.19236867212948663,price_change,scale-free
sp500,sv_jump,describe,acf_ret_lag5,0.07865234975544881,-0.0026810555045878454,-0.07620205672751114,0.07446549356419899,False,1258,0.19236867212948663,price_change,scale-free
sp500,sv_jump,describe,acf_ret_lag21,0.06479069799423912,-0.00013905392780178138,-0.06635083695834318,0.06608192294260826,True,1258,0.19236867212948663,price_change,scale-free
sp500,sv_jump,describe,concentration_max_exceed_63d,16.0,6.0,2.4750000000000014,15.0,False,1258,0.19236867212948663,price_change,scale-free
sp500,sv_jump,describe,leadlag_ret_vs_future_sq_lag1,-0.09471016076162492,-0.00023796040494253375,-0.07864908026559143,0.08253837438908768,False,1258,0.19236867212948663,price_change,scale-free
sp500,sv_jump,describe,leadlag_ret_vs_future_sq_lag5,-0.06824443785000303,0.00026346816006154653,-0.07387961982583088,0.07687890518462737,True,1258,0.19236867212948663,price_change,scale-free
sp500,sv_jump,describe,leadlag_ret_vs_future_sq_lag21,-0.05072095039065012,0.0019445833946322593,-0.06504046158724346,0.06957819940532103,True,1258,0.19236867212948663,price_change,scale-free
sp500,sv_jump,describe,sd_daily,0.012118087297484372,0.011824002707294988,0.009048660715785748,0.015721214425009854,True,1258,0.19236867212948663,price_change,scale-free
sp500,sv_jump,describe,excess_kurtosis,20.36735027053842,10.10942937745914,2.8525735282631572,45.2992011771178,True,1258,0.19236867212948663,price_change,scale-free
sp500,gaussian,contrast,rv21_q10,0.10142109000365386,0.15236118264181847,0.13686857491958246,0.16698709775763085,False,500,0.19236867212948663,price_change,level (both sides at the frozen sigma_annual)
sp500,gaussian,contrast,rv21_q50,0.1771916474910098,0.18895540679611483,0.17626517433110775,0.2023564779737688,True,500,0.19236867212948663,price_change,level (both sides at the frozen sigma_annual)
sp500,gaussian,contrast,rv21_q90,0.2861568144183724,0.2278530919204888,0.2106800019160628,0.2474394761326177,False,500,0.19236867212948663,price_change,level (both sides at the frozen sigma_annual)
sp500,gaussian,contrast,rv21_q10_over_own_sd,0.5204017350983365,0.7939362032574062,0.7293630373438801,0.8468145166722104,False,500,0.19236867212948663,price_change,"shape (each series divided by its own annualised sd, inside the path)"
sp500,gaussian,contrast,rv21_q50_over_own_sd,0.9091880278148486,0.986031319126045,0.9527887263695007,1.014093458094175,False,500,0.19236867212948663,price_change,"shape (each series divided by its own annualised sd, inside the path)"
sp500,gaussian,contrast,rv21_q90_over_own_sd,1.4682991745421856,1.1871860045593121,1.1367774577654748,1.2501534803519694,False,500,0.19236867212948663,price_change,"shape (each series divided by its own annualised sd, inside the path)"
sp500,gaussian,contrast,w1_vs_market_standardised,,0.08694844501029936,0.06156583159500512,0.11517278043328207,,500,0.19236867212948663,price_change,scale-free
sp500,gaussian,contrast,w1_sim_vs_sim_reference,,0.04977966676556847,0.032895801586504986,0.08168779654790022,,500,0.19236867212948663,price_change,scale-free
sp500,gaussian,contrast,tail_below_m2_count,15.0,11.0,6.0,17.0,True,500,0.19236867212948663,price_change,scale-free
sp500,gaussian,contrast,tail_below_m3_count,3.0,0.0,0.0,2.0,False,500,0.19236867212948663,price_change,scale-free
sp500,gaussian,contrast,tail_below_m5_count,0.0,0.0,0.0,0.0,True,500,0.19236867212948663,price_change,scale-free
sp500,gaussian,contrast,tail_above_p2_count,14.0,11.0,7.0,17.0,True,500,0.19236867212948663,price_change,scale-free
sp500,gaussian,contrast,tail_above_p3_count,1.0,1.0,0.0,2.0,True,500,0.19236867212948663,price_change,scale-free
sp500,gaussian,contrast,tail_above_p5_count,0.0,0.0,0.0,0.0,True,500,0.19236867212948663,price_change,scale-free
sp500,gaussian,contrast,acf_absret_lag1,0.04956254014478392,-0.002877351098035056,-0.08729814761705203,0.08830804638326488,True,500,0.19236867212948663,price_change,scale-free
sp500,gaussian,contrast,acf_absret_lag5,0.2018723068292726,-0.002415604079537693,-0.08603531088875244,0.08154664147459953,False,500,0.19236867212948663,price_change,scale-free
sp500,gaussian,contrast,acf_absret_lag10,0.1559828847339367,-0.002973979053568128,-0.08241649256317328,0.08544341266133137,False,500,0.19236867212948663,price_change,scale-free
sp500,gaussian,contrast,acf_absret_lag21,0.06684917178390376,-0.0033430933774507747,-0.09295981854910243,0.0849431449180211,True,500,0.19236867212948663,price_change,scale-free
sp500,gaussian,contrast,acf_absret_lag63,0.09062230300171699,-0.0021948055696533325,-0.09383142198451944,0.09764353613508232,True,500,0.19236867212948663,price_change,scale-free
sp500,gaussian,contrast,acf_ret_lag1,0.015773098374649075,-0.003992184867742764,-0.08695010746904687,0.08921885376710931,True,500,0.19236867212948663,price_change,scale-free
sp500,gaussian,contrast,acf_ret_lag5,0.010568444101607672,-0.0013584055836030169,-0.08680582491226883,0.0850378918684556,True,500,0.19236867212948663,price_change,scale-free
sp500,gaussian,contrast,acf_ret_lag21,-0.001813560380267707,-0.0032684955526615525,-0.09407072168581176,0.08340337708370665,True,500,0.19236867212948663,price_change,scale-free
sp500,gaussian,contrast,concentration_max_exceed_63d,2.0,1.0,0.0,2.0,True,500,0.19236867212948663,price_change,scale-free
sp500,gaussian,contrast,leadlag_ret_vs_future_sq_lag1,-0.0017235349641811055,0.001252825312570309,-0.07932367135366059,0.08874409269202163,True,500,0.19236867212948663,price_change,scale-free
sp500,gaussian,contrast,leadlag_ret_vs_future_sq_lag5,-0.12490395522276827,0.001071351808316821,-0.087063412665736,0.09070009728747679,False,500,0.19236867212948663,price_change,scale-free
sp500,gaussian,contrast,leadlag_ret_vs_future_sq_lag21,-0.005193053640795692,-0.0006760580750713092,-0.08827254567927316,0.0902519183724853,True,500,0.19236867212948663,price_change,scale-free
sp500,gaussian,contrast,sd_daily,0.012276915521815986,0.012090209957232319,0.011332510758064572,0.012852440889672006,True,500,0.19236867212948663,price_change,scale-free
sp500,gaussian,contrast,excess_kurtosis,1.270268336567904,-0.03114668106506735,-0.36660859088770664,0.4499291808748491,False,500,0.19236867212948663,price_change,scale-free
sp500,stoch_vol,contrast,rv21_q10,0.10142109000365386,0.08515197618330514,0.04864234858058324,0.13591450450018266,True,500,0.19236867212948663,price_change,level (both sides at the frozen sigma_annual)
sp500,stoch_vol,contrast,rv21_q50,0.1771916474910098,0.15072196867363846,0.09683502556235604,0.23570508766555762,True,500,0.19236867212948663,price_change,level (both sides at the frozen sigma_annual)
sp500,stoch_vol,contrast,rv21_q90,0.2861568144183724,0.2673945833123278,0.1647697364340697,0.4695410566443174,True,500,0.19236867212948663,price_change,level (both sides at the frozen sigma_annual)
sp500,stoch_vol,contrast,rv21_q10_over_own_sd,0.5204017350983365,0.4757526128984176,0.27214277979918305,0.6569045685463996,True,500,0.19236867212948663,price_change,"shape (each series divided by its own annualised sd, inside the path)"
sp500,stoch_vol,contrast,rv21_q50_over_own_sd,0.9091880278148486,0.8472700676812233,0.6015303212840774,0.9796906997651412,True,500,0.19236867212948663,price_change,"shape (each series divided by its own annualised sd, inside the path)"
sp500,stoch_vol,contrast,rv21_q90_over_own_sd,1.4682991745421856,1.461672158154463,1.2586453507794257,1.759474462542116,True,500,0.19236867212948663,price_change,"shape (each series divided by its own annualised sd, inside the path)"
sp500,stoch_vol,contrast,w1_vs_market_standardised,,0.06950884915253863,0.04099596066187018,0.16631441406653485,,500,0.19236867212948663,price_change,scale-free
sp500,stoch_vol,contrast,w1_sim_vs_sim_reference,,0.07648369818707045,0.04197731822847711,0.17834702215799164,,500,0.19236867212948663,price_change,scale-free
sp500,stoch_vol,contrast,tail_below_m2_count,15.0,14.0,8.0,19.524999999999864,True,500,0.19236867212948663,price_change,scale-free
sp500,stoch_vol,contrast,tail_below_m3_count,3.0,3.0,1.0,7.0,True,500,0.19236867212948663,price_change,scale-free
sp500,stoch_vol,contrast,tail_below_m5_count,0.0,0.0,0.0,1.0,True,500,0.19236867212948663,price_change,scale-free
sp500,stoch_vol,contrast,tail_above_p2_count,14.0,14.0,8.0,19.0,True,500,0.19236867212948663,price_change,scale-free
sp500,stoch_vol,contrast,tail_above_p3_count,1.0,3.0,0.0,7.0,True,500,0.19236867212948663,price_change,scale-free
sp500,stoch_vol,contrast,tail_above_p5_count,0.0,0.0,0.0,1.0,True,500,0.19236867212948663,price_change,scale-free
sp500,stoch_vol,contrast,acf_absret_lag1,0.04956254014478392,0.21405405811054437,0.05184143859364544,0.3919707321169306,False,500,0.19236867212948663,price_change,scale-free
sp500,stoch_vol,contrast,acf_absret_lag5,0.2018723068292726,0.18518762974561032,0.04460000130832232,0.372541290434049,True,500,0.19236867212948663,price_change,scale-free
sp500,stoch_vol,contrast,acf_absret_lag10,0.1559828847339367,0.15878552775374574,0.016940265345385404,0.3422722489454223,True,500,0.19236867212948663,price_change,scale-free
sp500,stoch_vol,contrast,acf_absret_lag21,0.06684917178390376,0.10731490357438321,-0.01875567591362414,0.2892743526924549,True,500,0.19236867212948663,price_change,scale-free
sp500,stoch_vol,contrast,acf_absret_lag63,0.09062230300171699,0.014266431838803675,-0.10630441694276838,0.16872509409950873,True,500,0.19236867212948663,price_change,scale-free
sp500,stoch_vol,contrast,acf_ret_lag1,0.015773098374649075,-0.0027048956898901746,-0.12552753245700646,0.11389337931103789,True,500,0.19236867212948663,price_change,scale-free
sp500,stoch_vol,contrast,acf_ret_lag5,0.010568444101607672,-0.003154739824225852,-0.12255836348220593,0.11354893313036003,True,500,0.19236867212948663,price_change,scale-free
sp500,stoch_vol,contrast,acf_ret_lag21,-0.001813560380267707,-0.0018167577403774737,-0.1048985830438461,0.10316096747022127,True,500,0.19236867212948663,price_change,scale-free
sp500,stoch_vol,contrast,concentration_max_exceed_63d,2.0,4.0,1.0,10.0,True,500,0.19236867212948663,price_change,scale-free
sp500,stoch_vol,contrast,leadlag_ret_vs_future_sq_lag1,-0.0017235349641811055,0.003151863545119778,-0.13408072211719263,0.14339509506397377,True,500,0.19236867212948663,price_change,scale-free
sp500,stoch_vol,contrast,leadlag_ret_vs_future_sq_lag5,-0.12490395522276827,0.002465335837306404,-0.12057760974071192,0.1259848578304978,False,500,0.19236867212948663,price_change,scale-free
sp500,stoch_vol,contrast,leadlag_ret_vs_future_sq_lag21,-0.005193053640795692,-0.004581647262967042,-0.11711881720090697,0.11395032167533564,True,500,0.19236867212948663,price_change,scale-free
sp500,stoch_vol,contrast,sd_daily,0.012276915521815986,0.011436727199728852,0.0075073211844433,0.018585740485786834,True,500,0.19236867212948663,price_change,scale-free
sp500,stoch_vol,contrast,excess_kurtosis,1.270268336567904,2.22845010702961,0.5033898069576743,8.484808736522162,True,500,0.19236867212948663,price_change,scale-free
sp500,sv_jump,contrast,rv21_q10,0.10142109000365386,0.0809327160190481,0.04781035201020605,0.13126131443766176,True,500,0.19236867212948663,price_change,level (both sides at the frozen sigma_annual)
sp500,sv_jump,contrast,rv21_q50,0.1771916474910098,0.14557305930775966,0.09304669702840851,0.2252391065759023,True,500,0.19236867212948663,price_change,level (both sides at the frozen sigma_annual)
sp500,sv_jump,contrast,rv21_q90,0.2861568144183724,0.2729406588017726,0.16705284156636,0.4524018079634039,True,500,0.19236867212948663,price_change,level (both sides at the frozen sigma_annual)
sp500,sv_jump,contrast,rv21_q10_over_own_sd,0.5204017350983365,0.44618077027372327,0.26386056436054944,0.6334401845584998,True,500,0.19236867212948663,price_change,"shape (each series divided by its own annualised sd, inside the path)"
sp500,sv_jump,contrast,rv21_q50_over_own_sd,0.9091880278148486,0.8067280452200358,0.5810640440748371,0.953581592669184,True,500,0.19236867212948663,price_change,"shape (each series divided by its own annualised sd, inside the path)"
sp500,sv_jump,contrast,rv21_q90_over_own_sd,1.4682991745421856,1.484267167165628,1.2377950243087021,1.8071737328874484,True,500,0.19236867212948663,price_change,"shape (each series divided by its own annualised sd, inside the path)"
sp500,sv_jump,contrast,w1_vs_market_standardised,,0.11073954432363825,0.049564823487887606,0.2604283012349216,,500,0.19236867212948663,price_change,scale-free
sp500,sv_jump,contrast,w1_sim_vs_sim_reference,,0.09939024739226404,0.04803280755129077,0.23373531968166394,,500,0.19236867212948663,price_change,scale-free
sp500,sv_jump,contrast,tail_below_m2_count,15.0,12.0,5.0,18.524999999999864,True,500,0.19236867212948663,price_change,scale-free
sp500,sv_jump,contrast,tail_below_m3_count,3.0,3.0,0.0,7.0,True,500,0.19236867212948663,price_change,scale-free
sp500,sv_jump,contrast,tail_below_m5_count,0.0,1.0,0.0,2.0,True,500,0.19236867212948663,price_change,scale-free
sp500,sv_jump,contrast,tail_above_p2_count,14.0,12.0,5.0,18.0,True,500,0.19236867212948663,price_change,scale-free
sp500,sv_jump,contrast,tail_above_p3_count,1.0,3.0,0.0,7.0,True,500,0.19236867212948663,price_change,scale-free
sp500,sv_jump,contrast,tail_above_p5_count,0.0,1.0,0.0,3.0,True,500,0.19236867212948663,price_change,scale-free
sp500,sv_jump,contrast,acf_absret_lag1,0.04956254014478392,0.1576380293078503,0.02236594032579109,0.35734514105012705,True,500,0.19236867212948663,price_change,scale-free
sp500,sv_jump,contrast,acf_absret_lag5,0.2018723068292726,0.13876004723998525,0.01140113399163885,0.3340509111494653,True,500,0.19236867212948663,price_change,scale-free
sp500,sv_jump,contrast,acf_absret_lag10,0.1559828847339367,0.11669265445328014,-0.008366155861132249,0.3052062120207918,True,500,0.19236867212948663,price_change,scale-free
sp500,sv_jump,contrast,acf_absret_lag21,0.06684917178390376,0.07851399658217864,-0.03419172634595892,0.24921237818818598,True,500,0.19236867212948663,price_change,scale-free
sp500,sv_jump,contrast,acf_absret_lag63,0.09062230300171699,0.006138243405564945,-0.096762170237505,0.1510553896571982,True,500,0.19236867212948663,price_change,scale-free
sp500,sv_jump,contrast,acf_ret_lag1,0.015773098374649075,0.0008062056684641436,-0.11141264910478452,0.11906558181645734,True,500,0.19236867212948663,price_change,scale-free
sp500,sv_jump,contrast,acf_ret_lag5,0.010568444101607672,-0.004557345375229616,-0.10862228260975891,0.10056456365071104,True,500,0.19236867212948663,price_change,scale-free
sp500,sv_jump,contrast,acf_ret_lag21,-0.001813560380267707,-0.0019618366393968547,-0.10390497315635025,0.1013381128308749,True,500,0.19236867212948663,price_change,scale-free
sp500,sv_jump,contrast,concentration_max_exceed_63d,2.0,3.0,1.0,9.0,True,500,0.19236867212948663,price_change,scale-free
sp500,sv_jump,contrast,leadlag_ret_vs_future_sq_lag1,-0.0017235349641811055,0.0012842832562823987,-0.11966145310266464,0.1184134812435439,True,500,0.19236867212948663,price_change,scale-free
sp500,sv_jump,contrast,leadlag_ret_vs_future_sq_lag5,-0.12490395522276827,0.0020647518232610657,-0.11597238790571016,0.12039165903075984,False,500,0.19236867212948663,price_change,scale-free
sp500,sv_jump,contrast,leadlag_ret_vs_future_sq_lag21,-0.005193053640795692,-0.0015088908965453871,-0.09629448218976536,0.09517227191441772,True,500,0.19236867212948663,price_change,scale-free
sp500,sv_jump,contrast,sd_daily,0.012276915521815986,0.011539403257218141,0.007689181052887143,0.017555004623049472,True,500,0.19236867212948663,price_change,scale-free
sp500,sv_jump,contrast,excess_kurtosis,1.270268336567904,6.9689685208068815,1.2162433802987893,53.15845553086788,True,500,0.19236867212948663,price_change,scale-free
nasdaq100,gaussian,describe,rv21_q10,0.0908520696517382,0.1791853906589163,0.16795051348317133,0.1893135727227448,False,1258,0.22616448309739204,price_change,level (both sides at the frozen sigma_annual)
nasdaq100,gaussian,describe,rv21_q50,0.15585600633239455,0.22237552471202388,0.21329812512702548,0.23258750538558864,False,1258,0.22616448309739204,price_change,level (both sides at the frozen sigma_annual)
nasdaq100,gaussian,describe,rv21_q90,0.31210529282050437,0.26908889580874173,0.25647938153197225,0.2829195563685396,False,1258,0.22616448309739204,price_change,level (both sides at the frozen sigma_annual)
nasdaq100,gaussian,describe,rv21_q10_over_own_sd,0.40170794462283027,0.7918958005196438,0.751945526044437,0.8246523216800138,False,1258,0.22616448309739204,price_change,"shape (each series divided by its own annualised sd, inside the path)"
nasdaq100,gaussian,describe,rv21_q50_over_own_sd,0.6891267992122312,0.9837462966509523,0.9641071336658877,1.002555671953575,False,1258,0.22616448309739204,price_change,"shape (each series divided by its own annualised sd, inside the path)"
nasdaq100,gaussian,describe,rv21_q90_over_own_sd,1.3799925105221056,1.189763853032008,1.1570830049656764,1.226032547281736,False,1258,0.22616448309739204,price_change,"shape (each series divided by its own annualised sd, inside the path)"
nasdaq100,gaussian,describe,w1_vs_market_standardised,,0.23308526927274664,0.21331046910595752,0.25262142308156715,,1258,0.22616448309739204,price_change,scale-free
nasdaq100,gaussian,describe,w1_sim_vs_sim_reference,,0.031128305130654208,0.020825240792438394,0.05123630783382817,,1258,0.22616448309739204,price_change,scale-free
nasdaq100,gaussian,describe,tail_below_m2_count,42.0,29.0,21.0,37.0,False,1258,0.22616448309739204,price_change,scale-free
nasdaq100,gaussian,describe,tail_below_m3_count,12.0,2.0,0.0,4.0,False,1258,0.22616448309739204,price_change,scale-free
nasdaq100,gaussian,describe,tail_below_m5_count,2.0,0.0,0.0,0.0,False,1258,0.22616448309739204,price_change,scale-free
nasdaq100,gaussian,describe,tail_above_p2_count,23.0,28.0,21.0,36.524999999999864,True,1258,0.22616448309739204,price_change,scale-free
nasdaq100,gaussian,describe,tail_above_p3_count,10.0,2.0,0.0,4.0,False,1258,0.22616448309739204,price_change,scale-free
nasdaq100,gaussian,describe,tail_above_p5_count,3.0,0.0,0.0,0.0,False,1258,0.22616448309739204,price_change,scale-free
nasdaq100,gaussian,describe,acf_absret_lag1,0.39796873772958324,-6.136659757776602e-05,-0.05494833315926511,0.05689621937190399,False,1258,0.22616448309739204,price_change,scale-free
nasdaq100,gaussian,describe,acf_absret_lag5,0.33169546758607027,0.00024264273264810362,-0.055783094117576475,0.05322430204229583,False,1258,0.22616448309739204,price_change,scale-free
nasdaq100,gaussian,describe,acf_absret_lag10,0.2927109149219687,-0.0019275468132408063,-0.05607679453315344,0.05655085400970066,False,1258,0.22616448309739204,price_change,scale-free
nasdaq100,gaussian,describe,acf_absret_lag21,0.11746393280034197,-0.002412588451394265,-0.05561510621784057,0.05502131618630434,False,1258,0.22616448309739204,price_change,scale-free
nasdaq100,gaussian,describe,acf_absret_lag63,-0.012907946465166157,-0.0017000299413584472,-0.05550426619571943,0.055140412327167966,True,1258,0.22616448309739204,price_change,scale-free
nasdaq100,gaussian,describe,acf_ret_lag1,-0.23418539333309246,-0.0012272858459304488,-0.05672712039084567,0.05410991468869664,False,1258,0.22616448309739204,price_change,scale-free
nasdaq100,gaussian,describe,acf_ret_lag5,0.029437265196197028,-0.0007040736685493252,-0.05442117801625593,0.056575866420769394,True,1258,0.22616448309739204,price_change,scale-free
nasdaq100,gaussian,describe,acf_ret_lag21,0.055127923074510046,-0.001694863830272158,-0.05644286020336753,0.05297784171165812,False,1258,0.22616448309739204,price_change,scale-free
nasdaq100,gaussian,describe,concentration_max_exceed_63d,13.0,1.0,0.0,3.0,False,1258,0.22616448309739204,price_change,scale-free
nasdaq100,gaussian,describe,leadlag_ret_vs_future_sq_lag1,-0.07043936406558875,-0.0010184319096670814,-0.051020594725024696,0.05478564728448111,False,1258,0.22616448309739204,price_change,scale-free
nasdaq100,gaussian,describe,leadlag_ret_vs_future_sq_lag5,-0.05167860045719631,-0.0003800372889984484,-0.05483729558087543,0.05540301327099507,True,1258,0.22616448309739204,price_change,scale-free
nasdaq100,gaussian,describe,leadlag_ret_vs_future_sq_lag21,-0.025758141945788463,-0.00010398667727322591,-0.05557007705174744,0.05598980847389928,True,1258,0.22616448309739204,price_change,scale-free
nasdaq100,gaussian,describe,sd_daily,0.01424702327788501,0.014249430295594508,0.013717381787364794,0.014834317300291118,True,1258,0.22616448309739204,price_change,scale-free
nasdaq100,gaussian,describe,excess_kurtosis,10.531033141308235,-0.01173446644442877,-0.25421355652977917,0.28699750518898004,False,1258,0.22616448309739204,price_change,scale-free
nasdaq100,stoch_vol,describe,rv21_q10,0.0908520696517382,0.09540266025974323,0.06562178042406361,0.1331025248434016,True,1258,0.22616448309739204,price_change,level (both sides at the frozen sigma_annual)
nasdaq100,stoch_vol,describe,rv21_q50,0.15585600633239455,0.17715972657687304,0.13302612710653353,0.2302417628351101,True,1258,0.22616448309739204,price_change,level (both sides at the frozen sigma_annual)
nasdaq100,stoch_vol,describe,rv21_q90,0.31210529282050437,0.32613829068242484,0.23307517220103596,0.4608026521869155,True,1258,0.22616448309739204,price_change,level (both sides at the frozen sigma_annual)
nasdaq100,stoch_vol,describe,rv21_q10_over_own_sd,0.40170794462283027,0.43734381066569794,0.30313090625766514,0.5573520763698632,True,1258,0.22616448309739204,price_change,"shape (each series divided by its own annualised sd, inside the path)"
nasdaq100,stoch_vol,describe,rv21_q50_over_own_sd,0.6891267992122312,0.8130502787819783,0.6529913080398326,0.9138331531506291,True,1258,0.22616448309739204,price_change,"shape (each series divided by its own annualised sd, inside the path)"
nasdaq100,stoch_vol,describe,rv21_q90_over_own_sd,1.3799925105221056,1.4804115214927411,1.3251161036387136,1.674582659089697,True,1258,0.22616448309739204,price_change,"shape (each series divided by its own annualised sd, inside the path)"
nasdaq100,stoch_vol,describe,w1_vs_market_standardised,,0.11737816915482101,0.06846680739140602,0.165727710982758,,1258,0.22616448309739204,price_change,scale-free
nasdaq100,stoch_vol,describe,w1_sim_vs_sim_reference,,0.05383798033328675,0.030498793201504008,0.1200114625810984,,1258,0.22616448309739204,price_change,scale-free
nasdaq100,stoch_vol,describe,tail_below_m2_count,42.0,35.0,27.0,44.0,True,1258,0.22616448309739204,price_change,scale-free
nasdaq100,stoch_vol,describe,tail_below_m3_count,12.0,9.0,4.0,15.0,True,1258,0.22616448309739204,price_change,scale-free
nasdaq100,stoch_vol,describe,tail_below_m5_count,2.0,1.0,0.0,3.0,True,1258,0.22616448309739204,price_change,scale-free
nasdaq100,stoch_vol,describe,tail_above_p2_count,23.0,35.0,26.0,44.524999999999864,False,1258,0.22616448309739204,price_change,scale-free
nasdaq100,stoch_vol,describe,tail_above_p3_count,10.0,9.0,4.0,15.0,True,1258,0.22616448309739204,price_change,scale-free
nasdaq100,stoch_vol,describe,tail_above_p5_count,3.0,1.0,0.0,3.0,True,1258,0.22616448309739204,price_change,scale-free
nasdaq100,stoch_vol,describe,acf_absret_lag1,0.39796873772958324,0.2437929800373026,0.13567027262963036,0.37619864516981116,False,1258,0.22616448309739204,price_change,scale-free
nasdaq100,stoch_vol,describe,acf_absret_lag5,0.33169546758607027,0.21763306984512895,0.11447494342672518,0.35324786690396925,True,1258,0.22616448309739204,price_change,scale-free
nasdaq100,stoch_vol,describe,acf_absret_lag10,0.2927109149219687,0.18890977139549447,0.08615899986982237,0.32528088456017284,True,1258,0.22616448309739204,price_change,scale-free
nasdaq100,stoch_vol,describe,acf_absret_lag21,0.11746393280034197,0.14434215343877538,0.04316965316585726,0.2727673751806552,True,1258,0.22616448309739204,price_change,scale-free
nasdaq100,stoch_vol,describe,acf_absret_lag63,-0.012907946465166157,0.04338245509630721,-0.04832936063912113,0.1670615792342826,True,1258,0.22616448309739204,price_change,scale-free
nasdaq100,stoch_vol,describe,acf_ret_lag1,-0.23418539333309246,-0.0012835816062824802,-0.08284164595608302,0.08350824531252003,False,1258,0.22616448309739204,price_change,scale-free
nasdaq100,stoch_vol,describe,acf_ret_lag5,0.029437265196197028,0.0004781898449340695,-0.08287161383918121,0.07859706559872208,True,1258,0.22616448309739204,price_change,scale-free
nasdaq100,stoch_vol,describe,acf_ret_lag21,0.055127923074510046,-0.00297838663634027,-0.07441840274201447,0.06304366053578288,True,1258,0.22616448309739204,price_change,scale-free
nasdaq100,stoch_vol,describe,concentration_max_exceed_63d,13.0,7.0,3.0,17.0,True,1258,0.22616448309739204,price_change,scale-free
nasdaq100,stoch_vol,describe,leadlag_ret_vs_future_sq_lag1,-0.07043936406558875,-0.0018462268037255296,-0.10336052218045466,0.10579714576696687,True,1258,0.22616448309739204,price_change,scale-free
nasdaq100,stoch_vol,describe,leadlag_ret_vs_future_sq_lag5,-0.05167860045719631,0.0006297807600459943,-0.09669080471995446,0.09747234752527054,True,1258,0.22616448309739204,price_change,scale-free
nasdaq100,stoch_vol,describe,leadlag_ret_vs_future_sq_lag21,-0.025758141945788463,-0.0020792724414472248,-0.07812184817463812,0.08177036749604766,True,1258,0.22616448309739204,price_change,scale-free
nasdaq100,stoch_vol,describe,sd_daily,0.01424702327788501,0.013865955903762599,0.010306794715462694,0.018867544883681336,True,1258,0.22616448309739204,price_change,scale-free
nasdaq100,stoch_vol,describe,excess_kurtosis,10.531033141308235,3.076707085283651,1.2295636457282426,9.626088151658227,False,1258,0.22616448309739204,price_change,scale-free
nasdaq100,sv_jump,describe,rv21_q10,0.0908520696517382,0.090869587793409,0.06183830893620636,0.1262203373611225,True,1258,0.22616448309739204,price_change,level (both sides at the frozen sigma_annual)
nasdaq100,sv_jump,describe,rv21_q50,0.15585600633239455,0.1718386615080971,0.12807125346485262,0.2282239182170067,True,1258,0.22616448309739204,price_change,level (both sides at the frozen sigma_annual)
nasdaq100,sv_jump,describe,rv21_q90,0.31210529282050437,0.33092989220690594,0.2392780029051724,0.4500943993084948,True,1258,0.22616448309739204,price_change,level (both sides at the frozen sigma_annual)
nasdaq100,sv_jump,describe,rv21_q10_over_own_sd,0.40170794462283027,0.4155998738450774,0.2888736751581694,0.5292402639157983,True,1258,0.22616448309739204,price_change,"shape (each series divided by its own annualised sd, inside the path)"
nasdaq100,sv_jump,describe,rv21_q50_over_own_sd,0.6891267992122312,0.7822323010674417,0.6384883589172256,0.8974954682378672,True,1258,0.22616448309739204,price_change,"shape (each series divided by its own annualised sd, inside the path)"
nasdaq100,sv_jump,describe,rv21_q90_over_own_sd,1.3799925105221056,1.4941459622482587,1.306916209225938,1.7050052463225134,True,1258,0.22616448309739204,price_change,"shape (each series divided by its own annualised sd, inside the path)"
nasdaq100,sv_jump,describe,w1_vs_market_standardised,,0.09515066127282228,0.06132436494343946,0.13662101785367967,,1258,0.22616448309739204,price_change,scale-free
nasdaq100,sv_jump,describe,w1_sim_vs_sim_reference,,0.0681566491497679,0.03515854110063584,0.14088340529511,,1258,0.22616448309739204,price_change,scale-free
nasdaq100,sv_jump,describe,tail_below_m2_count,42.0,29.0,18.0,40.0,False,1258,0.22616448309739204,price_change,scale-free
nasdaq100,sv_jump,describe,tail_below_m3_count,12.0,9.0,4.0,15.0,True,1258,0.22616448309739204,price_change,scale-free
nasdaq100,sv_jump,describe,tail_below_m5_count,2.0,2.0,0.0,5.0,True,1258,0.22616448309739204,price_change,scale-free
nasdaq100,sv_jump,describe,tail_above_p2_count,23.0,30.0,18.0,40.0,True,1258,0.22616448309739204,price_change,scale-free
nasdaq100,sv_jump,describe,tail_above_p3_count,10.0,9.0,4.0,15.0,True,1258,0.22616448309739204,price_change,scale-free
nasdaq100,sv_jump,describe,tail_above_p5_count,3.0,2.0,0.0,5.0,True,1258,0.22616448309739204,price_change,scale-free
nasdaq100,sv_jump,describe,acf_absret_lag1,0.39796873772958324,0.1782153640039565,0.07381130864491249,0.33278203349750946,False,1258,0.22616448309739204,price_change,scale-free
nasdaq100,sv_jump,describe,acf_absret_lag5,0.33169546758607027,0.158676003153001,0.05278458601659528,0.30278944675174774,False,1258,0.22616448309739204,price_change,scale-free
nasdaq100,sv_jump,describe,acf_absret_lag10,0.2927109149219687,0.1379157871295556,0.04356287712531872,0.28358716613896556,False,1258,0.22616448309739204,price_change,scale-free
nasdaq100,sv_jump,describe,acf_absret_lag21,0.11746393280034197,0.10175678489112666,0.014278907955858094,0.24301946831846583,True,1258,0.22616448309739204,price_change,scale-free
nasdaq100,sv_jump,describe,acf_absret_lag63,-0.012907946465166157,0.03128781582756984,-0.04527801754337901,0.13279366383882868,True,1258,0.22616448309739204,price_change,scale-free
nasdaq100,sv_jump,describe,acf_ret_lag1,-0.23418539333309246,-0.0005923719081095281,-0.07416389299951852,0.07591716114866372,False,1258,0.22616448309739204,price_change,scale-free
nasdaq100,sv_jump,describe,acf_ret_lag5,0.029437265196197028,1.7822787613373728e-05,-0.07740092494333525,0.07571209852943857,True,1258,0.22616448309739204,price_change,scale-free
nasdaq100,sv_jump,describe,acf_ret_lag21,0.055127923074510046,-0.0026649155798545775,-0.06967979174900062,0.06218099864296152,True,1258,0.22616448309739204,price_change,scale-free
nasdaq100,sv_jump,describe,concentration_max_exceed_63d,13.0,6.0,3.0,15.0,True,1258,0.22616448309739204,price_change,scale-free
nasdaq100,sv_jump,describe,leadlag_ret_vs_future_sq_lag1,-0.07043936406558875,-0.0006762137690131897,-0.08366475012715521,0.07665882955370078,True,1258,0.22616448309739204,price_change,scale-free
nasdaq100,sv_jump,describe,leadlag_ret_vs_future_sq_lag5,-0.05167860045719631,-0.0022126043466671142,-0.07958298057015668,0.06971491197825734,True,1258,0.22616448309739204,price_change,scale-free
nasdaq100,sv_jump,describe,leadlag_ret_vs_future_sq_lag21,-0.025758141945788463,-0.0004819539078390179,-0.06651605425876024,0.06608955367289869,True,1258,0.22616448309739204,price_change,scale-free
nasdaq100,sv_jump,describe,sd_daily,0.01424702327788501,0.013923864795969632,0.01056964297655545,0.01823781943031545,True,1258,0.22616448309739204,price_change,scale-free
nasdaq100,sv_jump,describe,excess_kurtosis,10.531033141308235,10.434161722524454,2.8937293341152577,46.33103023685,True,1258,0.22616448309739204,price_change,scale-free
nasdaq100,gaussian,contrast,rv21_q10,0.15648887883350562,0.17920001436402072,0.1611499620236984,0.1963707149972119,False,500,0.22616448309739204,price_change,level (both sides at the frozen sigma_annual)
nasdaq100,gaussian,contrast,rv21_q50,0.2516227513170003,0.2224678910795481,0.20688995244539582,0.23767335644851414,False,500,0.22616448309739204,price_change,level (both sides at the frozen sigma_annual)
nasdaq100,gaussian,contrast,rv21_q90,0.37254422361532596,0.26885146354857986,0.24857338824730207,0.2912786023438034,False,500,0.22616448309739204,price_change,level (both sides at the frozen sigma_annual)
nasdaq100,gaussian,contrast,rv21_q10_over_own_sd,0.5921488586706214,0.7948672028373179,0.7318909627684194,0.8442497133097777,False,500,0.22616448309739204,price_change,"shape (each series divided by its own annualised sd, inside the path)"
nasdaq100,gaussian,contrast,rv21_q50_over_own_sd,0.952132356743689,0.9844096301992136,0.9527447153664634,1.0145252288402526,False,500,0.22616448309739204,price_change,"shape (each series divided by its own annualised sd, inside the path)"
nasdaq100,gaussian,contrast,rv21_q90_over_own_sd,1.4096952988771447,1.1876082280255007,1.1355486781277626,1.2522977738121217,False,500,0.22616448309739204,price_change,"shape (each series divided by its own annualised sd, inside the path)"
nasdaq100,gaussian,contrast,w1_vs_market_standardised,,0.06621577777712903,0.04504529354954984,0.09251365411643153,,500,0.22616448309739204,price_change,scale-free
nasdaq100,gaussian,contrast,w1_sim_vs_sim_reference,,0.050075474535576335,0.032963055238060895,0.08059720234473627,,500,0.22616448309739204,price_change,scale-free
nasdaq100,gaussian,contrast,tail_below_m2_count,15.0,11.0,7.0,16.0,True,500,0.22616448309739204,price_change,scale-free
nasdaq100,gaussian,contrast,tail_below_m3_count,3.0,1.0,0.0,2.0,False,500,0.22616448309739204,price_change,scale-free
nasdaq100,gaussian,contrast,tail_below_m5_count,0.0,0.0,0.0,0.0,True,500,0.22616448309739204,price_change,scale-free
nasdaq100,gaussian,contrast,tail_above_p2_count,12.0,11.0,6.0,17.0,True,500,0.22616448309739204,price_change,scale-free
nasdaq100,gaussian,contrast,tail_above_p3_count,1.0,1.0,0.0,2.0,True,500,0.22616448309739204,price_change,scale-free
nasdaq100,gaussian,contrast,tail_above_p5_count,0.0,0.0,0.0,0.0,True,500,0.22616448309739204,price_change,scale-free
nasdaq100,gaussian,contrast,acf_absret_lag1,0.0636533603400257,-0.002319963037265633,-0.08669351672453085,0.08846532598416619,True,500,0.22616448309739204,price_change,scale-free
nasdaq100,gaussian,contrast,acf_absret_lag5,0.18773811535624876,-0.0039943185382450685,-0.09028570433641543,0.08746002263566956,False,500,0.22616448309739204,price_change,scale-free
nasdaq100,gaussian,contrast,acf_absret_lag10,0.1595215796721774,-0.0031746684226571452,-0.0972104904907527,0.0865990270282932,False,500,0.22616448309739204,price_change,scale-free
nasdaq100,gaussian,contrast,acf_absret_lag21,0.032695144793598564,-0.003592638065948259,-0.09114121154168128,0.08498383938933021,True,500,0.22616448309739204,price_change,scale-free
nasdaq100,gaussian,contrast,acf_absret_lag63,0.12024965618677962,-0.0049367264230356835,-0.09844619387374953,0.0953070338871978,False,500,0.22616448309739204,price_change,scale-free
nasdaq100,gaussian,contrast,acf_ret_lag1,-0.01322036985653908,-0.002311231748567545,-0.09191615444087448,0.085806014662363,True,500,0.22616448309739204,price_change,scale-free
nasdaq100,gaussian,contrast,acf_ret_lag5,0.025259077171650778,-0.000688966092780299,-0.08753838383721971,0.08642211270559039,True,500,0.22616448309739204,price_change,scale-free
nasdaq100,gaussian,contrast,acf_ret_lag21,0.014318391934595916,0.00043163729715019135,-0.08709498709263014,0.08670064014099016,True,500,0.22616448309739204,price_change,scale-free
nasdaq100,gaussian,contrast,concentration_max_exceed_63d,2.0,1.0,0.0,2.0,True,500,0.22616448309739204,price_change,scale-free
nasdaq100,gaussian,contrast,leadlag_ret_vs_future_sq_lag1,0.005298258092462096,-0.00027819611272426024,-0.08879127094084127,0.08974690251765194,True,500,0.22616448309739204,price_change,scale-free
nasdaq100,gaussian,contrast,leadlag_ret_vs_future_sq_lag5,-0.06433355404026438,-0.000529589257042918,-0.08806119788265565,0.08514994953257835,True,500,0.22616448309739204,price_change,scale-free
nasdaq100,gaussian,contrast,leadlag_ret_vs_future_sq_lag21,-0.008341298923798333,-0.0004152011036827703,-0.08707240437878595,0.08914135575966606,True,500,0.22616448309739204,price_change,scale-free
nasdaq100,gaussian,contrast,sd_daily,0.016647626058335162,0.014243578538968075,0.01334433037211179,0.015162483926484439,False,500,0.22616448309739204,price_change,scale-free
nasdaq100,gaussian,contrast,excess_kurtosis,0.9236749830827065,-0.03178680096788944,-0.373270630094401,0.46743589817461406,False,500,0.22616448309739204,price_change,scale-free
nasdaq100,stoch_vol,contrast,rv21_q10,0.15648887883350562,0.09966514861699893,0.05663579878793886,0.16126808993735095,True,500,0.22616448309739204,price_change,level (both sides at the frozen sigma_annual)
nasdaq100,stoch_vol,contrast,rv21_q50,0.2516227513170003,0.17707443432207826,0.11276472607099092,0.27909121227000744,True,500,0.22616448309739204,price_change,level (both sides at the frozen sigma_annual)
nasdaq100,stoch_vol,contrast,rv21_q90,0.37254422361532596,0.3111161019191979,0.1944235682842774,0.5447490301532016,True,500,0.22616448309739204,price_change,level (both sides at the frozen sigma_annual)
nasdaq100,stoch_vol,contrast,rv21_q10_over_own_sd,0.5921488586706214,0.4822202754484222,0.2715501354094428,0.6621484824742997,True,500,0.22616448309739204,price_change,"shape (each series divided by its own annualised sd, inside the path)"
nasdaq100,stoch_vol,contrast,rv21_q50_over_own_sd,0.952132356743689,0.8415883282963308,0.6153381429918718,0.9832875839021918,True,500,0.22616448309739204,price_change,"shape (each series divided by its own annualised sd, inside the path)"
nasdaq100,stoch_vol,contrast,rv21_q90_over_own_sd,1.4096952988771447,1.4578854558793517,1.2666364374785346,1.759570563271524,True,500,0.22616448309739204,price_change,"shape (each series divided by its own annualised sd, inside the path)"
nasdaq100,stoch_vol,contrast,w1_vs_market_standardised,,0.08175648824697339,0.042819501389475365,0.18764773375801164,,500,0.22616448309739204,price_change,scale-free
nasdaq100,stoch_vol,contrast,w1_sim_vs_sim_reference,,0.07682164277487737,0.0416727728630259,0.17734929673555144,,500,0.22616448309739204,price_change,scale-free
nasdaq100,stoch_vol,contrast,tail_below_m2_count,15.0,14.0,8.0,20.0,True,500,0.22616448309739204,price_change,scale-free
nasdaq100,stoch_vol,contrast,tail_below_m3_count,3.0,3.0,0.0,7.0,True,500,0.22616448309739204,price_change,scale-free
nasdaq100,stoch_vol,contrast,tail_below_m5_count,0.0,0.0,0.0,2.0,True,500,0.22616448309739204,price_change,scale-free
nasdaq100,stoch_vol,contrast,tail_above_p2_count,12.0,14.0,9.0,19.0,True,500,0.22616448309739204,price_change,scale-free
nasdaq100,stoch_vol,contrast,tail_above_p3_count,1.0,3.0,0.0,7.0,True,500,0.22616448309739204,price_change,scale-free
nasdaq100,stoch_vol,contrast,tail_above_p5_count,0.0,0.0,0.0,2.0,True,500,0.22616448309739204,price_change,scale-free
nasdaq100,stoch_vol,contrast,acf_absret_lag1,0.0636533603400257,0.21003955384262046,0.05889005075616081,0.39077539378972087,True,500,0.22616448309739204,price_change,scale-free
nasdaq100,stoch_vol,contrast,acf_absret_lag5,0.18773811535624876,0.1856282945155972,0.03209014791240218,0.37048769553694977,True,500,0.22616448309739204,price_change,scale-free
nasdaq100,stoch_vol,contrast,acf_absret_lag10,0.1595215796721774,0.1569667945602643,0.01341482375160529,0.3394231373315977,True,500,0.22616448309739204,price_change,scale-free
nasdaq100,stoch_vol,contrast,acf_absret_lag21,0.032695144793598564,0.10684619334375771,-0.025390137283711096,0.29899745831624,True,500,0.22616448309739204,price_change,scale-free
nasdaq100,stoch_vol,contrast,acf_absret_lag63,0.12024965618677962,0.00928868531549296,-0.10979061233496476,0.17893747473102434,True,500,0.22616448309739204,price_change,scale-free
nasdaq100,stoch_vol,contrast,acf_ret_lag1,-0.01322036985653908,-0.0031620719012019427,-0.1189722027833263,0.11609259601470574,True,500,0.22616448309739204,price_change,scale-free
nasdaq100,stoch_vol,contrast,acf_ret_lag5,0.025259077171650778,-0.002233116099031698,-0.12166118442627366,0.10474929896658729,True,500,0.22616448309739204,price_change,scale-free
nasdaq100,stoch_vol,contrast,acf_ret_lag21,0.014318391934595916,-0.0019880562521929954,-0.10713336145700095,0.10439941292599207,True,500,0.22616448309739204,price_change,scale-free
nasdaq100,stoch_vol,contrast,concentration_max_exceed_63d,2.0,4.0,1.0,10.0,True,500,0.22616448309739204,price_change,scale-free
nasdaq100,stoch_vol,contrast,leadlag_ret_vs_future_sq_lag1,0.005298258092462096,-0.0008630318038669161,-0.14704516501890427,0.15716088295878564,True,500,0.22616448309739204,price_change,scale-free
nasdaq100,stoch_vol,contrast,leadlag_ret_vs_future_sq_lag5,-0.06433355404026438,0.0026781319510631764,-0.13404960578549932,0.13920782018625502,True,500,0.22616448309739204,price_change,scale-free
nasdaq100,stoch_vol,contrast,leadlag_ret_vs_future_sq_lag21,-0.008341298923798333,-3.8239447516952116e-05,-0.1134400632399035,0.10971483079357397,True,500,0.22616448309739204,price_change,scale-free
nasdaq100,stoch_vol,contrast,sd_daily,0.016647626058335162,0.013450447422699952,0.00887048736943733,0.022005651471001763,True,500,0.22616448309739204,price_change,scale-free
nasdaq100,stoch_vol,contrast,excess_kurtosis,0.9236749830827065,2.18403517556344,0.48046202047879305,8.586602500424412,True,500,0.22616448309739204,price_change,scale-free
nasdaq100,sv_jump,contrast,rv21_q10,0.15648887883350562,0.09533200256005012,0.05347636747946072,0.1541631753087347,False,500,0.22616448309739204,price_change,level (both sides at the frozen sigma_annual)
nasdaq100,sv_jump,contrast,rv21_q50,0.2516227513170003,0.17301038599458032,0.11065572344014157,0.2631764097666703,True,500,0.22616448309739204,price_change,level (both sides at the frozen sigma_annual)
nasdaq100,sv_jump,contrast,rv21_q90,0.37254422361532596,0.32124719802958146,0.20249502602950661,0.5339408066224773,True,500,0.22616448309739204,price_change,level (both sides at the frozen sigma_annual)
nasdaq100,sv_jump,contrast,rv21_q10_over_own_sd,0.5921488586706214,0.44848794099847444,0.2617870498375583,0.6220276758879605,True,500,0.22616448309739204,price_change,"shape (each series divided by its own annualised sd, inside the path)"
nasdaq100,sv_jump,contrast,rv21_q50_over_own_sd,0.952132356743689,0.8063483169707919,0.5922358242585224,0.9574070898450355,True,500,0.22616448309739204,price_change,"shape (each series divided by its own annualised sd, inside the path)"
nasdaq100,sv_jump,contrast,rv21_q90_over_own_sd,1.4096952988771447,1.4779944276188046,1.2380658837113636,1.792267947459032,True,500,0.22616448309739204,price_change,"shape (each series divided by its own annualised sd, inside the path)"
nasdaq100,sv_jump,contrast,w1_vs_market_standardised,,0.12943035940445818,0.051877529517218135,0.26083318006753836,,500,0.22616448309739204,price_change,scale-free
nasdaq100,sv_jump,contrast,w1_sim_vs_sim_reference,,0.10140601036687225,0.049958077460388266,0.22083731276388593,,500,0.22616448309739204,price_change,scale-free
nasdaq100,sv_jump,contrast,tail_below_m2_count,15.0,12.0,5.0,18.0,True,500,0.22616448309739204,price_change,scale-free
nasdaq100,sv_jump,contrast,tail_below_m3_count,3.0,3.0,0.0,7.0,True,500,0.22616448309739204,price_change,scale-free
nasdaq100,sv_jump,contrast,tail_below_m5_count,0.0,1.0,0.0,2.0,True,500,0.22616448309739204,price_change,scale-free
nasdaq100,sv_jump,contrast,tail_above_p2_count,12.0,12.0,5.0,19.0,True,500,0.22616448309739204,price_change,scale-free
nasdaq100,sv_jump,contrast,tail_above_p3_count,1.0,3.0,0.0,7.0,True,500,0.22616448309739204,price_change,scale-free
nasdaq100,sv_jump,contrast,tail_above_p5_count,0.0,1.0,0.0,3.0,True,500,0.22616448309739204,price_change,scale-free
nasdaq100,sv_jump,contrast,acf_absret_lag1,0.0636533603400257,0.15391285267758475,0.01981485187542516,0.3559251465899522,True,500,0.22616448309739204,price_change,scale-free
nasdaq100,sv_jump,contrast,acf_absret_lag5,0.18773811535624876,0.13646989133658138,0.008115399443828187,0.3249846100451018,True,500,0.22616448309739204,price_change,scale-free
nasdaq100,sv_jump,contrast,acf_absret_lag10,0.1595215796721774,0.11742569239083794,-0.004645049695137261,0.30629378947699565,True,500,0.22616448309739204,price_change,scale-free
nasdaq100,sv_jump,contrast,acf_absret_lag21,0.032695144793598564,0.08057530641740676,-0.027478065083971312,0.2584334448350705,True,500,0.22616448309739204,price_change,scale-free
nasdaq100,sv_jump,contrast,acf_absret_lag63,0.12024965618677962,0.01094031899626043,-0.09366328597558458,0.15219900258220778,True,500,0.22616448309739204,price_change,scale-free
nasdaq100,sv_jump,contrast,acf_ret_lag1,-0.01322036985653908,-0.0007028702977761208,-0.11661529623211515,0.10743438939636371,True,500,0.22616448309739204,price_change,scale-free
nasdaq100,sv_jump,contrast,acf_ret_lag5,0.025259077171650778,-0.002402113548775151,-0.1182059084729421,0.11417941414309833,True,500,0.22616448309739204,price_change,scale-free
nasdaq100,sv_jump,contrast,acf_ret_lag21,0.014318391934595916,-0.002430505278181791,-0.10772303079505542,0.1048151427998714,True,500,0.22616448309739204,price_change,scale-free
nasdaq100,sv_jump,contrast,concentration_max_exceed_63d,2.0,3.0,1.0,9.0,True,500,0.22616448309739204,price_change,scale-free
nasdaq100,sv_jump,contrast,leadlag_ret_vs_future_sq_lag1,0.005298258092462096,0.0005847349860447692,-0.12367122776324502,0.120483616435155,True,500,0.22616448309739204,price_change,scale-free
nasdaq100,sv_jump,contrast,leadlag_ret_vs_future_sq_lag5,-0.06433355404026438,-0.0016785784922186515,-0.10759027232773115,0.10931837341066594,True,500,0.22616448309739204,price_change,scale-free
nasdaq100,sv_jump,contrast,leadlag_ret_vs_future_sq_lag21,-0.008341298923798333,0.000738984725606327,-0.09877947620268075,0.09890972486402817,True,500,0.22616448309739204,price_change,scale-free
nasdaq100,sv_jump,contrast,sd_daily,0.016647626058335162,0.013662097636047813,0.009098455145707587,0.020846534511389667,True,500,0.22616448309739204,price_change,scale-free
nasdaq100,sv_jump,contrast,excess_kurtosis,0.9236749830827065,7.135951844447168,1.1719765380094596,49.87485619887881,False,500,0.22616448309739204,price_change,scale-free
nikkei225,gaussian,describe,rv21_q10,0.10009172035904043,0.146577213132894,0.1372481785382837,0.1552253954125576,False,1220,0.18519240596404887,price_change,level (both sides at the frozen sigma_annual)
nikkei225,gaussian,describe,rv21_q50,0.15184382253518003,0.1821229704612366,0.17402025278184136,0.19010209747579407,False,1220,0.18519240596404887,price_change,level (both sides at the frozen sigma_annual)
nikkei225,gaussian,describe,rv21_q90,0.24921844212728184,0.2203226365823049,0.2099476371035122,0.23172983179341558,False,1220,0.18519240596404887,price_change,level (both sides at the frozen sigma_annual)
nikkei225,gaussian,describe,rv21_q10_over_own_sd,0.5404742156569373,0.7918825023116777,0.7514088984467702,0.8247860044531308,False,1220,0.18519240596404887,price_change,"shape (each series divided by its own annualised sd, inside the path)"
nikkei225,gaussian,describe,rv21_q50_over_own_sd,0.8199246710184069,0.9840096144946406,0.9637811894449139,1.0023611340048495,False,1220,0.18519240596404887,price_change,"shape (each series divided by its own annualised sd, inside the path)"
nikkei225,gaussian,describe,rv21_q90_over_own_sd,1.345727114618632,1.1899877806991295,1.1557397576424766,1.229189872557941,False,1220,0.18519240596404887,price_change,"shape (each series divided by its own annualised sd, inside the path)"
nikkei225,gaussian,describe,w1_vs_market_standardised,,0.1507946320275384,0.13107876125125129,0.17076171004765597,,1220,0.18519240596404887,price_change,scale-free
nikkei225,gaussian,describe,w1_sim_vs_sim_reference,,0.03264009611548167,0.021792784669812854,0.0547530155910333,,1220,0.18519240596404887,price_change,scale-free
nikkei225,gaussian,describe,tail_below_m2_count,33.0,28.0,20.0,36.0,True,1220,0.18519240596404887,price_change,scale-free
nikkei225,gaussian,describe,tail_below_m3_count,13.0,1.0,0.0,4.0,False,1220,0.18519240596404887,price_change,scale-free
nikkei225,gaussian,describe,tail_below_m5_count,1.0,0.0,0.0,0.0,False,1220,0.18519240596404887,price_change,scale-free
nikkei225,gaussian,describe,tail_above_p2_count,25.0,28.0,20.0,36.0,True,1220,0.18519240596404887,price_change,scale-free
nikkei225,gaussian,describe,tail_above_p3_count,6.0,2.0,0.0,4.0,False,1220,0.18519240596404887,price_change,scale-free
nikkei225,gaussian,describe,tail_above_p5_count,2.0,0.0,0.0,0.0,False,1220,0.18519240596404887,price_change,scale-free
nikkei225,gaussian,describe,acf_absret_lag1,0.27430379881071254,0.0008716992046869494,-0.05517772024407687,0.05698740522013362,False,1220,0.18519240596404887,price_change,scale-free
nikkei225,gaussian,describe,acf_absret_lag5,0.13378487784597182,-0.0013136508078631297,-0.05984127508991398,0.055516622647704655,False,1220,0.18519240596404887,price_change,scale-free
nikkei225,gaussian,describe,acf_absret_lag10,0.16547349040976622,-0.0007204503218274063,-0.055259468005424195,0.05671182849743088,False,1220,0.18519240596404887,price_change,scale-free
nikkei225,gaussian,describe,acf_absret_lag21,0.08002434118798187,0.00098297508369959,-0.055978423260508274,0.055912072640317875,False,1220,0.18519240596404887,price_change,scale-free
nikkei225,gaussian,describe,acf_absret_lag63,0.035760971599255044,-0.0011336335417444323,-0.056808767284362544,0.05492756656340832,True,1220,0.18519240596404887,price_change,scale-free
nikkei225,gaussian,describe,acf_ret_lag1,0.021743890906063115,-0.0013752557462696127,-0.05847762481964414,0.055574199300056415,True,1220,0.18519240596404887,price_change,scale-free
nikkei225,gaussian,describe,acf_ret_lag5,-0.04863054156735757,4.062536712724672e-06,-0.0553071537169391,0.05385033076639327,True,1220,0.18519240596404887,price_change,scale-free
nikkei225,gaussian,describe,acf_ret_lag21,0.007269995746748576,0.000461549891892804,-0.056847874812439234,0.05779123238465453,True,1220,0.18519240596404887,price_change,scale-free
nikkei225,gaussian,describe,concentration_max_exceed_63d,10.0,1.0,0.0,3.0,False,1220,0.18519240596404887,price_change,scale-free
nikkei225,gaussian,describe,leadlag_ret_vs_future_sq_lag1,-0.004518030853476046,-0.0012952224593452298,-0.053013757316189646,0.05461031906029759,True,1220,0.18519240596404887,price_change,scale-free
nikkei225,gaussian,describe,leadlag_ret_vs_future_sq_lag5,-0.03543797173498181,0.0011387871758854948,-0.055891831915257595,0.059778022952826436,True,1220,0.18519240596404887,price_change,scale-free
nikkei225,gaussian,describe,leadlag_ret_vs_future_sq_lag21,-0.03183752929223066,0.00035885447234466515,-0.05551578085083056,0.05628479414651054,True,1220,0.18519240596404887,price_change,scale-free
nikkei225,gaussian,describe,sd_daily,0.011666025020918767,0.011668177337900385,0.011174472362733669,0.012129023892782606,True,1220,0.18519240596404887,price_change,scale-free
nikkei225,gaussian,describe,excess_kurtosis,5.124550047455161,-0.011141924906830303,-0.26172252436902443,0.2691127702963439,False,1220,0.18519240596404887,price_change,scale-free
nikkei225,stoch_vol,describe,rv21_q10,0.10009172035904043,0.07875823366773568,0.054281007229408415,0.11081786629390362,True,1220,0.18519240596404887,price_change,level (both sides at the frozen sigma_annual)
nikkei225,stoch_vol,describe,rv21_q50,0.15184382253518003,0.14485410473281604,0.1080569965954588,0.1939022846063821,True,1220,0.18519240596404887,price_change,level (both sides at the frozen sigma_annual)
nikkei225,stoch_vol,describe,rv21_q90,0.24921844212728184,0.2649481065181165,0.19185546859751074,0.39136210531141014,True,1220,0.18519240596404887,price_change,level (both sides at the frozen sigma_annual)
nikkei225,stoch_vol,describe,rv21_q10_over_own_sd,0.5404742156569373,0.4418361726957568,0.30084771031155294,0.5706406419918367,True,1220,0.18519240596404887,price_change,"shape (each series divided by its own annualised sd, inside the path)"
nikkei225,stoch_vol,describe,rv21_q50_over_own_sd,0.8199246710184069,0.8128233656575006,0.647234757367402,0.9194118168010808,True,1220,0.18519240596404887,price_change,"shape (each series divided by its own annualised sd, inside the path)"
nikkei225,stoch_vol,describe,rv21_q90_over_own_sd,1.345727114618632,1.4766877405351297,1.3036276570409029,1.6725268324096125,True,1220,0.18519240596404887,price_change,"shape (each series divided by its own annualised sd, inside the path)"
nikkei225,stoch_vol,describe,w1_vs_market_standardised,,0.0561006316687479,0.03580217284250771,0.09470478212564126,,1220,0.18519240596404887,price_change,scale-free
nikkei225,stoch_vol,describe,w1_sim_vs_sim_reference,,0.05755630134767994,0.030486311685247684,0.13038916045139837,,1220,0.18519240596404887,price_change,scale-free
nikkei225,stoch_vol,describe,tail_below_m2_count,33.0,34.0,25.0,43.0,True,1220,0.18519240596404887,price_change,scale-free
nikkei225,stoch_vol,describe,tail_below_m3_count,13.0,9.0,4.0,14.524999999999864,True,1220,0.18519240596404887,price_change,scale-free
nikkei225,stoch_vol,describe,tail_below_m5_count,1.0,1.0,0.0,3.0,True,1220,0.18519240596404887,price_change,scale-free
nikkei225,stoch_vol,describe,tail_above_p2_count,25.0,34.0,24.0,43.0,True,1220,0.18519240596404887,price_change,scale-free
nikkei225,stoch_vol,describe,tail_above_p3_count,6.0,8.0,4.0,14.0,True,1220,0.18519240596404887,price_change,scale-free
nikkei225,stoch_vol,describe,tail_above_p5_count,2.0,0.0,0.0,3.0,True,1220,0.18519240596404887,price_change,scale-free
nikkei225,stoch_vol,describe,acf_absret_lag1,0.27430379881071254,0.24049286750751528,0.1303098748410394,0.38003268558063763,True,1220,0.18519240596404887,price_change,scale-free
nikkei225,stoch_vol,describe,acf_absret_lag5,0.13378487784597182,0.21700736095811218,0.11247376304152717,0.3581792152257951,True,1220,0.18519240596404887,price_change,scale-free
nikkei225,stoch_vol,describe,acf_absret_lag10,0.16547349040976622,0.19086262397925824,0.07904234051423355,0.3226700927768011,True,1220,0.18519240596404887,price_change,scale-free
nikkei225,stoch_vol,describe,acf_absret_lag21,0.08002434118798187,0.1417462922858077,0.04479975255135192,0.275987725019943,True,1220,0.18519240596404887,price_change,scale-free
nikkei225,stoch_vol,describe,acf_absret_lag63,0.035760971599255044,0.03787636087227487,-0.04766027128069901,0.15913477257596623,True,1220,0.18519240596404887,price_change,scale-free
nikkei225,stoch_vol,describe,acf_ret_lag1,0.021743890906063115,0.0006790048001546081,-0.08601443351703617,0.08128667418743785,True,1220,0.18519240596404887,price_change,scale-free
nikkei225,stoch_vol,describe,acf_ret_lag5,-0.04863054156735757,-0.0014797802327233772,-0.08587153243392816,0.0805018728067943,True,1220,0.18519240596404887,price_change,scale-free
nikkei225,stoch_vol,describe,acf_ret_lag21,0.007269995746748576,-0.002164181341134914,-0.07122142517711162,0.06933029933129442,True,1220,0.18519240596404887,price_change,scale-free
nikkei225,stoch_vol,describe,concentration_max_exceed_63d,10.0,7.0,3.0,16.0,True,1220,0.18519240596404887,price_change,scale-free
nikkei225,stoch_vol,describe,leadlag_ret_vs_future_sq_lag1,-0.004518030853476046,0.003917760508377599,-0.1070419938051792,0.11000465818973336,True,1220,0.18519240596404887,price_change,scale-free
nikkei225,stoch_vol,describe,leadlag_ret_vs_future_sq_lag5,-0.03543797173498181,-0.0010427458931344315,-0.10419759580197821,0.09860424901910418,True,1220,0.18519240596404887,price_change,scale-free
nikkei225,stoch_vol,describe,leadlag_ret_vs_future_sq_lag21,-0.03183752929223066,0.0023449007877827475,-0.07909916726255026,0.08963456034210628,True,1220,0.18519240596404887,price_change,scale-free
nikkei225,stoch_vol,describe,sd_daily,0.011666025020918767,0.01130723368880387,0.0083666481023733,0.015483528359196612,True,1220,0.18519240596404887,price_change,scale-free
nikkei225,stoch_vol,describe,excess_kurtosis,5.124550047455161,2.9724188849318756,1.2845323338922845,10.647183207905535,True,1220,0.18519240596404887,price_change,scale-free
nikkei225,sv_jump,describe,rv21_q10,0.10009172035904043,0.07418304288703784,0.05104550727748389,0.10373040641700654,True,1220,0.18519240596404887,price_change,level (both sides at the frozen sigma_annual)
nikkei225,sv_jump,describe,rv21_q50,0.15184382253518003,0.14090111269552696,0.10512064210125273,0.18683239754151826,True,1220,0.18519240596404887,price_change,level (both sides at the frozen sigma_annual)
nikkei225,sv_jump,describe,rv21_q90,0.24921844212728184,0.2705594618216941,0.1976454879147191,0.3767652787490536,True,1220,0.18519240596404887,price_change,level (both sides at the frozen sigma_annual)
nikkei225,sv_jump,describe,rv21_q10_over_own_sd,0.5404742156569373,0.41482043633342824,0.2968468807439952,0.5293212336293811,False,1220,0.18519240596404887,price_change,"shape (each series divided by its own annualised sd, inside the path)"
nikkei225,sv_jump,describe,rv21_q50_over_own_sd,0.8199246710184069,0.7873583704090934,0.6292825448740449,0.8979996130949,True,1220,0.18519240596404887,price_change,"shape (each series divided by its own annualised sd, inside the path)"
nikkei225,sv_jump,describe,rv21_q90_over_own_sd,1.345727114618632,1.4980576820019085,1.319110418377605,1.7129702976452474,True,1220,0.18519240596404887,price_change,"shape (each series divided by its own annualised sd, inside the path)"
nikkei225,sv_jump,describe,w1_vs_market_standardised,,0.0625334617315364,0.03702346853500071,0.13887297394112913,,1220,0.18519240596404887,price_change,scale-free
nikkei225,sv_jump,describe,w1_sim_vs_sim_reference,,0.06934795252651446,0.03591915433251169,0.1470358136983697,,1220,0.18519240596404887,price_change,scale-free
nikkei225,sv_jump,describe,tail_below_m2_count,33.0,29.0,17.0,39.0,True,1220,0.18519240596404887,price_change,scale-free
nikkei225,sv_jump,describe,tail_below_m3_count,13.0,8.0,4.0,15.0,True,1220,0.18519240596404887,price_change,scale-free
nikkei225,sv_jump,describe,tail_below_m5_count,1.0,2.0,0.0,5.0,True,1220,0.18519240596404887,price_change,scale-free
nikkei225,sv_jump,describe,tail_above_p2_count,25.0,29.0,18.0,39.0,True,1220,0.18519240596404887,price_change,scale-free
nikkei225,sv_jump,describe,tail_above_p3_count,6.0,8.0,3.0,15.0,True,1220,0.18519240596404887,price_change,scale-free
nikkei225,sv_jump,describe,tail_above_p5_count,2.0,2.0,0.0,5.0,True,1220,0.18519240596404887,price_change,scale-free
nikkei225,sv_jump,describe,acf_absret_lag1,0.27430379881071254,0.17964019478063742,0.07130663692207781,0.33178615679429435,True,1220,0.18519240596404887,price_change,scale-free
nikkei225,sv_jump,describe,acf_absret_lag5,0.13378487784597182,0.16309826227889018,0.05748644032351691,0.313823866753726,True,1220,0.18519240596404887,price_change,scale-free
nikkei225,sv_jump,describe,acf_absret_lag10,0.16547349040976622,0.1406657942070898,0.04747538728922155,0.2856339830946804,True,1220,0.18519240596404887,price_change,scale-free
nikkei225,sv_jump,describe,acf_absret_lag21,0.08002434118798187,0.10740697242347408,0.016058821540183267,0.2423185589829609,True,1220,0.18519240596404887,price_change,scale-free
nikkei225,sv_jump,describe,acf_absret_lag63,0.035760971599255044,0.03040068925319617,-0.04312013426575873,0.13990978496990683,True,1220,0.18519240596404887,price_change,scale-free
nikkei225,sv_jump,describe,acf_ret_lag1,0.021743890906063115,-0.0005137736541772306,-0.07357101847381045,0.07845489791551306,True,1220,0.18519240596404887,price_change,scale-free
nikkei225,sv_jump,describe,acf_ret_lag5,-0.04863054156735757,0.00037419999083762384,-0.08083419491117104,0.07531218230818924,True,1220,0.18519240596404887,price_change,scale-free
nikkei225,sv_jump,describe,acf_ret_lag21,0.007269995746748576,-0.0012992566773670044,-0.06552670933454832,0.07013679873779569,True,1220,0.18519240596404887,price_change,scale-free
nikkei225,sv_jump,describe,concentration_max_exceed_63d,10.0,6.0,2.4750000000000014,15.0,True,1220,0.18519240596404887,price_change,scale-free
nikkei225,sv_jump,describe,leadlag_ret_vs_future_sq_lag1,-0.004518030853476046,0.0008304400617083979,-0.07584222654265364,0.08497096814436471,True,1220,0.18519240596404887,price_change,scale-free
nikkei225,sv_jump,describe,leadlag_ret_vs_future_sq_lag5,-0.03543797173498181,0.0011673637294281212,-0.07941230945103654,0.08238887168393422,True,1220,0.18519240596404887,price_change,scale-free
nikkei225,sv_jump,describe,leadlag_ret_vs_future_sq_lag21,-0.03183752929223066,-0.0008887983101310759,-0.066892324897074,0.06584977775125551,True,1220,0.18519240596404887,price_change,scale-free
nikkei225,sv_jump,describe,sd_daily,0.011666025020918767,0.011360594733944292,0.008654878959949477,0.015072501549033872,True,1220,0.18519240596404887,price_change,scale-free
nikkei225,sv_jump,describe,excess_kurtosis,5.124550047455161,10.089503934881442,2.9203273115978603,40.02366576078851,True,1220,0.18519240596404887,price_change,scale-free
nikkei225,gaussian,contrast,rv21_q10,0.12406033220713233,0.1468885468792946,0.1316894100421457,0.16112503207639484,False,489,0.18519240596404887,price_change,level (both sides at the frozen sigma_annual)
nikkei225,gaussian,contrast,rv21_q50,0.1733187649960122,0.18236501947441572,0.16856014718681028,0.19507930299000145,True,489,0.18519240596404887,price_change,level (both sides at the frozen sigma_annual)
nikkei225,gaussian,contrast,rv21_q90,0.22865258658272739,0.21968925823852348,0.20345558912843337,0.23927420687342907,True,489,0.18519240596404887,price_change,level (both sides at the frozen sigma_annual)
nikkei225,gaussian,contrast,rv21_q10_over_own_sd,0.6758259661875176,0.7935747615760489,0.7276896494602927,0.8479123546597245,False,489,0.18519240596404887,price_change,"shape (each series divided by its own annualised sd, inside the path)"
nikkei225,gaussian,contrast,rv21_q50_over_own_sd,0.9441641798628292,0.9845546209396456,0.9520454238064588,1.013608918427379,False,489,0.18519240596404887,price_change,"shape (each series divided by its own annualised sd, inside the path)"
nikkei225,gaussian,contrast,rv21_q90_over_own_sd,1.2455984318222124,1.1865715513604076,1.1365759402322593,1.25306398308508,True,489,0.18519240596404887,price_change,"shape (each series divided by its own annualised sd, inside the path)"
nikkei225,gaussian,contrast,w1_vs_market_standardised,,0.06445881718354812,0.0405992628893093,0.0949629889593734,,489,0.18519240596404887,price_change,scale-free
nikkei225,gaussian,contrast,w1_sim_vs_sim_reference,,0.05037469093834463,0.032684803281685014,0.0846012987227583,,489,0.18519240596404887,price_change,scale-free
nikkei225,gaussian,contrast,tail_below_m2_count,12.0,11.0,6.0,16.0,True,489,0.18519240596404887,price_change,scale-free
nikkei225,gaussian,contrast,tail_below_m3_count,0.0,0.0,0.0,2.0,True,489,0.18519240596404887,price_change,scale-free
nikkei225,gaussian,contrast,tail_below_m5_count,0.0,0.0,0.0,0.0,True,489,0.18519240596404887,price_change,scale-free
nikkei225,gaussian,contrast,tail_above_p2_count,14.0,11.0,7.0,16.0,True,489,0.18519240596404887,price_change,scale-free
nikkei225,gaussian,contrast,tail_above_p3_count,1.0,0.0,0.0,2.0,True,489,0.18519240596404887,price_change,scale-free
nikkei225,gaussian,contrast,tail_above_p5_count,0.0,0.0,0.0,0.0,True,489,0.18519240596404887,price_change,scale-free
nikkei225,gaussian,contrast,acf_absret_lag1,0.05885902320230465,-0.0032709878937684633,-0.08900860166033253,0.08683425829717312,True,489,0.18519240596404887,price_change,scale-free
nikkei225,gaussian,contrast,acf_absret_lag5,-0.006356036528009386,0.00038383618926286284,-0.08540403546774206,0.0844116387863674,True,489,0.18519240596404887,price_change,scale-free
nikkei225,gaussian,contrast,acf_absret_lag10,0.055194568815432166,1.0760662800724078e-05,-0.08786548613976815,0.09070264220166706,True,489,0.18519240596404887,price_change,scale-free
nikkei225,gaussian,contrast,acf_absret_lag21,0.030219746029509366,-0.0015080238345813156,-0.08714161837725598,0.09210077937737599,True,489,0.18519240596404887,price_change,scale-free
nikkei225,gaussian,contrast,acf_absret_lag63,0.04731166778923551,-0.0023510250440739126,-0.09396275193908517,0.0974249873186665,True,489,0.18519240596404887,price_change,scale-free
nikkei225,gaussian,contrast,acf_ret_lag1,-0.01375579515112098,-0.0030949803249276063,-0.09266456255831859,0.08882138203601288,True,489,0.18519240596404887,price_change,scale-free
nikkei225,gaussian,contrast,acf_ret_lag5,0.02051920396137222,-0.005297427985394577,-0.09325043310619281,0.0860571610310767,True,489,0.18519240596404887,price_change,scale-free
nikkei225,gaussian,contrast,acf_ret_lag21,-0.03475121601901982,-0.003246381610594128,-0.09026593534992325,0.0942711604230545,True,489,0.18519240596404887,price_change,scale-free
nikkei225,gaussian,contrast,concentration_max_exceed_63d,1.0,1.0,0.0,2.0,True,489,0.18519240596404887,price_change,scale-free
nikkei225,gaussian,contrast,leadlag_ret_vs_future_sq_lag1,-0.06652221096841031,-0.0036113485747546817,-0.08627582502768785,0.08797690441932589,True,489,0.18519240596404887,price_change,scale-free
nikkei225,gaussian,contrast,leadlag_ret_vs_future_sq_lag5,0.03850693948185583,0.0013494385532968674,-0.09207606823579464,0.09541734824247954,True,489,0.18519240596404887,price_change,scale-free
nikkei225,gaussian,contrast,leadlag_ret_vs_future_sq_lag21,-0.07581265492001096,0.0025453030321028825,-0.08440014532261646,0.09116072777716692,True,489,0.18519240596404887,price_change,scale-free
nikkei225,gaussian,contrast,sd_daily,0.011563726074958185,0.01166429587953468,0.010920803299183707,0.012424698500901148,True,489,0.18519240596404887,price_change,scale-free
nikkei225,gaussian,contrast,excess_kurtosis,0.23211602031271816,-0.037271498448426144,-0.35928864881021255,0.4893504715733903,True,489,0.18519240596404887,price_change,scale-free
nikkei225,stoch_vol,contrast,rv21_q10,0.12406033220713233,0.0816006458278041,0.04769948435095464,0.13055346540311535,True,489,0.18519240596404887,price_change,level (both sides at the frozen sigma_annual)
nikkei225,stoch_vol,contrast,rv21_q50,0.1733187649960122,0.14283462628674007,0.0909687882166571,0.2255291087558809,True,489,0.18519240596404887,price_change,level (both sides at the frozen sigma_annual)
nikkei225,stoch_vol,contrast,rv21_q90,0.22865258658272739,0.25554013072857196,0.15456588936169555,0.44834499670438366,True,489,0.18519240596404887,price_change,level (both sides at the frozen sigma_annual)
nikkei225,stoch_vol,contrast,rv21_q10_over_own_sd,0.6758259661875176,0.47880087912599056,0.2725551302288081,0.6556980391539067,False,489,0.18519240596404887,price_change,"shape (each series divided by its own annualised sd, inside the path)"
nikkei225,stoch_vol,contrast,rv21_q50_over_own_sd,0.9441641798628292,0.8422096197140649,0.5962327862616934,0.9751945219761027,True,489,0.18519240596404887,price_change,"shape (each series divided by its own annualised sd, inside the path)"
nikkei225,stoch_vol,contrast,rv21_q90_over_own_sd,1.2455984318222124,1.4574567050922347,1.2478928146268735,1.7897723190036599,False,489,0.18519240596404887,price_change,"shape (each series divided by its own annualised sd, inside the path)"
nikkei225,stoch_vol,contrast,w1_vs_market_standardised,,0.1020063027265441,0.05229888937035263,0.2129204999917223,,489,0.18519240596404887,price_change,scale-free
nikkei225,stoch_vol,contrast,w1_sim_vs_sim_reference,,0.078257784834389,0.043170083071169645,0.18524904582253798,,489,0.18519240596404887,price_change,scale-free
nikkei225,stoch_vol,contrast,tail_below_m2_count,12.0,14.0,8.0,20.0,True,489,0.18519240596404887,price_change,scale-free
nikkei225,stoch_vol,contrast,tail_below_m3_count,0.0,3.0,0.0,7.0,True,489,0.18519240596404887,price_change,scale-free
nikkei225,stoch_vol,contrast,tail_below_m5_count,0.0,0.0,0.0,1.0,True,489,0.18519240596404887,price_change,scale-free
nikkei225,stoch_vol,contrast,tail_above_p2_count,14.0,13.5,8.0,19.0,True,489,0.18519240596404887,price_change,scale-free
nikkei225,stoch_vol,contrast,tail_above_p3_count,1.0,3.0,0.0,7.0,True,489,0.18519240596404887,price_change,scale-free
nikkei225,stoch_vol,contrast,tail_above_p5_count,0.0,0.0,0.0,1.0,True,489,0.18519240596404887,price_change,scale-free
nikkei225,stoch_vol,contrast,acf_absret_lag1,0.05885902320230465,0.21179571322654078,0.06322651999753887,0.4138848017107877,False,489,0.18519240596404887,price_change,scale-free
nikkei225,stoch_vol,contrast,acf_absret_lag5,-0.006356036528009386,0.18582000959761566,0.032857693404773805,0.3761535408090884,False,489,0.18519240596404887,price_change,scale-free
nikkei225,stoch_vol,contrast,acf_absret_lag10,0.055194568815432166,0.16007302368678802,0.020182803904106848,0.34646806721408896,True,489,0.18519240596404887,price_change,scale-free
nikkei225,stoch_vol,contrast,acf_absret_lag21,0.030219746029509366,0.11118008749762676,-0.025491697649854952,0.2977691750744654,True,489,0.18519240596404887,price_change,scale-free
nikkei225,stoch_vol,contrast,acf_absret_lag63,0.04731166778923551,0.015621141633895108,-0.1084054846408489,0.17978342335838035,True,489,0.18519240596404887,price_change,scale-free
nikkei225,stoch_vol,contrast,acf_ret_lag1,-0.01375579515112098,0.0011451540283546676,-0.11942032001970125,0.1168604616472711,True,489,0.18519240596404887,price_change,scale-free
nikkei225,stoch_vol,contrast,acf_ret_lag5,0.02051920396137222,-0.0008899089139557616,-0.11366303832283053,0.11829891773852443,True,489,0.18519240596404887,price_change,scale-free
nikkei225,stoch_vol,contrast,acf_ret_lag21,-0.03475121601901982,-0.002467271776834176,-0.1110778833717434,0.10478288805644004,True,489,0.18519240596404887,price_change,scale-free
nikkei225,stoch_vol,contrast,concentration_max_exceed_63d,1.0,4.0,1.0,10.0,True,489,0.18519240596404887,price_change,scale-free
nikkei225,stoch_vol,contrast,leadlag_ret_vs_future_sq_lag1,-0.06652221096841031,0.004417733686203753,-0.15570145165380533,0.1403245898938672,True,489,0.18519240596404887,price_change,scale-free
nikkei225,stoch_vol,contrast,leadlag_ret_vs_future_sq_lag5,0.03850693948185583,0.0001034642127384566,-0.13565513498564952,0.13761998129777347,True,489,0.18519240596404887,price_change,scale-free
nikkei225,stoch_vol,contrast,leadlag_ret_vs_future_sq_lag21,-0.07581265492001096,-0.002155303532099486,-0.11827973874292634,0.12073306631823191,True,489,0.18519240596404887,price_change,scale-free
nikkei225,stoch_vol,contrast,sd_daily,0.011563726074958185,0.01098305971409257,0.007083768169464635,0.01771211095515264,True,489,0.18519240596404887,price_change,scale-free
nikkei225,stoch_vol,contrast,excess_kurtosis,0.23211602031271816,2.1874111304329342,0.5359343031783662,8.767298601936115,False,489,0.18519240596404887,price_change,scale-free
nikkei225,sv_jump,contrast,rv21_q10,0.12406033220713233,0.07767490243058445,0.044854704313912364,0.12588793378204702,True,489,0.18519240596404887,price_change,level (both sides at the frozen sigma_annual)
nikkei225,sv_jump,contrast,rv21_q50,0.1733187649960122,0.14016630375301264,0.08917135145551387,0.21686594458379543,True,489,0.18519240596404887,price_change,level (both sides at the frozen sigma_annual)
nikkei225,sv_jump,contrast,rv21_q90,0.22865258658272739,0.2631497608783627,0.1567358169319403,0.42414608009088167,True,489,0.18519240596404887,price_change,level (both sides at the frozen sigma_annual)
nikkei225,sv_jump,contrast,rv21_q10_over_own_sd,0.6758259661875176,0.4439130864601945,0.2611209068079128,0.6268210620523189,False,489,0.18519240596404887,price_change,"shape (each series divided by its own annualised sd, inside the path)"
nikkei225,sv_jump,contrast,rv21_q50_over_own_sd,0.9441641798628292,0.8083866643283876,0.6040959187741124,0.9643416271529207,True,489,0.18519240596404887,price_change,"shape (each series divided by its own annualised sd, inside the path)"
nikkei225,sv_jump,contrast,rv21_q90_over_own_sd,1.2455984318222124,1.482656137599226,1.2244608748796306,1.78769719115271,True,489,0.18519240596404887,price_change,"shape (each series divided by its own annualised sd, inside the path)"
nikkei225,sv_jump,contrast,w1_vs_market_standardised,,0.1500920727534999,0.06720709372440588,0.290765829045137,,489,0.18519240596404887,price_change,scale-free
nikkei225,sv_jump,contrast,w1_sim_vs_sim_reference,,0.09996777272432587,0.05296254238917536,0.22076392627022262,,489,0.18519240596404887,price_change,scale-free
nikkei225,sv_jump,contrast,tail_below_m2_count,12.0,12.0,5.0,18.0,True,489,0.18519240596404887,price_change,scale-free
nikkei225,sv_jump,contrast,tail_below_m3_count,0.0,3.0,1.0,7.0,False,489,0.18519240596404887,price_change,scale-free
nikkei225,sv_jump,contrast,tail_below_m5_count,0.0,1.0,0.0,3.0,True,489,0.18519240596404887,price_change,scale-free
nikkei225,sv_jump,contrast,tail_above_p2_count,14.0,11.0,5.0,18.0,True,489,0.18519240596404887,price_change,scale-free
nikkei225,sv_jump,contrast,tail_above_p3_count,1.0,3.0,0.0,7.0,True,489,0.18519240596404887,price_change,scale-free
nikkei225,sv_jump,contrast,tail_above_p5_count,0.0,1.0,0.0,2.0,True,489,0.18519240596404887,price_change,scale-free
nikkei225,sv_jump,contrast,acf_absret_lag1,0.05885902320230465,0.15592817418435154,0.017933557419967727,0.34405132443497194,True,489,0.18519240596404887,price_change,scale-free
nikkei225,sv_jump,contrast,acf_absret_lag5,-0.006356036528009386,0.13534096759853842,0.012691435514694122,0.3286885423245753,False,489,0.18519240596404887,price_change,scale-free
nikkei225,sv_jump,contrast,acf_absret_lag10,0.055194568815432166,0.11350453250126669,-0.010301600352361336,0.30648891024423497,True,489,0.18519240596404887,price_change,scale-free
nikkei225,sv_jump,contrast,acf_absret_lag21,0.030219746029509366,0.07489568546167029,-0.03170496920219173,0.2530654172106757,True,489,0.18519240596404887,price_change,scale-free
nikkei225,sv_jump,contrast,acf_absret_lag63,0.04731166778923551,0.007141014324410829,-0.09840966552921142,0.16816540846561762,True,489,0.18519240596404887,price_change,scale-free
nikkei225,sv_jump,contrast,acf_ret_lag1,-0.01375579515112098,0.00017256327817586427,-0.11520503912406138,0.10863748141007792,True,489,0.18519240596404887,price_change,scale-free
nikkei225,sv_jump,contrast,acf_ret_lag5,0.02051920396137222,-0.003685424711707564,-0.1056078970514808,0.10441437131765313,True,489,0.18519240596404887,price_change,scale-free
nikkei225,sv_jump,contrast,acf_ret_lag21,-0.03475121601901982,-0.00033535551115232085,-0.10400929899319353,0.10572506182444454,True,489,0.18519240596404887,price_change,scale-free
nikkei225,sv_jump,contrast,concentration_max_exceed_63d,1.0,3.0,1.0,9.0,True,489,0.18519240596404887,price_change,scale-free
nikkei225,sv_jump,contrast,leadlag_ret_vs_future_sq_lag1,-0.06652221096841031,-0.0010153015201234859,-0.11868045595943244,0.1183444115510564,True,489,0.18519240596404887,price_change,scale-free
nikkei225,sv_jump,contrast,leadlag_ret_vs_future_sq_lag5,0.03850693948185583,-0.00026781385946908324,-0.11064429794814136,0.11246960045249181,True,489,0.18519240596404887,price_change,scale-free
nikkei225,sv_jump,contrast,leadlag_ret_vs_future_sq_lag21,-0.07581265492001096,0.0017840908090273333,-0.10000318515908428,0.10128591249178892,True,489,0.18519240596404887,price_change,scale-free
nikkei225,sv_jump,contrast,sd_daily,0.011563726074958185,0.011128392985338617,0.007217308578911909,0.0169479848400324,True,489,0.18519240596404887,price_change,scale-free
nikkei225,sv_jump,contrast,excess_kurtosis,0.23211602031271816,6.929405231066227,1.2367074168513692,53.716867518993425,False,489,0.18519240596404887,price_change,scale-free
brent,gaussian,describe,rv21_q10,0.2008367349224615,0.44536996579497334,0.41752689385757497,0.471471064962235,False,1272,0.5633659968565148,price_change,level (both sides at the frozen sigma_annual)
brent,gaussian,describe,rv21_q50,0.290346245842779,0.5536902931350038,0.5298291486207873,0.5786329432204864,False,1272,0.5633659968565148,price_change,level (both sides at the frozen sigma_annual)
brent,gaussian,describe,rv21_q90,0.5202950622218868,0.670372878497407,0.6378784935803236,0.704691783185236,False,1272,0.5633659968565148,price_change,level (both sides at the frozen sigma_annual)
brent,gaussian,describe,rv21_q10_over_own_sd,0.35649424360557064,0.791074315435301,0.7514018111926508,0.8247597730237438,False,1272,0.5633659968565148,price_change,"shape (each series divided by its own annualised sd, inside the path)"
brent,gaussian,describe,rv21_q50_over_own_sd,0.515377654070109,0.9836214201763793,0.964186025851775,1.0026394212875491,False,1272,0.5633659968565148,price_change,"shape (each series divided by its own annualised sd, inside the path)"
brent,gaussian,describe,rv21_q90_over_own_sd,0.9235471525172688,1.1892878769658792,1.1559449223603748,1.2269157236006987,False,1272,0.5633659968565148,price_change,"shape (each series divided by its own annualised sd, inside the path)"
brent,gaussian,describe,w1_vs_market_standardised,,0.3730494698974106,0.3570716152360315,0.38761366186895685,,1272,0.5633659968565148,price_change,scale-free
brent,gaussian,describe,w1_sim_vs_sim_reference,,0.031697801322174673,0.021018046434272627,0.051511697666623404,,1272,0.5633659968565148,price_change,scale-free
brent,gaussian,describe,tail_below_m2_count,17.0,29.0,21.0,37.0,False,1272,0.5633659968565148,price_change,scale-free
brent,gaussian,describe,tail_below_m3_count,10.0,2.0,0.0,4.0,False,1272,0.5633659968565148,price_change,scale-free
brent,gaussian,describe,tail_below_m5_count,5.0,0.0,0.0,0.0,False,1272,0.5633659968565148,price_change,scale-free
brent,gaussian,describe,tail_above_p2_count,13.0,29.0,21.0,37.0,False,1272,0.5633659968565148,price_change,scale-free
brent,gaussian,describe,tail_above_p3_count,7.0,2.0,0.0,4.0,False,1272,0.5633659968565148,price_change,scale-free
brent,gaussian,describe,tail_above_p5_count,4.0,0.0,0.0,0.0,False,1272,0.5633659968565148,price_change,scale-free
brent,gaussian,describe,acf_absret_lag1,0.4607944032130075,0.00020970465678989668,-0.0515633851193536,0.05565018382837011,False,1272,0.5633659968565148,price_change,scale-free
brent,gaussian,describe,acf_absret_lag5,0.32467568650025364,-0.0018569153330072882,-0.054887008285997414,0.055302661678866535,False,1272,0.5633659968565148,price_change,scale-free
brent,gaussian,describe,acf_absret_lag10,0.36383801540970445,-0.0012896084253392294,-0.05520089733426761,0.05513909162335498,False,1272,0.5633659968565148,price_change,scale-free
brent,gaussian,describe,acf_absret_lag21,0.17825876435531085,-0.0014196297672682033,-0.05463961854135395,0.05651199677506969,False,1272,0.5633659968565148,price_change,scale-free
brent,gaussian,describe,acf_absret_lag63,-0.015871129050648494,0.0007757848011796158,-0.0526377008715725,0.05868593802229049,True,1272,0.5633659968565148,price_change,scale-free
brent,gaussian,describe,acf_ret_lag1,-0.04676200011928497,-0.000900626789614453,-0.054670336409035486,0.05514556425842472,True,1272,0.5633659968565148,price_change,scale-free
brent,gaussian,describe,acf_ret_lag5,-0.0020879281957326724,-0.0018518825504374489,-0.05430619457583,0.052929024602226815,True,1272,0.5633659968565148,price_change,scale-free
brent,gaussian,describe,acf_ret_lag21,0.06572788570340014,-0.0005595189157943622,-0.058187188225905156,0.05413867464363104,False,1272,0.5633659968565148,price_change,scale-free
brent,gaussian,describe,concentration_max_exceed_63d,15.0,1.0,1.0,3.0,False,1272,0.5633659968565148,price_change,scale-free
brent,gaussian,describe,leadlag_ret_vs_future_sq_lag1,-0.2705521252380844,-0.0005035940254590843,-0.055047215245814955,0.054186450806634937,False,1272,0.5633659968565148,price_change,scale-free
brent,gaussian,describe,leadlag_ret_vs_future_sq_lag5,-0.001635937343241012,0.0006425979114880634,-0.05582554234188664,0.05808839512580217,True,1272,0.5633659968565148,price_change,scale-free
brent,gaussian,describe,leadlag_ret_vs_future_sq_lag21,0.09021025712083858,0.0021137160017655476,-0.05459207060066353,0.056908247700174164,False,1272,0.5633659968565148,price_change,scale-free
brent,gaussian,describe,sd_daily,0.03548872201886509,0.035487892526335954,0.0341465217763155,0.03694200009795333,True,1272,0.5633659968565148,price_change,scale-free
brent,gaussian,describe,excess_kurtosis,71.76137960443795,-0.01293185617671666,-0.24120968802573128,0.2803188513805452,False,1272,0.5633659968565148,price_change,scale-free
brent,stoch_vol,describe,rv21_q10,0.2008367349224615,0.23867416851340095,0.16425875283881516,0.32373474781012557,True,1272,0.5633659968565148,price_change,level (both sides at the frozen sigma_annual)
brent,stoch_vol,describe,rv21_q50,0.290346245842779,0.44095855014676244,0.33144320739996197,0.5887173672683661,False,1272,0.5633659968565148,price_change,level (both sides at the frozen sigma_annual)
brent,stoch_vol,describe,rv21_q90,0.5202950622218868,0.811054711032463,0.577666392321069,1.1698842542670498,False,1272,0.5633659968565148,price_change,level (both sides at the frozen sigma_annual)
brent,stoch_vol,describe,rv21_q10_over_own_sd,0.35649424360557064,0.43648252591706604,0.3026483604828826,0.565517158133892,True,1272,0.5633659968565148,price_change,"shape (each series divided by its own annualised sd, inside the path)"
brent,stoch_vol,describe,rv21_q50_over_own_sd,0.515377654070109,0.8123400863687025,0.6535814971331505,0.9239164863408822,False,1272,0.5633659968565148,price_change,"shape (each series divided by its own annualised sd, inside the path)"
brent,stoch_vol,describe,rv21_q90_over_own_sd,0.9235471525172688,1.4773061499015134,1.3126456677444989,1.6773747399280232,False,1272,0.5633659968565148,price_change,"shape (each series divided by its own annualised sd, inside the path)"
brent,stoch_vol,describe,w1_vs_market_standardised,,0.2645488929036605,0.18241236002729502,0.3142342037335038,,1272,0.5633659968565148,price_change,scale-free
brent,stoch_vol,describe,w1_sim_vs_sim_reference,,0.05376975917835805,0.028070889883283108,0.13528815842505929,,1272,0.5633659968565148,price_change,scale-free
brent,stoch_vol,describe,tail_below_m2_count,17.0,35.0,26.0,44.0,False,1272,0.5633659968565148,price_change,scale-free
brent,stoch_vol,describe,tail_below_m3_count,10.0,9.0,4.0,15.0,True,1272,0.5633659968565148,price_change,scale-free
brent,stoch_vol,describe,tail_below_m5_count,5.0,1.0,0.0,3.0,False,1272,0.5633659968565148,price_change,scale-free
brent,stoch_vol,describe,tail_above_p2_count,13.0,35.0,26.0,44.524999999999864,False,1272,0.5633659968565148,price_change,scale-free
brent,stoch_vol,describe,tail_above_p3_count,7.0,9.0,4.0,15.0,True,1272,0.5633659968565148,price_change,scale-free
brent,stoch_vol,describe,tail_above_p5_count,4.0,1.0,0.0,3.0,False,1272,0.5633659968565148,price_change,scale-free
brent,stoch_vol,describe,acf_absret_lag1,0.4607944032130075,0.24449526728971765,0.13209027721250158,0.37270645146739734,False,1272,0.5633659968565148,price_change,scale-free
brent,stoch_vol,describe,acf_absret_lag5,0.32467568650025364,0.2220120306049197,0.10496638763265874,0.3582426087498014,True,1272,0.5633659968565148,price_change,scale-free
brent,stoch_vol,describe,acf_absret_lag10,0.36383801540970445,0.1945098964171321,0.08274693624605649,0.3272274313576184,False,1272,0.5633659968565148,price_change,scale-free
brent,stoch_vol,describe,acf_absret_lag21,0.17825876435531085,0.14361599328825353,0.04005885199829867,0.2732188164055134,True,1272,0.5633659968565148,price_change,scale-free
brent,stoch_vol,describe,acf_absret_lag63,-0.015871129050648494,0.045062806009383755,-0.04522112771229039,0.16740797208961516,True,1272,0.5633659968565148,price_change,scale-free
brent,stoch_vol,describe,acf_ret_lag1,-0.04676200011928497,-0.000862679852308857,-0.08127238814559458,0.08700425344314372,True,1272,0.5633659968565148,price_change,scale-free
brent,stoch_vol,describe,acf_ret_lag5,-0.0020879281957326724,-0.003402941375836287,-0.08201269320753019,0.08279352009594997,True,1272,0.5633659968565148,price_change,scale-free
brent,stoch_vol,describe,acf_ret_lag21,0.06572788570340014,-0.0011657880966441012,-0.07122805587561747,0.06779367928771375,True,1272,0.5633659968565148,price_change,scale-free
brent,stoch_vol,describe,concentration_max_exceed_63d,15.0,8.0,3.4750000000000014,16.0,True,1272,0.5633659968565148,price_change,scale-free
brent,stoch_vol,describe,leadlag_ret_vs_future_sq_lag1,-0.2705521252380844,0.0018243059464149163,-0.1066384883122054,0.10310410549464837,False,1272,0.5633659968565148,price_change,scale-free
brent,stoch_vol,describe,leadlag_ret_vs_future_sq_lag5,-0.001635937343241012,-0.0001901872981717207,-0.09460354069650166,0.1053344073230542,True,1272,0.5633659968565148,price_change,scale-free
brent,stoch_vol,describe,leadlag_ret_vs_future_sq_lag21,0.09021025712083858,-0.0006182208888161173,-0.0844321954274352,0.07572158348767154,False,1272,0.5633659968565148,price_change,scale-free
brent,stoch_vol,describe,sd_daily,0.03548872201886509,0.0345836751034761,0.02551547813193501,0.047140184426817736,True,1272,0.5633659968565148,price_change,scale-free
brent,stoch_vol,describe,excess_kurtosis,71.76137960443795,3.0551925235135613,1.2732323276616186,10.915367045153152,False,1272,0.5633659968565148,price_change,scale-free
brent,sv_jump,describe,rv21_q10,0.2008367349224615,0.22733867430101373,0.16480640862657273,0.31559183649358896,True,1272,0.5633659968565148,price_change,level (both sides at the frozen sigma_annual)
brent,sv_jump,describe,rv21_q50,0.290346245842779,0.4312898654742816,0.321933933977566,0.5718366740650944,False,1272,0.5633659968565148,price_change,level (both sides at the frozen sigma_annual)
brent,sv_jump,describe,rv21_q90,0.5202950622218868,0.8309625161962393,0.6079470044839096,1.1492655552997577,False,1272,0.5633659968565148,price_change,level (both sides at the frozen sigma_annual)
brent,sv_jump,describe,rv21_q10_over_own_sd,0.35649424360557064,0.41139940148606713,0.2940843424004835,0.5303934805529695,True,1272,0.5633659968565148,price_change,"shape (each series divided by its own annualised sd, inside the path)"
brent,sv_jump,describe,rv21_q50_over_own_sd,0.515377654070109,0.7856007277593049,0.6397755950779255,0.8981337131095645,False,1272,0.5633659968565148,price_change,"shape (each series divided by its own annualised sd, inside the path)"
brent,sv_jump,describe,rv21_q90_over_own_sd,0.9235471525172688,1.5012965639633191,1.3298938200874533,1.707487164410996,False,1272,0.5633659968565148,price_change,"shape (each series divided by its own annualised sd, inside the path)"
brent,sv_jump,describe,w1_vs_market_standardised,,0.21021487308082748,0.1263526259675851,0.2763782042686481,,1272,0.5633659968565148,price_change,scale-free
brent,sv_jump,describe,w1_sim_vs_sim_reference,,0.06830201408464523,0.03547397362518411,0.13991545357999577,,1272,0.5633659968565148,price_change,scale-free
brent,sv_jump,describe,tail_below_m2_count,17.0,30.0,18.0,40.0,False,1272,0.5633659968565148,price_change,scale-free
brent,sv_jump,describe,tail_below_m3_count,10.0,9.0,4.0,15.0,True,1272,0.5633659968565148,price_change,scale-free
brent,sv_jump,describe,tail_below_m5_count,5.0,2.0,0.0,5.0,True,1272,0.5633659968565148,price_change,scale-free
brent,sv_jump,describe,tail_above_p2_count,13.0,30.0,19.0,41.0,False,1272,0.5633659968565148,price_change,scale-free
brent,sv_jump,describe,tail_above_p3_count,7.0,9.0,3.0,15.0,True,1272,0.5633659968565148,price_change,scale-free
brent,sv_jump,describe,tail_above_p5_count,4.0,2.0,0.0,5.0,True,1272,0.5633659968565148,price_change,scale-free
brent,sv_jump,describe,acf_absret_lag1,0.4607944032130075,0.17860444249202434,0.07263496008950351,0.32433140244340686,False,1272,0.5633659968565148,price_change,scale-free
brent,sv_jump,describe,acf_absret_lag5,0.32467568650025364,0.16127358209594575,0.05935082785648664,0.2952867229051301,False,1272,0.5633659968565148,price_change,scale-free
brent,sv_jump,describe,acf_absret_lag10,0.36383801540970445,0.13940196802923238,0.04651018566013402,0.27180846425837274,False,1272,0.5633659968565148,price_change,scale-free
brent,sv_jump,describe,acf_absret_lag21,0.17825876435531085,0.10451652694606844,0.01745512081562312,0.23271002252305284,True,1272,0.5633659968565148,price_change,scale-free
brent,sv_jump,describe,acf_absret_lag63,-0.015871129050648494,0.028432395364364114,-0.04609171980615186,0.13321463828287025,True,1272,0.5633659968565148,price_change,scale-free
brent,sv_jump,describe,acf_ret_lag1,-0.04676200011928497,0.0006868672879761326,-0.07519298441168885,0.06963051048728756,True,1272,0.5633659968565148,price_change,scale-free
brent,sv_jump,describe,acf_ret_lag5,-0.0020879281957326724,-0.0014692596655077762,-0.07313689016259602,0.07005647827517378,True,1272,0.5633659968565148,price_change,scale-free
brent,sv_jump,describe,acf_ret_lag21,0.06572788570340014,-0.0017748944814975835,-0.07263973813946706,0.06757443415531472,True,1272,0.5633659968565148,price_change,scale-free
brent,sv_jump,describe,concentration_max_exceed_63d,15.0,6.0,2.0,15.0,True,1272,0.5633659968565148,price_change,scale-free
brent,sv_jump,describe,leadlag_ret_vs_future_sq_lag1,-0.2705521252380844,0.0015906214726746385,-0.07641680553143512,0.08284559898113603,False,1272,0.5633659968565148,price_change,scale-free
brent,sv_jump,describe,leadlag_ret_vs_future_sq_lag5,-0.001635937343241012,0.00047681835565289044,-0.07509136874401025,0.07321813536696478,True,1272,0.5633659968565148,price_change,scale-free
brent,sv_jump,describe,leadlag_ret_vs_future_sq_lag21,0.09021025712083858,0.0003548819679246879,-0.0665554141589651,0.06334723839271361,False,1272,0.5633659968565148,price_change,scale-free
brent,sv_jump,describe,sd_daily,0.03548872201886509,0.034946231976064696,0.026511550092418127,0.046621547369809044,True,1272,0.5633659968565148,price_change,scale-free
brent,sv_jump,describe,excess_kurtosis,71.76137960443795,10.173353450286523,2.883673178933913,41.312131823990434,False,1272,0.5633659968565148,price_change,scale-free
brent,gaussian,contrast,rv21_q10,0.23858689429071545,0.4472371102895638,0.4056398531284601,0.4890971062009196,False,502,0.5633659968565148,price_change,level (both sides at the frozen sigma_annual)
brent,gaussian,contrast,rv21_q50,0.37590981639141574,0.5550896672690446,0.5161281695977049,0.592671301365339,False,502,0.5633659968565148,price_change,level (both sides at the frozen sigma_annual)
brent,gaussian,contrast,rv21_q90,0.5552799327014953,0.6696572445635456,0.6199260716186924,0.7233612599921453,False,502,0.5633659968565148,price_change,level (both sides at the frozen sigma_annual)
brent,gaussian,contrast,rv21_q10_over_own_sd,0.5822831156442182,0.7950737693790549,0.7314204664200926,0.8467967559828158,False,502,0.5633659968565148,price_change,"shape (each series divided by its own annualised sd, inside the path)"
brent,gaussian,contrast,rv21_q50_over_own_sd,0.9174264988039514,0.9853518280281215,0.9530103730494275,1.0135656181122394,False,502,0.5633659968565148,price_change,"shape (each series divided by its own annualised sd, inside the path)"
brent,gaussian,contrast,rv21_q90_over_own_sd,1.3551881390189202,1.186390476095232,1.1370807626847121,1.2487436105974845,False,502,0.5633659968565148,price_change,"shape (each series divided by its own annualised sd, inside the path)"
brent,gaussian,contrast,w1_vs_market_standardised,,0.09752189727572512,0.06734674460414412,0.12936538480706392,,502,0.5633659968565148,price_change,scale-free
brent,gaussian,contrast,w1_sim_vs_sim_reference,,0.050375577799733756,0.031742074260711656,0.07919899684292284,,502,0.5633659968565148,price_change,scale-free
brent,gaussian,contrast,tail_below_m2_count,16.0,11.0,6.0,16.0,True,502,0.5633659968565148,price_change,scale-free
brent,gaussian,contrast,tail_below_m3_count,2.0,0.0,0.0,2.0,True,502,0.5633659968565148,price_change,scale-free
brent,gaussian,contrast,tail_below_m5_count,0.0,0.0,0.0,0.0,True,502,0.5633659968565148,price_change,scale-free
brent,gaussian,contrast,tail_above_p2_count,9.0,11.0,7.0,17.0,True,502,0.5633659968565148,price_change,scale-free
brent,gaussian,contrast,tail_above_p3_count,2.0,1.0,0.0,2.0,True,502,0.5633659968565148,price_change,scale-free
brent,gaussian,contrast,tail_above_p5_count,0.0,0.0,0.0,0.0,True,502,0.5633659968565148,price_change,scale-free
brent,gaussian,contrast,acf_absret_lag1,0.08125558177700319,-0.001787298540668353,-0.0925002568387238,0.08705498922208045,True,502,0.5633659968565148,price_change,scale-free
brent,gaussian,contrast,acf_absret_lag5,0.17512056148018876,-0.0018240136090195967,-0.0927463912623917,0.08430395246562349,False,502,0.5633659968565148,price_change,scale-free
brent,gaussian,contrast,acf_absret_lag10,0.11925296169341489,-0.0022004358661085973,-0.08840183880619087,0.08418862499023429,False,502,0.5633659968565148,price_change,scale-free
brent,gaussian,contrast,acf_absret_lag21,0.10132491888183912,-0.004252303543647325,-0.09289665355968311,0.08486429937134252,False,502,0.5633659968565148,price_change,scale-free
brent,gaussian,contrast,acf_absret_lag63,0.009589461248500776,-0.0014396487838146538,-0.09323680055414103,0.08914815290163171,True,502,0.5633659968565148,price_change,scale-free
brent,gaussian,contrast,acf_ret_lag1,0.05512072938691611,-0.003564076954565149,-0.08493364929344921,0.08294965472967746,True,502,0.5633659968565148,price_change,scale-free
brent,gaussian,contrast,acf_ret_lag5,-0.061424713461195476,-0.0004957646098067623,-0.0867560608459997,0.08924143824634956,True,502,0.5633659968565148,price_change,scale-free
brent,gaussian,contrast,acf_ret_lag21,-0.036437564279648546,-0.0003465029865928435,-0.09059281550333301,0.09251224312810878,True,502,0.5633659968565148,price_change,scale-free
brent,gaussian,contrast,concentration_max_exceed_63d,2.0,1.0,0.0,2.0,True,502,0.5633659968565148,price_change,scale-free
brent,gaussian,contrast,leadlag_ret_vs_future_sq_lag1,0.02105110916285413,-0.0011665168420479715,-0.08949217297897266,0.08514411899091084,True,502,0.5633659968565148,price_change,scale-free
brent,gaussian,contrast,leadlag_ret_vs_future_sq_lag5,0.0928425876927188,-0.0007127224366991942,-0.09104796763705822,0.08856615946207029,False,502,0.5633659968565148,price_change,scale-free
brent,gaussian,contrast,leadlag_ret_vs_future_sq_lag21,0.039470154348850275,-2.6012269710852584e-05,-0.08719989530258836,0.08784059398195469,True,502,0.5633659968565148,price_change,scale-free
brent,gaussian,contrast,sd_daily,0.025811433002463444,0.03553811646278296,0.033283488931669415,0.03777202180337791,False,502,0.5633659968565148,price_change,scale-free
brent,gaussian,contrast,excess_kurtosis,1.6191020160344767,-0.024295215310292217,-0.3866521621844093,0.4682636315273079,False,502,0.5633659968565148,price_change,scale-free
brent,stoch_vol,contrast,rv21_q10,0.23858689429071545,0.2492596077309459,0.1433640950380402,0.4100345361477226,True,502,0.5633659968565148,price_change,level (both sides at the frozen sigma_annual)
brent,stoch_vol,contrast,rv21_q50,0.37590981639141574,0.4427879599901192,0.28664221447002347,0.6938368659307397,True,502,0.5633659968565148,price_change,level (both sides at the frozen sigma_annual)
brent,stoch_vol,contrast,rv21_q90,0.5552799327014953,0.7804295790033896,0.48199904302679075,1.3466881813094218,True,502,0.5633659968565148,price_change,level (both sides at the frozen sigma_annual)
brent,stoch_vol,contrast,rv21_q10_over_own_sd,0.5822831156442182,0.4797813886980523,0.28107081254209504,0.6554506448419232,True,502,0.5633659968565148,price_change,"shape (each series divided by its own annualised sd, inside the path)"
brent,stoch_vol,contrast,rv21_q50_over_own_sd,0.9174264988039514,0.8473451082642907,0.6145443583422492,0.9762987988053685,True,502,0.5633659968565148,price_change,"shape (each series divided by its own annualised sd, inside the path)"
brent,stoch_vol,contrast,rv21_q90_over_own_sd,1.3551881390189202,1.4562553722497025,1.2519098455811546,1.7921571580006728,True,502,0.5633659968565148,price_change,"shape (each series divided by its own annualised sd, inside the path)"
brent,stoch_vol,contrast,w1_vs_market_standardised,,0.08346291042498857,0.04573486988898265,0.1781105371491649,,502,0.5633659968565148,price_change,scale-free
brent,stoch_vol,contrast,w1_sim_vs_sim_reference,,0.07704793882839034,0.043700345004766016,0.18319722499415717,,502,0.5633659968565148,price_change,scale-free
brent,stoch_vol,contrast,tail_below_m2_count,16.0,14.0,8.0,20.0,True,502,0.5633659968565148,price_change,scale-free
brent,stoch_vol,contrast,tail_below_m3_count,2.0,3.0,0.0,7.0,True,502,0.5633659968565148,price_change,scale-free
brent,stoch_vol,contrast,tail_below_m5_count,0.0,0.0,0.0,1.0,True,502,0.5633659968565148,price_change,scale-free
brent,stoch_vol,contrast,tail_above_p2_count,9.0,14.0,9.0,20.0,True,502,0.5633659968565148,price_change,scale-free
brent,stoch_vol,contrast,tail_above_p3_count,2.0,3.0,0.0,7.0,True,502,0.5633659968565148,price_change,scale-free
brent,stoch_vol,contrast,tail_above_p5_count,0.0,0.0,0.0,1.5249999999998636,True,502,0.5633659968565148,price_change,scale-free
brent,stoch_vol,contrast,acf_absret_lag1,0.08125558177700319,0.2045097383294944,0.0646813622910376,0.4014989909979236,True,502,0.5633659968565148,price_change,scale-free
brent,stoch_vol,contrast,acf_absret_lag5,0.17512056148018876,0.186386633355982,0.04404720286838594,0.374655735180695,True,502,0.5633659968565148,price_change,scale-free
brent,stoch_vol,contrast,acf_absret_lag10,0.11925296169341489,0.15752592544146504,0.019288773933073135,0.3543832102570719,True,502,0.5633659968565148,price_change,scale-free
brent,stoch_vol,contrast,acf_absret_lag21,0.10132491888183912,0.10696493236734238,-0.028389589731420767,0.29475616150652084,True,502,0.5633659968565148,price_change,scale-free
brent,stoch_vol,contrast,acf_absret_lag63,0.009589461248500776,0.0117673929901751,-0.1040090512763351,0.15757746586230906,True,502,0.5633659968565148,price_change,scale-free
brent,stoch_vol,contrast,acf_ret_lag1,0.05512072938691611,-0.0040784566063207075,-0.13087814383341415,0.10910412998246263,True,502,0.5633659968565148,price_change,scale-free
brent,stoch_vol,contrast,acf_ret_lag5,-0.061424713461195476,0.001423742408566027,-0.11281517134859559,0.11516620550670642,True,502,0.5633659968565148,price_change,scale-free
brent,stoch_vol,contrast,acf_ret_lag21,-0.036437564279648546,0.00014878242197822683,-0.1067771219798148,0.10323634241074958,True,502,0.5633659968565148,price_change,scale-free
brent,stoch_vol,contrast,concentration_max_exceed_63d,2.0,4.0,1.0,10.0,True,502,0.5633659968565148,price_change,scale-free
brent,stoch_vol,contrast,leadlag_ret_vs_future_sq_lag1,0.02105110916285413,0.0009600335391418576,-0.14551511971563655,0.13710616270352788,True,502,0.5633659968565148,price_change,scale-free
brent,stoch_vol,contrast,leadlag_ret_vs_future_sq_lag5,0.0928425876927188,-0.0012600595857149958,-0.1394919047587375,0.13467042717956912,True,502,0.5633659968565148,price_change,scale-free
brent,stoch_vol,contrast,leadlag_ret_vs_future_sq_lag21,0.039470154348850275,0.00048640223211504857,-0.11818647465355978,0.10967030819597566,True,502,0.5633659968565148,price_change,scale-free
brent,stoch_vol,contrast,sd_daily,0.025811433002463444,0.03366159110399686,0.02215249963223298,0.05328902721743489,True,502,0.5633659968565148,price_change,scale-free
brent,stoch_vol,contrast,excess_kurtosis,1.6191020160344767,2.2135757501534092,0.5053874600606618,8.391787978753467,True,502,0.5633659968565148,price_change,scale-free
brent,sv_jump,contrast,rv21_q10,0.23858689429071545,0.23666718710943685,0.13918097205085514,0.37477591849225506,True,502,0.5633659968565148,price_change,level (both sides at the frozen sigma_annual)
brent,sv_jump,contrast,rv21_q50,0.37590981639141574,0.4254633376349765,0.28370761752188595,0.6612817129499914,True,502,0.5633659968565148,price_change,level (both sides at the frozen sigma_annual)
brent,sv_jump,contrast,rv21_q90,0.5552799327014953,0.7922722167777562,0.5041898848369937,1.2728648741901012,True,502,0.5633659968565148,price_change,level (both sides at the frozen sigma_annual)
brent,sv_jump,contrast,rv21_q10_over_own_sd,0.5822831156442182,0.45024694019748907,0.26735980242786933,0.6140413515665486,True,502,0.5633659968565148,price_change,"shape (each series divided by its own annualised sd, inside the path)"
brent,sv_jump,contrast,rv21_q50_over_own_sd,0.9174264988039514,0.8112994116367682,0.598546542638592,0.9484640518317023,True,502,0.5633659968565148,price_change,"shape (each series divided by its own annualised sd, inside the path)"
brent,sv_jump,contrast,rv21_q90_over_own_sd,1.3551881390189202,1.476178377584041,1.238182709577178,1.7893562384059034,True,502,0.5633659968565148,price_change,"shape (each series divided by its own annualised sd, inside the path)"
brent,sv_jump,contrast,w1_vs_market_standardised,,0.11803155033617155,0.0561047878993838,0.25787914504549114,,502,0.5633659968565148,price_change,scale-free
brent,sv_jump,contrast,w1_sim_vs_sim_reference,,0.09860691419150247,0.05368205912278429,0.2163332163753513,,502,0.5633659968565148,price_change,scale-free
brent,sv_jump,contrast,tail_below_m2_count,16.0,12.0,5.0,19.0,True,502,0.5633659968565148,price_change,scale-free
brent,sv_jump,contrast,tail_below_m3_count,2.0,3.0,1.0,7.0,True,502,0.5633659968565148,price_change,scale-free
brent,sv_jump,contrast,tail_below_m5_count,0.0,1.0,0.0,2.0,True,502,0.5633659968565148,price_change,scale-free
brent,sv_jump,contrast,tail_above_p2_count,9.0,12.0,5.0,18.0,True,502,0.5633659968565148,price_change,scale-free
brent,sv_jump,contrast,tail_above_p3_count,2.0,3.0,0.0,7.0,True,502,0.5633659968565148,price_change,scale-free
brent,sv_jump,contrast,tail_above_p5_count,0.0,1.0,0.0,2.0,True,502,0.5633659968565148,price_change,scale-free
brent,sv_jump,contrast,acf_absret_lag1,0.08125558177700319,0.15396917362328977,0.02094010172968541,0.350451420662738,True,502,0.5633659968565148,price_change,scale-free
brent,sv_jump,contrast,acf_absret_lag5,0.17512056148018876,0.13226021287846967,0.009982225856793914,0.31656316502133097,True,502,0.5633659968565148,price_change,scale-free
brent,sv_jump,contrast,acf_absret_lag10,0.11925296169341489,0.11168035413746202,-0.008438289901172524,0.2965133238631531,True,502,0.5633659968565148,price_change,scale-free
brent,sv_jump,contrast,acf_absret_lag21,0.10132491888183912,0.07558055075640635,-0.03625788641651653,0.255898152361529,True,502,0.5633659968565148,price_change,scale-free
brent,sv_jump,contrast,acf_absret_lag63,0.009589461248500776,0.005430229881191136,-0.09076829586383417,0.14665972580233036,True,502,0.5633659968565148,price_change,scale-free
brent,sv_jump,contrast,acf_ret_lag1,0.05512072938691611,-0.00011543988692120823,-0.10868088609296485,0.10379950825246873,True,502,0.5633659968565148,price_change,scale-free
brent,sv_jump,contrast,acf_ret_lag5,-0.061424713461195476,-0.003640040209108872,-0.10773281433338672,0.10411530069092907,True,502,0.5633659968565148,price_change,scale-free
brent,sv_jump,contrast,acf_ret_lag21,-0.036437564279648546,-0.0015652104606359914,-0.09913074541729952,0.09812476154646065,True,502,0.5633659968565148,price_change,scale-free
brent,sv_jump,contrast,concentration_max_exceed_63d,2.0,3.0,1.0,9.0,True,502,0.5633659968565148,price_change,scale-free
brent,sv_jump,contrast,leadlag_ret_vs_future_sq_lag1,0.02105110916285413,0.002769324788857601,-0.11029908409476087,0.12531054432289462,True,502,0.5633659968565148,price_change,scale-free
brent,sv_jump,contrast,leadlag_ret_vs_future_sq_lag5,0.0928425876927188,0.004074253329413147,-0.10960631209112907,0.10575542075006446,True,502,0.5633659968565148,price_change,scale-free
brent,sv_jump,contrast,leadlag_ret_vs_future_sq_lag21,0.039470154348850275,-0.0009539899308762317,-0.09455630345866795,0.09036524197709617,True,502,0.5633659968565148,price_change,scale-free
brent,sv_jump,contrast,sd_daily,0.025811433002463444,0.03380287781680597,0.02299221433409904,0.05091729664661887,True,502,0.5633659968565148,price_change,scale-free
brent,sv_jump,contrast,excess_kurtosis,1.6191020160344767,7.0078639841429835,1.2316034876409019,50.24253138482702,True,502,0.5633659968565148,price_change,scale-free
eurusd,gaussian,describe,rv21_q10,0.039886394998474316,0.0504141690205744,0.04751574024111472,0.053140453953799335,False,1245,0.06367572948883153,price_change,level (both sides at the frozen sigma_annual)
eurusd,gaussian,describe,rv21_q50,0.06139232939948857,0.0627073849109491,0.0598075588014434,0.06541681769312352,True,1245,0.06367572948883153,price_change,level (both sides at the frozen sigma_annual)
eurusd,gaussian,describe,rv21_q90,0.0775804508646902,0.07584874955545118,0.07211362578070937,0.07979949067962862,True,1245,0.06367572948883153,price_change,level (both sides at the frozen sigma_annual)
eurusd,gaussian,describe,rv21_q10_over_own_sd,0.6263987129581331,0.7914120890234583,0.7533436684312854,0.8261289285879383,False,1245,0.06367572948883153,price_change,"shape (each series divided by its own annualised sd, inside the path)"
eurusd,gaussian,describe,rv21_q50_over_own_sd,0.9641401817038711,0.9840281534504838,0.9629760291813113,1.0037246813093628,True,1245,0.06367572948883153,price_change,"shape (each series divided by its own annualised sd, inside the path)"
eurusd,gaussian,describe,rv21_q90_over_own_sd,1.2183676808649284,1.1888489891920573,1.1568839131760553,1.2301807385475958,True,1245,0.06367572948883153,price_change,"shape (each series divided by its own annualised sd, inside the path)"
eurusd,gaussian,describe,w1_vs_market_standardised,,0.0718472941906764,0.05389367144399701,0.09192988466579566,,1245,0.06367572948883153,price_change,scale-free
eurusd,gaussian,describe,w1_sim_vs_sim_reference,,0.031367662999747345,0.02041066745297363,0.049478981532575975,,1245,0.06367572948883153,price_change,scale-free
eurusd,gaussian,describe,tail_below_m2_count,26.0,28.0,20.475,37.0,True,1245,0.06367572948883153,price_change,scale-free
eurusd,gaussian,describe,tail_below_m3_count,7.0,2.0,0.0,4.0,False,1245,0.06367572948883153,price_change,scale-free
eurusd,gaussian,describe,tail_below_m5_count,0.0,0.0,0.0,0.0,True,1245,0.06367572948883153,price_change,scale-free
eurusd,gaussian,describe,tail_above_p2_count,34.0,28.0,21.0,36.0,True,1245,0.06367572948883153,price_change,scale-free
eurusd,gaussian,describe,tail_above_p3_count,5.0,2.0,0.0,4.0,False,1245,0.06367572948883153,price_change,scale-free
eurusd,gaussian,describe,tail_above_p5_count,0.0,0.0,0.0,0.0,True,1245,0.06367572948883153,price_change,scale-free
eurusd,gaussian,describe,acf_absret_lag1,0.07993726536920007,-0.0018029306339568114,-0.057400819454103934,0.05276523966621621,False,1245,0.06367572948883153,price_change,scale-free
eurusd,gaussian,describe,acf_absret_lag5,0.09773046643214224,-0.0009809721443149798,-0.055840634151749946,0.055994296685235215,False,1245,0.06367572948883153,price_change,scale-free
eurusd,gaussian,describe,acf_absret_lag10,0.096545467697491,-0.0004316745505824962,-0.05530621904165327,0.05741944202907764,False,1245,0.06367572948883153,price_change,scale-free
eurusd,gaussian,describe,acf_absret_lag21,0.030678629628638807,-6.346216761034727e-05,-0.05917044863601256,0.05483348819146584,True,1245,0.06367572948883153,price_change,scale-free
eurusd,gaussian,describe,acf_absret_lag63,0.03991243206357341,-0.0006485568816843818,-0.05988571559369742,0.055191544222592565,True,1245,0.06367572948883153,price_change,scale-free
eurusd,gaussian,describe,acf_ret_lag1,0.07396746356697441,9.329909271383224e-06,-0.05727689562074031,0.054005966457238624,False,1245,0.06367572948883153,price_change,scale-free
eurusd,gaussian,describe,acf_ret_lag5,0.007647704389222165,-9.101535540733221e-05,-0.053792843768790816,0.0546163786754321,True,1245,0.06367572948883153,price_change,scale-free
eurusd,gaussian,describe,acf_ret_lag21,0.03685140883494125,-0.0013333274298373342,-0.05369009663435184,0.05702056175122621,True,1245,0.06367572948883153,price_change,scale-free
eurusd,gaussian,describe,concentration_max_exceed_63d,6.0,1.0,0.0,3.0,False,1245,0.06367572948883153,price_change,scale-free
eurusd,gaussian,describe,leadlag_ret_vs_future_sq_lag1,0.004816266375162126,0.0005995325440383342,-0.05387401278560636,0.05357024576322486,True,1245,0.06367572948883153,price_change,scale-free
eurusd,gaussian,describe,leadlag_ret_vs_future_sq_lag5,0.0008031310355754475,0.0013119336268763,-0.057444717831549336,0.054382042390500575,True,1245,0.06367572948883153,price_change,scale-free
eurusd,gaussian,describe,leadlag_ret_vs_future_sq_lag21,-0.034904535441070854,0.0005018884800677382,-0.05616185916672453,0.052319899664994285,True,1245,0.06367572948883153,price_change,scale-free
eurusd,gaussian,describe,sd_daily,0.004011193923287386,0.004017335123557379,0.003858961642240256,0.004175786176794053,True,1245,0.06367572948883153,price_change,scale-free
eurusd,gaussian,describe,excess_kurtosis,1.3839507930233061,-0.014174298646210559,-0.24370871561552188,0.28647545064612345,False,1245,0.06367572948883153,price_change,scale-free
eurusd,stoch_vol,describe,rv21_q10,0.039886394998474316,0.026879819348046004,0.018876102159790624,0.037957945329524255,False,1245,0.06367572948883153,price_change,level (both sides at the frozen sigma_annual)
eurusd,stoch_vol,describe,rv21_q50,0.06139232939948857,0.049755636763005484,0.037401014651226396,0.06653196426137725,True,1245,0.06367572948883153,price_change,level (both sides at the frozen sigma_annual)
eurusd,stoch_vol,describe,rv21_q90,0.0775804508646902,0.09068090844687555,0.06534591018034788,0.13141751732292917,True,1245,0.06367572948883153,price_change,level (both sides at the frozen sigma_annual)
eurusd,stoch_vol,describe,rv21_q10_over_own_sd,0.6263987129581331,0.44193778096424324,0.3054074453994854,0.566247378234282,False,1245,0.06367572948883153,price_change,"shape (each series divided by its own annualised sd, inside the path)"
eurusd,stoch_vol,describe,rv21_q50_over_own_sd,0.9641401817038711,0.8148316438404595,0.6474370943695273,0.9234575419349682,False,1245,0.06367572948883153,price_change,"shape (each series divided by its own annualised sd, inside the path)"
eurusd,stoch_vol,describe,rv21_q90_over_own_sd,1.2183676808649284,1.477227126289552,1.3093854983841384,1.6765930888465193,False,1245,0.06367572948883153,price_change,"shape (each series divided by its own annualised sd, inside the path)"
eurusd,stoch_vol,describe,w1_vs_market_standardised,,0.07345026328386742,0.032457605403386346,0.16119101645077327,,1245,0.06367572948883153,price_change,scale-free
eurusd,stoch_vol,describe,w1_sim_vs_sim_reference,,0.055483456024834725,0.029892702580320663,0.13518843693874977,,1245,0.06367572948883153,price_change,scale-free
eurusd,stoch_vol,describe,tail_below_m2_count,26.0,34.0,25.0,44.0,True,1245,0.06367572948883153,price_change,scale-free
eurusd,stoch_vol,describe,tail_below_m3_count,7.0,9.0,4.0,15.0,True,1245,0.06367572948883153,price_change,scale-free
eurusd,stoch_vol,describe,tail_below_m5_count,0.0,1.0,0.0,3.0,True,1245,0.06367572948883153,price_change,scale-free
eurusd,stoch_vol,describe,tail_above_p2_count,34.0,34.0,25.0,43.0,True,1245,0.06367572948883153,price_change,scale-free
eurusd,stoch_vol,describe,tail_above_p3_count,5.0,9.0,4.0,15.0,True,1245,0.06367572948883153,price_change,scale-free
eurusd,stoch_vol,describe,tail_above_p5_count,0.0,1.0,0.0,3.0,True,1245,0.06367572948883153,price_change,scale-free
eurusd,stoch_vol,describe,acf_absret_lag1,0.07993726536920007,0.24010637530551568,0.1363405756672279,0.39046131699599435,False,1245,0.06367572948883153,price_change,scale-free
eurusd,stoch_vol,describe,acf_absret_lag5,0.09773046643214224,0.2154567132598224,0.10856566332649431,0.3662389850130382,False,1245,0.06367572948883153,price_change,scale-free
eurusd,stoch_vol,describe,acf_absret_lag10,0.096545467697491,0.18616821859901056,0.08482667317813423,0.3271619889419003,True,1245,0.06367572948883153,price_change,scale-free
eurusd,stoch_vol,describe,acf_absret_lag21,0.030678629628638807,0.14071739916035145,0.042493096852357776,0.274944970695251,False,1245,0.06367572948883153,price_change,scale-free
eurusd,stoch_vol,describe,acf_absret_lag63,0.03991243206357341,0.038026299274128594,-0.047555819158032565,0.16433373574209553,True,1245,0.06367572948883153,price_change,scale-free
eurusd,stoch_vol,describe,acf_ret_lag1,0.07396746356697441,-0.002004524717664527,-0.08016175651716985,0.08144732858342156,True,1245,0.06367572948883153,price_change,scale-free
eurusd,stoch_vol,describe,acf_ret_lag5,0.007647704389222165,0.002503678346423765,-0.0782715669069999,0.0793238011528356,True,1245,0.06367572948883153,price_change,scale-free
eurusd,stoch_vol,describe,acf_ret_lag21,0.03685140883494125,-0.000706017989068624,-0.0705272866604424,0.07022384382020147,True,1245,0.06367572948883153,price_change,scale-free
eurusd,stoch_vol,describe,concentration_max_exceed_63d,6.0,7.0,3.0,16.0,True,1245,0.06367572948883153,price_change,scale-free
eurusd,stoch_vol,describe,leadlag_ret_vs_future_sq_lag1,0.004816266375162126,-0.0034079884035099805,-0.1010309770140312,0.10263356448749222,True,1245,0.06367572948883153,price_change,scale-free
eurusd,stoch_vol,describe,leadlag_ret_vs_future_sq_lag5,0.0008031310355754475,-0.0011086982564453905,-0.10281568278121142,0.08887295575535163,True,1245,0.06367572948883153,price_change,scale-free
eurusd,stoch_vol,describe,leadlag_ret_vs_future_sq_lag21,-0.034904535441070854,-0.001522328235356947,-0.07678069786498981,0.08345738945310717,True,1245,0.06367572948883153,price_change,scale-free
eurusd,stoch_vol,describe,sd_daily,0.004011193923287386,0.0038605056692282303,0.002885074436296407,0.005329075358878431,True,1245,0.06367572948883153,price_change,scale-free
eurusd,stoch_vol,describe,excess_kurtosis,1.3839507930233061,3.058955273110192,1.1909149657201257,9.884762089518206,True,1245,0.06367572948883153,price_change,scale-free
eurusd,sv_jump,describe,rv21_q10,0.039886394998474316,0.02556539339891532,0.01786813027895347,0.0352470417386086,False,1245,0.06367572948883153,price_change,level (both sides at the frozen sigma_annual)
eurusd,sv_jump,describe,rv21_q50,0.06139232939948857,0.04858703640209827,0.036056926740378754,0.06461749779683627,True,1245,0.06367572948883153,price_change,level (both sides at the frozen sigma_annual)
eurusd,sv_jump,describe,rv21_q90,0.0775804508646902,0.09352211338650535,0.06908851220625037,0.1300070089057886,True,1245,0.06367572948883153,price_change,level (both sides at the frozen sigma_annual)
eurusd,sv_jump,describe,rv21_q10_over_own_sd,0.6263987129581331,0.4114788936875559,0.29035164143670733,0.5352834388234977,False,1245,0.06367572948883153,price_change,"shape (each series divided by its own annualised sd, inside the path)"
eurusd,sv_jump,describe,rv21_q50_over_own_sd,0.9641401817038711,0.7825848708230714,0.6286272389671143,0.9002242316839609,False,1245,0.06367572948883153,price_change,"shape (each series divided by its own annualised sd, inside the path)"
eurusd,sv_jump,describe,rv21_q90_over_own_sd,1.2183676808649284,1.5015037987542255,1.327784599398965,1.7136014131946073,False,1245,0.06367572948883153,price_change,"shape (each series divided by its own annualised sd, inside the path)"
eurusd,sv_jump,describe,w1_vs_market_standardised,,0.12106734140222106,0.054050054074448926,0.213584027071993,,1245,0.06367572948883153,price_change,scale-free
eurusd,sv_jump,describe,w1_sim_vs_sim_reference,,0.07064093586866999,0.03472625113414591,0.1522692721451786,,1245,0.06367572948883153,price_change,scale-free
eurusd,sv_jump,describe,tail_below_m2_count,26.0,30.0,18.0,41.0,True,1245,0.06367572948883153,price_change,scale-free
eurusd,sv_jump,describe,tail_below_m3_count,7.0,9.0,4.0,15.0,True,1245,0.06367572948883153,price_change,scale-free
eurusd,sv_jump,describe,tail_below_m5_count,0.0,2.0,0.0,5.0,True,1245,0.06367572948883153,price_change,scale-free
eurusd,sv_jump,describe,tail_above_p2_count,34.0,29.0,18.0,40.0,True,1245,0.06367572948883153,price_change,scale-free
eurusd,sv_jump,describe,tail_above_p3_count,5.0,8.0,4.0,15.0,True,1245,0.06367572948883153,price_change,scale-free
eurusd,sv_jump,describe,tail_above_p5_count,0.0,2.0,0.0,5.0,True,1245,0.06367572948883153,price_change,scale-free
eurusd,sv_jump,describe,acf_absret_lag1,0.07993726536920007,0.18312892643196743,0.07112403246902352,0.3287775244679883,True,1245,0.06367572948883153,price_change,scale-free
eurusd,sv_jump,describe,acf_absret_lag5,0.09773046643214224,0.16379782306356783,0.06233644825410949,0.31425350967531274,True,1245,0.06367572948883153,price_change,scale-free
eurusd,sv_jump,describe,acf_absret_lag10,0.096545467697491,0.14283559744791827,0.05060030262954323,0.287512339129071,True,1245,0.06367572948883153,price_change,scale-free
eurusd,sv_jump,describe,acf_absret_lag21,0.030678629628638807,0.10564184833894848,0.01992596947895927,0.24056901661403451,True,1245,0.06367572948883153,price_change,scale-free
eurusd,sv_jump,describe,acf_absret_lag63,0.03991243206357341,0.028153375873233126,-0.04369456636266145,0.13387106622595804,True,1245,0.06367572948883153,price_change,scale-free
eurusd,sv_jump,describe,acf_ret_lag1,0.07396746356697441,-0.0005863542524366539,-0.08325357460815125,0.07671985808187635,True,1245,0.06367572948883153,price_change,scale-free
eurusd,sv_jump,describe,acf_ret_lag5,0.007647704389222165,0.0003873118603376115,-0.07546322918669593,0.07566196054317495,True,1245,0.06367572948883153,price_change,scale-free
eurusd,sv_jump,describe,acf_ret_lag21,0.03685140883494125,-0.0018139668043091258,-0.07193052456241976,0.06847369384726479,True,1245,0.06367572948883153,price_change,scale-free
eurusd,sv_jump,describe,concentration_max_exceed_63d,6.0,6.0,3.0,15.0,True,1245,0.06367572948883153,price_change,scale-free
eurusd,sv_jump,describe,leadlag_ret_vs_future_sq_lag1,0.004816266375162126,-0.0007604127488641643,-0.08467926195931223,0.08063111868786348,True,1245,0.06367572948883153,price_change,scale-free
eurusd,sv_jump,describe,leadlag_ret_vs_future_sq_lag5,0.0008031310355754475,4.005712159515983e-05,-0.0778952433383118,0.07689068268618725,True,1245,0.06367572948883153,price_change,scale-free
eurusd,sv_jump,describe,leadlag_ret_vs_future_sq_lag21,-0.034904535441070854,-0.00028866006454383983,-0.06984870005226561,0.06556090417309907,True,1245,0.06367572948883153,price_change,scale-free
eurusd,sv_jump,describe,sd_daily,0.004011193923287386,0.003916765734601254,0.0029977660990267514,0.0052191513680779926,True,1245,0.06367572948883153,price_change,scale-free
eurusd,sv_jump,describe,excess_kurtosis,1.3839507930233061,9.924862952845086,2.662921370063134,39.691470779465035,False,1245,0.06367572948883153,price_change,scale-free
eurusd,gaussian,contrast,rv21_q10,0.06261025139706838,0.05045985207736014,0.04565081518202608,0.05524148638311732,False,498,0.06367572948883153,price_change,level (both sides at the frozen sigma_annual)
eurusd,gaussian,contrast,rv21_q50,0.08616560808510573,0.06255474585660908,0.058408455554281064,0.06688057020239971,False,498,0.06367572948883153,price_change,level (both sides at the frozen sigma_annual)
eurusd,gaussian,contrast,rv21_q90,0.11774667781311664,0.0756180996476518,0.0699700524563585,0.08204910127970395,False,498,0.06367572948883153,price_change,level (both sides at the frozen sigma_annual)
eurusd,gaussian,contrast,rv21_q10_over_own_sd,0.6981158607248346,0.7941800569565427,0.731098692589986,0.843744248594253,False,498,0.06367572948883153,price_change,"shape (each series divided by its own annualised sd, inside the path)"
eurusd,gaussian,contrast,rv21_q50_over_own_sd,0.960762436038213,0.9843137942615461,0.9508854995566338,1.0142176314057896,True,498,0.06367572948883153,price_change,"shape (each series divided by its own annualised sd, inside the path)"
eurusd,gaussian,contrast,rv21_q90_over_own_sd,1.3128971932676605,1.188310037655941,1.1372502764556054,1.2544501264502972,False,498,0.06367572948883153,price_change,"shape (each series divided by its own annualised sd, inside the path)"
eurusd,gaussian,contrast,w1_vs_market_standardised,,0.06401097942644118,0.04038105501946673,0.09269168305013373,,498,0.06367572948883153,price_change,scale-free
eurusd,gaussian,contrast,w1_sim_vs_sim_reference,,0.04966641921493227,0.033312294280426424,0.07983606873792123,,498,0.06367572948883153,price_change,scale-free
eurusd,gaussian,contrast,tail_below_m2_count,15.0,11.0,6.0,16.524999999999864,True,498,0.06367572948883153,price_change,scale-free
eurusd,gaussian,contrast,tail_below_m3_count,1.0,0.0,0.0,2.0,True,498,0.06367572948883153,price_change,scale-free
eurusd,gaussian,contrast,tail_below_m5_count,0.0,0.0,0.0,0.0,True,498,0.06367572948883153,price_change,scale-free
eurusd,gaussian,contrast,tail_above_p2_count,12.0,11.0,6.0,16.0,True,498,0.06367572948883153,price_change,scale-free
eurusd,gaussian,contrast,tail_above_p3_count,4.0,0.0,0.0,2.0,False,498,0.06367572948883153,price_change,scale-free
eurusd,gaussian,contrast,tail_above_p5_count,0.0,0.0,0.0,0.0,True,498,0.06367572948883153,price_change,scale-free
eurusd,gaussian,contrast,acf_absret_lag1,0.09822557318919042,-0.0022529678227184487,-0.0916200632551339,0.09011431376679416,False,498,0.06367572948883153,price_change,scale-free
eurusd,gaussian,contrast,acf_absret_lag5,0.026776569552809715,0.0003850947988303322,-0.08849730785217745,0.09272224715572831,True,498,0.06367572948883153,price_change,scale-free
eurusd,gaussian,contrast,acf_absret_lag10,-0.000991804190182586,-0.0027080027221088815,-0.08594248296500953,0.0852950896173938,True,498,0.06367572948883153,price_change,scale-free
eurusd,gaussian,contrast,acf_absret_lag21,0.10894933340265608,-0.002465867465114532,-0.09451977387964741,0.09214647136601482,False,498,0.06367572948883153,price_change,scale-free
eurusd,gaussian,contrast,acf_absret_lag63,0.026150807633313525,-0.0024742360455487535,-0.09060128854587861,0.08828227731206074,True,498,0.06367572948883153,price_change,scale-free
eurusd,gaussian,contrast,acf_ret_lag1,-0.003969908991470426,-0.0036416278795053133,-0.0917433349634819,0.08136441026261756,True,498,0.06367572948883153,price_change,scale-free
eurusd,gaussian,contrast,acf_ret_lag5,0.009222662921855107,-0.0018733534958953457,-0.09350221691293922,0.08290373968180362,True,498,0.06367572948883153,price_change,scale-free
eurusd,gaussian,contrast,acf_ret_lag21,-0.01072475133390903,0.0004698894771844209,-0.09213845373714802,0.0884493110929321,True,498,0.06367572948883153,price_change,scale-free
eurusd,gaussian,contrast,concentration_max_exceed_63d,2.0,1.0,0.0,2.0,True,498,0.06367572948883153,price_change,scale-free
eurusd,gaussian,contrast,leadlag_ret_vs_future_sq_lag1,0.03763095697866988,-0.0025531457298293312,-0.0890158391938884,0.08764378866524715,True,498,0.06367572948883153,price_change,scale-free
eurusd,gaussian,contrast,leadlag_ret_vs_future_sq_lag5,-0.014280601569275062,-0.0004231618547049533,-0.09323204003835762,0.08874780451490234,True,498,0.06367572948883153,price_change,scale-free
eurusd,gaussian,contrast,leadlag_ret_vs_future_sq_lag21,0.04989490061622934,0.0006262381213996476,-0.08717033082936267,0.08477962362682313,True,498,0.06367572948883153,price_change,scale-free
eurusd,gaussian,contrast,sd_daily,0.0056495996356292575,0.004008108572480001,0.003767124820362308,0.00426116337603385,False,498,0.06367572948883153,price_change,scale-free
eurusd,gaussian,contrast,excess_kurtosis,0.48933223839173,-0.03537373502009733,-0.37385184225779394,0.47990740313260577,False,498,0.06367572948883153,price_change,scale-free
eurusd,stoch_vol,contrast,rv21_q10,0.06261025139706838,0.02812648191546068,0.015956911911533908,0.04662241897828703,False,498,0.06367572948883153,price_change,level (both sides at the frozen sigma_annual)
eurusd,stoch_vol,contrast,rv21_q50,0.08616560808510573,0.04936759937289855,0.031541327276936836,0.07738676510919365,False,498,0.06367572948883153,price_change,level (both sides at the frozen sigma_annual)
eurusd,stoch_vol,contrast,rv21_q90,0.11774667781311664,0.08724737033331222,0.0538232177723244,0.1531043318899083,True,498,0.06367572948883153,price_change,level (both sides at the frozen sigma_annual)
eurusd,stoch_vol,contrast,rv21_q10_over_own_sd,0.6981158607248346,0.48125637135039934,0.281766444009595,0.6528504438304162,False,498,0.06367572948883153,price_change,"shape (each series divided by its own annualised sd, inside the path)"
eurusd,stoch_vol,contrast,rv21_q50_over_own_sd,0.960762436038213,0.8429874290825374,0.6087452003403389,0.9698706692423077,True,498,0.06367572948883153,price_change,"shape (each series divided by its own annualised sd, inside the path)"
eurusd,stoch_vol,contrast,rv21_q90_over_own_sd,1.3128971932676605,1.458344362025549,1.2607991664081852,1.7477218383080677,True,498,0.06367572948883153,price_change,"shape (each series divided by its own annualised sd, inside the path)"
eurusd,stoch_vol,contrast,w1_vs_market_standardised,,0.08524476056712467,0.0421105950777101,0.1983911662351606,,498,0.06367572948883153,price_change,scale-free
eurusd,stoch_vol,contrast,w1_sim_vs_sim_reference,,0.07691853014863279,0.04294448950198735,0.17169828953667784,,498,0.06367572948883153,price_change,scale-free
eurusd,stoch_vol,contrast,tail_below_m2_count,15.0,14.0,9.0,19.0,True,498,0.06367572948883153,price_change,scale-free
eurusd,stoch_vol,contrast,tail_below_m3_count,1.0,3.0,0.0,7.0,True,498,0.06367572948883153,price_change,scale-free
eurusd,stoch_vol,contrast,tail_below_m5_count,0.0,0.0,0.0,1.0,True,498,0.06367572948883153,price_change,scale-free
eurusd,stoch_vol,contrast,tail_above_p2_count,12.0,14.0,9.0,20.0,True,498,0.06367572948883153,price_change,scale-free
eurusd,stoch_vol,contrast,tail_above_p3_count,4.0,3.0,0.0,7.0,True,498,0.06367572948883153,price_change,scale-free
eurusd,stoch_vol,contrast,tail_above_p5_count,0.0,0.0,0.0,1.0,True,498,0.06367572948883153,price_change,scale-free
eurusd,stoch_vol,contrast,acf_absret_lag1,0.09822557318919042,0.20930061833364366,0.06200483697511377,0.4065037731255772,True,498,0.06367572948883153,price_change,scale-free
eurusd,stoch_vol,contrast,acf_absret_lag5,0.026776569552809715,0.18180648290635826,0.04142550630787254,0.36819169088918013,False,498,0.06367572948883153,price_change,scale-free
eurusd,stoch_vol,contrast,acf_absret_lag10,-0.000991804190182586,0.15677784705835957,0.016910108604864582,0.3581751188754825,False,498,0.06367572948883153,price_change,scale-free
eurusd,stoch_vol,contrast,acf_absret_lag21,0.10894933340265608,0.10716154306058945,-0.02218389331962354,0.29264643553665387,True,498,0.06367572948883153,price_change,scale-free
eurusd,stoch_vol,contrast,acf_absret_lag63,0.026150807633313525,0.013476605685218853,-0.10150303393012652,0.17318852756311132,True,498,0.06367572948883153,price_change,scale-free
eurusd,stoch_vol,contrast,acf_ret_lag1,-0.003969908991470426,0.0019843886952051275,-0.1242249714215247,0.1190406102415161,True,498,0.06367572948883153,price_change,scale-free
eurusd,stoch_vol,contrast,acf_ret_lag5,0.009222662921855107,-0.0018875710855103633,-0.11063429266744866,0.11369627898320167,True,498,0.06367572948883153,price_change,scale-free
eurusd,stoch_vol,contrast,acf_ret_lag21,-0.01072475133390903,-4.981076238648256e-05,-0.10286955273433865,0.10625232882464955,True,498,0.06367572948883153,price_change,scale-free
eurusd,stoch_vol,contrast,concentration_max_exceed_63d,2.0,4.0,1.0,10.0,True,498,0.06367572948883153,price_change,scale-free
eurusd,stoch_vol,contrast,leadlag_ret_vs_future_sq_lag1,0.03763095697866988,-0.00017235519418115443,-0.1450274624002572,0.14271748810963247,True,498,0.06367572948883153,price_change,scale-free
eurusd,stoch_vol,contrast,leadlag_ret_vs_future_sq_lag5,-0.014280601569275062,-0.0008848603550775723,-0.1376449793561326,0.13828955771317014,True,498,0.06367572948883153,price_change,scale-free
eurusd,stoch_vol,contrast,leadlag_ret_vs_future_sq_lag21,0.04989490061622934,0.0024539905594123607,-0.11805543998704988,0.10791190639256615,True,498,0.06367572948883153,price_change,scale-free
eurusd,stoch_vol,contrast,sd_daily,0.0056495996356292575,0.003756304915486718,0.0024188213793098798,0.0061509610567956705,True,498,0.06367572948883153,price_change,scale-free
eurusd,stoch_vol,contrast,excess_kurtosis,0.48933223839173,2.2083648480045217,0.5732749463633936,8.133486028315138,False,498,0.06367572948883153,price_change,scale-free
eurusd,sv_jump,contrast,rv21_q10,0.06261025139706838,0.02707382812457826,0.015653861331607087,0.04258585727926434,False,498,0.06367572948883153,price_change,level (both sides at the frozen sigma_annual)
eurusd,sv_jump,contrast,rv21_q50,0.08616560808510573,0.04917726825277439,0.031571342095980316,0.07331522033810657,False,498,0.06367572948883153,price_change,level (both sides at the frozen sigma_annual)
eurusd,sv_jump,contrast,rv21_q90,0.11774667781311664,0.09037918296643357,0.05499176795912518,0.14986472414766103,True,498,0.06367572948883153,price_change,level (both sides at the frozen sigma_annual)
eurusd,sv_jump,contrast,rv21_q10_over_own_sd,0.6981158607248346,0.44796560146911063,0.26402074556844146,0.6200145327449155,False,498,0.06367572948883153,price_change,"shape (each series divided by its own annualised sd, inside the path)"
eurusd,sv_jump,contrast,rv21_q50_over_own_sd,0.960762436038213,0.8122783888824691,0.5910877989296783,0.9611311814179019,True,498,0.06367572948883153,price_change,"shape (each series divided by its own annualised sd, inside the path)"
eurusd,sv_jump,contrast,rv21_q90_over_own_sd,1.3128971932676605,1.4774886850493671,1.2193449453466392,1.8001374140170503,True,498,0.06367572948883153,price_change,"shape (each series divided by its own annualised sd, inside the path)"
eurusd,sv_jump,contrast,w1_vs_market_standardised,,0.13519254228728855,0.05160530515907985,0.270047089099893,,498,0.06367572948883153,price_change,scale-free
eurusd,sv_jump,contrast,w1_sim_vs_sim_reference,,0.09889452662645859,0.04892511196035952,0.21467570060070235,,498,0.06367572948883153,price_change,scale-free
eurusd,sv_jump,contrast,tail_below_m2_count,15.0,12.0,5.0,18.0,True,498,0.06367572948883153,price_change,scale-free
eurusd,sv_jump,contrast,tail_below_m3_count,1.0,3.0,0.0,7.0,True,498,0.06367572948883153,price_change,scale-free
eurusd,sv_jump,contrast,tail_below_m5_count,0.0,1.0,0.0,2.0,True,498,0.06367572948883153,price_change,scale-free
eurusd,sv_jump,contrast,tail_above_p2_count,12.0,12.0,5.0,18.0,True,498,0.06367572948883153,price_change,scale-free
eurusd,sv_jump,contrast,tail_above_p3_count,4.0,3.0,0.0,7.0,True,498,0.06367572948883153,price_change,scale-free
eurusd,sv_jump,contrast,tail_above_p5_count,0.0,1.0,0.0,2.0,True,498,0.06367572948883153,price_change,scale-free
eurusd,sv_jump,contrast,acf_absret_lag1,0.09822557318919042,0.15409409849700756,0.012764873940564747,0.35803804626580055,True,498,0.06367572948883153,price_change,scale-free
eurusd,sv_jump,contrast,acf_absret_lag5,0.026776569552809715,0.134389162752663,0.006106949630016797,0.33486987342085334,True,498,0.06367572948883153,price_change,scale-free
eurusd,sv_jump,contrast,acf_absret_lag10,-0.000991804190182586,0.11154281741471843,-0.009349619110958239,0.3087663810826191,True,498,0.06367572948883153,price_change,scale-free
eurusd,sv_jump,contrast,acf_absret_lag21,0.10894933340265608,0.0757219065621276,-0.034444571044454676,0.25933426285767053,True,498,0.06367572948883153,price_change,scale-free
eurusd,sv_jump,contrast,acf_absret_lag63,0.026150807633313525,0.006584658589141042,-0.09808293563926766,0.13759619349617688,True,498,0.06367572948883153,price_change,scale-free
eurusd,sv_jump,contrast,acf_ret_lag1,-0.003969908991470426,0.00013419333222103896,-0.11147046053244172,0.11044551804952733,True,498,0.06367572948883153,price_change,scale-free
eurusd,sv_jump,contrast,acf_ret_lag5,0.009222662921855107,-0.0010539936366501293,-0.1005611339147985,0.10399619618657957,True,498,0.06367572948883153,price_change,scale-free
eurusd,sv_jump,contrast,acf_ret_lag21,-0.01072475133390903,-0.003054862016752726,-0.10712479877672167,0.10612474998122737,True,498,0.06367572948883153,price_change,scale-free
eurusd,sv_jump,contrast,concentration_max_exceed_63d,2.0,3.0,1.0,9.0,True,498,0.06367572948883153,price_change,scale-free
eurusd,sv_jump,contrast,leadlag_ret_vs_future_sq_lag1,0.03763095697866988,0.002708102355850248,-0.12087786793650299,0.11511392814099934,True,498,0.06367572948883153,price_change,scale-free
eurusd,sv_jump,contrast,leadlag_ret_vs_future_sq_lag5,-0.014280601569275062,-0.00048398572477991575,-0.11744588298231595,0.1093860821157012,True,498,0.06367572948883153,price_change,scale-free
eurusd,sv_jump,contrast,leadlag_ret_vs_future_sq_lag21,0.04989490061622934,-0.00014219845083263553,-0.10157451471877157,0.10124473090734509,True,498,0.06367572948883153,price_change,scale-free
eurusd,sv_jump,contrast,sd_daily,0.0056495996356292575,0.003859184552934758,0.002546270190145507,0.005773142593379883,True,498,0.06367572948883153,price_change,scale-free
eurusd,sv_jump,contrast,excess_kurtosis,0.48933223839173,7.1224183178200695,1.1926353819116617,54.885309612581835,False,498,0.06367572948883153,price_change,scale-free
usdjpy,gaussian,describe,rv21_q10,0.04267295918177905,0.05521654150252096,0.05189540909027484,0.058329355499858536,False,1245,0.06986094790984193,price_change,level (both sides at the frozen sigma_annual)
usdjpy,gaussian,describe,rv21_q50,0.057100877545012814,0.06866079627340968,0.06577947210251592,0.07162315325946621,False,1245,0.06986094790984193,price_change,level (both sides at the frozen sigma_annual)
usdjpy,gaussian,describe,rv21_q90,0.09196063319051533,0.08326456382895125,0.07901789117636404,0.08759908797466724,False,1245,0.06986094790984193,price_change,level (both sides at the frozen sigma_annual)
usdjpy,gaussian,describe,rv21_q10_over_own_sd,0.610827085210038,0.7911064380528219,0.7520912465871747,0.8252504593782891,False,1245,0.06986094790984193,price_change,"shape (each series divided by its own annualised sd, inside the path)"
usdjpy,gaussian,describe,rv21_q50_over_own_sd,0.8173504547734387,0.9834726002240903,0.9625368412316111,1.0004681110765519,False,1245,0.06986094790984193,price_change,"shape (each series divided by its own annualised sd, inside the path)"
usdjpy,gaussian,describe,rv21_q90_over_own_sd,1.3163381823732743,1.1899367706106236,1.1584376782370296,1.231451732163751,False,1245,0.06986094790984193,price_change,"shape (each series divided by its own annualised sd, inside the path)"
usdjpy,gaussian,describe,w1_vs_market_standardised,,0.13848127633986945,0.11889243530450586,0.15713003784670893,,1245,0.06986094790984193,price_change,scale-free
usdjpy,gaussian,describe,w1_sim_vs_sim_reference,,0.03191247694207981,0.020824324133256383,0.05001432131700755,,1245,0.06986094790984193,price_change,scale-free
usdjpy,gaussian,describe,tail_below_m2_count,35.0,28.0,21.0,36.0,True,1245,0.06986094790984193,price_change,scale-free
usdjpy,gaussian,describe,tail_below_m3_count,12.0,2.0,0.0,4.0,False,1245,0.06986094790984193,price_change,scale-free
usdjpy,gaussian,describe,tail_below_m5_count,1.0,0.0,0.0,0.0,False,1245,0.06986094790984193,price_change,scale-free
usdjpy,gaussian,describe,tail_above_p2_count,30.0,28.0,20.0,37.0,True,1245,0.06986094790984193,price_change,scale-free
usdjpy,gaussian,describe,tail_above_p3_count,9.0,2.0,0.0,4.0,False,1245,0.06986094790984193,price_change,scale-free
usdjpy,gaussian,describe,tail_above_p5_count,0.0,0.0,0.0,0.0,True,1245,0.06986094790984193,price_change,scale-free
usdjpy,gaussian,describe,acf_absret_lag1,0.19493365175549818,-0.0007015759034997735,-0.05392854362719962,0.05662522789641763,False,1245,0.06986094790984193,price_change,scale-free
usdjpy,gaussian,describe,acf_absret_lag5,0.14125509541559889,-0.0004320450242812449,-0.05602086860081708,0.05823863497932132,False,1245,0.06986094790984193,price_change,scale-free
usdjpy,gaussian,describe,acf_absret_lag10,0.11141469246053975,-0.0006015999915096081,-0.05227445865960669,0.05270693134273919,False,1245,0.06986094790984193,price_change,scale-free
usdjpy,gaussian,describe,acf_absret_lag21,0.0021700108199365423,-0.0008293207742164056,-0.05785857234825585,0.05926170544738177,True,1245,0.06986094790984193,price_change,scale-free
usdjpy,gaussian,describe,acf_absret_lag63,0.0228508582776791,-0.00017553124414707027,-0.05592980843396671,0.051939993244553326,True,1245,0.06986094790984193,price_change,scale-free
usdjpy,gaussian,describe,acf_ret_lag1,0.015635714253402714,0.00014953490855777323,-0.05182269124864903,0.05573891520014528,True,1245,0.06986094790984193,price_change,scale-free
usdjpy,gaussian,describe,acf_ret_lag5,0.04696723716823145,-0.0017521315467369297,-0.05448225098207757,0.05644594935662368,True,1245,0.06986094790984193,price_change,scale-free
usdjpy,gaussian,describe,acf_ret_lag21,-0.012225790377896445,-0.003091531951601182,-0.05500398460139823,0.0556929465296415,True,1245,0.06986094790984193,price_change,scale-free
usdjpy,gaussian,describe,concentration_max_exceed_63d,8.0,1.0,0.0,3.0,False,1245,0.06986094790984193,price_change,scale-free
usdjpy,gaussian,describe,leadlag_ret_vs_future_sq_lag1,-0.023027923908633934,0.0002872969651687387,-0.05689397774139587,0.05479203996198332,True,1245,0.06986094790984193,price_change,scale-free
usdjpy,gaussian,describe,leadlag_ret_vs_future_sq_lag5,-0.07075770676370867,-0.001533160239092684,-0.05357283927286812,0.0547122688188823,False,1245,0.06986094790984193,price_change,scale-free
usdjpy,gaussian,describe,leadlag_ret_vs_future_sq_lag21,0.019077294842459534,-0.00023624490259373595,-0.0561786833299654,0.05169047741046466,True,1245,0.06986094790984193,price_change,scale-free
usdjpy,gaussian,describe,sd_daily,0.004400826060111413,0.004400842853781999,0.004237144105235722,0.004570255709435953,True,1245,0.06986094790984193,price_change,scale-free
usdjpy,gaussian,describe,excess_kurtosis,3.6508677392385573,-0.009622167021728245,-0.24605817187627105,0.3115088936294483,False,1245,0.06986094790984193,price_change,scale-free
usdjpy,stoch_vol,describe,rv21_q10,0.04267295918177905,0.029707471840381028,0.02067203528760365,0.041026232664355504,False,1245,0.06986094790984193,price_change,level (both sides at the frozen sigma_annual)
usdjpy,stoch_vol,describe,rv21_q50,0.057100877545012814,0.05436239110653392,0.04049027587899176,0.07221662208784808,True,1245,0.06986094790984193,price_change,level (both sides at the frozen sigma_annual)
usdjpy,stoch_vol,describe,rv21_q90,0.09196063319051533,0.10026455739773389,0.07246334380184344,0.1454178603965579,True,1245,0.06986094790984193,price_change,level (both sides at the frozen sigma_annual)
usdjpy,stoch_vol,describe,rv21_q10_over_own_sd,0.610827085210038,0.4422274366329043,0.30033832616125716,0.5690783270961607,False,1245,0.06986094790984193,price_change,"shape (each series divided by its own annualised sd, inside the path)"
usdjpy,stoch_vol,describe,rv21_q50_over_own_sd,0.8173504547734387,0.8126622188476593,0.6347870803819453,0.9147600029834573,True,1245,0.06986094790984193,price_change,"shape (each series divided by its own annualised sd, inside the path)"
usdjpy,stoch_vol,describe,rv21_q90_over_own_sd,1.3163381823732743,1.4793845992894439,1.307986267550875,1.6693004592486549,True,1245,0.06986094790984193,price_change,"shape (each series divided by its own annualised sd, inside the path)"
usdjpy,stoch_vol,describe,w1_vs_market_standardised,,0.04965472069386559,0.030486389614347895,0.1041768491147408,,1245,0.06986094790984193,price_change,scale-free
usdjpy,stoch_vol,describe,w1_sim_vs_sim_reference,,0.05399827047956589,0.028962864093980266,0.14277525707799213,,1245,0.06986094790984193,price_change,scale-free
usdjpy,stoch_vol,describe,tail_below_m2_count,35.0,34.0,26.0,43.0,True,1245,0.06986094790984193,price_change,scale-free
usdjpy,stoch_vol,describe,tail_below_m3_count,12.0,9.0,4.0,15.524999999999864,True,1245,0.06986094790984193,price_change,scale-free
usdjpy,stoch_vol,describe,tail_below_m5_count,1.0,1.0,0.0,3.0,True,1245,0.06986094790984193,price_change,scale-free
usdjpy,stoch_vol,describe,tail_above_p2_count,30.0,34.0,25.0,43.0,True,1245,0.06986094790984193,price_change,scale-free
usdjpy,stoch_vol,describe,tail_above_p3_count,9.0,9.0,4.0,15.0,True,1245,0.06986094790984193,price_change,scale-free
usdjpy,stoch_vol,describe,tail_above_p5_count,0.0,1.0,0.0,3.0,True,1245,0.06986094790984193,price_change,scale-free
usdjpy,stoch_vol,describe,acf_absret_lag1,0.19493365175549818,0.24057073666425893,0.1328390477469364,0.3766403849288538,True,1245,0.06986094790984193,price_change,scale-free
usdjpy,stoch_vol,describe,acf_absret_lag5,0.14125509541559889,0.21709358961015696,0.11595546068039071,0.3658238452716636,True,1245,0.06986094790984193,price_change,scale-free
usdjpy,stoch_vol,describe,acf_absret_lag10,0.11141469246053975,0.18907913550521813,0.08621220822400133,0.33441719504898665,True,1245,0.06986094790984193,price_change,scale-free
usdjpy,stoch_vol,describe,acf_absret_lag21,0.0021700108199365423,0.13873525852963992,0.04393906168370775,0.2749977950708354,False,1245,0.06986094790984193,price_change,scale-free
usdjpy,stoch_vol,describe,acf_absret_lag63,0.0228508582776791,0.040730187467166445,-0.04822450017492376,0.16670420496181915,True,1245,0.06986094790984193,price_change,scale-free
usdjpy,stoch_vol,describe,acf_ret_lag1,0.015635714253402714,-0.00022534645439819666,-0.08100270078270726,0.0869544035974539,True,1245,0.06986094790984193,price_change,scale-free
usdjpy,stoch_vol,describe,acf_ret_lag5,0.04696723716823145,-0.0009817381384835547,-0.07708280119220103,0.08587300521590564,True,1245,0.06986094790984193,price_change,scale-free
usdjpy,stoch_vol,describe,acf_ret_lag21,-0.012225790377896445,-0.0003155411259668737,-0.0707109031639303,0.07214481000077894,True,1245,0.06986094790984193,price_change,scale-free
usdjpy,stoch_vol,describe,concentration_max_exceed_63d,8.0,7.0,3.0,17.0,True,1245,0.06986094790984193,price_change,scale-free
usdjpy,stoch_vol,describe,leadlag_ret_vs_future_sq_lag1,-0.023027923908633934,-0.0006312117035399755,-0.10456999645381154,0.10437602457899885,True,1245,0.06986094790984193,price_change,scale-free
usdjpy,stoch_vol,describe,leadlag_ret_vs_future_sq_lag5,-0.07075770676370867,0.0005232199621842499,-0.09991676521373051,0.09513777241266132,True,1245,0.06986094790984193,price_change,scale-free
usdjpy,stoch_vol,describe,leadlag_ret_vs_future_sq_lag21,0.019077294842459534,-0.0022517976455271515,-0.07684044942558779,0.08021523697164247,True,1245,0.06986094790984193,price_change,scale-free
usdjpy,stoch_vol,describe,sd_daily,0.004400826060111413,0.00425015169647119,0.0031996917997823876,0.005892079989897159,True,1245,0.06986094790984193,price_change,scale-free
usdjpy,stoch_vol,describe,excess_kurtosis,3.6508677392385573,3.071046909713596,1.2595003573482866,10.328076583971358,True,1245,0.06986094790984193,price_change,scale-free
usdjpy,sv_jump,describe,rv21_q10,0.04267295918177905,0.027946599738248673,0.019798872620165466,0.03919373783795928,False,1245,0.06986094790984193,price_change,level (both sides at the frozen sigma_annual)
usdjpy,sv_jump,describe,rv21_q50,0.057100877545012814,0.05320068934571992,0.03994591235424451,0.07194921396233117,True,1245,0.06986094790984193,price_change,level (both sides at the frozen sigma_annual)
usdjpy,sv_jump,describe,rv21_q90,0.09196063319051533,0.10279350903048295,0.0746194151743818,0.1438262704197256,True,1245,0.06986094790984193,price_change,level (both sides at the frozen sigma_annual)
usdjpy,sv_jump,describe,rv21_q10_over_own_sd,0.610827085210038,0.41340932313746287,0.2828051280940131,0.523887153989009,False,1245,0.06986094790984193,price_change,"shape (each series divided by its own annualised sd, inside the path)"
usdjpy,sv_jump,describe,rv21_q50_over_own_sd,0.8173504547734387,0.7835542135309268,0.6317868659261862,0.897242875329695,True,1245,0.06986094790984193,price_change,"shape (each series divided by its own annualised sd, inside the path)"
usdjpy,sv_jump,describe,rv21_q90_over_own_sd,1.3163381823732743,1.5022080752351,1.3172754809656722,1.7108281268350505,False,1245,0.06986094790984193,price_change,"shape (each series divided by its own annualised sd, inside the path)"
usdjpy,sv_jump,describe,w1_vs_market_standardised,,0.07039840620303797,0.03486893286894821,0.1608460122131309,,1245,0.06986094790984193,price_change,scale-free
usdjpy,sv_jump,describe,w1_sim_vs_sim_reference,,0.06879383386384268,0.03591722707239536,0.15309910921141462,,1245,0.06986094790984193,price_change,scale-free
usdjpy,sv_jump,describe,tail_below_m2_count,35.0,29.0,18.0,40.0,True,1245,0.06986094790984193,price_change,scale-free
usdjpy,sv_jump,describe,tail_below_m3_count,12.0,9.0,4.0,15.0,True,1245,0.06986094790984193,price_change,scale-free
usdjpy,sv_jump,describe,tail_below_m5_count,1.0,2.0,0.0,5.0,True,1245,0.06986094790984193,price_change,scale-free
usdjpy,sv_jump,describe,tail_above_p2_count,30.0,29.0,18.0,40.0,True,1245,0.06986094790984193,price_change,scale-free
usdjpy,sv_jump,describe,tail_above_p3_count,9.0,8.0,4.0,15.0,True,1245,0.06986094790984193,price_change,scale-free
usdjpy,sv_jump,describe,tail_above_p5_count,0.0,2.0,0.0,5.0,True,1245,0.06986094790984193,price_change,scale-free
usdjpy,sv_jump,describe,acf_absret_lag1,0.19493365175549818,0.17913597754300886,0.06799617111915934,0.3255894274423724,True,1245,0.06986094790984193,price_change,scale-free
usdjpy,sv_jump,describe,acf_absret_lag5,0.14125509541559889,0.15931312697130684,0.06057350678514052,0.3051155881848883,True,1245,0.06986094790984193,price_change,scale-free
usdjpy,sv_jump,describe,acf_absret_lag10,0.11141469246053975,0.1363203896914726,0.04241684954038006,0.2766735493034212,True,1245,0.06986094790984193,price_change,scale-free
usdjpy,sv_jump,describe,acf_absret_lag21,0.0021700108199365423,0.10586936931886584,0.01878883806579651,0.22709496693857553,False,1245,0.06986094790984193,price_change,scale-free
usdjpy,sv_jump,describe,acf_absret_lag63,0.0228508582776791,0.030370784119851058,-0.046016656466574546,0.13450329135806435,True,1245,0.06986094790984193,price_change,scale-free
usdjpy,sv_jump,describe,acf_ret_lag1,0.015635714253402714,-4.635190692610704e-05,-0.07714385205454531,0.07860260334778106,True,1245,0.06986094790984193,price_change,scale-free
usdjpy,sv_jump,describe,acf_ret_lag5,0.04696723716823145,-0.000163901496422426,-0.07610501140026274,0.07098163799775871,True,1245,0.06986094790984193,price_change,scale-free
usdjpy,sv_jump,describe,acf_ret_lag21,-0.012225790377896445,-0.00099473052933742,-0.07098050018749233,0.06716875844268834,True,1245,0.06986094790984193,price_change,scale-free
usdjpy,sv_jump,describe,concentration_max_exceed_63d,8.0,6.0,2.0,15.0,True,1245,0.06986094790984193,price_change,scale-free
usdjpy,sv_jump,describe,leadlag_ret_vs_future_sq_lag1,-0.023027923908633934,0.0012191739253372019,-0.0785338654302208,0.07877651077793266,True,1245,0.06986094790984193,price_change,scale-free
usdjpy,sv_jump,describe,leadlag_ret_vs_future_sq_lag5,-0.07075770676370867,0.0007442897840239068,-0.07745144866258946,0.07253422092145258,True,1245,0.06986094790984193,price_change,scale-free
usdjpy,sv_jump,describe,leadlag_ret_vs_future_sq_lag21,0.019077294842459534,0.0003198103320043988,-0.0717080348893333,0.061384767890156226,True,1245,0.06986094790984193,price_change,scale-free
usdjpy,sv_jump,describe,sd_daily,0.004400826060111413,0.0043062631110408756,0.0032888822094098284,0.005652283363584298,True,1245,0.06986094790984193,price_change,scale-free
usdjpy,sv_jump,describe,excess_kurtosis,3.6508677392385573,10.402353051971346,2.954832088754792,45.06014870268219,True,1245,0.06986094790984193,price_change,scale-free
usdjpy,gaussian,contrast,rv21_q10,0.06481689451283318,0.055404847997335055,0.05003180166918438,0.06057236861073015,False,498,0.06986094790984193,price_change,level (both sides at the frozen sigma_annual)
usdjpy,gaussian,contrast,rv21_q50,0.10546928978681466,0.06865717356537362,0.064211849406541,0.07351541189496237,False,498,0.06986094790984193,price_change,level (both sides at the frozen sigma_annual)
usdjpy,gaussian,contrast,rv21_q90,0.15190672752092219,0.0831173598666579,0.07664528834986083,0.08946806553186758,False,498,0.06986094790984193,price_change,level (both sides at the frozen sigma_annual)
usdjpy,gaussian,contrast,rv21_q10_over_own_sd,0.5634217540057629,0.794430472149571,0.7297244192843977,0.8455675123293175,False,498,0.06986094790984193,price_change,"shape (each series divided by its own annualised sd, inside the path)"
usdjpy,gaussian,contrast,rv21_q50_over_own_sd,0.9167932634239958,0.9842798743193053,0.9504034484901107,1.0125470249465567,False,498,0.06986094790984193,price_change,"shape (each series divided by its own annualised sd, inside the path)"
usdjpy,gaussian,contrast,rv21_q90_over_own_sd,1.320451334615667,1.1877639938195725,1.1356272601838944,1.2553528409526193,False,498,0.06986094790984193,price_change,"shape (each series divided by its own annualised sd, inside the path)"
usdjpy,gaussian,contrast,w1_vs_market_standardised,,0.14133600003029131,0.11110682805143386,0.16829717206068667,,498,0.06986094790984193,price_change,scale-free
usdjpy,gaussian,contrast,w1_sim_vs_sim_reference,,0.0509808742446246,0.0331126403275616,0.0837199607932529,,498,0.06986094790984193,price_change,scale-free
usdjpy,gaussian,contrast,tail_below_m2_count,15.0,11.0,6.0,17.0,True,498,0.06986094790984193,price_change,scale-free
usdjpy,gaussian,contrast,tail_below_m3_count,6.0,1.0,0.0,3.0,False,498,0.06986094790984193,price_change,scale-free
usdjpy,gaussian,contrast,tail_below_m5_count,1.0,0.0,0.0,0.0,False,498,0.06986094790984193,price_change,scale-free
usdjpy,gaussian,contrast,tail_above_p2_count,8.0,11.0,6.0,17.0,True,498,0.06986094790984193,price_change,scale-free
usdjpy,gaussian,contrast,tail_above_p3_count,1.0,0.0,0.0,2.0,True,498,0.06986094790984193,price_change,scale-free
usdjpy,gaussian,contrast,tail_above_p5_count,0.0,0.0,0.0,0.0,True,498,0.06986094790984193,price_change,scale-free
usdjpy,gaussian,contrast,acf_absret_lag1,0.10846713113998083,-0.0012216163405944728,-0.09163681241640607,0.08572838150188554,False,498,0.06986094790984193,price_change,scale-free
usdjpy,gaussian,contrast,acf_absret_lag5,0.08959209147423607,-0.0024182509257990124,-0.09100005799951655,0.08519615311350788,False,498,0.06986094790984193,price_change,scale-free
usdjpy,gaussian,contrast,acf_absret_lag10,0.0728127334838352,-0.0010039656564578931,-0.08819433549792571,0.08327715281575904,True,498,0.06986094790984193,price_change,scale-free
usdjpy,gaussian,contrast,acf_absret_lag21,0.060610469357807395,-0.0009187309680677095,-0.08558716581211505,0.08854125607711265,True,498,0.06986094790984193,price_change,scale-free
usdjpy,gaussian,contrast,acf_absret_lag63,-0.033956470744696994,-0.0002739776297823016,-0.09125233912150323,0.09381255571968629,True,498,0.06986094790984193,price_change,scale-free
usdjpy,gaussian,contrast,acf_ret_lag1,-0.04127585221039422,-0.0014779209208231933,-0.09517317421791287,0.08632854700629959,True,498,0.06986094790984193,price_change,scale-free
usdjpy,gaussian,contrast,acf_ret_lag5,0.06169312688452185,-0.0016827736322433933,-0.09252485990667876,0.08392314084824959,True,498,0.06986094790984193,price_change,scale-free
usdjpy,gaussian,contrast,acf_ret_lag21,0.03062209035524513,-0.0029811281777727067,-0.0958262657949185,0.08217557113788984,True,498,0.06986094790984193,price_change,scale-free
usdjpy,gaussian,contrast,concentration_max_exceed_63d,5.0,1.0,0.0,2.0,False,498,0.06986094790984193,price_change,scale-free
usdjpy,gaussian,contrast,leadlag_ret_vs_future_sq_lag1,-0.0378560457457514,0.0015067316404832245,-0.088736901950936,0.09043304873531338,True,498,0.06986094790984193,price_change,scale-free
usdjpy,gaussian,contrast,leadlag_ret_vs_future_sq_lag5,-0.07731318432238486,0.00022008874854683632,-0.0887010581148267,0.09253902784689372,True,498,0.06986094790984193,price_change,scale-free
usdjpy,gaussian,contrast,leadlag_ret_vs_future_sq_lag21,-0.031048785808731133,-0.00019291947504546244,-0.08887076651158216,0.08834355366807271,True,498,0.06986094790984193,price_change,scale-free
usdjpy,gaussian,contrast,sd_daily,0.007246934527720029,0.004402857940848786,0.004125340177148903,0.0046761992940252935,False,498,0.06986094790984193,price_change,scale-free
usdjpy,gaussian,contrast,excess_kurtosis,3.8745160388327964,-0.03224144114798677,-0.36259395508153025,0.47617343425473957,False,498,0.06986094790984193,price_change,scale-free
usdjpy,stoch_vol,contrast,rv21_q10,0.06481689451283318,0.030723216885047068,0.017697318556578055,0.050157212761302764,False,498,0.06986094790984193,price_change,level (both sides at the frozen sigma_annual)
usdjpy,stoch_vol,contrast,rv21_q50,0.10546928978681466,0.05378517110267206,0.033633043698288616,0.08567784630103595,False,498,0.06986094790984193,price_change,level (both sides at the frozen sigma_annual)
usdjpy,stoch_vol,contrast,rv21_q90,0.15190672752092219,0.09535056936535627,0.05613807253151908,0.1650214854147328,True,498,0.06986094790984193,price_change,level (both sides at the frozen sigma_annual)
usdjpy,stoch_vol,contrast,rv21_q10_over_own_sd,0.5634217540057629,0.48110043288278004,0.2695514809688594,0.6548514715303989,True,498,0.06986094790984193,price_change,"shape (each series divided by its own annualised sd, inside the path)"
usdjpy,stoch_vol,contrast,rv21_q50_over_own_sd,0.9167932634239958,0.8433270465026583,0.6080013429206471,0.9744785256391612,True,498,0.06986094790984193,price_change,"shape (each series divided by its own annualised sd, inside the path)"
usdjpy,stoch_vol,contrast,rv21_q90_over_own_sd,1.320451334615667,1.4610310095241634,1.2550143267267868,1.757467960661292,True,498,0.06986094790984193,price_change,"shape (each series divided by its own annualised sd, inside the path)"
usdjpy,stoch_vol,contrast,w1_vs_market_standardised,,0.080386751281993,0.045318564854124214,0.13925535591094776,,498,0.06986094790984193,price_change,scale-free
usdjpy,stoch_vol,contrast,w1_sim_vs_sim_reference,,0.07777306592136693,0.04224684687319895,0.17311445171156498,,498,0.06986094790984193,price_change,scale-free
usdjpy,stoch_vol,contrast,tail_below_m2_count,15.0,14.0,8.0,20.0,True,498,0.06986094790984193,price_change,scale-free
usdjpy,stoch_vol,contrast,tail_below_m3_count,6.0,3.0,0.0,7.0,True,498,0.06986094790984193,price_change,scale-free
usdjpy,stoch_vol,contrast,tail_below_m5_count,1.0,0.0,0.0,1.0,True,498,0.06986094790984193,price_change,scale-free
usdjpy,stoch_vol,contrast,tail_above_p2_count,8.0,14.0,8.475000000000001,19.0,False,498,0.06986094790984193,price_change,scale-free
usdjpy,stoch_vol,contrast,tail_above_p3_count,1.0,3.0,0.0,7.0,True,498,0.06986094790984193,price_change,scale-free
usdjpy,stoch_vol,contrast,tail_above_p5_count,0.0,0.0,0.0,1.0,True,498,0.06986094790984193,price_change,scale-free
usdjpy,stoch_vol,contrast,acf_absret_lag1,0.10846713113998083,0.21228555227017015,0.06298052301928041,0.4093498841712837,True,498,0.06986094790984193,price_change,scale-free
usdjpy,stoch_vol,contrast,acf_absret_lag5,0.08959209147423607,0.18685817333976182,0.04572852593755668,0.3826055057799769,True,498,0.06986094790984193,price_change,scale-free
usdjpy,stoch_vol,contrast,acf_absret_lag10,0.0728127334838352,0.15565204168295588,0.01871936821537242,0.35933087737636865,True,498,0.06986094790984193,price_change,scale-free
usdjpy,stoch_vol,contrast,acf_absret_lag21,0.060610469357807395,0.10655624452861591,-0.022426753163521992,0.2873671125187361,True,498,0.06986094790984193,price_change,scale-free
usdjpy,stoch_vol,contrast,acf_absret_lag63,-0.033956470744696994,0.010933079916512572,-0.10256826690606825,0.17848455744049677,True,498,0.06986094790984193,price_change,scale-free
usdjpy,stoch_vol,contrast,acf_ret_lag1,-0.04127585221039422,-0.004466884065520926,-0.12073365565209396,0.11895474161741133,True,498,0.06986094790984193,price_change,scale-free
usdjpy,stoch_vol,contrast,acf_ret_lag5,0.06169312688452185,0.0011045468936855753,-0.11331888660327927,0.1169534696774886,True,498,0.06986094790984193,price_change,scale-free
usdjpy,stoch_vol,contrast,acf_ret_lag21,0.03062209035524513,-0.0018159743894884,-0.11001241452857705,0.10445792674751142,True,498,0.06986094790984193,price_change,scale-free
usdjpy,stoch_vol,contrast,concentration_max_exceed_63d,5.0,4.0,1.0,10.0,True,498,0.06986094790984193,price_change,scale-free
usdjpy,stoch_vol,contrast,leadlag_ret_vs_future_sq_lag1,-0.0378560457457514,0.0011544104245948298,-0.15079927681817565,0.14377801673391385,True,498,0.06986094790984193,price_change,scale-free
usdjpy,stoch_vol,contrast,leadlag_ret_vs_future_sq_lag5,-0.07731318432238486,-0.0013611886819365968,-0.14354228468538796,0.13457338885621187,True,498,0.06986094790984193,price_change,scale-free
usdjpy,stoch_vol,contrast,leadlag_ret_vs_future_sq_lag21,-0.031048785808731133,-0.0022894181530140967,-0.11262962619030165,0.1152467070828393,True,498,0.06986094790984193,price_change,scale-free
usdjpy,stoch_vol,contrast,sd_daily,0.007246934527720029,0.004152295474581539,0.0025668008702644063,0.006623122845195656,False,498,0.06986094790984193,price_change,scale-free
usdjpy,stoch_vol,contrast,excess_kurtosis,3.8745160388327964,2.1855699578004724,0.5099910075700412,9.34468334963146,True,498,0.06986094790984193,price_change,scale-free
usdjpy,sv_jump,contrast,rv21_q10,0.06481689451283318,0.028993708506860463,0.017089186303661776,0.04773280496291278,False,498,0.06986094790984193,price_change,level (both sides at the frozen sigma_annual)
usdjpy,sv_jump,contrast,rv21_q50,0.10546928978681466,0.052885146799481225,0.033874259116323684,0.08027381895177721,False,498,0.06986094790984193,price_change,level (both sides at the frozen sigma_annual)
usdjpy,sv_jump,contrast,rv21_q90,0.15190672752092219,0.09780007173897579,0.06133266488134511,0.16038186056306056,True,498,0.06986094790984193,price_change,level (both sides at the frozen sigma_annual)
usdjpy,sv_jump,contrast,rv21_q10_over_own_sd,0.5634217540057629,0.4434143570497766,0.2707525674370501,0.6270657458169554,True,498,0.06986094790984193,price_change,"shape (each series divided by its own annualised sd, inside the path)"
usdjpy,sv_jump,contrast,rv21_q50_over_own_sd,0.9167932634239958,0.8098670084280779,0.5864742451504105,0.9648892673656744,True,498,0.06986094790984193,price_change,"shape (each series divided by its own annualised sd, inside the path)"
usdjpy,sv_jump,contrast,rv21_q90_over_own_sd,1.320451334615667,1.4785598141806873,1.2316054731766855,1.8011244987096482,True,498,0.06986094790984193,price_change,"shape (each series divided by its own annualised sd, inside the path)"
usdjpy,sv_jump,contrast,w1_vs_market_standardised,,0.08863006981251492,0.04754107799149768,0.21316633713658265,,498,0.06986094790984193,price_change,scale-free
usdjpy,sv_jump,contrast,w1_sim_vs_sim_reference,,0.10154114091806223,0.05112977209813683,0.22438967667477586,,498,0.06986094790984193,price_change,scale-free
usdjpy,sv_jump,contrast,tail_below_m2_count,15.0,12.0,5.0,18.0,True,498,0.06986094790984193,price_change,scale-free
usdjpy,sv_jump,contrast,tail_below_m3_count,6.0,3.0,0.0,7.0,True,498,0.06986094790984193,price_change,scale-free
usdjpy,sv_jump,contrast,tail_below_m5_count,1.0,1.0,0.0,3.0,True,498,0.06986094790984193,price_change,scale-free
usdjpy,sv_jump,contrast,tail_above_p2_count,8.0,11.0,4.0,18.0,True,498,0.06986094790984193,price_change,scale-free
usdjpy,sv_jump,contrast,tail_above_p3_count,1.0,3.0,1.0,7.0,True,498,0.06986094790984193,price_change,scale-free
usdjpy,sv_jump,contrast,tail_above_p5_count,0.0,1.0,0.0,3.0,True,498,0.06986094790984193,price_change,scale-free
usdjpy,sv_jump,contrast,acf_absret_lag1,0.10846713113998083,0.15644622820777826,0.018479423876312774,0.3484333479157318,True,498,0.06986094790984193,price_change,scale-free
usdjpy,sv_jump,contrast,acf_absret_lag5,0.08959209147423607,0.13357033968007126,0.00163746339805111,0.3330913037413792,True,498,0.06986094790984193,price_change,scale-free
usdjpy,sv_jump,contrast,acf_absret_lag10,0.0728127334838352,0.11332404562619766,-0.0142545911914104,0.31673028085550453,True,498,0.06986094790984193,price_change,scale-free
usdjpy,sv_jump,contrast,acf_absret_lag21,0.060610469357807395,0.07494048281698483,-0.03391931356716922,0.2517827715990465,True,498,0.06986094790984193,price_change,scale-free
usdjpy,sv_jump,contrast,acf_absret_lag63,-0.033956470744696994,0.008471753826839323,-0.09438474256414345,0.1526380497605457,True,498,0.06986094790984193,price_change,scale-free
usdjpy,sv_jump,contrast,acf_ret_lag1,-0.04127585221039422,-0.00338189674675868,-0.11164386168143903,0.10799441103318863,True,498,0.06986094790984193,price_change,scale-free
usdjpy,sv_jump,contrast,acf_ret_lag5,0.06169312688452185,-5.4623017292154886e-05,-0.11092977123922211,0.10493840223643326,True,498,0.06986094790984193,price_change,scale-free
usdjpy,sv_jump,contrast,acf_ret_lag21,0.03062209035524513,-0.004038664625703886,-0.1028267766121053,0.09453287881854046,True,498,0.06986094790984193,price_change,scale-free
usdjpy,sv_jump,contrast,concentration_max_exceed_63d,5.0,3.0,1.0,9.0,True,498,0.06986094790984193,price_change,scale-free
usdjpy,sv_jump,contrast,leadlag_ret_vs_future_sq_lag1,-0.0378560457457514,-0.00018049532719399377,-0.11914144052893576,0.12147935727289122,True,498,0.06986094790984193,price_change,scale-free
usdjpy,sv_jump,contrast,leadlag_ret_vs_future_sq_lag5,-0.07731318432238486,-0.0005469623733572598,-0.12079425804223451,0.11232042610607808,True,498,0.06986094790984193,price_change,scale-free
usdjpy,sv_jump,contrast,leadlag_ret_vs_future_sq_lag21,-0.031048785808731133,0.0002859590684543151,-0.09985921367899639,0.09732497585057083,True,498,0.06986094790984193,price_change,scale-free
usdjpy,sv_jump,contrast,sd_daily,0.007246934527720029,0.00416059722283211,0.002775258808955618,0.006357439609462623,False,498,0.06986094790984193,price_change,scale-free
usdjpy,sv_jump,contrast,excess_kurtosis,3.8745160388327964,6.9345877825479345,1.1113011764146177,55.18865852617018,True,498,0.06986094790984193,price_change,scale-free
