day,variant,return,var_plain,var_trunc,inc_plain_gaussian,inc_plain_student_t,cum_plain_gaussian,cum_plain_student_t,inc_trunc_gaussian,inc_trunc_student_t,cum_trunc_gaussian,cum_trunc_student_t
1,base,-0.0015955070428441088,3.968253968253968e-05,3.968253968253968e-05,-0.01793919741256807,-0.03492319210141659,-0.01793919741256807,-0.03492319210141659,-0.01793919741256807,-0.03492319210141659,-0.01793919741256807,-0.03492319210141659
2,base,-2.7058177416968213e-06,3.7494676183871554e-05,3.7494676183871554e-05,-0.002128540451730396,-0.004254063024831112,-0.02006773786429847,-0.0391772551262477,-0.002128540451730396,-0.004254063024831112,-0.02006773786429847,-0.0391772551262477
3,base,0.0019257949007100172,3.524742253229167e-05,3.524742253229167e-05,0.019447354690056384,0.03781410288819398,-0.0006203831742420847,-0.001363152238053722,0.019447354690056384,0.03781410288819398,-0.0006203831742420847,-0.001363152238053722
4,base,0.0011888957100312312,3.3311608136722986e-05,3.3311608136722986e-05,0.011799154592630976,0.023359902857713166,0.011178771418388892,0.021996750619659444,0.011799154592630976,0.023359902857713166,0.011178771418388892,0.021996750619659444
5,base,-0.0034814911824934476,3.13717750442979e-05,3.13717750442979e-05,-0.04654755160515912,-0.0813603250794781,-0.03536878018677023,-0.05936357445981866,-0.04654755160515912,-0.0813603250794781,-0.03536878018677023,-0.05936357445981866
6,base,-0.0010109526014659919,3.030197009600251e-05,3.030197009600251e-05,-0.015837480649303935,-0.03116041891624466,-0.05120626083607416,-0.09052399337606332,-0.015837480649303935,-0.03116041891624466,-0.05120626083607416,-0.09052399337606332
7,base,-0.002698108213148313,2.8571605755955397e-05,2.8571605755955397e-05,-0.040229207625254934,-0.07325819724540672,-0.09143546846132909,-0.16378219062147004,-0.040229207625254934,-0.07325819724540672,-0.09143546846132909,-0.16378219062147004
8,base,3.505492436395232e-05,2.7360699414064685e-05,2.7360699414064685e-05,-0.002369256448103967,-0.004734703754253111,-0.09380472490943306,-0.16851689437572315,-0.002369256448103967,-0.004734703754253111,-0.09380472490943306,-0.16851689437572315
9,base,0.00022475466364463488,2.572065859496133e-05,2.572065859496133e-05,0.0004064110865486067,0.0008124003903073884,-0.09339831382288445,-0.16770449398541576,0.0004064110865486067,0.0008124003903073884,-0.09339831382288445,-0.16770449398541576
10,base,-0.0002574253653337957,2.4177460713211585e-05,2.4177460713211585e-05,-0.007481683981621699,-0.01491258376568183,-0.10087999780450616,-0.1826170777510976,-0.007481683981621699,-0.01491258376568183,-0.10087999780450616,-0.1826170777510976
11,base,-0.0009274137435582578,2.27392803708405e-05,2.27392803708405e-05,-0.019646906907596923,-0.03855574031719211,-0.12052690471210308,-0.2211728180682897,-0.019646906907596923,-0.03855574031719211,-0.12052690471210308,-0.2211728180682897
12,base,-0.0008543108863229184,2.145097265923653e-05,2.145097265923653e-05,-0.019474522712623406,-0.03826716180458867,-0.1400014274247265,-0.25943997987287837,-0.019474522712623406,-0.03826716180458867,-0.1400014274247265,-0.25943997987287837
13,base,0.0023466443244539504,2.0230407916433854e-05,2.0230407916433854e-05,0.04213819469177358,0.07827820037546473,-0.09786323273295292,-0.18116177949741363,0.04213819469177358,0.07827820037546473,-0.09786323273295292,-0.18116177949741363
14,base,0.002123742349679331,1.9293477388595255e-05,1.9293477388595255e-05,0.039599896249662654,0.07438908040379566,-0.05826333648329026,-0.10677269909361797,0.039599896249662654,0.07438908040379566,-0.05826333648329026,-0.10677269909361797
15,base,0.005201440304212267,1.835828240124233e-05,1.835828240124233e-05,0.10814347288096403,0.14866157949191994,0.04988013639767377,0.041888880398301964,0.10814347288096403,0.14866157949191994,0.04988013639767377,0.041888880398301964
16,base,0.002297736022849029,1.8758602570631347e-05,1.8758602570631347e-05,0.04440974790886143,0.08232065849907144,0.0942898843065352,0.1242095388973734,0.04440974790886143,0.08232065849907144,0.0942898843065352,0.1242095388973734
17,base,-0.0018654295127216113,1.789751592162481e-05,1.789751592162481e-05,-0.04575970251988054,-0.08474084327547882,0.048530181786654664,0.03946869562189459,-0.04575970251988054,-0.08474084327547882,0.048530181786654664,0.03946869562189459
18,base,-0.0007157447833065637,1.7079231646674905e-05,1.7079231646674905e-05,-0.021239884378216528,-0.041767144099923215,0.027290297408438136,-0.002298448478028625,-0.021239884378216528,-0.041767144099923215,0.027290297408438136,-0.002298448478028625
19,base,-0.0038053348136580785,1.6104618781957406e-05,1.6104618781957406e-05,-0.0986542256465058,-0.148092440418242,-0.07136392823806767,-0.1503908888962706,-0.0986542256465058,-0.148092440418242,-0.07136392823806767,-0.1503908888962706
20,base,0.005133034097198827,1.6100141303464736e-05,1.6100141303464736e-05,0.12162521172003632,0.1616714355131892,0.05026128348196865,0.011280546616918574,0.12162521172003632,0.1616714355131892,0.05026128348196865,0.011280546616918574
21,base,0.003934585339246893,1.659516212621833e-05,1.659516212621833e-05,0.08933978345802841,0.13949068856219693,0.13960106693999708,0.1507712351791155,0.08933978345802841,0.13949068856219693,0.13960106693999708,0.1507712351791155
22,base,-0.0015737175155200347,1.6436991558772308e-05,1.6436991558772308e-05,-0.04278314999771507,-0.0803876316847747,0.096817916942282,0.07038360349434081,-0.04278314999771507,-0.0803876316847747,0.096817916942282,0.07038360349434081
23,base,-0.0035397252018373507,1.5639198794953966e-05,1.5639198794953966e-05,-0.09485064261306027,-0.1461019863679347,0.001967274329221738,-0.07571838287359389,-0.09485064261306027,-0.1461019863679347,0.001967274329221738,-0.07571838287359389
24,base,0.0014602629314217374,1.5539267364933878e-05,1.5539267364933878e-05,0.032223798438399676,0.062270431592073905,0.034191072767621414,-0.013447951281519988,0.032223798438399676,0.062270431592073905,0.034191072767621414,-0.013447951281519988
25,base,-0.0032604307436834485,1.4702447283670543e-05,1.4702447283670543e-05,-0.09335567711854152,-0.14679985041074506,-0.05916460435092011,-0.16024780169226505,-0.09335567711854152,-0.14679985041074506,-0.05916460435092011,-0.16024780169226505
26,base,-0.0016742228821056858,1.45381163240662e-05,1.45381163240662e-05,-0.05111455575014433,-0.0945500374040984,-0.11027916010106444,-0.25479783909636344,-0.05111455575014433,-0.0945500374040984,-0.11027916010106444,-0.25479783909636344
27,base,-0.007945231851881979,1.3876235185667633e-05,1.3876235185667633e-05,-0.2328877348240319,-0.17960881983859434,-0.34316689492509633,-0.4344066589349578,-0.2328877348240319,-0.17960881983859434,-0.34316689492509633,-0.4344066589349578
28,base,-0.002279073883083451,1.702279786822023e-05,1.702279786822023e-05,-0.057753702031979395,-0.10305328626414312,-0.4009205969570757,-0.5374599451991009,-0.057753702031979395,-0.10305328626414312,-0.4009205969570757,-0.5374599451991009
29,base,0.002992550215744305,1.636970638181662e-05,1.636970638181662e-05,0.06773394117389153,0.11681973910706489,-0.3331866557831842,-0.420640206092036,0.06773394117389153,0.11681973910706489,-0.3331866557831842,-0.420640206092036
30,base,-0.0015191414736559555,1.5855956266853225e-05,1.5855956266853225e-05,-0.04298505271013363,-0.08089174512114816,-0.3761717084933178,-0.5015319512131842,-0.04298505271013363,-0.08089174512114816,-0.3761717084933178,-0.5015319512131842
31,base,0.0016363251383599668,1.5081598430881457e-05,1.5081598430881457e-05,0.0378341975618363,0.07230496035976408,-0.3383375109314815,-0.4292269908534201,0.0378341975618363,0.07230496035976408,-0.3383375109314815,-0.4292269908534201
32,base,0.0025339501034336385,1.4300758056125874e-05,1.4300758056125874e-05,0.06480779228000348,0.11491528171388232,-0.273529718651478,-0.31431170913953776,0.06480779228000348,0.11491528171388232,-0.273529718651478,-0.31431170913953776
33,base,0.010100858115828913,1.3769996670973439e-05,1.3769996670973439e-05,0.2853698462100087,0.16916916516042946,0.0118401275585307,-0.1451425439791083,0.2853698462100087,0.16916916516042946,0.0118401275585307,-0.1451425439791083
34,base,0.0004865148844867633,1.8827302385409482e-05,1.8827302385409482e-05,0.006072365651475597,0.012118492584600737,0.0179124932100063,-0.13302405139450757,0.006072365651475597,0.012118492584600737,0.0179124932100063,-0.13302405139450757
35,base,-0.0008575495278428294,1.770264441446215e-05,1.770264441446215e-05,-0.023670623419637306,-0.046334989710150154,-0.005758130209631007,-0.17935904110465772,-0.023670623419637306,-0.046334989710150154,-0.005758130209631007,-0.17935904110465772
36,base,-0.0039002983014706015,1.6707389122991134e-05,1.6707389122991134e-05,-0.09735049606063889,-0.14576784185134972,-0.1031086262702699,-0.32512688295600745,-0.09735049606063889,-0.14576784185134972,-0.1031086262702699,-0.32512688295600745
37,base,0.002433825363123622,1.6712911687245525e-05,1.6712911687245525e-05,0.05307683869468401,0.09647219067771129,-0.050031787575585886,-0.22865469227829616,0.05307683869468401,0.09647219067771129,-0.050031787575585886,-0.22865469227829616
38,base,-0.0009990853419536271,1.6009961172903793e-05,1.6009961172903793e-05,-0.029681373360870785,-0.057597697873417175,-0.07971316093645667,-0.28625239015171333,-0.029681373360870785,-0.057597697873417175,-0.07971316093645667,-0.28625239015171333
39,base,0.0023887715697287256,1.5135403595930436e-05,1.5135403595930436e-05,0.057427608242552323,0.1038081828428119,-0.022285552693904344,-0.18244420730890143,0.057427608242552323,0.1038081828428119,-0.022285552693904344,-0.18244420730890143
40,base,0.012340737597702059,1.4515139699283778e-05,1.4515139699283778e-05,0.33195566810708343,0.1513784108686025,0.30967011541317907,-0.031065796440298943,0.33195566810708343,0.1513784108686025,0.30967011541317907,-0.031065796440298943
41,base,0.0032085158450881504,2.2490394554920904e-05,2.2490394554920904e-05,0.05311091242743485,0.0936055192174905,0.36278102784061395,0.06253972277719155,0.05311091242743485,0.0936055192174905,0.36278102784061395,0.06253972277719155
42,base,-8.728859138210034e-05,2.1684614138843175e-05,2.1684614138843175e-05,-0.005228293525097373,-0.010437185606640753,0.3575527343155166,0.0521025371705508,-0.005228293525097373,-0.010437185606640753,0.3575527343155166,0.0521025371705508
43,base,-0.005139537119816669,2.038843480413201e-05,2.038843480413201e-05,-0.103893902361923,-0.14171680291285105,0.2536588319535936,-0.08961426574230025,-0.103893902361923,-0.14171680291285105,0.2536588319535936,-0.08961426574230025
44,base,0.0005008003048606509,2.0874751211600182e-05,2.0874751211600182e-05,0.005748335906255444,0.011472722275340352,0.2594071678598491,-0.0781415434669599,0.005748335906255444,0.011472722275340352,0.2594071678598491,-0.0781415434669599
45,base,-0.006132060451797311,1.962775243477617e-05,1.962775243477617e-05,-0.12798676406136636,-0.15228454413811843,0.13142040379848272,-0.23042608760507832,-0.12798676406136636,-0.15228454413811843,0.13142040379848272,-0.23042608760507832
46,base,0.001940856595278477,2.0854580707021393e-05,2.0854580707021393e-05,0.03315559303414597,0.06320656126579927,0.1645759968326287,-0.16721952633927906,0.03315559303414597,0.06320656126579927,0.1645759968326287,-0.16721952633927906
47,base,0.00038882682644677077,1.9785472508623595e-05,1.9785472508623595e-05,0.0038190223602367333,0.007628329693195823,0.16839501919286542,-0.15959119664608323,0.0038190223602367333,0.007628329693195823,0.16839501919286542,-0.15959119664608323
48,base,-0.00558005075910821,1.8600519610515478e-05,1.8600519610515478e-05,-0.12327833321793111,-0.1542198192340387,0.04511668597493432,-0.31381101588012195,-0.12327833321793111,-0.1542198192340387,0.04511668597493432,-0.31381101588012195
49,base,-0.0024121643628060223,1.948792682967882e-05,1.948792682967882e-05,-0.053158208531639405,-0.09516758163229078,-0.008041522556705087,-0.4089785975124127,-0.053158208531639405,-0.09516758163229078,-0.008041522556705087,-0.4089785975124127
50,base,0.0003988781066370926,1.872755797545177e-05,1.872755797545177e-05,0.004247738294159058,0.008483469760180107,-0.003793784262546029,-0.4004951277522326,0.004247738294159058,0.008483469760180107,-0.003793784262546029,-0.4004951277522326
51,base,-0.009943479332034226,1.7606315679718335e-05,1.7606315679718335e-05,-0.22858617343653215,-0.15510734983989138,-0.23237995769907818,-0.555602477592124,-0.22858617343653215,-0.15510734983989138,-0.23237995769907818,-0.555602477592124
52,base,-0.005684365820746491,2.2721415176369807e-05,2.2721415176369807e-05,-0.10274166033148635,-0.13626036889535076,-0.3351216180305645,-0.6918628464874748,-0.10274166033148635,-0.13626036889535076,-0.3351216180305645,-0.6918628464874748
53,base,-0.006715216483847401,2.3434555252116464e-05,2.3434555252116464e-05,-0.11707086455187715,-0.13935839163251318,-0.45219248258244166,-0.8312212381199879,-0.11707086455187715,-0.13935839163251318,-0.45219248258244166,-0.8312212381199879
54,base,0.013447112235657647,2.4896378045177384e-05,2.4896378045177384e-05,0.21117210068659284,0.12606729248191506,-0.24102038189584882,-0.7051539456380729,0.21117210068659284,0.12606729248191506,-0.24102038189584882,-0.7051539456380729
55,base,0.0019686226601195837,3.393427772815842e-05,3.393427772815842e-05,0.020700728512506556,0.04015065153209996,-0.22031965338334225,-0.6650032941059729,0.020700728512506556,0.04015065153209996,-0.22031965338334225,-0.6650032941059729
56,base,-0.008272694773856577,3.208623966298049e-05,3.208623966298049e-05,-0.10476611218834188,-0.12003013379373906,-0.3250857655716841,-0.785033427899712,-0.10476611218834188,-0.12003013379373906,-0.3250857655716841,-0.785033427899712
57,base,-0.007491809753589157,3.4466644991605845e-05,3.4466644991605845e-05,-0.08853996601451725,-0.11263585169399715,-0.41362573158620136,-0.8976692795937091,-0.08853996601451725,-0.11263585169399715,-0.41362573158620136,-0.8976692795937091
58,base,-0.0011856976767927272,3.5947017573785905e-05,3.5947017573785905e-05,-0.015279435846482533,-0.030014963431810315,-0.4289051674326839,-0.9276842430255194,-0.015279435846482533,-0.030014963431810315,-0.4289051674326839,-0.9276842430255194
59,base,0.001198355143860881,3.3905142211203827e-05,3.3905142211203827e-05,0.011703314949860641,0.023170012316247934,-0.41720185248282327,-0.9045142307092715,0.011703314949860641,0.023170012316247934,-0.41720185248282327,-0.9045142307092715
60,base,0.005580278319497062,3.193082677218413e-05,3.193082677218413e-05,0.06688398568521249,0.10268905624646507,-0.3503178667976108,-0.8018251744628064,0.06688398568521249,0.10268905624646507,-0.3503178667976108,-0.8018251744628064
61,base,-0.005195133744297021,3.175284581965767e-05,3.175284581965767e-05,-0.06740486253044661,-0.10324966374186628,-0.41772272932805743,-0.9050748382046727,-0.06740486253044661,-0.10324966374186628,-0.41772272932805743,-0.9050748382046727
62,base,0.0025380261858407418,3.159309566425821e-05,3.159309566425821e-05,0.029386738812588676,0.05554423748977211,-0.38833599051546874,-0.8495306007149006,0.029386738812588676,0.05554423748977211,-0.38833599051546874,-0.8495306007149006
63,base,0.007551716854734371,3.002593740063603e-05,3.002593740063603e-05,0.0971819064589263,0.1214402442073057,-0.2911540840565424,-0.7280903565075949,0.0971819064589263,0.1214402442073057,-0.2911540840565424,-0.7280903565075949
64,base,0.0022307929028156986,3.146864607752053e-05,3.146864607752053e-05,0.025628687015181787,0.04909019021648664,-0.26552539704136063,-0.6790001662911083,0.025628687015181787,0.04909019021648664,-0.26552539704136063,-0.6790001662911083
65,base,0.001383013115563797,2.9828361470584245e-05,2.9828361470584245e-05,0.015759482165290654,0.03101916551510797,-0.24976591487606997,-0.6479810007760003,0.015759482165290654,0.03101916551510797,-0.24976591487606997,-0.6479810007760003
66,base,0.002318407834487628,2.8122856471248062e-05,2.8122856471248062e-05,0.029914027830029687,0.05677870209690106,-0.21985188704604028,-0.5912022986790992,0.029914027830029687,0.05677870209690106,-0.21985188704604028,-0.5912022986790992
67,base,0.0019700679756281233,2.6705147845592058e-05,2.6705147845592058e-05,0.02632592833725362,0.05064408748353877,-0.19352595870878667,-0.5405582111955605,0.02632592833725362,0.05064408748353877,-0.19352595870878667,-0.5405582111955605
68,base,-0.0004360116280469065,2.5291164720133647e-05,2.5291164720133647e-05,-0.00995429383695412,-0.019793389818996587,-0.2034802525457408,-0.560351601014557,-0.00995429383695412,-0.019793389818996587,-0.2034802525457408,-0.560351601014557
69,base,0.0016640871650878738,2.379784449048585e-05,2.379784449048585e-05,0.024439896314464662,0.04742758213869003,-0.17904035623127612,-0.512924018875867,0.024439896314464662,0.04742758213869003,-0.17904035623127612,-0.512924018875867
70,base,0.0015819218229827783,2.2498865919592514e-05,2.2498865919592514e-05,0.024401743595928886,0.04743174920144266,-0.15463861263534723,-0.46549226967442436,0.024401743595928886,0.04743174920144266,-0.15463861263534723,-0.46549226967442436
71,base,0.00013308511653776226,2.1263779814283083e-05,2.1263779814283083e-05,-0.00121914560005705,-0.002436624605933524,-0.15585775823540426,-0.4679288942803579,-0.00121914560005705,-0.002436624605933524,-0.15585775823540426,-0.4679288942803579
72,base,-0.0005647435425089098,1.9988209087003315e-05,1.9988209087003315e-05,-0.015150921066780669,-0.029991115706484273,-0.17100867930218494,-0.49792000998684216,-0.015150921066780669,-0.029991115706484273,-0.17100867930218494,-0.49792000998684216
73,base,0.0019487059784653298,1.882386098866657e-05,1.882386098866657e-05,0.03689789389306957,0.06995535647627094,-0.13411078540911536,-0.4279646535105712,0.03689789389306957,0.06995535647627094,-0.13411078540911536,-0.4279646535105712
74,base,0.005325763085885919,1.7878240923318422e-05,1.7878240923318422e-05,0.1138066580990147,0.15270173357668293,-0.02030412731010066,-0.2752629199338883,0.1138066580990147,0.15270173357668293,-0.02030412731010066,-0.2752629199338883
75,base,0.003279888314396424,1.8382929787674626e-05,1.8382929787674626e-05,0.066518656070829,0.11344012005243442,0.046214528760728346,-0.16182279988145387,0.066518656070829,0.11344012005243442,0.046214528760728346,-0.16182279988145387
76,base,-0.0008471717228549206,1.7849683518728282e-05,1.7849683518728282e-05,-0.023244919297792502,-0.04552777424000887,0.022969609462935844,-0.20735057412146274,-0.023244919297792502,-0.04552777424000887,0.022969609462935844,-0.20735057412146274
77,base,0.002028640212079636,1.6844297314524437e-05,1.6844297314524437e-05,0.04311730823970836,0.08081949346653783,0.0660869177026442,-0.1265310806549249,0.04311730823970836,0.08081949346653783,0.0660869177026442,-0.1265310806549249
78,base,0.002233879859373404,1.6034623440759978e-05,1.6034623440759978e-05,0.05037380932938284,0.0926959830436278,0.11646072703202703,-0.033835097611297105,0.05037380932938284,0.0926959830436278,0.11646072703202703,-0.033835097611297105
79,base,0.0004533756204825873,1.5321133628115346e-05,1.5321133628115346e-05,0.006603673408375071,0.01317744471044957,0.12306440044040211,-0.020657652900847534,0.006603673408375071,0.01317744471044957,0.12306440044040211,-0.020657652900847534
80,base,0.0020393867186926443,1.440576597592625e-05,1.440576597592625e-05,0.05071200291353224,0.09397684529547234,0.17377640335393435,0.07331919239462481,0.05071200291353224,0.09397684529547234,0.17377640335393435,0.07331919239462481
81,base,-0.0018559884414068328,1.3744771137971416e-05,1.3744771137971416e-05,-0.059312631644716764,-0.1075290939733824,0.1144637717092176,-0.034209901578757584,-0.059312631644716764,-0.1075290939733824,0.1144637717092176,-0.034209901578757584
82,base,-0.0009833025184068623,1.3173318712290638e-05,1.3173318712290638e-05,-0.035597302402736106,-0.06870168246720798,0.07886646930648149,-0.10291158404596557,-0.035597302402736106,-0.06870168246720798,0.07886646930648149,-0.10291158404596557
83,base,0.0005655127201942381,1.2466706640772973e-05,1.2466706640772973e-05,0.011685091822216734,0.023261995953038017,0.09055156112869822,-0.07964958809292755,0.011685091822216734,0.023261995953038017,0.09055156112869822,-0.07964958809292755
84,base,0.00262330391260473,1.1726789987886113e-05,1.1726789987886113e-05,0.08205642117955496,0.14050192161441455,0.1726079823082532,0.060852333521487,0.08205642117955496,0.14050192161441455,0.1726079823082532,0.060852333521487
85,base,-0.00021780652799170978,1.1375988432652887e-05,1.1375988432652887e-05,-0.014518857913937953,-0.02885816283844278,0.15808912439431524,0.03199417068304422,-0.014518857913937953,-0.02885816283844278,0.15808912439431524,0.03199417068304422
86,base,0.00282979050078048,1.0703823433359436e-05,1.0703823433359436e-05,0.09755369631451498,0.1603756702339112,0.2556428207088302,0.19236984091695541,0.09755369631451498,0.1603756702339112,0.2556428207088302,0.19236984091695541
87,base,-0.0011216919307560054,1.0477042975685503e-05,1.0477042975685503e-05,-0.049999894487083474,-0.09464217576352318,0.20564292622174674,0.09772766515343223,-0.049999894487083474,-0.09464217576352318,0.20564292622174674,0.09772766515343223
88,base,0.0010406966214260732,9.95298097106153e-06,9.95298097106153e-06,0.033581863861816094,0.06552319117406746,0.23922479008356284,0.1632508563274997,0.033581863861816094,0.06552319117406746,0.23922479008356284,0.1632508563274997
89,base,0.002690094600983126,9.398368645215845e-06,9.398368645215845e-06,0.10520577528670261,0.17229087725623948,0.34443056537026545,0.3355417335837392,0.10520577528670261,0.17229087725623948,0.34443056537026545,0.3355417335837392
90,base,-0.002019670937494739,9.206975248718713e-06,9.206975248718713e-06,-0.095600552323998,-0.16213647619078664,0.24883001304626745,0.17340525739295254,-0.095600552323998,-0.16213647619078664,0.24883001304626745,0.17340525739295254
91,base,0.0008735332814806813,8.94975043474841e-06,8.94975043474841e-06,0.029934353503397636,0.05878647915960755,0.2787643665496651,0.2321917365525601,0.029934353503397636,0.05878647915960755,0.2787643665496651,0.2321917365525601
92,base,0.0017251817343800404,8.440112676764427e-06,8.440112676764427e-06,0.07178348817858789,0.13129826105926412,0.35054785472825295,0.3634899976118242,0.07178348817858789,0.13129826105926412,0.35054785472825295,0.3634899976118242
93,base,-0.0024425038415892947,8.07356733750988e-06,8.07356733750988e-06,-0.12980417579476994,-0.20138806976850532,0.220743678933483,0.1621019278433189,-0.12980417579476994,-0.20138806976850532,0.220743678933483,0.1621019278433189
94,base,-0.006701728900460052,8.007619707534654e-06,8.007619707534654e-06,-0.34194324008015553,-0.22932815951731733,-0.12119956114667252,-0.06722623167399844,-0.34194324008015553,-0.22932815951731733,-0.12119956114667252,-0.06722623167399844
95,base,0.00302234229234525,1.0383879770152229e-05,1.0383879770152229e-05,0.10791794652133556,0.17171906186128982,-0.01328161462533696,0.10449283018729139,0.10791794652133556,0.17171906186128982,-0.01328161462533696,0.10449283018729139
96,base,0.0005384133338114281,1.023932168503238e-05,1.023932168503238e-05,0.013176740726899169,0.026221365938670083,-0.0001048738984377913,0.13071419612596147,0.013176740726899169,0.026221365938670083,-0.0001048738984377913,0.13071419612596147
97,base,-0.006565411082010166,9.631898409854728e-06,9.631898409854728e-06,-0.27866334771317847,-0.21572492388493014,-0.27876822161161624,-0.08501072775896867,-0.27866334771317847,-0.21572492388493014,-0.27876822161161624,-0.08501072775896867
98,base,-0.006210434774871095,1.1798943233220277e-05,1.1798943233220277e-05,-0.2155441713304329,-0.19951482829053901,-0.49431239294204915,-0.2845255560495077,-0.2155441713304329,-0.19951482829053901,-0.49431239294204915,-0.2845255560495077
99,base,5.238809699688611e-06,1.3555406195376025e-05,1.3555406195376025e-05,-0.005655035632277394,-0.011288797474126255,-0.4999674285743265,-0.29581435352363394,-0.005655035632277394,-0.011288797474126255,-0.4999674285743265,-0.29581435352363394
100,base,-0.0023149512101311854,1.2744320792730294e-05,1.2744320792730294e-05,-0.07825969281497387,-0.134229384921154,-0.5782271213893004,-0.43004373844478794,-0.07825969281497387,-0.134229384921154,-0.5782271213893004,-0.43004373844478794
101,base,-0.0023347053966215705,1.2358681433372736e-05,1.2358681433372736e-05,-0.08133599030663276,-0.13857144425109258,-0.6595631116959332,-0.5686151826958805,-0.08133599030663276,-0.13857144425109258,-0.6595631116959332,-0.5686151826958805
102,base,0.0010601287117554682,1.2002161784373775e-05,1.2002161784373775e-05,0.028490767337493044,0.05577202242437096,-0.6310723443584402,-0.5128431602715096,0.028490767337493044,0.05577202242437096,-0.6310723443584402,-0.5128431602715096
103,base,-0.0015367992532509187,1.1326585346570429e-05,1.1326585346570429e-05,-0.060792917744056,-0.11158314669608593,-0.6918652621024962,-0.6244263069675955,-0.060792917744056,-0.11158314669608593,-0.6918652621024962,-0.6244263069675955
104,base,-0.00328590094353674,1.0827647856807978e-05,1.0827647856807978e-05,-0.12769755369919678,-0.18580665419066822,-0.819562815801693,-0.8102329611582637,-0.12769755369919678,-0.18580665419066822,-0.819562815801693,-0.8102329611582637
105,base,-0.002655530437435324,1.0906415478727998e-05,1.0906415478727998e-05,-0.10383953551090035,-0.1661672557442042,-0.9234023513125933,-0.9764002169024679,-0.10383953551090035,-0.1661672557442042,-0.9234023513125933,-0.9764002169024679
106,base,0.0006389006849661625,1.074073003536356e-05,1.074073003536356e-05,0.01627420291594563,0.0323146535252441,-0.9071281483966477,-0.9440855633772238,0.01627420291594563,0.0323146535252441,-0.9071281483966477,-0.9440855633772238
107,base,0.00310715763511904,1.0107928013219621e-05,1.0107928013219621e-05,0.11419391414964149,0.17843689354170422,-0.7929342342470062,-0.7656486698355196,0.11419391414964149,0.17843689354170422,-0.7929342342470062,-0.7656486698355196
108,base,-0.002724952899098947,1.000910015883533e-05,1.000910015883533e-05,-0.11590109948837383,-0.1803158905734943,-0.90883533373538,-0.9459645604090139,-0.11590109948837383,-0.1803158905734943,-0.90883533373538,-0.9459645604090139
109,base,-0.0032101563792457494,9.921318134308089e-06,9.921318134308089e-06,-0.1363333741079477,-0.19599712139153702,-1.0451687078433276,-1.141961681800551,-0.1363333741079477,-0.19599712139153702,-1.0451687078433276,-1.141961681800551
110,base,0.0045866512853564335,1.0023139635679766e-05,1.0023139635679766e-05,0.17373443670580646,0.21173775211376356,-0.8714342711375211,-0.9302239296867874,0.17373443670580646,0.21173775211376356,-0.8714342711375211,-0.9302239296867874
111,base,0.001372677391345667,1.0577149531295497e-05,1.0577149531295497e-05,0.04405516357431175,0.08434620299737272,-0.8273791075632094,-0.8458777266894146,0.04405516357431175,0.08434620299737272,-0.8273791075632094,-0.8458777266894146
112,base,-0.003596994927243563,1.0025254413561905e-05,1.0025254413561905e-05,-0.15023201158144683,-0.20305668971113233,-0.9776111191446563,-1.048934416400547,-0.15023201158144683,-0.20305668971113233,-0.9776111191446563,-1.048934416400547
113,base,-0.0049903543551222,1.0288046291441573e-05,1.0288046291441573e-05,-0.20013853813686688,-0.21373187192410903,-1.1777496572815231,-1.262666288324656,-0.20013853813686688,-0.21373187192410903,-1.1777496572815231,-1.262666288324656
114,base,0.0032731300421361235,1.1286161726106033e-05,1.1286161726106033e-05,0.10810813805961185,0.16891339485397427,-1.0696415192219113,-1.0937528934706817,0.10810813805961185,0.16891339485397427,-1.0696415192219113,-1.0937528934706817
115,base,0.0037511627054555236,1.117622522716729e-05,1.117622522716729e-05,0.12614468684285202,0.1831899316365977,-0.9434968323790593,-0.910562961834084,0.12614468684285202,0.1831899316365977,-0.9434968323790593,-0.910562961834084
116,base,0.0005027631010750077,1.126297367028982e-05,1.126297367028982e-05,0.010723097899893466,0.02136283230041336,-0.9327737344791659,-0.8892001295336707,0.010723097899893466,0.02136283230041336,-0.9327737344791659,-0.8892001295336707
117,base,0.005275850387048664,1.0592753000128474e-05,1.0592753000128474e-05,0.19021081919164504,0.20997382028849287,-0.7425629152875208,-0.6792263092451778,0.19021081919164504,0.20997382028849287,-0.7425629152875208,-0.6792263092451778
118,base,0.004624013625921324,1.1504010229039623e-05,1.1504010229039623e-05,0.15265901275159635,0.194705598833961,-0.5899039025359245,-0.4845207104112168,0.15265901275159635,0.194705598833961,-0.5899039025359245,-0.4845207104112168
119,base,-0.001892291539863272,1.1988926229471159e-05,1.1988926229471159e-05,-0.06920090449459687,-0.12330149501792231,-0.6591048070305214,-0.6078222054291391,-0.06920090449459687,-0.12330149501792231,-0.6591048070305214,-0.6078222054291391
120,base,0.0002597753378128627,1.1531853308419594e-05,1.1531853308419594e-05,0.00211156464437901,0.004217871236646076,-0.6569932423861424,-0.603604334192493,0.00211156464437901,0.004217871236646076,-0.6569932423861424,-0.603604334192493
121,base,-0.004054876042401252,1.0840168032325267e-05,1.0840168032325267e-05,-0.15569989204534906,-0.20001108434934034,-0.8126931344314915,-0.8036154185418334,-0.15569989204534906,-0.20001108434934034,-0.8126931344314915,-0.8036154185418334
122,base,-0.003160087339358885,1.1275185857149835e-05,1.1275185857149835e-05,-0.11820098817987122,-0.17718132182385116,-0.9308941226113627,-0.9807967403656845,-0.11820098817987122,-0.17718132182385116,-0.9308941226113627,-0.9807967403656845
123,base,0.0041890031016039875,1.127544605594355e-05,1.127544605594355e-05,0.14044390017539646,0.19089199710359583,-0.7904502224359663,-0.7899047432620887,0.14044390017539646,0.19089199710359583,-0.7904502224359663,-0.7899047432620887
124,base,0.0004991361628398646,1.1554407998549482e-05,1.1554407998549482e-05,0.010328067705502469,0.02057915434774671,-0.7801221547304639,-0.769325588914342,0.010328067705502469,0.02057915434774671,-0.7801221547304639,-0.769325588914342
125,base,0.0019018012283262488,1.0866569594759938e-05,1.0866569594759938e-05,0.062204343646474106,0.1141279292553179,-0.7179178110839898,-0.6551976596590241,0.062204343646474106,0.1141279292553179,-0.7179178110839898,-0.6551976596590241
126,base,-0.004420127624015421,1.0388667368104804e-05,1.0388667368104804e-05,-0.1764185945377884,-0.20939792135335278,-0.8943364056217782,-0.8645955810123769,-0.1764185945377884,-0.20939792135335278,-0.8943364056217782,-0.8645955810123769
127,base,-0.007301383889398425,1.1045202208612183e-05,1.1045202208612183e-05,-0.2694481912469986,-0.19976372011320276,-1.1637845968687768,-1.0643593011255796,-0.2694481912469986,-0.19976372011320276,-1.1637845968687768,-1.0643593011255796
128,base,0.005229360340348322,1.3757307007608057e-05,1.3757307007608057e-05,0.14511617668449545,0.17985176104778855,-1.0186684201842813,-0.8845075400777911,0.14511617668449545,0.17985176104778855,-1.0186684201842813,-0.8845075400777911
129,base,-0.0008413368781746022,1.4450494637705431e-05,1.4450494637705431e-05,-0.028552589283117425,-0.05566804105740708,-1.0472210094673986,-0.9401755811351982,-0.028552589283117425,-0.05566804105740708,-1.0472210094673986,-0.9401755811351982
130,base,-0.008624202109978298,1.3648329710363912e-05,1.3648329710363912e-05,-0.2565176616241072,-0.17683720660834812,-1.3037386710915058,-1.1170127877435463,-0.2565176616241072,-0.17683720660834812,-1.3037386710915058,-1.1170127877435463
131,base,-0.004354883560236501,1.7499741851176487e-05,1.7499741851176487e-05,-0.10325087135960179,-0.14798986140886505,-1.4069895424511076,-1.2650026491524113,-0.10325087135960179,-0.14798986140886505,-1.4069895424511076,-1.2650026491524113
132,base,-0.004529785038964579,1.7693707749247624e-05,1.7693707749247624e-05,-0.10604159229901741,-0.1491849337480886,-1.513031134750125,-1.4141875829005,-0.10604159229901741,-0.1491849337480886,-1.513031134750125,-1.4141875829005
133,base,0.0005868016259156375,1.7973436514917144e-05,1.7973436514917144e-05,0.008575020706308962,0.0170898004562563,-1.5044561140438162,-1.3970977824442437,0.008575020706308962,0.0170898004562563,-1.5044561140438162,-1.3970977824442437
134,base,0.009475642569100788,1.6904081081562528e-05,1.6904081081562528e-05,0.21778412012538292,0.16148370820767344,-1.2866719939184332,-1.2356140742365702,0.21778412012538292,0.16148370820767344,-1.2866719939184332,-1.2356140742365702
135,base,0.009504144589062026,2.1053855861084023e-05,2.1053855861084023e-05,0.175395460794588,0.14793960050602628,-1.1112765331238452,-1.087674473730544,0.175395460794588,0.14793960050602628,-1.1112765331238452,-1.087674473730544
136,base,0.001647191461114834,2.498642327065786e-05,2.498642327065786e-05,0.0230089837666608,0.04474247322782787,-1.0882675493571845,-1.042932000502716,0.0230089837666608,0.04474247322782787,-1.0882675493571845,-1.042932000502716
137,base,0.012113878802600585,2.3613175468613793e-05,2.3613175468613793e-05,0.20024242700600664,0.1333044955569891,-0.8880251223511779,-0.909627504945727,0.20024242700600664,0.1333044955569891,-0.8880251223511779,-0.909627504945727
138,base,-0.003917126236814114,3.0715084889299996e-05,3.0715084889299996e-05,-0.05317095417472477,-0.08980415062393377,-0.9411960765259026,-0.9994316555696607,-0.05317095417472477,-0.08980415062393377,-0.9411960765259026,-0.9994316555696607
139,base,-0.0024214069904384856,2.9888439439584065e-05,2.9888439439584065e-05,-0.03478304679442395,-0.06459590965346962,-0.9759791233203265,-1.0640275652231304,-0.03478304679442395,-0.06459590965346962,-0.9759791233203265,-1.0640275652231304
140,base,-0.00023788914102576737,2.850694038533456e-05,2.850694038533456e-05,-0.006073456085799011,-0.01211438688923483,-0.9820525794061256,-1.0761419521123652,-0.006073456085799011,-0.01211438688923483,-0.9820525794061256,-1.0761419521123652
141,base,-0.003226879826417659,2.6807945519920327e-05,2.6807945519920327e-05,-0.0507029926780048,-0.08846440321617344,-1.0327555720841304,-1.1646063553285386,-0.0507029926780048,-0.08846440321617344,-1.0327555720841304,-1.1646063553285386
142,base,0.001626160801307864,2.590342652156463e-05,2.590342652156463e-05,0.02187226879140542,0.04260606380128884,-1.010883303292725,-1.1220002915272498,0.02187226879140542,0.04260606380128884,-1.010883303292725,-1.1220002915272498
143,base,0.009793642088326423,2.4471528808989995e-05,2.4471528808989995e-05,0.15559431288512027,0.13804668088242433,-0.8552889904076046,-0.9839536106448254,0.15559431288512027,0.13804668088242433,-0.8552889904076046,-0.9839536106448254
144,base,-0.00920095147007291,2.8527342703154445e-05,2.8527342703154445e-05,-0.1307484701564327,-0.12865977038995258,-0.9860374605640374,-1.112613381034778,-0.1307484701564327,-0.12865977038995258,-0.9860374605640374,-1.112613381034778
145,base,0.0033172557869535183,3.211658494727385e-05,3.211658494727385e-05,0.03853573311976345,0.06998126848251651,-0.947501727444274,-1.0426321125522615,0.03853573311976345,0.06998126848251651,-0.947501727444274,-1.0426321125522615
146,base,-0.004926742702173769,3.077322078309375e-05,3.077322078309375e-05,-0.06608966412598836,-0.10287728891020853,-1.0135913915702623,-1.14550940146247,-0.06608966412598836,-0.10287728891020853,-1.0135913915702623,-1.14550940146247
147,base,0.006483747507186783,3.0502860608917765e-05,3.0502860608917765e-05,0.08176874004214087,0.11420453061189617,-0.9318226515281215,-1.0313048708505739,0.08176874004214087,0.11420453061189617,-0.9318226515281215,-1.0313048708505739
148,base,0.0018901512769300428,3.104301499188593e-05,3.104301499188593e-05,0.021625632462582964,0.041945206418112946,-0.9101970190655385,-0.9893596644324609,0.021625632462582964,0.041945206418112946,-0.9101970190655385,-0.9893596644324609
149,base,-0.0028317647521278657,2.9352152857455405e-05,2.9352152857455405e-05,-0.04096637732508632,-0.07416980636734127,-0.9511633963906249,-1.0635294707998022,-0.04096637732508632,-0.07416980636734127,-0.9511633963906249,-1.0635294707998022
150,base,-0.0008228726333196706,2.8141942208913948e-05,2.8141942208913948e-05,-0.0144009945734408,-0.028437616971656254,-0.9655643909640657,-1.0919670877714585,-0.0144009945734408,-0.028437616971656254,-0.9655643909640657,-1.0919670877714585
151,base,-0.0003532745826698519,2.6516007100107813e-05,2.6516007100107813e-05,-0.008256277931009347,-0.016441553353640614,-0.973820668895075,-1.108408641125099,-0.008256277931009347,-0.016441553353640614,-0.973820668895075,-1.108408641125099
152,base,-0.000861164966224217,2.494330820546784e-05,2.494330820546784e-05,-0.016856919049121972,-0.03319862363094561,-0.990677587944197,-1.1416072647560447,-0.016856919049121972,-0.03319862363094561,-0.990677587944197,-1.1416072647560447
153,base,-0.00040012621018328906,2.3514072002783614e-05,2.3514072002783614e-05,-0.010100991435720935,-0.020088826203219057,-1.000778579379918,-1.1616960909592637,-0.010100991435720935,-0.020088826203219057,-1.000778579379918,-1.1616960909592637
154,base,-0.00038807757159075706,2.212472261212279e-05,2.212472261212279e-05,-0.01051919331186703,-0.02091766364726766,-1.0112977726917851,-1.1826137546065314,-0.01051919331186703,-0.02091766364726766,-1.0112977726917851,-1.1826137546065314
155,base,0.002017084024954209,2.0817877505603947e-05,2.0817877505603947e-05,0.034667077402849224,0.06581012544336318,-0.9766306952889359,-1.1168036291631682,0.034667077402849224,0.06581012544336318,-0.9766306952889359,-1.1168036291631682
156,base,-0.0025741910098872407,1.9767258778906766e-05,1.9767258778906766e-05,-0.05565969359189718,-0.09849590580226586,-1.032290388880833,-1.215299534965434,-0.05565969359189718,-0.09849590580226586,-1.032290388880833,-1.215299534965434
157,base,0.0008359739474005935,1.9042463131569074e-05,1.9042463131569074e-05,0.013286122382491921,0.02636663682427276,-1.0190042664983412,-1.1889328981411613,0.013286122382491921,0.02636663682427276,-1.0190042664983412,-1.1889328981411613
158,base,0.00019367328482289034,1.7924304404447588e-05,1.7924304404447588e-05,-0.00010492567164997483,-0.0002096977343271078,-1.019109192169991,-1.1891425958754884,-0.00010492567164997483,-0.0002096977343271078,-1.019109192169991,-1.1891425958754884
159,base,-0.0009246355340147872,1.6848847487903204e-05,1.6848847487903204e-05,-0.026450121339578817,-0.05157449065065389,-1.04555931350957,-1.2407170865261423,-0.026450121339578817,-0.05157449065065389,-1.04555931350957,-1.2407170865261423
160,base,-0.0015747814662956114,1.591359087857052e-05,1.591359087857052e-05,-0.04421682594632973,-0.08291041399135768,-1.0897761394558998,-1.3236275005175,-0.04421682594632973,-0.08291041399135768,-1.0897761394558998,-1.3236275005175
161,base,0.003163752766601134,1.5147428478601625e-05,1.5147428478601625e-05,0.07768462158071582,0.13010508986345481,-1.012091517875184,-1.1935224106540452,0.07768462158071582,0.13010508986345481,-1.012091517875184,-1.1935224106540452
162,base,-0.0018538200219553338,1.4766177273085755e-05,1.4766177273085755e-05,-0.05515158382409991,-0.10065440122589742,-1.0672431016992838,-1.2941768118799426,-0.05515158382409991,-0.10065440122589742,-1.0672431016992838,-1.2941768118799426
163,base,0.002466308595197365,1.4132906185013559e-05,1.4132906185013559e-05,0.0636782468813509,0.11349796080165753,-1.003564854817933,-1.180678851078285,0.0636782468813509,0.11349796080165753,-1.003564854817933,-1.180678851078285
164,base,-0.0010931421420503425,1.3593532921831908e-05,1.3593532921831908e-05,-0.03770335239821078,-0.07237982321713332,-1.0412682072161439,-1.2530586742954184,-0.03770335239821078,-0.07237982321713332,-1.0412682072161439,-1.2530586742954184
165,base,0.003722519334927878,1.2878007780877404e-05,1.2878007780877404e-05,0.1085924964703563,0.16426658485983392,-0.9326757107457876,-1.0887920894355845,0.1085924964703563,0.16426658485983392,-0.9326757107457876,-1.0887920894355845
166,base,-0.0014974477132952521,1.285048696915658e-05,1.285048696915658e-05,-0.052368480856150534,-0.09738200792707108,-0.9850441916019381,-1.1861740973626556,-0.052368480856150534,-0.09738200792707108,-0.9850441916019381,-1.1861740973626556
167,base,-0.002373858552385457,1.225201430316708e-05,1.225201430316708e-05,-0.08331222398072793,-0.14110351537040522,-1.0683564155826661,-1.3272776127330608,-0.08331222398072793,-0.14110351537040522,-1.0683564155826661,-1.3272776127330608
168,base,0.002045220985388949,1.1913888208238019e-05,1.1913888208238019e-05,0.06151311969110436,0.11220925597891718,-1.0068432958915619,-1.2150683567541436,0.06151311969110436,0.11220925597891718,-1.0068432958915619,-1.2150683567541436
169,base,0.00046427238110923456,1.1403696966674386e-05,1.1403696966674386e-05,0.009251374742264265,0.01844347946018665,-0.9975919211492976,-1.196624877293957,0.009251374742264265,0.01844347946018665,-0.9975919211492976,-1.196624877293957
170,base,-0.0006949453598331007,1.072371603092693e-05,1.072371603092693e-05,-0.033058238855650915,-0.0644415244602845,-1.0306501600049485,-1.2610664017542415,-0.033058238855650915,-0.0644415244602845,-1.0306501600049485,-1.2610664017542415
171,base,-0.0015003494506090763,1.0128178386285276e-05,1.0128178386285276e-05,-0.06655806584235868,-0.12144284214751977,-1.0972082258473073,-1.3825092439017612,-0.06655806584235868,-0.12144284214751977,-1.0972082258473073,-1.3825092439017612
172,base,0.002168439308274313,9.693635253445104e-06,9.693635253445104e-06,0.0806463798952092,0.14215865169480502,-1.016561845952098,-1.2403505922069562,0.0806463798952092,0.14215865169480502,-1.016561845952098,-1.2403505922069562
173,base,-0.004296339658120159,9.34487742885217e-06,9.34487742885217e-06,-0.19086733893438793,-0.22177660792029652,-1.207429184886486,-1.4621272001272527,-0.19086733893438793,-0.22177660792029652,-1.207429184886486,-1.4621272001272527
174,base,0.0020778026410895314,9.996352707914501e-06,9.996352707914501e-06,0.0746061770311409,0.13335529729748785,-1.1328230078553452,-1.3287719028297649,0.0746061770311409,0.13335529729748785,-1.1328230078553452,-1.3287719028297649
175,base,0.0005374774244026907,9.60849793883772e-06,9.60849793883772e-06,0.014003176698058254,0.027857405320896866,-1.118819831157287,-1.300914497508868,0.014003176698058254,0.027857405320896866,-1.118819831157287,-1.300914497508868
176,base,-0.0006114473585826053,9.038885955812096e-06,9.038885955812096e-06,-0.03555449643476846,-0.06933449869340969,-1.1543743275920555,-1.3702489962022777,-0.03555449643476846,-0.06933449869340969,-1.1543743275920555,-1.3702489962022777
177,base,-0.001420516727662109,8.535905197178356e-06,8.535905197178356e-06,-0.07526235321203086,-0.13638232497306646,-1.2296366808040864,-1.5066313211753442,-0.07526235321203086,-0.13638232497306646,-1.2296366808040864,-1.5066313211753442
178,base,7.607591981839543e-05,8.18100683454431e-06,8.18100683454431e-06,-0.005934030088697398,-0.011841859813729094,-1.2355707108927838,-1.5184731809890732,-0.005934030088697398,-0.011841859813729094,-1.2355707108927838,-1.5184731809890732
179,base,0.0007163036178424226,7.69104440171546e-06,7.69104440171546e-06,0.026720983377645193,0.05274028376084772,-1.2088497275151386,-1.4657328972282255,0.026720983377645193,0.05274028376084772,-1.2088497275151386,-1.4657328972282255
180,base,-0.0038707282878085373,7.245674397878198e-06,7.245674397878198e-06,-0.22285551322435684,-0.25288494459254407,-1.4317052407394955,-1.7186178418207696,-0.22285551322435684,-0.25288494459254407,-1.4317052407394955,-1.7186178418207696
181,base,-0.0001667826215627485,7.804408435950238e-06,7.804408435950238e-06,-0.018568835672474603,-0.036866152125109686,-1.4502740764119701,-1.7554839939458793,-0.018568835672474603,-0.036866152125109686,-1.4502740764119701,-1.7554839939458793
182,base,-5.250843910488786e-05,7.344145987097141e-06,7.344145987097141e-06,-0.013557993011336242,-0.02699081089600064,-1.4638320694233065,-1.78247480484188,-0.013557993011336242,-0.02699081089600064,-1.4638320694233065,-1.78247480484188
183,base,0.001963306973315671,6.907274912906499e-06,6.907274912906499e-06,0.10139380288521657,0.17604821911265134,-1.3624382665380899,-1.6064265857292286,0.10139380288521657,0.17604821911265134,-1.3624382665380899,-1.6064265857292286
184,base,0.00021577645567622623,6.679729526227227e-06,6.679729526227227e-06,0.0010315357589592469,0.002058995660284779,-1.3614067307791307,-1.6043675900689438,0.0010315357589592469,0.002058995660284779,-1.3614067307791307,-1.6043675900689438
185,base,-0.0036158611536283203,6.278963844657572e-06,6.278963844657572e-06,-0.24105899832896036,-0.2718873545839138,-1.602465729108091,-1.8762549446528576,-0.24105899832896036,-0.2718873545839138,-1.602465729108091,-1.8762549446528576
186,base,0.0023471212931223625,6.7751471150799485e-06,6.7751471150799485e-06,0.12585145772849265,0.20486792575899937,-1.4766142713795984,-1.6713870188938582,0.12585145772849265,0.20486792575899937,-1.4766142713795984,-1.6713870188938582
187,base,-0.0005881614970533704,6.645655205673903e-06,6.645655205673903e-06,-0.04696792228732369,-0.09094130555410107,-1.523582193666922,-1.7623283244479593,-0.04696792228732369,-0.09094130555410107,-1.523582193666922,-1.7623283244479593
188,base,0.0003606728482033105,6.284037831231853e-06,6.284037831231853e-06,0.010246429136628205,0.020421771499171015,-1.5133357645302938,-1.7419065529487883,0.010246429136628205,0.020421771499171015,-1.5133357645302938,-1.7419065529487883
189,base,-0.0018021664925964537,5.9085752627305455e-06,5.9085752627305455e-06,-0.13436075467471664,-0.2189234875052133,-1.6476965192050104,-1.9608300404540016,-0.13436075467471664,-0.2189234875052133,-1.6476965192050104,-1.9608300404540016
190,base,-0.0004738785110013125,5.794199772936643e-06,5.794199772936643e-06,-0.046042980292812556,-0.08956122849266102,-1.693739499497823,-2.0503912689466626,-0.046042980292812556,-0.08956122849266102,-1.693739499497823,-2.0503912689466626
191,base,0.005109681161075744,5.4736663147757655e-06,5.4736663147757655e-06,0.3560531359669043,0.28837437981146685,-1.3376863635309186,-1.7620168891351957,0.3560531359669043,0.28837437981146685,-1.3376863635309186,-1.7620168891351957
192,base,-0.00236110998493753,6.5924798106301385e-06,6.5924798106301385e-06,-0.15406700265752887,-0.23123205546960524,-1.4917533661884474,-1.993248944604801,-0.15406700265752887,-0.23123205546960524,-1.4917533661884474,-1.993248944604801
193,base,0.0008379426279845077,6.590000403987392e-06,6.590000403987392e-06,0.038510121779430605,0.07531618447766775,-1.4532432444090169,-1.9179327601271332,0.038510121779430605,0.07531618447766775,-1.4532432444090169,-1.9179327601271332
194,base,0.0006545808523775152,6.219140291597235e-06,6.219140291597235e-06,0.02910677364213419,0.057453312100104625,-1.4241364707668827,-1.8604794480270286,0.02910677364213419,0.057453312100104625,-1.4241364707668827,-1.8604794480270286
195,base,0.00520306226093915,5.858477237182902e-06,5.858477237182902e-06,0.3389911692439347,0.279514371347358,-1.085145301522948,-1.5809650766796706,0.3389911692439347,0.279514371347358,-1.085145301522948,-1.5809650766796706
196,base,0.002742497753163053,7.009759637573701e-06,7.009759637573701e-06,0.14402170881829418,0.2200376631584362,-0.9411235927046537,-1.3609274135212344,0.14402170881829418,0.2200376631584362,-0.9411235927046537,-1.3609274135212344
197,base,0.004796067572982713,6.9775161852675255e-06,6.9775161852675255e-06,0.261477891505244,0.26011789194184587,-0.6796457011994097,-1.1008095215793885,0.261477891505244,0.26011789194184587,-0.6796457011994097,-1.1008095215793885
198,base,0.008370906243135676,7.82717103489092e-06,7.82717103489092e-06,0.41433271094770263,0.21555280602831672,-0.26531299025170707,-0.8852567155510718,0.41433271094770263,0.21555280602831672,-0.26531299025170707,-0.8852567155510718
199,base,0.0026196551327307928,1.1364919817109793e-05,1.1364919817109793e-05,0.08454177462495382,0.14416176882425713,-0.18077121562675325,-0.7410949467268146,0.08454177462495382,0.14416176882425713,-0.18077121562675325,-0.7410949467268146
200,base,0.00040465379077811805,1.1034769523627762e-05,1.1034769523627762e-05,0.00741671161725405,0.014796844603901071,-0.1733545040094992,-0.7262981021229136,0.00741671161725405,0.014796844603901071,-0.1733545040094992,-0.7262981021229136
201,base,0.0012154114365100365,1.03752354755009e-05,1.03752354755009e-05,0.03889751984611416,0.07520498349377291,-0.13445698416338503,-0.6510931186291407,0.03889751984611416,0.07520498349377291,-0.13445698416338503,-0.6510931186291407
202,base,0.001973945569328264,9.814778532968341e-06,9.814778532968341e-06,0.07178730867037876,0.12955287560858508,-0.06266967549300627,-0.5215402430205556,0.07178730867037876,0.12955287560858508,-0.06266967549300627,-0.5215402430205556
203,base,0.003421679022080754,9.41504283953234e-06,9.41504283953234e-06,0.13585428762924753,0.1985120547540946,0.07318461213624126,-0.32302818826646096,0.13585428762924753,0.1985120547540946,0.07318461213624126,-0.32302818826646096
204,base,4.6601474199857126e-05,9.473507016757955e-06,9.473507016757955e-06,-0.006359054696876804,-0.012690259306324059,0.06682555743936446,-0.335718447572785,-0.006359054696876804,-0.012690259306324059,0.06682555743936446,-0.335718447572785
205,base,-0.0021933874362248047,8.906479394620296e-06,8.906479394620296e-06,-0.10656590505647583,-0.17538390871494158,-0.03974034761711137,-0.5111023562877266,-0.10656590505647583,-0.17538390871494158,-0.03974034761711137,-0.5111023562877266
206,base,-0.004710485237100422,8.715333103986198e-06,8.715333103986198e-06,-0.22351129302727457,-0.23255945364252373,-0.26325164064438594,-0.7436618099302503,-0.22351129302727457,-0.23255945364252373,-0.26325164064438594,-0.7436618099302503
207,base,-0.0029261790793086244,9.638249854224126e-06,9.638249854224126e-06,-0.12864548967551628,-0.1922156265915067,-0.39189713031990225,-0.935877436521757,-0.12864548967551628,-0.1922156265915067,-0.39189713031990225,-0.935877436521757
208,base,-0.0015600437322600014,9.6457392896149e-06,9.6457392896149e-06,-0.0723428396673703,-0.13057763120266053,-0.46423996998727257,-1.0664550677244176,-0.0723428396673703,-0.13057763120266053,-0.46423996998727257,-1.0664550677244176
209,base,-0.00175501943360824,9.252525073352457e-06,9.252525073352457e-06,-0.08377945207554276,-0.14715417556739574,-0.5480194220628153,-1.2136092432918133,-0.08377945207554276,-0.14715417556739574,-0.5480194220628153,-1.2136092432918133
210,base,0.003347301852862713,8.926327394616021e-06,8.926327394616021e-06,0.13998581197318574,0.20417811868394597,-0.4080336100896296,-1.0094311246078673,0.13998581197318574,0.20417811868394597,-0.4080336100896296,-1.0094311246078673
211,base,0.0012557935139088506,8.985677925359835e-06,8.985677925359835e-06,0.04669603842806545,0.08955394184056331,-0.3613375716615641,-0.919877182767304,0.04669603842806545,0.08955394184056331,-0.3613375716615641,-0.919877182767304
212,base,0.0017956499791307711,8.513620501177003e-06,8.513620501177003e-06,0.07444826999954263,0.13520799345638768,-0.2868893016620215,-0.7846691893109163,0.07444826999954263,0.13520799345638768,-0.2868893016620215,-0.7846691893109163
213,base,0.0013072267892606387,8.155873286961324e-06,8.155873286961324e-06,0.05394953748358941,0.10258952518511677,-0.23293976417843207,-0.6820796641257996,0.05394953748358941,0.10258952518511677,-0.23293976417843207,-0.6820796641257996
214,base,0.0029206919611643135,7.74028901102742e-06,7.74028901102742e-06,0.13956449780775912,0.2114144062479557,-0.09337526637067295,-0.47066525787784386,0.13956449780775912,0.2114144062479557,-0.09337526637067295,-0.47066525787784386
215,base,-0.0013109309132629428,7.720519933430224e-06,7.720519933430224e-06,-0.0775784380862226,-0.14107033295599614,-0.17095370445689556,-0.61173559083384,-0.0775784380862226,-0.14107033295599614,-0.17095370445689556,-0.61173559083384
216,base,0.0027205242999773583,7.393975825710774e-06,7.393975825710774e-06,0.13535856225667656,0.21018164701798003,-0.035595142200219004,-0.40155394381585996,0.13535856225667656,0.21018164701798003,-0.035595142200219004,-0.40155394381585996
217,base,-0.0015691302934764707,7.3320000920129505e-06,7.3320000920129505e-06,-0.0956636579869167,-0.16731309186076793,-0.1312588001871357,-0.5688670356766279,-0.0956636579869167,-0.16731309186076793,-0.1312588001871357,-0.5688670356766279
218,base,-0.0019858560438659454,7.079532580182764e-06,7.079532580182764e-06,-0.12243369185902622,-0.19972211900596104,-0.25369249204616195,-0.7685891546825889,-0.12243369185902622,-0.19972211900596104,-0.25369249204616195,-0.7685891546825889
219,base,-0.000979424177994743,6.9410224216815295e-06,6.9410224216815295e-06,-0.06733814667072316,-0.12605930759296768,-0.3210306387168851,-0.8946484622755566,-0.06733814667072316,-0.12605930759296768,-0.3210306387168851,-0.8946484622755566
220,base,0.0005622338681575581,6.607799058826151e-06,6.607799058826151e-06,0.021848951333446175,0.043323344620418425,-0.2991816873834389,-0.8513251176551382,0.021848951333446175,0.043323344620418425,-0.2991816873834389,-0.8513251176551382
221,base,-0.0016458732461485212,6.219273065909853e-06,6.219273065909853e-06,-0.11767605217748062,-0.19878037327659825,-0.41685773956091954,-1.0501054909317364,-0.11767605217748062,-0.19878037327659825,-0.41685773956091954,-1.0501054909317364
222,base,-0.0001852066819516174,6.0502001206736255e-06,6.0502001206736255e-06,-0.02516113678997337,-0.04981152294543367,-0.44201887635089293,-1.0999170138771701,-0.02516113678997337,-0.04981152294543367,-0.44201887635089293,-1.0999170138771701
223,base,-0.0035979912066765236,5.696017943172673e-06,5.696017943172673e-06,-0.26448468055692137,-0.28680756685913966,-0.7065035569078143,-1.3867245807363098,-0.26448468055692137,-0.28680756685913966,-0.7065035569078143,-1.3867245807363098
224,base,-7.008282274333983e-05,6.219017823216915e-06,6.219017823216915e-06,-0.017132261838972117,-0.03406140852921524,-0.7236358187467864,-1.420785989265525,-0.017132261838972117,-0.03406140852921524,-0.7236358187467864,-1.420785989265525
225,base,-0.004527278046591482,5.850202144516751e-06,5.850202144516751e-06,-0.3205485996613018,-0.2820473754111452,-1.0441844184080882,-1.7028333646766702,-0.3205485996613018,-0.2820473754111452,-1.0441844184080882,-1.7028333646766702
226,base,0.002315533949912548,6.839119196890836e-06,6.839119196890836e-06,0.12284147367044618,0.2013927220935594,-0.921342944737642,-1.5014406425831108,0.12284147367044618,0.2013927220935594,-0.921342944737642,-1.5014406425831108
227,base,-0.001671172132382731,6.697704188690523e-06,6.697704188690523e-06,-0.11076911154599503,-0.18845813082951235,-1.032112056283637,-1.6898987734126232,-0.11076911154599503,-0.18845813082951235,-1.032112056283637,-1.6898987734126232
228,base,0.0015141963317160177,6.505562783741514e-06,6.505562783741514e-06,0.08025998361384783,0.1471976437542324,-0.9518520726697892,-1.5427011296583908,0.08025998361384783,0.1471976437542324,-0.9518520726697892,-1.5427011296583908
229,base,0.0005822128061547139,6.219106210897157e-06,6.219106210897157e-06,0.024489311629618333,0.04849449288625962,-0.9273627610401709,-1.4942066367721312,0.024489311629618333,0.04849449288625962,-0.9273627610401709,-1.4942066367721312
230,base,0.0010060333637134456,5.8547979896054935e-06,5.8547979896054935e-06,0.05473876153564007,0.10534085103809332,-0.8726239995045308,-1.3888657857340378,0.05473876153564007,0.10534085103809332,-0.8726239995045308,-1.3888657857340378
231,base,0.0033935071754800272,5.542645178570413e-06,5.542645178570413e-06,0.2287526249486348,0.28326530008780715,-0.643871374555896,-1.1056004856462307,0.2287526249486348,0.28326530008780715,-0.643871374555896,-1.1056004856462307
232,base,3.347354264105775e-05,5.822604190899357e-06,5.822604190899357e-06,-0.011241026144869647,-0.022396799059112737,-0.6551124007007657,-1.1279972847053434,-0.011241026144869647,-0.022396799059112737,-0.6551124007007657,-1.1279972847053434
233,base,-0.0002234394273048372,5.474880234951795e-06,5.474880234951795e-06,-0.03057631034936643,-0.06035606670900773,-0.6856887110501322,-1.1883533514143512,-0.03057631034936643,-0.06035606670900773,-0.6856887110501322,-1.1883533514143512
234,base,0.004199460350012432,5.157064973813031e-06,5.157064973813031e-06,0.307872274273376,0.3024966058597487,-0.3778164367767562,-0.8858567455546025,0.307872274273376,0.3024966058597487,-0.3778164367767562,-0.8858567455546025
235,base,0.0018893135409315774,5.808144014006554e-06,5.808144014006554e-06,0.11552612955306017,0.1981709918370802,-0.262290307223696,-0.6876857537175223,0.11552612955306017,0.1981709918370802,-0.262290307223696,-0.6876857537175223
236,base,0.002181671036502824,5.631204112720024e-06,5.631204112720024e-06,0.1397582579615899,0.22640746760829433,-0.12253204926210612,-0.46127828610922794,0.1397582579615899,0.22640746760829433,-0.12253204926210612,-0.46127828610922794
237,base,-0.002548751953418973,5.529330684093063e-06,5.529330684093063e-06,-0.19715672029599635,-0.270755085648716,-0.31968876955810244,-0.7320333717579439,-0.19715672029599635,-0.270755085648716,-0.31968876955810244,-0.7320333717579439
238,base,0.003320212458351495,5.650385660503885e-06,5.650385660503885e-06,0.21924334071679422,0.27820685881917573,-0.10044542884130822,-0.4538265129387682,0.21924334071679422,0.27820685881917573,-0.10044542884130822,-0.4538265129387682
239,base,0.0016982765389097847,5.896100545342888e-06,5.896100545342888e-06,0.10094537213403423,0.17881137903986932,0.0004999432927260128,-0.27501513389889887,0.10094537213403423,0.17881137903986932,0.0004999432927260128,-0.27501513389889887
240,base,-0.002432813124777948,5.6773100050241544e-06,5.6773100050241544e-06,-0.1839140773536846,-0.26125753137276764,-0.18341413406095858,-0.5362726652716665,-0.1839140773536846,-0.26125753137276764,-0.18341413406095858,-0.5362726652716665
241,base,0.002328351766410161,5.752072364680223e-06,5.752072364680223e-06,0.14694076539473389,0.2324004686890886,-0.03647336866622469,-0.3038721965825779,0.14694076539473389,0.2324004686890886,-0.03647336866622469,-0.3038721965825779
242,base,-0.000638324431251207,5.6791464488023235e-06,5.6791464488023235e-06,-0.05846627596431264,-0.11208135020415622,-0.09493964463053733,-0.41595354678673413,-0.05846627596431264,-0.11208135020415622,-0.09493964463053733,-0.41595354678673413
243,base,-0.0006647392933608482,5.380405403323675e-06,5.380405403323675e-06,-0.06366074783966681,-0.12143750064422765,-0.15860039247020413,-0.5373910474309618,-0.06366074783966681,-0.12143750064422765,-0.15860039247020413,-0.5373910474309618
244,base,0.00020092257216091354,5.102282960778413e-06,5.102282960778413e-06,0.00019520313823699883,0.00038940460923075904,-0.15840518933196712,-0.537001642821731,0.00019520313823699883,0.00038940460923075904,-0.15840518933196712,-0.537001642821731
245,base,0.00031719718933496244,4.796146361099683e-06,4.796146361099683e-06,0.009828036760771923,0.019583358067448486,-0.1485771525711952,-0.5174182847542825,0.009828036760771923,0.019583358067448486,-0.1485771525711952,-0.5174182847542825
246,base,0.0013494283706941734,4.509224164750721e-06,4.509224164750721e-06,0.10129286862157971,0.18408514356463268,-0.04728428394961548,-0.33333314118964985,0.10129286862157971,0.18408514356463268,-0.04728428394961548,-0.33333314118964985
247,base,0.003506169817710665,4.3181609395359324e-06,4.3181609395359324e-06,0.3039724664844268,0.32937063495423846,0.2566881825348113,-0.003962506235411389,0.3039724664844268,0.32937063495423846,0.2566881825348113,-0.003962506235411389
248,base,0.0035427277860383918,4.71554671277976e-06,4.71554671277976e-06,0.2814327251089645,0.31414220805564685,0.5381209076437758,0.31017970182023546,0.2814327251089645,0.31414220805564685,0.5381209076437758,0.31017970182023546
249,base,-0.002303957072193507,5.103680514332226e-06,5.103680514332226e-06,-0.19456623008358723,-0.27587212882917633,0.34355467756018865,0.03430757299105913,-0.19456623008358723,-0.27587212882917633,0.34355467756018865,0.03430757299105913
250,base,0.0017979718550016899,5.173170951602917e-06,5.173170951602917e-06,0.12269954018481574,0.21029611646105817,0.4662542177450044,0.2446036894521173,0.12269954018481574,0.21029611646105817,0.4662542177450044,0.2446036894521173
251,base,0.002673218978520595,5.016296064232403e-06,5.016296064232403e-06,0.19577512403468486,0.27797259844914457,0.6620293417796893,0.5225762879012619,0.19577512403468486,0.27797259844914457,0.6620293417796893,0.5225762879012619
252,base,0.0007437516301517077,5.0827982678221476e-06,5.0827982678221476e-06,0.04257582665864767,0.08331706171034181,0.704605168438337,0.6058933496116037,0.04257582665864767,0.08331706171034181,0.704605168438337,0.6058933496116037
253,base,0.0006184296829651343,4.795674044781033e-06,4.795674044781033e-06,0.03475494894191399,0.06848574215108982,0.739360117380251,0.6743790917626935,0.03475494894191399,0.06848574215108982,0.739360117380251,0.6743790917626935
254,base,-0.0032752295957668176,4.518518458132922e-06,4.518518458132922e-06,-0.30506226644625534,-0.3226105316618195,0.43429785093399564,0.351768560100874,-0.30506226644625534,-0.3226105316618195,0.43429785093399564,0.351768560100874
255,base,-0.0038186237416173367,4.971378797919711e-06,4.971378797919711e-06,-0.3206478814376483,-0.3079041631695594,0.11364996949634737,0.04386439693131461,-0.3206478814376483,-0.3079041631695594,0.11364996949634737,0.04386439693131461
256,base,0.00350835579601448,5.64129097567628e-06,5.64129097567628e-06,0.23283136587682413,0.28248322171637863,0.3464813353731715,0.32634761864769324,0.23283136587682413,0.28248322171637863,0.3464813353731715,0.32634761864769324
257,base,-0.0007453909734700615,5.960156915697404e-06,5.960156915697404e-06,-0.06283815542402028,-0.11947775008292982,0.2836431799491512,0.20686986856476342,-0.06283815542402028,-0.11947775008292982,0.2836431799491512,0.20686986856476342
258,base,0.0001238605072851708,5.655993423019122e-06,5.655993423019122e-06,-0.00523059356964248,-0.010433573015752096,0.2784125863795087,0.19643629554901132,-0.00523059356964248,-0.010433573015752096,0.2784125863795087,0.19643629554901132
259,base,0.003619435638109947,5.316967299390089e-06,5.316967299390089e-06,0.2553238922025853,0.29435705736144335,0.5337364785820939,0.49079335291045467,0.2553238922025853,0.29435705736144335,0.5337364785820939,0.49079335291045467
260,base,0.002934321498796803,5.700153138662772e-06,5.700153138662772e-06,0.19046472418900878,0.2647020430371603,0.7242012027711027,0.755495395947615,0.19046472418900878,0.2647020430371603,0.7242012027711027,0.755495395947615
261,base,-0.004301056983611056,5.807255768184157e-06,5.807255768184157e-06,-0.3074608581655805,-0.2843297636395983,0.4167403446055222,0.47116563230801667,-0.3074608581655805,-0.2843297636395983,0.4167403446055222,0.47116563230801667
262,base,-0.003641532598916313,6.673534067260164e-06,6.673534067260164e-06,-0.22833296436980596,-0.2628511901640529,0.1884073802357162,0.20831444214396377,-0.22833296436980596,-0.2628511901640529,0.1884073802357162,0.20831444214396377
263,base,-0.0014835505235333678,7.157832816413306e-06,7.157832816413306e-06,-0.09324690029976403,-0.16455921492682624,0.09516047993595218,0.04375522721713754,-0.09324690029976403,-0.16455921492682624,0.09516047993595218,0.04375522721713754
264,base,0.002918063432639145,6.898102864227259e-06,6.898102864227259e-06,0.15645265126918176,0.23030565717857954,0.25161313120513396,0.2740608843957171,0.15645265126918176,0.23030565717857954,0.25161313120513396,0.2740608843957171
265,base,-0.006176374865100947,6.928006699344331e-06,6.928006699344331e-06,-0.36513786928184067,-0.24709279058149036,-0.11352473807670671,0.026968093814226712,-0.36513786928184067,-0.24709279058149036,-0.11352473807670671,0.026968093814226712
266,base,-0.001217748404795509,8.950601286179368e-06,8.950601286179368e-06,-0.06278557984892312,-0.11669980397915047,-0.17631031792562984,-0.08973171016492376,-0.06278557984892312,-0.11669980397915047,-0.17631031792562984,-0.08973171016492376
267,base,0.0011124494310730485,8.533895945222998e-06,8.533895945222998e-06,0.042502626172043693,0.08220167191174355,-0.13380769175358614,-0.007530038253180216,0.042502626172043693,0.08220167191174355,-0.13380769175358614,-0.007530038253180216
268,base,0.003395550897891956,8.071989977428763e-06,8.071989977428763e-06,0.1571738367195201,0.22089120080810698,0.02336614496593395,0.21336116255492676,0.1571738367195201,0.22089120080810698,0.02336614496593395,0.21336116255492676
269,base,-0.000582860479520506,8.200972138777206e-06,8.200972138777206e-06,-0.03780393758399101,-0.07366617346879245,-0.014437792618057062,0.1396949890861343,-0.03780393758399101,-0.07366617346879245,-0.014437792618057062,0.1396949890861343
270,base,0.004723009266271311,7.745537077164043e-06,7.745537077164043e-06,0.23180766041503723,0.24638646921166174,0.21736986779698017,0.38608145829779605,0.23180766041503723,0.24638646921166174,0.21736986779698017,0.38608145829779605
271,base,-0.0005274891958148869,8.509123298646877e-06,8.509123298646877e-06,-0.03385264229030217,-0.06623859301889645,0.18351722550667798,0.3198428652788996,-0.03385264229030217,-0.06623859301889645,0.18351722550667798,0.3198428652788996
272,base,-0.0023047800435913503,8.030191914330657e-06,8.030191914330657e-06,-0.12369946618629565,-0.1961482430569612,0.05981775932038233,0.12369462222193839,-0.12369946618629565,-0.1961482430569612,0.05981775932038233,0.12369462222193839
273,base,-0.0005873747551574437,7.924338833688123e-06,7.924338833688123e-06,-0.03934970785925659,-0.07658763459746254,0.020468051461125743,0.04710698762447585,-0.03934970785925659,-0.07658763459746254,0.020468051461125743,0.04710698762447585
274,base,0.006424783902929566,7.485926218998131e-06,7.485926218998131e-06,0.3300569831618383,0.2421084815581045,0.350525034622964,0.28921546918258034,0.3300569831618383,0.2421084815581045,0.350525034622964,0.28921546918258034
275,base,0.0058443486250484905,9.362832548444454e-06,9.362832548444454e-06,0.2392919827355283,0.22413262768745934,0.5898170173584923,0.5133480968700397,0.2392919827355283,0.22413262768745934,0.5898170173584923,0.5133480968700397
276,base,0.000847225050732008,1.0713658144798394e-05,1.0713658144798394e-05,0.02403149472333421,0.04738533296043013,0.6138485120818266,0.5607334298304698,0.02403149472333421,0.04738533296043013,0.6138485120818266,0.5607334298304698
277,base,0.0027021831950754865,1.0096096104221818e-05,1.0096096104221818e-05,0.09841028756476093,0.16293415856618143,0.7122587996465874,0.7236675883966512,0.09841028756476093,0.16293415856618143,0.7122587996465874,0.7236675883966512
278,base,0.0009396683144706557,9.866462339966049e-06,9.866462339966049e-06,0.02981302151225412,0.05846487479834295,0.7420718211588415,0.7821324631949942,0.02981302151225412,0.05846487479834295,0.7420718211588415,0.7821324631949942
279,base,0.0033181494573586425,9.307442192868333e-06,9.307442192868333e-06,0.13301084784690798,0.19712760865248669,0.8750826690057495,0.9792600718474809,0.13301084784690798,0.19712760865248669,0.8750826690057495,0.9792600718474809
280,base,-0.004061912465178127,9.332961108003345e-06,9.332961108003345e-06,-0.18114349819773695,-0.21971136079086673,0.6939391708080125,0.7595487110566141,-0.18114349819773695,-0.21971136079086673,0.6939391708080125,0.7595487110566141
281,base,-0.000629455920905749,9.862005671494658e-06,9.862005671494658e-06,-0.033311610672654056,-0.06503279790449312,0.6606275601353584,0.694515913152121,-0.033311610672654056,-0.06503279790449312,0.6606275601353584,0.694515913152121
282,base,-0.0009635945065036502,9.31140731825611e-06,9.31140731825611e-06,-0.04952140470762481,-0.09435704615558294,0.6111061554277336,0.6001588669965381,-0.04952140470762481,-0.09435704615558294,0.6111061554277336,0.6001588669965381
283,base,0.0018085759708200001,8.833738523817393e-06,8.833738523817393e-06,0.07233106094367292,0.13161395851847946,0.6834372163714065,0.7317728255150175,0.07233106094367292,0.13161395851847946,0.6834372163714065,0.7317728255150175
284,base,2.490417781633947e-05,8.45927175821691e-06,8.45927175821691e-06,-0.008139304364037925,-0.016234206648682026,0.6752979120073686,0.7155386188663355,-0.008139304364037925,-0.016234206648682026,0.6752979120073686,0.7155386188663355
285,base,-0.0033554702815896385,7.953521765127069e-06,7.953521765127069e-06,-0.17731403338756313,-0.23175006014200417,0.4979838786198054,0.48378855872433135,-0.17731403338756313,-0.23175006014200417,0.4979838786198054,0.48378855872433135
286,base,0.002826553735909044,8.234115513352462e-06,8.234115513352462e-06,0.12665757584119472,0.19778750806855694,0.6246414544610002,0.6815760667928883,0.12665757584119472,0.19778750806855694,0.6246414544610002,0.6815760667928883
287,base,0.001150468602367562,8.154496101329656e-06,8.154496101329656e-06,0.04633026457946891,0.08921811463343143,0.670971719040469,0.7707941814263197,0.04633026457946891,0.08921811463343143,0.670971719040469,0.7707941814263197
288,base,0.0009137044972409109,7.719610961905194e-06,7.719610961905194e-06,0.03676946329506537,0.07183333485914112,0.7077411823355344,0.8426275162854608,0.03676946329506537,0.07183333485914112,0.7077411823355344,0.8426275162854608
289,base,-0.0027143632969269965,7.287132845639137e-06,7.287132845639137e-06,-0.1586170466078263,-0.2283535372915928,0.5491241357277081,0.614273978993868,-0.1586170466078263,-0.2283535372915928,0.5491241357277081,0.614273978993868
290,base,0.0043639310934078315,7.358960714842418e-06,7.358960714842418e-06,0.2246218663382048,0.2514380762773305,0.7737460020659129,0.8657120552711985,0.2246218663382048,0.2514380762773305,0.7737460020659129,0.8657120552711985
291,base,-0.005489325200547183,7.958515681894443e-06,7.958515681894443e-06,-0.2836004776529307,-0.24081466692055464,0.4901455244129822,0.6248973883506439,-0.2836004776529307,-0.24081466692055464,0.4901455244129822,0.6248973883506439
292,base,-0.0020678127905632768,9.422026485416652e-06,9.422026485416652e-06,-0.09544611558358962,-0.16138990792321195,0.3946994088293926,0.46350748042743195,-0.09544611558358962,-0.16138990792321195,0.3946994088293926,0.46350748042743195
293,base,0.0037606015570531203,9.164851574304717e-06,9.164851574304717e-06,0.15423785054633923,0.2109457942058719,0.5489372593757318,0.6744532746333038,0.15423785054633923,0.2109457942058719,0.5489372593757318,0.6744532746333038
294,base,-0.0036173350641215446,9.37631184772375e-06,9.37631184772375e-06,-0.16149053536661795,-0.21271461063615016,0.38744672400911384,0.4617386639971537,-0.16149053536661795,-0.21271461063615016,0.38744672400911384,0.4617386639971537
295,base,0.00500106882258012,9.68732899609743e-06,9.68732899609743e-06,0.19673285825808365,0.21929605827492527,0.5841795822671975,0.681034722272079,0.19673285825808365,0.21929605827492527,0.5841795822671975,0.681034722272079
296,base,0.005633600784616492,1.0490019607151756e-05,1.0490019607151756e-05,0.20560692447686552,0.2120583831552625,0.789786506744063,0.8930931054273414,0.20560692447686552,0.2120583831552625,0.789786506744063,0.8930931054273414
297,base,-0.0008513025032107026,1.1633094602667351e-05,1.1633094602667351e-05,-0.0358076389529529,-0.06935057794443988,0.7539788677911101,0.8237425274829016,-0.0358076389529529,-0.06935057794443988,0.7539788677911101,0.8237425274829016
298,base,-0.005253008031952209,1.1001223046778465e-05,1.1001223046778465e-05,-0.1966383360641639,-0.2068914117045466,0.5573405317269462,0.6168511157783549,-0.1966383360641639,-0.2068914117045466,0.5573405317269462,0.6168511157783549
299,base,0.0038179992758561932,1.2124228942738895e-05,1.2124228942738895e-05,0.11846888463765853,0.17410380350465537,0.6758094163646047,0.7909549192830103,0.11846888463765853,0.17410380350465537,0.6758094163646047,0.7909549192830103
300,base,0.0008803225918958765,1.2182859625671108e-05,1.2182859625671108e-05,0.022211465320542093,0.043819019969816964,0.6980208816851468,0.8347739392528273,0.022211465320542093,0.043819019969816964,0.6980208816851468,0.8347739392528273
301,base,0.001549489633538458,1.1479788114300656e-05,1.1479788114300656e-05,0.04670309552621756,0.08861478782021237,0.7447239772113643,0.9233887270730397,0.04670309552621756,0.08861478782021237,0.7447239772113643,0.9233887270730397
302,base,0.0037130115721096474,1.0900525360520345e-05,1.0900525360520345e-05,0.1279463187882816,0.1856318628890623,0.872670295999646,1.109020589962102,0.1279463187882816,0.1856318628890623,0.872670295999646,1.109020589962102
303,base,0.002375038541551698,1.0987638153468637e-05,1.0987638153468637e-05,0.07861019828646042,0.1373436691382519,0.9512804942861064,1.2463642591003539,0.07861019828646042,0.1373436691382519,0.9512804942861064,1.2463642591003539
304,base,-0.0040168080344899545,1.0612641867921752e-05,1.0612641867921752e-05,-0.1576145375353458,-0.20223514094886497,0.7936659567507606,1.044129118151489,-0.1576145375353458,-0.20223514094886497,0.7936659567507606,1.044129118151489
305,base,0.0016037083006258776,1.104196850547199e-05,1.104196850547199e-05,0.05050340296921475,0.09522511570134906,0.8441693597199753,1.139354233852838,0.05050340296921475,0.09522511570134906,0.8441693597199753,1.139354233852838
306,base,-0.002093592987575402,1.0497941738919651e-05,1.0497941738919651e-05,-0.08663851338556712,-0.14837702223293192,0.7575308463344081,0.990977211619906,-0.08663851338556712,-0.14837702223293192,0.7575308463344081,0.990977211619906
307,base,-0.0013512981534549305,1.0183262638460578e-05,1.0183262638460578e-05,-0.060389743993675575,-0.11185602510201331,0.6971411023407326,0.8791211865178927,-0.060389743993675575,-0.11185602510201331,0.6971411023407326,0.8791211865178927
308,base,-0.0001688817437661941,9.716363103616722e-06,9.716363103616722e-06,-0.015000650059603951,-0.029823243838185576,0.6821404522811286,0.8492979426797072,-0.015000650059603951,-0.029823243838185576,0.6821404522811286,0.8492979426797072
309,base,0.002347961088377492,9.141475629835048e-06,9.141475629835048e-06,0.09331047058302597,0.15955374659750543,0.7754509228641546,1.0088516892772126,0.09331047058302597,0.15955374659750543,0.7754509228641546,1.0088516892772126
310,base,-0.0004600895529509976,8.870220588892958e-06,8.870220588892958e-06,-0.02945929186192071,-0.057891417556278135,0.7459916310022339,0.9509602717209344,-0.02945929186192071,-0.057891417556278135,0.7459916310022339,0.9509602717209344
311,base,0.001866842004204331,8.364024866462444e-06,8.364024866462444e-06,0.07915747883541503,0.14233142795109366,0.8251491098376489,1.093291699672028,0.07915747883541503,0.14233142795109366,0.8251491098376489,1.093291699672028
312,base,0.002515799016956699,8.029202755380157e-06,8.029202755380157e-06,0.11453163825484046,0.1871148700153471,0.9396807480924894,1.2804065696873752,0.11453163825484046,0.1871148700153471,0.9396807480924894,1.2804065696873752
313,base,0.00385036311040173,7.869667351019842e-06,7.869667351019842e-06,0.18414840256703058,0.23521827233736037,1.12382915065952,1.5156248420247356,0.18414840256703058,0.23521827233736037,1.12382915065952,1.5156248420247356
314,base,0.00022049736045263337,8.197691818656263e-06,8.197691818656263e-06,0.0010690515051819175,0.0021346437149283304,1.1248982021647018,1.517759485739664,0.0010690515051819175,0.0021346437149283304,1.1248982021647018,1.517759485739664
315,base,0.005062815054989199,7.705859573474732e-06,7.705859573474732e-06,0.2505000742696437,0.24751471108025047,1.3753982764343455,1.7652741968199144,0.2505000742696437,0.24751471108025047,1.3753982764343455,1.7652741968199144
316,base,-0.00045830645967324046,8.66325261626627e-06,8.66325261626627e-06,-0.03008140845633208,-0.05909461977781394,1.3453168679780134,1.7061795770421004,-0.03008140845633208,-0.05909461977781394,1.3453168679780134,1.7061795770421004
317,base,-0.005231300865170775,8.16933426244612e-06,8.16933426244612e-06,-0.26374832639937684,-0.23940311835710038,1.0815685415786365,1.466776458685,-0.26374832639937684,-0.23940311835710038,1.0815685415786365,1.466776458685
318,base,0.004229108353748364,9.448081569653093e-06,9.448081569653093e-06,0.16929176480106392,0.21512392101534283,1.2508603063797004,1.681900379700343,0.16929176480106392,0.21512392101534283,1.2508603063797004,1.681900379700343
319,base,0.0008556140119536947,9.855987123430415e-06,9.855987123430415e-06,0.02646048221999985,0.05209200418481519,1.2773207885997002,1.733992383885158,0.02646048221999985,0.05209200418481519,1.2773207885997002,1.733992383885158
320,base,-0.0002318918891253386,9.29054271001579e-06,9.29054271001579e-06,-0.018379527874241915,-0.03646574578946993,1.2589412607254582,1.6975266380956882,-0.018379527874241915,-0.03646574578946993,1.2589412607254582,1.6975266380956882
321,base,-0.000127222792021182,8.74421986969822e-06,8.74421986969822e-06,-0.014777811472885226,-0.029392936079262633,1.244163449252573,1.6681337020164255,-0.014777811472885226,-0.029392936079262633,1.244163449252573,1.6681337020164255
322,base,-0.001531358011313808,8.225928985874133e-06,8.225928985874133e-06,-0.08344552323304875,-0.14866309176243497,1.1607179260195244,1.5194706102539906,-0.08344552323304875,-0.14866309176243497,1.1607179260195244,1.5194706102539906
323,base,0.0007112031454833633,7.91189964921535e-06,7.91189964921535e-06,0.025719268654686475,0.0507928178551218,1.186437194674211,1.5702634281091123,0.025719268654686475,0.0507928178551218,1.186437194674211,1.5702634281091123
324,base,0.00518100602475141,7.452962912818844e-06,7.452962912818844e-06,0.2652930917639725,0.25135805842844583,1.4517302864381834,1.8216214865375582,0.2652930917639725,0.25135805842844583,1.4517302864381834,1.8216214865375582
325,base,-0.0017107560912284466,8.495359313390218e-06,8.495359313390218e-06,-0.08917888397750112,-0.15586577389323875,1.3625514024606822,1.6657557126443194,-0.08917888397750112,-0.15586577389323875,1.3625514024606822,1.6657557126443194
326,base,0.0007859827727455191,8.204333282627194e-06,8.204333282627194e-06,0.02841946077490236,0.055966036824078635,1.3909708632355846,1.721721749468398,0.02841946077490236,0.055966036824078635,1.3909708632355846,1.721721749468398
327,base,0.004461739187301627,7.732787601204651e-06,7.732787601204651e-06,0.21878219252860617,0.24524333104808838,1.6097530557641908,1.9669650805164864,0.21878219252860617,0.24524333104808838,1.6097530557641908,1.9669650805164864
328,base,0.004047683853071644,8.359377510184092e-06,8.359377510184092e-06,0.18272754778393194,0.22961175049246663,1.7924806035481227,2.196576831008953,0.18272754778393194,0.22961175049246663,1.7924806035481227,2.196576831008953
329,base,-0.002249060649087614,8.746828164898411e-06,8.746828164898411e-06,-0.11103677402043417,-0.18063470495830103,1.6814438295276886,2.015942126050652,-0.11103677402043417,-0.18063470495830103,1.6814438295276886,2.015942126050652
330,base,-0.0035544509955937865,8.581426022207969e-06,8.581426022207969e-06,-0.1735412763277046,-0.22423075767046452,1.507902553199984,1.7917113683801875,-0.1735412763277046,-0.22423075767046452,1.507902553199984,1.7917113683801875
331,base,-0.0025895336161287767,8.911579615223012e-06,8.911579615223012e-06,-0.12414498330980098,-0.19221020132659206,1.383757569890183,1.5995011670535955,-0.12414498330980098,-0.19221020132659206,1.383757569890183,1.5995011670535955
332,base,0.0022760456321866424,8.843243517475554e-06,8.843243517475554e-06,0.09323021714522607,0.16020124086823362,1.4769877870354091,1.759702407921829,0.09323021714522607,0.16020124086823362,1.4769877870354091,1.759702407921829
333,base,-0.0005113305071840606,8.57164242287715e-06,8.57164242287715e-06,-0.03285766196375312,-0.06435858159316599,1.444130125071656,1.695343826328663,-0.03285766196375312,-0.06435858159316599,1.444130125071656,1.695343826328663
334,base,0.0020986825226979628,8.087568002577966e-06,8.087568002577966e-06,0.09323882369297676,0.1621300966878838,1.537368948764633,1.857473923016547,0.09323882369297676,0.1621300966878838,1.537368948764633,1.857473923016547
335,base,-0.0015115448420472788,7.818975446728638e-06,7.818975446728638e-06,-0.08678305542339422,-0.15413265233954299,1.4505858933412388,1.703341270677004,-0.08678305542339422,-0.15413265233954299,1.4505858933412388,1.703341270677004
336,base,0.0015878245634713224,7.525274207335476e-06,7.525274207335476e-06,0.0732669534046155,0.13479697173044336,1.5238528467458543,1.8381382424074473,0.0732669534046155,0.13479697173044336,1.5238528467458543,1.8381382424074473
337,base,-0.0034907025346365968,7.189585674741288e-06,7.189585674741288e-06,-0.20361877339226248,-0.2495527274549394,1.3202340733535918,1.5885855149525079,-0.20361877339226248,-0.2495527274549394,1.3202340733535918,1.5885855149525079
338,base,0.0034935389891769765,7.574784806419793e-06,7.574784806419793e-06,0.17262401920832418,0.233466068824435,1.492858092561916,1.8220515837769429,0.17262401920832418,0.233466068824435,1.492858092561916,1.8220515837769429
339,base,0.0014887378473910366,7.771769154359763e-06,7.771769154359763e-06,0.06588381346734681,0.1228089188577961,1.5587419060292627,1.944860502634739,0.06588381346734681,0.1228089188577961,1.5587419060292627,1.944860502634739
340,base,-0.0005412659348787898,7.405359344503335e-06,7.405359344503335e-06,-0.039636600132987615,-0.07723852515326879,1.5191053058962751,1.8676219774814702,-0.039636600132987615,-0.07723852515326879,1.5191053058962751,1.8676219774814702
341,base,-0.0009289749991068689,6.9938652526660125e-06,6.9938652526660125e-06,-0.06396692734017662,-0.12042979236099605,1.4551383785560985,1.7471921851204741,-0.06396692734017662,-0.12042979236099605,1.4551383785560985,1.7471921851204741
342,base,-0.0016582101165361603,6.65049351873716e-06,6.65049351873716e-06,-0.11078201688663042,-0.1886682702545448,1.344356361669468,1.5585239148659293,-0.11078201688663042,-0.1886682702545448,1.344356361669468,1.5585239148659293
343,base,0.0009881273041244237,6.458286804232248e-06,6.458286804232248e-06,0.04852352044585626,0.09384358307629181,1.3928798821153243,1.6523674979422212,0.04852352044585626,0.09384358307629181,1.3928798821153243,1.6523674979422212
344,base,-0.000868805333523333,6.108208545486777e-06,6.108208545486777e-06,-0.06933280287804665,-0.13030824186364054,1.3235470792372777,1.5220592560785806,-0.06933280287804665,-0.13030824186364054,1.3235470792372777,1.5220592560785806
345,base,-0.005466746754308163,5.810053292418936e-06,5.810053292418936e-06,-0.38692917857370407,-0.2723318608728036,0.9366179006635735,1.249727395205777,-0.38692917857370407,-0.2723318608728036,0.9366179006635735,1.249727395205777
346,base,0.00793092920787934,7.387091992358953e-06,7.387091992358953e-06,0.4153811723885366,0.22464695973824522,1.35199907305211,1.4743743549440222,0.4153811723885366,0.22464695973824522,1.35199907305211,1.4743743549440222
347,base,-0.0043387273809788,1.053137516696787e-05,1.053137516696787e-05,-0.17096080843308512,-0.20695476114943734,1.181038264619025,1.267419593794585,-0.17096080843308512,-0.20695476114943734,1.181038264619025,1.267419593794585
348,base,0.002863384279034387,1.1134631062951041e-05,1.1134631062951041e-05,0.09497651058483537,0.1565312015402327,1.2760147752038604,1.4239507953348176,0.09497651058483537,0.1565312015402327,1.2760147752038604,1.4239507953348176
349,base,-0.0033938693439063213,1.0892677610705255e-05,1.0892677610705255e-05,-0.1308685336974456,-0.1875379887514299,1.1451462415064149,1.2364128065833877,-0.1308685336974456,-0.1875379887514299,1.1451462415064149,1.2364128065833877
350,base,-0.004681407852428688,1.1013386370357001e-05,1.1013386370357001e-05,-0.1758257325590939,-0.20430068276079272,0.9693205089473209,1.032112123822595,-0.1758257325590939,-0.20430068276079272,0.9693205089473209,1.032112123822595
351,base,0.00925741778876178,1.1781342104640417e-05,1.1781342104640417e-05,0.3051302014568555,0.18370360828505117,1.2744507104041765,1.2158157321076462,0.3051302014568555,0.18370360828505117,1.2744507104041765,1.2158157321076462
352,base,-0.00983491882028487,1.5998395971980233e-05,1.5998395971980233e-05,-0.24886749698914395,-0.16068746826394165,1.0255832134150324,1.0551282638437045,-0.24886749698914395,-0.16068746826394165,1.0255832134150324,1.0551282638437045
353,base,0.0008655467424962435,2.1078556695506825e-05,2.1078556695506825e-05,0.012559480974122699,0.02492813715843223,1.0381426943891552,1.0800564010021367,0.012559480974122699,0.02492813715843223,1.0381426943891552,1.0800564010021367
354,base,0.00024134683215259895,1.984054736374293e-05,1.984054736374293e-05,0.0008587139430349154,0.0017162396618024545,1.0390014083321901,1.0817726406639392,0.0008587139430349154,0.0017162396618024545,1.0390014083321901,1.0817726406639392
355,base,-0.002525861129799754,1.8650225122308754e-05,1.8650225122308754e-05,-0.05796503987763245,-0.1022996334209978,0.9810363684545577,0.9794730072429414,-0.05796503987763245,-0.1022996334209978,0.9810363684545577,0.9794730072429414
356,base,-0.0007124931854374604,1.797651168843523e-05,1.797651168843523e-05,-0.020107938352799105,-0.03957861924324391,0.9609284301017585,0.9398943879996975,-0.020107938352799105,-0.03957861924324391,0.9609284301017585,0.9398943879996975
357,base,-0.000908454013996959,1.6947705958883086e-05,1.6947705958883086e-05,-0.025916948491460125,-0.05057721642806268,0.9350114816102985,0.8893171715716348,-0.025916948491460125,-0.05057721642806268,0.9350114816102985,0.8893171715716348
358,base,0.0038271426587626754,1.6004352836492534e-05,1.6004352836492534e-05,0.08997378533199508,0.14115341319609698,1.0249852669422936,1.0304705847677318,0.08997378533199508,0.14115341319609698,1.0249852669422936,1.0304705847677318
359,base,0.002858886345931204,1.5834152533811477e-05,1.5834152533811477e-05,0.06667508783091856,0.1159878517064934,1.0916603547732122,1.1464584364742252,0.06667508783091856,0.1159878517064934,1.0916603547732122,1.1464584364742252
360,base,-0.008514578029163252,1.5308790583531213e-05,1.5308790583531213e-05,-0.2258529819282951,-0.17025313493783756,0.8658073728449172,0.9762053015363876,-0.2258529819282951,-0.17025313493783756,0.8658073728449172,0.9762053015363876
361,base,-0.001900457909735192,1.8945235593648813e-05,1.8945235593648813e-05,-0.04396277670163492,-0.08155338812277346,0.8218445961432822,0.8946519134136142,-0.04396277670163492,-0.08155338812277346,0.8218445961432822,0.8946519134136142
362,base,0.0038453796145048232,1.807283692781471e-05,1.807283692781471e-05,0.08007647606558366,0.12854956492123382,0.9019210722088659,1.023201478334848,0.08007647606558366,0.12854956492123382,0.9019210722088659,1.023201478334848
363,base,-0.014117966330416476,1.7786488773370057e-05,1.7786488773370057e-05,-0.31940552526160626,-0.13195710089547052,0.5825155469472596,0.8912443774393775,-0.31940552526160626,-0.13195710089547052,0.5825155469472596,0.8912443774393775
364,base,-0.012418145574213533,2.901682195679385e-05,2.901682195679385e-05,-0.1725402854440934,-0.12199571216098182,0.4099752615031662,0.7692486652783956,-0.1725402854440934,-0.12199571216098182,0.4099752615031662,0.7692486652783956
365,base,0.002388400978092557,3.6826465198180625e-05,3.6826465198180625e-05,0.023598327003425304,0.04521844542930964,0.4335735885065915,0.8144671107077053,0.023598327003425304,0.04521844542930964,0.4335735885065915,0.8144671107077053
366,base,0.0021545124510665035,3.490464020619789e-05,3.490464020619789e-05,0.022238592232762058,0.04289442112466357,0.45581218073935353,0.8573615318323689,0.022238592232762058,0.04289442112466357,0.45581218073935353,0.8573615318323689
367,base,0.0058102870453329205,3.3039941368365956e-05,3.3039941368365956e-05,0.06740127773904153,0.10227831555899236,0.5232134584783951,0.9596398473913612,0.06740127773904153,0.10227831555899236,0.5232134584783951,0.9596398473913612
368,base,-0.004349010919072138,3.294713290740127e-05,3.294713290740127e-05,-0.05477056794633047,-0.09056571550398163,0.4684428905320646,0.8690741318873796,-0.05477056794633047,-0.09056571550398163,0.4684428905320646,0.8690741318873796
369,base,-0.00200985524123584,3.221104862636873e-05,3.221104862636873e-05,-0.027204851714466547,-0.05177710614912989,0.44123803881759804,0.8172970257382497,-0.027204851714466547,-0.05177710614912989,0.44123803881759804,0.8172970257382497
370,base,0.005572647526457952,3.0570972546383386e-05,3.0570972546383386e-05,0.06976005964599975,0.1060816832844571,0.5109980984635978,0.9233787090227068,0.06976005964599975,0.1060816832844571,0.5109980984635978,0.9233787090227068
371,base,0.012395710975096801,3.046965819281886e-05,3.046965819281886e-05,0.15885303662459999,0.12090926579377825,0.6698511350881977,1.044287974816485,0.15885303662459999,0.12090926579377825,0.6698511350881977,1.044287974816485
372,base,0.0013769858881258405,3.756792381627379e-05,3.756792381627379e-05,0.012449124843388254,0.024586777375872337,0.6823002599315859,1.0688747521923574,0.012449124843388254,0.024586777375872337,0.6823002599315859,1.0688747521923574
373,base,-0.006989374338793357,3.5397190473108e-05,3.5397190473108e-05,-0.08057974108150437,-0.1083987242705331,0.6017205188500816,0.9604760279218243,-0.08057974108150437,-0.1083987242705331,0.6017205188500816,0.9604760279218243
374,base,0.003702466143739886,3.637321599425517e-05,3.637321599425517e-05,0.038228607532503504,0.06870493453482318,0.639949126382585,1.0291809624566475,0.038228607532503504,0.06870493453482318,0.639949126382585,1.0291809624566475
375,base,-0.006481975415471067,3.492752646746241e-05,3.492752646746241e-05,-0.07589852280862616,-0.10643964042856702,0.5640506035739589,0.9227413220280805,-0.07589852280862616,-0.10643964042856702,0.5640506035739589,0.9227413220280805
376,base,-0.0013508699171631503,3.550953000054184e-05,3.550953000054184e-05,-0.017313512420783765,-0.033852134058419026,0.5467370911531751,0.8888891879696614,-0.017313512420783765,-0.033852134058419026,0.5467370911531751,0.8888891879696614
377,base,-0.0014882421025044102,3.3522974797884856e-05,3.3522974797884856e-05,-0.01996563445567553,-0.03881856546371765,0.5267714566974996,0.8500706225059438,-0.01996563445567553,-0.03881856546371765,0.5267714566974996,0.8500706225059438
378,base,0.0012531622351429571,3.168228457505917e-05,3.168228457505917e-05,0.013210897164716436,0.026105589785484717,0.539982353862216,0.8761762122914285,0.013210897164716436,0.026105589785484717,0.539982353862216,0.8761762122914285
379,base,-0.000317783236051341,2.9848097295669578e-05,2.9848097295669578e-05,-0.006862737497276503,-0.01367878083597418,0.5331196163649395,0.8624974314554543,-0.006862737497276503,-0.01367878083597418,0.5331196163649395,0.8624974314554543
380,base,-0.0018817613237246474,2.8073198952494836e-05,2.8073198952494836e-05,-0.02940405484951603,-0.055911020976645354,0.5037155615154235,0.806586410478809,-0.02940405484951603,-0.055911020976645354,0.5037155615154235,0.806586410478809
381,base,0.00014875689224069967,2.6648434453087648e-05,2.6648434453087648e-05,-0.0007394312421458322,-0.0014780890686409975,0.5029761302732777,0.805108321410168,-0.0007394312421458322,-0.0014780890686409975,0.5029761302732777,0.805108321410168
382,base,0.005334828034808368,2.5049676327847585e-05,2.5049676327847585e-05,0.08136871820013672,0.12042003294405745,0.5843448484734144,0.9255283543542254,0.08136871820013672,0.12042003294405745,0.5843448484734144,0.9255283543542254
383,base,0.0019351717468976486,2.5129661498654365e-05,2.5129661498654365e-05,0.027425363395445795,0.052715452160747134,0.6117702118688602,0.9782438065149726,0.027425363395445795,0.052715452160747134,0.6117702118688602,0.9782438065149726
384,base,0.0009062556804051544,2.380286172828476e-05,2.380286172828476e-05,0.01180068495232441,0.023424218893856263,0.6235708968211846,1.0016680254088288,0.01180068495232441,0.023424218893856263,0.6235708968211846,1.0016680254088288
385,base,-0.0007990257436474481,2.2404752525817032e-05,2.2404752525817032e-05,-0.01766629223524482,-0.03479753781615713,0.6059046045859398,0.9668704875926717,-0.01766629223524482,-0.03479753781615713,0.6059046045859398,0.9668704875926717
386,base,0.0031242555305297454,2.112016038100997e-05,2.112016038100997e-05,0.05497348135422011,0.09681570089707847,0.6608780859401598,1.0636861884897502,0.05497348135422011,0.09681570089707847,0.6608780859401598,1.0636861884897502
387,base,-0.0006551246126470109,2.036658413484441e-05,2.036658413484441e-05,-0.01663044131131805,-0.03284838085767028,0.6442476446288418,1.0308378076320799,-0.01663044131131805,-0.03284838085767028,0.6442476446288418,1.0308378076320799
388,base,-0.0041304508445660654,1.9188300643236008e-05,1.9188300643236008e-05,-0.08952345625515709,-0.1350289284335302,0.5547241883736846,0.8958088791985497,-0.08952345625515709,-0.1350289284335302,0.5547241883736846,0.8958088791985497
389,base,-0.0023063341992042197,1.9161346179065687e-05,1.9161346179065687e-05,-0.0518725131473242,-0.09348637755601619,0.5028516752263604,0.8023225016425335,-0.0518725131473242,-0.09348637755601619,0.5028516752263604,0.8023225016425335
390,base,0.004592013475271218,1.8388090829589043e-05,1.8388090829589043e-05,0.0948163889294982,0.14042724275202234,0.5976680641558586,0.9427497443945558,0.0948163889294982,0.14042724275202234,0.5976680641558586,0.9427497443945558
391,base,0.0021837444806547812,1.8443029046998408e-05,1.8443029046998408e-05,0.04271695665124518,0.07970424410302002,0.6403850208071038,1.0224539884975758,0.04271695665124518,0.07970424410302002,0.6403850208071038,1.0224539884975758
392,base,0.004466330438142812,1.7572939841313336e-05,1.7572939841313336e-05,0.09637648372897283,0.14320367063746353,0.7367615045360766,1.1656576591350394,0.09637648372897283,0.14320367063746353,0.7367615045360766,1.1656576591350394
393,base,0.0020791880841089542,1.7611470760820718e-05,1.7611470760820718e-05,0.042378030143211905,0.07938682750914516,0.7791395346792885,1.2450444866441845,0.042378030143211905,0.07938682750914516,0.7791395346792885,1.2450444866441845
394,base,0.005458315604702014,1.6767021478257927e-05,1.6767021478257927e-05,0.12448621603770856,0.1605825978468829,0.9036257507169971,1.4056270844910674,0.12448621603770856,0.1605825978468829,0.9036257507169971,1.4056270844910674
395,base,0.0021806278561818724,1.7420994904577897e-05,1.7420994904577897e-05,0.045152031837651686,0.08393632248899419,0.9487777825546488,1.4895634069800616,0.045152031837651686,0.08393632248899419,0.9487777825546488,1.4895634069800616
396,base,0.003759149109385042,1.6611485826204615e-05,1.6611485826204615e-05,0.08506106281268032,0.13555594670528048,1.033838845367329,1.625119353685342,0.08506106281268032,0.13555594670528048,1.033838845367329,1.625119353685342
397,base,-0.0014919444623337488,1.637552730393779e-05,1.637552730393779e-05,-0.04096214055522717,-0.07736699326308294,0.9928767048121019,1.5477523604222592,-0.04096214055522717,-0.07736699326308294,0.9928767048121019,1.5477523604222592
398,base,0.0061030220240961735,1.556443410555473e-05,1.556443410555473e-05,0.15054186505419198,0.17234022928159565,1.1434185698662938,1.7200925897038548,0.15054186505419198,0.17234022928159565,1.1434185698662938,1.7200925897038548
399,base,-0.0017560554969963393,1.6722432736558345e-05,1.6722432736558345e-05,-0.04637977197721005,-0.0861393165531057,1.0970387978890837,1.6339532731507491,-0.04637977197721005,-0.0861393165531057,1.0970387978890837,1.6339532731507491
400,base,-0.00110978337778412,1.5948283527976772e-05,1.5948283527976772e-05,-0.03255055167232073,-0.06280530181052679,1.0644882462167629,1.5711479713402223,-0.03255055167232073,-0.06280530181052679,1.0644882462167629,1.5711479713402223
401,base,0.0006833028509762763,1.5094069134724771e-05,1.5094069134724771e-05,0.012747836616509415,0.025342208592656235,1.0772360828332723,1.5964901799328786,0.012747836616509415,0.025342208592656235,1.0772360828332723,1.5964901799328786
402,base,0.008639720853319674,1.4202532094244471e-05,1.4202532094244471e-05,0.2358541023578383,0.17650292067576334,1.3130901851911105,1.772993100608642,0.2358541023578383,0.17650292067576334,1.3130901851911105,1.772993100608642
403,base,0.00031744068507776025,1.762572117055575e-05,1.762572117055575e-05,0.0026797954866434504,0.005354171587545586,1.315769980677754,1.7783472721961875,0.0026797954866434504,0.005354171587545586,1.315769980677754,1.7783472721961875
404,base,-0.0027872027392180625,1.6569027960018978e-05,1.6569027960018978e-05,-0.07150498108064636,-0.12119898507543603,1.2442649995971078,1.6571482871207515,-0.07150498108064636,-0.12119898507543603,1.2442649995971078,1.6571482871207515
405,base,-0.0038622227701265647,1.6109720254902985e-05,1.6109720254902985e-05,-0.10002428693173344,-0.14909919722068565,1.1442407126653744,1.5080490899000658,-0.10002428693173344,-0.14909919722068565,1.1442407126653744,1.5080490899000658
406,base,0.0020045406059513186,1.6132462664110353e-05,1.6132462664110353e-05,0.044427031293920616,0.08318521141591173,1.188667743959295,1.5912343013159775,0.044427031293920616,0.08318521141591173,1.188667743959295,1.5912343013159775
407,base,-0.003205996137412652,1.536024078536712e-05,1.536024078536712e-05,-0.08795147850281523,-0.14048178621391472,1.1007162654564797,1.4507525151020628,-0.08795147850281523,-0.14048178621391472,1.1007162654564797,1.4507525151020628
408,base,0.0011283542381214933,1.5134026309531837e-05,1.5134026309531837e-05,0.024383757036747125,0.04781630947912685,1.1251000224932268,1.4985688245811897,0.024383757036747125,0.04781630947912685,1.1251000224932268,1.4985688245811897
409,base,-0.0008678251572262205,1.4277872206996485e-05,1.4277872206996485e-05,-0.029633985655568514,-0.057685721069492324,1.0954660368376583,1.4408831035116973,-0.029633985655568514,-0.057685721069492324,1.0954660368376583,1.4408831035116973
410,base,-0.0002583485892693418,1.3489411664464545e-05,1.3489411664464545e-05,-0.013436796485082262,-0.026710085065556832,1.082029240352576,1.4141730184461405,-0.013436796485082262,-0.026710085065556832,1.082029240352576,1.4141730184461405
411,base,0.0033950025451256545,1.269256481703217e-05,1.269256481703217e-05,0.09993945689430063,0.15749740424767555,1.1819686972468766,1.571670422693816,0.09993945689430063,0.15749740424767555,1.1819686972468766,1.571670422693816
412,base,0.008819642354495942,1.2544102126896741e-05,1.2544102126896741e-05,0.27272760097054927,0.18333593662516456,1.4546962982174259,1.7550063593189806,0.27272760097054927,0.18333593662516456,1.4546962982174259,1.7550063593189806
413,base,0.0007332903399674103,1.6250992046258694e-05,1.6250992046258694e-05,0.013060927711908261,0.02594879116800808,1.467757225929334,1.7809551504869887,0.013060927711908261,0.02594879116800808,1.467757225929334,1.7809551504869887
414,base,-0.004761913981697085,1.529309816896928e-05,1.529309816896928e-05,-0.1287105844394663,-0.1675096870364472,1.3390466414898679,1.6134454634505415,-0.1287105844394663,-0.1675096870364472,1.3390466414898679,1.6134454634505415
415,base,0.002099052883915134,1.585180272523566e-05,1.585180272523566e-05,0.047579591350427136,0.08837937383018168,1.386626232840295,1.7018248372807232,0.047579591350427136,0.08837937383018168,1.386626232840295,1.7018248372807232
416,base,-0.0022526041097626834,1.5117440548606323e-05,1.5117440548606323e-05,-0.0643379885902432,-0.11355145831262092,1.3222882442500516,1.5882733789681023,-0.0643379885902432,-0.11355145831262092,1.3222882442500516,1.5882733789681023
417,base,0.006101034258643304,1.4570843119327437e-05,1.4570843119327437e-05,0.16075323327321428,0.1788715662512268,1.4830414775232659,1.767144945219329,0.16075323327321428,0.1788715662512268,1.4830414775232659,1.767144945219329
418,base,0.0030290090376176022,1.5787049009165744e-05,1.5787049009165744e-05,0.07115025201387268,0.12164048002481476,1.5541917295371386,1.8887854252441438,0.07115025201387268,0.12164048002481476,1.5541917295371386,1.8887854252441438
419,base,-0.000950304567439362,1.532056260674701e-05,1.532056260674701e-05,-0.029753488599771245,-0.05779988676424175,1.5244382409373674,1.830985538479902,-0.029753488599771245,-0.05779988676424175,1.5244382409373674,1.830985538479902
420,base,0.00431044819227807,1.4480501931754186e-05,1.4480501931754186e-05,0.11268670963918509,0.1621624706971665,1.6371249505765524,1.9931480091770686,0.11268670963918509,0.1621624706971665,1.6371249505765524,1.9931480091770686
421,base,-0.0014126087567783905,1.4626201970017452e-05,1.4626201970017452e-05,-0.04370883360977335,-0.08247107132359144,1.593416116966779,1.9106769378534771,-0.04370883360977335,-0.08247107132359144,1.593416116966779,1.9106769378534771
422,base,0.0016324142655423585,1.3904353259561566e-05,1.3904353259561566e-05,0.04092590502425221,0.07794056066174715,1.6343420219910314,1.9886174985152243,0.04092590502425221,0.07794056066174715,1.6343420219910314,1.9886174985152243
423,base,-0.0013577890239527338,1.319347369365969e-05,1.319347369365969e-05,-0.04680650299964568,-0.08813919787432312,1.5875355189913858,1.9004783006409012,-0.04680650299964568,-0.08813919787432312,1.5875355189913858,1.9004783006409012
424,base,-0.004771677220824361,1.2547171100081696e-05,1.2547171100081696e-05,-0.1571874559394754,-0.18975609083078204,1.4303480630519103,1.7107222098101191,-0.1571874559394754,-0.18975609083078204,1.4303480630519103,1.7107222098101191
425,base,0.006969885123568121,1.3276448462394905e-05,1.3276448462394905e-05,0.20239541017431217,0.18814215266690226,1.6327434732262225,1.8988643624770214,0.20239541017431217,0.18814215266690226,1.6327434732262225,1.8988643624770214
426,base,-0.0013383163911814965,1.5231031882929628e-05,1.5231031882929628e-05,-0.04003754541902069,-0.0760817341213329,1.5927059278072018,1.8227826283556885,-0.04003754541902069,-0.0760817341213329,1.5927059278072018,1.8227826283556885
427,base,0.0015784839022566113,1.445886214764215e-05,1.445886214764215e-05,0.03787623794462764,0.07250670448668561,1.6305821657518293,1.895289332842374,0.03787623794462764,0.07250670448668561,1.6305821657518293,1.895289332842374
428,base,0.0014008952468911287,1.3705606210444371e-05,1.3705606210444371e-05,0.03481608964599723,0.06720725107198078,1.6653982553978266,1.9624965839143549,0.03481608964599723,0.06720725107198078,1.6653982553978266,1.9624965839143549
429,base,-0.00148156099082159,1.2970027694581418e-05,1.2970027694581418e-05,-0.05139975346121552,-0.09576510041588371,1.613998501936611,1.8667314834984712,-0.05139975346121552,-0.09576510041588371,1.613998501936611,1.8667314834984712
430,base,0.00013347538119538708,1.23611647286977e-05,1.23611647286977e-05,-0.0020846560367981676,-0.004164418277212256,1.6119138458998128,1.862567065221259,-0.0020846560367981676,-0.004164418277212256,1.6119138458998128,1.862567065221259
431,base,-0.0002605147352325786,1.1619747856285881e-05,1.1619747856285881e-05,-0.015672806606713986,-0.031122707734449584,1.5962410392930988,1.8314443574868093,-0.015672806606713986,-0.031122707734449584,1.5962410392930988,1.8314443574868093
432,base,0.002756063289394761,1.0935199848269862e-05,1.0935199848269862e-05,0.09281409803111637,0.15464653982402599,1.689055137324215,1.9860908973108353,0.09281409803111637,0.15464653982402599,1.689055137324215,1.9860908973108353
433,base,-0.00047386220236503046,1.0671582450106722e-05,1.0671582450106722e-05,-0.024998706192276916,-0.04924281951843934,1.6640564311319381,1.936848077792396,-0.024998706192276916,-0.04924281951843934,1.6640564311319381,1.936848077792396
434,base,-0.00032006485034465917,1.005840471563326e-05,1.005840471563326e-05,-0.02045503883045375,-0.040497092549539815,1.6436013923014843,1.8963509852428562,-0.02045503883045375,-0.040497092549539815,1.6436013923014843,1.8963509852428562
435,base,0.004065062925269262,9.47102957080919e-06,9.47102957080919e-06,0.16200825888945786,0.21219857347973559,1.805609651190942,2.1085495587225918,0.16200825888945786,0.21219857347973559,1.805609651190942,2.1085495587225918
436,base,-0.0011160927796004974,9.799826835171633e-06,9.799826835171633e-06,-0.05322840563566025,-0.10042962279252343,1.7523812455552819,2.0081199359300683,-0.05322840563566025,-0.10042962279252343,1.7523812455552819,2.0081199359300683
437,base,0.00044274338519122115,9.315512704164937e-06,9.315512704164937e-06,0.010408082176106101,0.02074271834869723,1.762789327731388,2.0288626542787656,0.010408082176106101,0.02074271834869723,1.762789327731388,2.0288626542787656
438,base,0.0027337310740233652,8.76016379098514e-06,8.76016379098514e-06,0.11484702164082286,0.18439074793725574,1.8776363493722108,2.2132534022160213,0.11484702164082286,0.18439074793725574,1.8776363493722108,2.2132534022160213
439,base,0.0009571505534283713,8.620224319468578e-06,8.620224319468578e-06,0.03492791361856419,0.06823596613989569,1.912564262990775,2.281489368355917,0.03492791361856419,0.06823596613989569,1.912564262990775,2.281489368355917
440,base,-0.0007704180635096579,8.13755184825849e-06,8.13755184825849e-06,-0.047244756005919375,-0.09085689653120976,1.8653195069848558,2.190632471824707,-0.047244756005919375,-0.09085689653120976,1.8653195069848558,2.190632471824707
441,base,0.0042445977833602926,7.705616720077803e-06,7.705616720077803e-06,0.20837125181423755,0.2438554678873146,2.0736907587990934,2.434487939712022,0.20837125181423755,0.2438554678873146,2.0736907587990934,2.434487939712022
442,base,0.0020829779996331763,8.225576541372276e-06,8.225576541372276e-06,0.09091683357862557,0.15877167678849347,2.164607592377719,2.5932596165005153,0.09091683357862557,0.15877167678849347,2.164607592377719,2.5932596165005153
443,base,0.0050266560199509844,7.945137131363793e-06,7.945137131363793e-06,0.24114996888796603,0.24375805657362548,2.405757561265685,2.8370176730741408,0.24114996888796603,0.24375805657362548,2.405757561265685,2.8370176730741408
444,base,-0.001057268303001535,8.867144917800709e-06,8.867144917800709e-06,-0.05619465073498575,-0.10596344665438817,2.3495629105306994,2.7310542264197526,-0.05619465073498575,-0.10596344665438817,2.3495629105306994,2.7310542264197526
445,base,0.005132662517775006,8.429720309371426e-06,8.429720309371426e-06,0.2322776522522719,0.23662246706726897,2.5818405627829715,2.9676766934870216,0.2322776522522719,0.23662246706726897,2.5818405627829715,2.9676766934870216
446,base,0.0016841166649288024,9.38474636760176e-06,9.38474636760176e-06,0.06282163022680393,0.11637258369804115,2.6446621930097756,3.0840492771850627,0.06282163022680393,0.11637258369804115,2.6446621930097756,3.0840492771850627
447,base,-0.003934618547648161,8.954100562112956e-06,8.954100562112956e-06,-0.18316655625351186,-0.22383596630892733,2.461495636756264,2.8602133108761354,-0.18316655625351186,-0.22383596630892733,2.461495636756264,2.8602133108761354
448,base,-0.01006320709225717,9.441771365241102e-06,9.441771365241102e-06,-0.43128256213604393,-0.18284438927589086,2.03021307462022,2.6773689216002445,-0.43128256213604393,-0.18284438927589086,2.03021307462022,2.6773689216002445
449,base,0.004976670829230526,1.5193315527022692e-05,1.5193315527022692e-05,0.12480055294866459,0.1662460082158943,2.1550136275688847,2.843614929816139,0.12480055294866459,0.1662460082158943,2.1550136275688847,2.843614929816139
450,base,-0.002464556194788622,1.5651621641284933e-05,1.5651621641284933e-05,-0.06751592339741407,-0.11724386717830981,2.087497704171471,2.726371062637829,-0.06751592339741407,-0.11724386717830981,2.087497704171471,2.726371062637829
451,base,0.0031224034974208564,1.5138008542377309e-05,1.5138008542377309e-05,0.07664903913100864,0.12893616259901286,2.1641467433024797,2.855307225236842,0.07664903913100864,0.12893616259901286,2.1641467433024797,2.855307225236842
452,base,-0.006050434937719972,1.4742711361395732e-05,1.4742711361395732e-05,-0.16819846649124318,-0.17862926526999878,1.9959482768112364,2.676677959966843,-0.16819846649124318,-0.17862926526999878,1.9959482768112364,2.676677959966843
453,base,-0.0030804243237236664,1.620103448648804e-05,1.620103448648804e-05,-0.08031127910506136,-0.1314628332067933,1.9156369977061751,2.54521512676005,-0.08031127910506136,-0.1314628332067933,1.9156369977061751,2.54521512676005
454,base,0.0050003828298306584,1.587401875036268e-05,1.587401875036268e-05,0.120041668900013,0.16170779428103454,2.035678666606188,2.7069229210410843,0.120041668900013,0.16170779428103454,2.035678666606188,2.7069229210410843
455,base,0.005951972982752375,1.630511265392273e-05,1.630511265392273e-05,0.1400271737737823,0.16698509317366295,2.1757058403799703,2.8739080142147473,0.1400271737737823,0.16698509317366295,2.1757058403799703,2.8739080142147473
456,base,0.0014321213741053428,1.731301325141922e-05,1.731301325141922e-05,0.028277396181079946,0.05490577940704089,2.2039832365610503,2.928813793621788,0.028277396181079946,0.05490577940704089,2.2039832365610503,2.928813793621788
457,base,-0.0012693815573121543,1.6365554682122824e-05,1.6365554682122824e-05,-0.03559048558386536,-0.06813935843787178,2.1683927509771848,2.8606744351839164,-0.03559048558386536,-0.06813935843787178,2.1683927509771848,2.8606744351839164
458,base,-0.00715717499975699,1.5512886599823786e-05,1.5512886599823786e-05,-0.18815866334273018,-0.1739942750193686,1.9802340876344546,2.686680160164548,-0.18815866334273018,-0.1739942750193686,1.9802340876344546,2.686680160164548
459,base,0.012784303650907967,1.7828393626962276e-05,1.7828393626962276e-05,0.2801374748688498,0.1414243835222848,2.2603715625033045,2.8281045436868326,0.2801374748688498,0.1414243835222848,2.2603715625033045,2.8281045436868326
460,base,-0.014959349910440036,2.626296907343068e-05,2.626296907343068e-05,-0.2290291377728612,-0.11696732117329045,2.0313424247304432,2.711137222513542,-0.2290291377728612,-0.11696732117329045,2.0313424247304432,2.711137222513542
461,base,0.0023069184579798756,3.8472656967404896e-05,3.8472656967404896e-05,0.021748137526809302,0.04186990854624906,2.0530905622572524,2.7530071310597912,0.021748137526809302,0.04186990854624906,2.0530905622572524,2.7530071310597912
462,base,0.01037679654523697,3.643104534164828e-05,3.643104534164828e-05,0.1108681118309769,0.11382579561631889,2.1639586740882293,2.86683292667611,0.1108681118309769,0.11382579561631889,2.1639586740882293,2.86683292667611
463,base,0.013799435441850689,4.046115248514698e-05,4.046115248514698e-05,0.13339291927923497,0.10569716758172198,2.2973515933674644,2.972530094257832,0.13339291927923497,0.10569716758172198,2.2973515933674644,2.972530094257832
464,base,0.009982520899398774,4.913275251608921e-05,4.913275251608921e-05,0.07902229003285564,0.09580877869538407,2.37637388340032,3.068338872953216,0.07902229003285564,0.09580877869538407,2.37637388340032,3.068338872953216
465,base,0.0009760173737055793,5.192851376244004e-05,5.192851376244004e-05,0.005942270661895445,0.011835626798649024,2.3823161540622153,3.080174499751865,0.005942270661895445,0.011835626798649024,2.3823161540622153,3.080174499751865
466,base,-0.006459353819191452,4.8849083078555875e-05,4.8849083078555875e-05,-0.05408434864725022,-0.08303719984312519,2.328231805414965,2.99713729990874,-0.05408434864725022,-0.08303719984312519,2.328231805414965,2.99713729990874
467,base,0.010188393368882777,4.857768939401837e-05,4.857768939401837e-05,0.08160697005744114,0.09686658193030029,2.4098387754724064,3.0940038818390403,0.08160697005744114,0.09686658193030029,2.4098387754724064,3.0940038818390403
468,base,-0.0027670211409450266,5.1651010858159224e-05,5.1651010858159224e-05,-0.022782893122733506,-0.04310911626581149,2.387055882349673,3.050894765573229,-0.022782893122733506,-0.04310911626581149,2.387055882349673,3.050894765573229
469,base,0.0034548230557112708,4.907957807800615e-05,4.907957807800615e-05,0.026329206217044047,0.04910956218546758,2.413385088566717,3.1000043277586964,0.026329206217044047,0.04910956218546758,2.413385088566717,3.1000043277586964
470,base,-0.010315458203901824,4.677105589823307e-05,4.677105589823307e-05,-0.08920412235421801,-0.09978449922271038,2.324180966212499,3.000219828535986,-0.08920412235421801,-0.09978449922271038,2.324180966212499,3.000219828535986
471,base,-0.005273028188677888,5.059728142537125e-05,5.059728142537125e-05,-0.04291152884229279,-0.07167305928702117,2.2812694373702063,2.928546769248965,-0.04291152884229279,-0.07167305928702117,2.2812694373702063,2.928546769248965
472,base,-0.000417331535716521,4.935764446270457e-05,4.935764446270457e-05,-0.004950458084277238,-0.009873020318693193,2.276318979285929,2.9186737489302716,-0.004950458084277238,-0.009873020318693193,2.276318979285929,2.9186737489302716
473,base,0.0011377176192388875,4.6418934252654095e-05,4.6418934252654095e-05,0.008029913955329301,0.01595427352634804,2.2843488932412583,2.9346280224566197,0.008029913955329301,0.01595427352634804,2.2843488932412583,2.9346280224566197
474,base,0.002731481134010307,4.368673582155215e-05,4.368673582155215e-05,0.02300894924372024,0.043858331166376274,2.3073578424849788,2.978486353622996,0.02300894924372024,0.043858331166376274,2.3073578424849788,2.978486353622996
475,base,-0.0026748682530480196,4.145051781422427e-05,4.145051781422427e-05,-0.027507276479981205,-0.05157546664175161,2.2798505660049977,2.9269108869812444,-0.027507276479981205,-0.05157546664175161,2.2798505660049977,2.9269108869812444
476,base,0.01123801453459882,3.945883135093243e-05,3.945883135093243e-05,0.11102189876019775,0.10940041003344803,2.3908724647651955,3.0363112970146924,0.11102189876019775,0.10940041003344803,2.3908724647651955,3.0363112970146924
477,base,0.006628965108670296,4.4403669991967926e-05,4.4403669991967926e-05,0.057468369449385,0.08769599339774992,2.4483408342145805,3.1240072904124423,0.057468369449385,0.08769599339774992,2.4483408342145805,3.1240072904124423
478,base,0.004908059109794078,4.422057005051404e-05,4.422057005051404e-05,0.04226330198748753,0.07240350201462498,2.490604136202068,3.1964107924270673,0.04226330198748753,0.07240350201462498,2.490604136202068,3.1964107924270673
479,base,-0.007166314467030462,4.289818200669745e-05,4.289818200669745e-05,-0.06812668144028779,-0.09584225312220251,2.4224774547617804,3.1005685393048648,-0.06812668144028779,-0.09584225312220251,2.4224774547617804,3.1005685393048648
480,base,0.002861336736148985,4.357864345958059e-05,4.357864345958059e-05,0.02424848054232572,0.04598957123582181,2.446725935304106,3.1465581105406866,0.02424848054232572,0.04598957123582181,2.446725935304106,3.1465581105406866
481,base,-0.001459015420195912,4.1389394717850974e-05,4.1389394717850974e-05,-0.01589077529062697,-0.031084278299164936,2.430835160013479,3.1154738322415216,-0.01589077529062697,-0.031084278299164936,2.430835160013479,3.1154738322415216
482,base,-0.006066628337413213,3.907085511288118e-05,3.907085511288118e-05,-0.06363125117139723,-0.09532117955199881,2.3672039088420815,3.020152652689523,-0.06363125117139723,-0.09532117955199881,2.3672039088420815,3.020152652689523
483,base,-0.001122785971601135,3.9081648156943265e-05,3.9081648156943265e-05,-0.013415124776928865,-0.026428082726511093,2.3537887840651526,2.9937245699630117,-0.013415124776928865,-0.026428082726511093,2.3537887840651526,2.9937245699630117
484,base,-0.004643835100629355,3.6841483223065445e-05,3.6841483223065445e-05,-0.052156610871159276,-0.08603723619179338,2.3016321731939935,2.9076873337712184,-0.052156610871159276,-0.08603723619179338,2.3016321731939935,2.9076873337712184
485,base,-0.004760181384035476,3.603783605452118e-05,3.603783605452118e-05,-0.0546008384489751,-0.0889482750390651,2.2470313347450186,2.8187390587321532,-0.0546008384489751,-0.0889482750390651,2.2470313347450186,2.8187390587321532
486,base,-0.003969930212971047,3.535082520771931e-05,3.535082520771931e-05,-0.04679110940677531,-0.08038768070119007,2.200240225338243,2.738351378030963,-0.04679110940677531,-0.08038768070119007,2.200240225338243,2.738351378030963
487,base,-0.0028738774014557887,3.4272280652869136e-05,3.4272280652869136e-05,-0.03557285114438356,-0.06514317099081346,2.1646673741938596,2.6732082070401497,-0.03557285114438356,-0.06514317099081346,2.1646673741938596,2.6732082070401497
488,base,-0.00031722009094027745,3.278228180116198e-05,3.278228180116198e-05,-0.006241670042746328,-0.012444732552841842,2.1584257041511132,2.660763474487308,-0.006241670042746328,-0.012444732552841842,2.1584257041511132,2.660763474487308
489,base,0.00620429700364826,3.0831297523499615e-05,3.0831297523499615e-05,0.0773009121946938,0.11120472368344636,2.235726616345807,2.7719681981707542,0.0773009121946938,0.11120472368344636,2.235726616345807,2.7719681981707542
490,base,-0.0016932037772785387,3.114565844936213e-05,3.114565844936213e-05,-0.024100998212256676,-0.0464062559454117,2.2116256181335503,2.7255619422253425,-0.024100998212256676,-0.0464062559454117,2.2116256181335503,2.7255619422253425
491,base,-0.0012575902459720425,2.9491611715866796e-05,2.9491611715866796e-05,-0.019591297747676838,-0.03824960835513469,2.1920343203858734,2.687312333870208,-0.019591297747676838,-0.03824960835513469,2.1920343203858734,2.687312333870208
492,base,0.007791575347851877,2.784931168735821e-05,2.784931168735821e-05,0.10819512580238254,0.12801801179483974,2.300229446188256,2.8153303456650476,0.10819512580238254,0.12801801179483974,2.300229446188256,2.8153303456650476
493,base,-0.001001366581855285,2.963772012736701e-05,2.963772012736701e-05,-0.01606408613581601,-0.031602838795368626,2.28416536005244,2.783727506869679,-0.01606408613581601,-0.031602838795368626,2.28416536005244,2.783727506869679
494,base,-0.003898955322240808,2.7945825139006612e-05,2.7945825139006612e-05,-0.05818184586240904,-0.09692008839158195,2.2259835141900313,2.686807418478097,-0.05818184586240904,-0.09692008839158195,2.2259835141900313,2.686807418478097
495,base,0.0029509967753743723,2.7276381112466656e-05,2.7276381112466656e-05,0.04004546146102761,0.07327497985949805,2.266028975651059,2.760082398337595,0.04004546146102761,0.07327497985949805,2.266028975651059,2.760082398337595
496,base,0.0005557127446017813,2.6094401391763233e-05,2.6094401391763233e-05,0.005433569081966773,0.010844012397277503,2.271462544733026,2.7709264107348726,0.005433569081966773,0.010844012397277503,2.271462544733026,2.7709264107348726
497,base,0.0029945017344016754,2.453639710763784e-05,2.453639710763784e-05,0.04522094814483079,0.08172380565783133,2.3166834928778566,2.852650216392704,0.04522094814483079,0.08172380565783133,2.3166834928778566,2.852650216392704
498,base,0.002156150972343069,2.3533300115010232e-05,2.3533300115010232e-05,0.03301195597880339,0.06259332711717658,2.34969544885666,2.9152435435098805,0.03301195597880339,0.06259332711717658,2.34969544885666,2.9152435435098805
499,base,-0.00029255191285056537,2.235126645706233e-05,2.235126645706233e-05,-0.00871660794103288,-0.017360663568319445,2.340978840915627,2.897882879941561,-0.00871660794103288,-0.017360663568319445,2.340978840915627,2.897882879941561
500,base,-0.00014842679404004715,2.1024653244609363e-05,2.1024653244609363e-05,-0.006546349070587834,-0.013059659634079956,2.3344324918450394,2.884823220307481,-0.006546349070587834,-0.013059659634079956,2.3344324918450394,2.884823220307481
501,base,-0.0010911749780055978,1.977039190794429e-05,1.977039190794429e-05,-0.025884218371523535,-0.05032517131611591,2.308548273473516,2.834498048991365,-0.025884218371523535,-0.05032517131611591,2.308548273473516,2.834498048991365
502,base,0.002624906697000597,1.868395057597783e-05,1.868395057597783e-05,0.05153591259881041,0.09322226757776964,2.360084186072326,2.927720316569135,0.05153591259881041,0.09322226757776964,2.360084186072326,2.927720316569135
503,base,-0.004792733984625894,1.7916185928930146e-05,1.7916185928930146e-05,-0.11054885068547757,-0.15103268619457388,2.2495353353868484,2.776687630374561,-0.11054885068547757,-0.15103268619457388,2.2495353353868484,2.776687630374561
504,base,0.025438961924663266,1.8335907485890768e-05,1.8335907485890768e-05,0.5462555355116779,0.08683416657692966,2.7957908708985264,2.8635217969514906,0.5462555355116779,0.08683416657692966,2.7957908708985264,2.8635217969514906
1,plus,-0.0015955070428441088,3.968253968253968e-05,3.968253968253968e-05,-0.01793919741256807,-0.03492319210141659,-0.01793919741256807,-0.03492319210141659,-0.01793919741256807,-0.03492319210141659,-0.01793919741256807,-0.03492319210141659
2,plus,-2.7058177416968213e-06,3.7494676183871554e-05,3.7494676183871554e-05,-0.002128540451730396,-0.004254063024831112,-0.02006773786429847,-0.0391772551262477,-0.002128540451730396,-0.004254063024831112,-0.02006773786429847,-0.0391772551262477
3,plus,0.0019257949007100172,3.524742253229167e-05,3.524742253229167e-05,0.019447354690056384,0.03781410288819398,-0.0006203831742420847,-0.001363152238053722,0.019447354690056384,0.03781410288819398,-0.0006203831742420847,-0.001363152238053722
4,plus,0.0011888957100312312,3.3311608136722986e-05,3.3311608136722986e-05,0.011799154592630976,0.023359902857713166,0.011178771418388892,0.021996750619659444,0.011799154592630976,0.023359902857713166,0.011178771418388892,0.021996750619659444
5,plus,-0.0034814911824934476,3.13717750442979e-05,3.13717750442979e-05,-0.04654755160515912,-0.0813603250794781,-0.03536878018677023,-0.05936357445981866,-0.04654755160515912,-0.0813603250794781,-0.03536878018677023,-0.05936357445981866
6,plus,-0.0010109526014659919,3.030197009600251e-05,3.030197009600251e-05,-0.015837480649303935,-0.03116041891624466,-0.05120626083607416,-0.09052399337606332,-0.015837480649303935,-0.03116041891624466,-0.05120626083607416,-0.09052399337606332
7,plus,-0.002698108213148313,2.8571605755955397e-05,2.8571605755955397e-05,-0.040229207625254934,-0.07325819724540672,-0.09143546846132909,-0.16378219062147004,-0.040229207625254934,-0.07325819724540672,-0.09143546846132909,-0.16378219062147004
8,plus,3.505492436395232e-05,2.7360699414064685e-05,2.7360699414064685e-05,-0.002369256448103967,-0.004734703754253111,-0.09380472490943306,-0.16851689437572315,-0.002369256448103967,-0.004734703754253111,-0.09380472490943306,-0.16851689437572315
9,plus,0.00022475466364463488,2.572065859496133e-05,2.572065859496133e-05,0.0004064110865486067,0.0008124003903073884,-0.09339831382288445,-0.16770449398541576,0.0004064110865486067,0.0008124003903073884,-0.09339831382288445,-0.16770449398541576
10,plus,-0.0002574253653337957,2.4177460713211585e-05,2.4177460713211585e-05,-0.007481683981621699,-0.01491258376568183,-0.10087999780450616,-0.1826170777510976,-0.007481683981621699,-0.01491258376568183,-0.10087999780450616,-0.1826170777510976
11,plus,-0.0009274137435582578,2.27392803708405e-05,2.27392803708405e-05,-0.019646906907596923,-0.03855574031719211,-0.12052690471210308,-0.2211728180682897,-0.019646906907596923,-0.03855574031719211,-0.12052690471210308,-0.2211728180682897
12,plus,-0.0008543108863229184,2.145097265923653e-05,2.145097265923653e-05,-0.019474522712623406,-0.03826716180458867,-0.1400014274247265,-0.25943997987287837,-0.019474522712623406,-0.03826716180458867,-0.1400014274247265,-0.25943997987287837
13,plus,0.0023466443244539504,2.0230407916433854e-05,2.0230407916433854e-05,0.04213819469177358,0.07827820037546473,-0.09786323273295292,-0.18116177949741363,0.04213819469177358,0.07827820037546473,-0.09786323273295292,-0.18116177949741363
14,plus,0.002123742349679331,1.9293477388595255e-05,1.9293477388595255e-05,0.039599896249662654,0.07438908040379566,-0.05826333648329026,-0.10677269909361797,0.039599896249662654,0.07438908040379566,-0.05826333648329026,-0.10677269909361797
15,plus,0.005201440304212267,1.835828240124233e-05,1.835828240124233e-05,0.10814347288096403,0.14866157949191994,0.04988013639767377,0.041888880398301964,0.10814347288096403,0.14866157949191994,0.04988013639767377,0.041888880398301964
16,plus,0.002297736022849029,1.8758602570631347e-05,1.8758602570631347e-05,0.04440974790886143,0.08232065849907144,0.0942898843065352,0.1242095388973734,0.04440974790886143,0.08232065849907144,0.0942898843065352,0.1242095388973734
17,plus,-0.0018654295127216113,1.789751592162481e-05,1.789751592162481e-05,-0.04575970251988054,-0.08474084327547882,0.048530181786654664,0.03946869562189459,-0.04575970251988054,-0.08474084327547882,0.048530181786654664,0.03946869562189459
18,plus,-0.0007157447833065637,1.7079231646674905e-05,1.7079231646674905e-05,-0.021239884378216528,-0.041767144099923215,0.027290297408438136,-0.002298448478028625,-0.021239884378216528,-0.041767144099923215,0.027290297408438136,-0.002298448478028625
19,plus,-0.0038053348136580785,1.6104618781957406e-05,1.6104618781957406e-05,-0.0986542256465058,-0.148092440418242,-0.07136392823806767,-0.1503908888962706,-0.0986542256465058,-0.148092440418242,-0.07136392823806767,-0.1503908888962706
20,plus,0.005133034097198827,1.6100141303464736e-05,1.6100141303464736e-05,0.12162521172003632,0.1616714355131892,0.05026128348196865,0.011280546616918574,0.12162521172003632,0.1616714355131892,0.05026128348196865,0.011280546616918574
21,plus,0.003934585339246893,1.659516212621833e-05,1.659516212621833e-05,0.08933978345802841,0.13949068856219693,0.13960106693999708,0.1507712351791155,0.08933978345802841,0.13949068856219693,0.13960106693999708,0.1507712351791155
22,plus,-0.0015737175155200347,1.6436991558772308e-05,1.6436991558772308e-05,-0.04278314999771507,-0.0803876316847747,0.096817916942282,0.07038360349434081,-0.04278314999771507,-0.0803876316847747,0.096817916942282,0.07038360349434081
23,plus,-0.0035397252018373507,1.5639198794953966e-05,1.5639198794953966e-05,-0.09485064261306027,-0.1461019863679347,0.001967274329221738,-0.07571838287359389,-0.09485064261306027,-0.1461019863679347,0.001967274329221738,-0.07571838287359389
24,plus,0.0014602629314217374,1.5539267364933878e-05,1.5539267364933878e-05,0.032223798438399676,0.062270431592073905,0.034191072767621414,-0.013447951281519988,0.032223798438399676,0.062270431592073905,0.034191072767621414,-0.013447951281519988
25,plus,-0.0032604307436834485,1.4702447283670543e-05,1.4702447283670543e-05,-0.09335567711854152,-0.14679985041074506,-0.05916460435092011,-0.16024780169226505,-0.09335567711854152,-0.14679985041074506,-0.05916460435092011,-0.16024780169226505
26,plus,-0.0016742228821056858,1.45381163240662e-05,1.45381163240662e-05,-0.05111455575014433,-0.0945500374040984,-0.11027916010106444,-0.25479783909636344,-0.05111455575014433,-0.0945500374040984,-0.11027916010106444,-0.25479783909636344
27,plus,-0.007945231851881979,1.3876235185667633e-05,1.3876235185667633e-05,-0.2328877348240319,-0.17960881983859434,-0.34316689492509633,-0.4344066589349578,-0.2328877348240319,-0.17960881983859434,-0.34316689492509633,-0.4344066589349578
28,plus,-0.002279073883083451,1.702279786822023e-05,1.702279786822023e-05,-0.057753702031979395,-0.10305328626414312,-0.4009205969570757,-0.5374599451991009,-0.057753702031979395,-0.10305328626414312,-0.4009205969570757,-0.5374599451991009
29,plus,0.002992550215744305,1.636970638181662e-05,1.636970638181662e-05,0.06773394117389153,0.11681973910706489,-0.3331866557831842,-0.420640206092036,0.06773394117389153,0.11681973910706489,-0.3331866557831842,-0.420640206092036
30,plus,-0.0015191414736559555,1.5855956266853225e-05,1.5855956266853225e-05,-0.04298505271013363,-0.08089174512114816,-0.3761717084933178,-0.5015319512131842,-0.04298505271013363,-0.08089174512114816,-0.3761717084933178,-0.5015319512131842
31,plus,0.0016363251383599668,1.5081598430881457e-05,1.5081598430881457e-05,0.0378341975618363,0.07230496035976408,-0.3383375109314815,-0.4292269908534201,0.0378341975618363,0.07230496035976408,-0.3383375109314815,-0.4292269908534201
32,plus,0.0025339501034336385,1.4300758056125874e-05,1.4300758056125874e-05,0.06480779228000348,0.11491528171388232,-0.273529718651478,-0.31431170913953776,0.06480779228000348,0.11491528171388232,-0.273529718651478,-0.31431170913953776
33,plus,0.010100858115828913,1.3769996670973439e-05,1.3769996670973439e-05,0.2853698462100087,0.16916916516042946,0.0118401275585307,-0.1451425439791083,0.2853698462100087,0.16916916516042946,0.0118401275585307,-0.1451425439791083
34,plus,0.0004865148844867633,1.8827302385409482e-05,1.8827302385409482e-05,0.006072365651475597,0.012118492584600737,0.0179124932100063,-0.13302405139450757,0.006072365651475597,0.012118492584600737,0.0179124932100063,-0.13302405139450757
35,plus,-0.0008575495278428294,1.770264441446215e-05,1.770264441446215e-05,-0.023670623419637306,-0.046334989710150154,-0.005758130209631007,-0.17935904110465772,-0.023670623419637306,-0.046334989710150154,-0.005758130209631007,-0.17935904110465772
36,plus,-0.0039002983014706015,1.6707389122991134e-05,1.6707389122991134e-05,-0.09735049606063889,-0.14576784185134972,-0.1031086262702699,-0.32512688295600745,-0.09735049606063889,-0.14576784185134972,-0.1031086262702699,-0.32512688295600745
37,plus,0.002433825363123622,1.6712911687245525e-05,1.6712911687245525e-05,0.05307683869468401,0.09647219067771129,-0.050031787575585886,-0.22865469227829616,0.05307683869468401,0.09647219067771129,-0.050031787575585886,-0.22865469227829616
38,plus,-0.0009990853419536271,1.6009961172903793e-05,1.6009961172903793e-05,-0.029681373360870785,-0.057597697873417175,-0.07971316093645667,-0.28625239015171333,-0.029681373360870785,-0.057597697873417175,-0.07971316093645667,-0.28625239015171333
39,plus,0.0023887715697287256,1.5135403595930436e-05,1.5135403595930436e-05,0.057427608242552323,0.1038081828428119,-0.022285552693904344,-0.18244420730890143,0.057427608242552323,0.1038081828428119,-0.022285552693904344,-0.18244420730890143
40,plus,0.012340737597702059,1.4515139699283778e-05,1.4515139699283778e-05,0.33195566810708343,0.1513784108686025,0.30967011541317907,-0.031065796440298943,0.33195566810708343,0.1513784108686025,0.30967011541317907,-0.031065796440298943
41,plus,0.0032085158450881504,2.2490394554920904e-05,2.2490394554920904e-05,0.05311091242743485,0.0936055192174905,0.36278102784061395,0.06253972277719155,0.05311091242743485,0.0936055192174905,0.36278102784061395,0.06253972277719155
42,plus,-8.728859138210034e-05,2.1684614138843175e-05,2.1684614138843175e-05,-0.005228293525097373,-0.010437185606640753,0.3575527343155166,0.0521025371705508,-0.005228293525097373,-0.010437185606640753,0.3575527343155166,0.0521025371705508
43,plus,-0.005139537119816669,2.038843480413201e-05,2.038843480413201e-05,-0.103893902361923,-0.14171680291285105,0.2536588319535936,-0.08961426574230025,-0.103893902361923,-0.14171680291285105,0.2536588319535936,-0.08961426574230025
44,plus,0.0005008003048606509,2.0874751211600182e-05,2.0874751211600182e-05,0.005748335906255444,0.011472722275340352,0.2594071678598491,-0.0781415434669599,0.005748335906255444,0.011472722275340352,0.2594071678598491,-0.0781415434669599
45,plus,-0.006132060451797311,1.962775243477617e-05,1.962775243477617e-05,-0.12798676406136636,-0.15228454413811843,0.13142040379848272,-0.23042608760507832,-0.12798676406136636,-0.15228454413811843,0.13142040379848272,-0.23042608760507832
46,plus,0.001940856595278477,2.0854580707021393e-05,2.0854580707021393e-05,0.03315559303414597,0.06320656126579927,0.1645759968326287,-0.16721952633927906,0.03315559303414597,0.06320656126579927,0.1645759968326287,-0.16721952633927906
47,plus,0.00038882682644677077,1.9785472508623595e-05,1.9785472508623595e-05,0.0038190223602367333,0.007628329693195823,0.16839501919286542,-0.15959119664608323,0.0038190223602367333,0.007628329693195823,0.16839501919286542,-0.15959119664608323
48,plus,-0.00558005075910821,1.8600519610515478e-05,1.8600519610515478e-05,-0.12327833321793111,-0.1542198192340387,0.04511668597493432,-0.31381101588012195,-0.12327833321793111,-0.1542198192340387,0.04511668597493432,-0.31381101588012195
49,plus,-0.0024121643628060223,1.948792682967882e-05,1.948792682967882e-05,-0.053158208531639405,-0.09516758163229078,-0.008041522556705087,-0.4089785975124127,-0.053158208531639405,-0.09516758163229078,-0.008041522556705087,-0.4089785975124127
50,plus,0.0003988781066370926,1.872755797545177e-05,1.872755797545177e-05,0.004247738294159058,0.008483469760180107,-0.003793784262546029,-0.4004951277522326,0.004247738294159058,0.008483469760180107,-0.003793784262546029,-0.4004951277522326
51,plus,-0.009943479332034226,1.7606315679718335e-05,1.7606315679718335e-05,-0.22858617343653215,-0.15510734983989138,-0.23237995769907818,-0.555602477592124,-0.22858617343653215,-0.15510734983989138,-0.23237995769907818,-0.555602477592124
52,plus,-0.005684365820746491,2.2721415176369807e-05,2.2721415176369807e-05,-0.10274166033148635,-0.13626036889535076,-0.3351216180305645,-0.6918628464874748,-0.10274166033148635,-0.13626036889535076,-0.3351216180305645,-0.6918628464874748
53,plus,-0.006715216483847401,2.3434555252116464e-05,2.3434555252116464e-05,-0.11707086455187715,-0.13935839163251318,-0.45219248258244166,-0.8312212381199879,-0.11707086455187715,-0.13935839163251318,-0.45219248258244166,-0.8312212381199879
54,plus,0.013447112235657647,2.4896378045177384e-05,2.4896378045177384e-05,0.21117210068659284,0.12606729248191506,-0.24102038189584882,-0.7051539456380729,0.21117210068659284,0.12606729248191506,-0.24102038189584882,-0.7051539456380729
55,plus,0.0019686226601195837,3.393427772815842e-05,3.393427772815842e-05,0.020700728512506556,0.04015065153209996,-0.22031965338334225,-0.6650032941059729,0.020700728512506556,0.04015065153209996,-0.22031965338334225,-0.6650032941059729
56,plus,-0.008272694773856577,3.208623966298049e-05,3.208623966298049e-05,-0.10476611218834188,-0.12003013379373906,-0.3250857655716841,-0.785033427899712,-0.10476611218834188,-0.12003013379373906,-0.3250857655716841,-0.785033427899712
57,plus,-0.007491809753589157,3.4466644991605845e-05,3.4466644991605845e-05,-0.08853996601451725,-0.11263585169399715,-0.41362573158620136,-0.8976692795937091,-0.08853996601451725,-0.11263585169399715,-0.41362573158620136,-0.8976692795937091
58,plus,-0.0011856976767927272,3.5947017573785905e-05,3.5947017573785905e-05,-0.015279435846482533,-0.030014963431810315,-0.4289051674326839,-0.9276842430255194,-0.015279435846482533,-0.030014963431810315,-0.4289051674326839,-0.9276842430255194
59,plus,0.001198355143860881,3.3905142211203827e-05,3.3905142211203827e-05,0.011703314949860641,0.023170012316247934,-0.41720185248282327,-0.9045142307092715,0.011703314949860641,0.023170012316247934,-0.41720185248282327,-0.9045142307092715
60,plus,0.005580278319497062,3.193082677218413e-05,3.193082677218413e-05,0.06688398568521249,0.10268905624646507,-0.3503178667976108,-0.8018251744628064,0.06688398568521249,0.10268905624646507,-0.3503178667976108,-0.8018251744628064
61,plus,-0.005195133744297021,3.175284581965767e-05,3.175284581965767e-05,-0.06740486253044661,-0.10324966374186628,-0.41772272932805743,-0.9050748382046727,-0.06740486253044661,-0.10324966374186628,-0.41772272932805743,-0.9050748382046727
62,plus,0.0025380261858407418,3.159309566425821e-05,3.159309566425821e-05,0.029386738812588676,0.05554423748977211,-0.38833599051546874,-0.8495306007149006,0.029386738812588676,0.05554423748977211,-0.38833599051546874,-0.8495306007149006
63,plus,0.007551716854734371,3.002593740063603e-05,3.002593740063603e-05,0.0971819064589263,0.1214402442073057,-0.2911540840565424,-0.7280903565075949,0.0971819064589263,0.1214402442073057,-0.2911540840565424,-0.7280903565075949
64,plus,0.0022307929028156986,3.146864607752053e-05,3.146864607752053e-05,0.025628687015181787,0.04909019021648664,-0.26552539704136063,-0.6790001662911083,0.025628687015181787,0.04909019021648664,-0.26552539704136063,-0.6790001662911083
65,plus,0.001383013115563797,2.9828361470584245e-05,2.9828361470584245e-05,0.015759482165290654,0.03101916551510797,-0.24976591487606997,-0.6479810007760003,0.015759482165290654,0.03101916551510797,-0.24976591487606997,-0.6479810007760003
66,plus,0.002318407834487628,2.8122856471248062e-05,2.8122856471248062e-05,0.029914027830029687,0.05677870209690106,-0.21985188704604028,-0.5912022986790992,0.029914027830029687,0.05677870209690106,-0.21985188704604028,-0.5912022986790992
67,plus,0.0019700679756281233,2.6705147845592058e-05,2.6705147845592058e-05,0.02632592833725362,0.05064408748353877,-0.19352595870878667,-0.5405582111955605,0.02632592833725362,0.05064408748353877,-0.19352595870878667,-0.5405582111955605
68,plus,-0.0004360116280469065,2.5291164720133647e-05,2.5291164720133647e-05,-0.00995429383695412,-0.019793389818996587,-0.2034802525457408,-0.560351601014557,-0.00995429383695412,-0.019793389818996587,-0.2034802525457408,-0.560351601014557
69,plus,0.0016640871650878738,2.379784449048585e-05,2.379784449048585e-05,0.024439896314464662,0.04742758213869003,-0.17904035623127612,-0.512924018875867,0.024439896314464662,0.04742758213869003,-0.17904035623127612,-0.512924018875867
70,plus,0.0015819218229827783,2.2498865919592514e-05,2.2498865919592514e-05,0.024401743595928886,0.04743174920144266,-0.15463861263534723,-0.46549226967442436,0.024401743595928886,0.04743174920144266,-0.15463861263534723,-0.46549226967442436
71,plus,0.00013308511653776226,2.1263779814283083e-05,2.1263779814283083e-05,-0.00121914560005705,-0.002436624605933524,-0.15585775823540426,-0.4679288942803579,-0.00121914560005705,-0.002436624605933524,-0.15585775823540426,-0.4679288942803579
72,plus,-0.0005647435425089098,1.9988209087003315e-05,1.9988209087003315e-05,-0.015150921066780669,-0.029991115706484273,-0.17100867930218494,-0.49792000998684216,-0.015150921066780669,-0.029991115706484273,-0.17100867930218494,-0.49792000998684216
73,plus,0.0019487059784653298,1.882386098866657e-05,1.882386098866657e-05,0.03689789389306957,0.06995535647627094,-0.13411078540911536,-0.4279646535105712,0.03689789389306957,0.06995535647627094,-0.13411078540911536,-0.4279646535105712
74,plus,0.005325763085885919,1.7878240923318422e-05,1.7878240923318422e-05,0.1138066580990147,0.15270173357668293,-0.02030412731010066,-0.2752629199338883,0.1138066580990147,0.15270173357668293,-0.02030412731010066,-0.2752629199338883
75,plus,0.003279888314396424,1.8382929787674626e-05,1.8382929787674626e-05,0.066518656070829,0.11344012005243442,0.046214528760728346,-0.16182279988145387,0.066518656070829,0.11344012005243442,0.046214528760728346,-0.16182279988145387
76,plus,-0.0008471717228549206,1.7849683518728282e-05,1.7849683518728282e-05,-0.023244919297792502,-0.04552777424000887,0.022969609462935844,-0.20735057412146274,-0.023244919297792502,-0.04552777424000887,0.022969609462935844,-0.20735057412146274
77,plus,0.002028640212079636,1.6844297314524437e-05,1.6844297314524437e-05,0.04311730823970836,0.08081949346653783,0.0660869177026442,-0.1265310806549249,0.04311730823970836,0.08081949346653783,0.0660869177026442,-0.1265310806549249
78,plus,0.002233879859373404,1.6034623440759978e-05,1.6034623440759978e-05,0.05037380932938284,0.0926959830436278,0.11646072703202703,-0.033835097611297105,0.05037380932938284,0.0926959830436278,0.11646072703202703,-0.033835097611297105
79,plus,0.0004533756204825873,1.5321133628115346e-05,1.5321133628115346e-05,0.006603673408375071,0.01317744471044957,0.12306440044040211,-0.020657652900847534,0.006603673408375071,0.01317744471044957,0.12306440044040211,-0.020657652900847534
80,plus,0.0020393867186926443,1.440576597592625e-05,1.440576597592625e-05,0.05071200291353224,0.09397684529547234,0.17377640335393435,0.07331919239462481,0.05071200291353224,0.09397684529547234,0.17377640335393435,0.07331919239462481
81,plus,-0.0018559884414068328,1.3744771137971416e-05,1.3744771137971416e-05,-0.059312631644716764,-0.1075290939733824,0.1144637717092176,-0.034209901578757584,-0.059312631644716764,-0.1075290939733824,0.1144637717092176,-0.034209901578757584
82,plus,-0.0009833025184068623,1.3173318712290638e-05,1.3173318712290638e-05,-0.035597302402736106,-0.06870168246720798,0.07886646930648149,-0.10291158404596557,-0.035597302402736106,-0.06870168246720798,0.07886646930648149,-0.10291158404596557
83,plus,0.0005655127201942381,1.2466706640772973e-05,1.2466706640772973e-05,0.011685091822216734,0.023261995953038017,0.09055156112869822,-0.07964958809292755,0.011685091822216734,0.023261995953038017,0.09055156112869822,-0.07964958809292755
84,plus,0.00262330391260473,1.1726789987886113e-05,1.1726789987886113e-05,0.08205642117955496,0.14050192161441455,0.1726079823082532,0.060852333521487,0.08205642117955496,0.14050192161441455,0.1726079823082532,0.060852333521487
85,plus,-0.00021780652799170978,1.1375988432652887e-05,1.1375988432652887e-05,-0.014518857913937953,-0.02885816283844278,0.15808912439431524,0.03199417068304422,-0.014518857913937953,-0.02885816283844278,0.15808912439431524,0.03199417068304422
86,plus,0.00282979050078048,1.0703823433359436e-05,1.0703823433359436e-05,0.09755369631451498,0.1603756702339112,0.2556428207088302,0.19236984091695541,0.09755369631451498,0.1603756702339112,0.2556428207088302,0.19236984091695541
87,plus,-0.0011216919307560054,1.0477042975685503e-05,1.0477042975685503e-05,-0.049999894487083474,-0.09464217576352318,0.20564292622174674,0.09772766515343223,-0.049999894487083474,-0.09464217576352318,0.20564292622174674,0.09772766515343223
88,plus,0.0010406966214260732,9.95298097106153e-06,9.95298097106153e-06,0.033581863861816094,0.06552319117406746,0.23922479008356284,0.1632508563274997,0.033581863861816094,0.06552319117406746,0.23922479008356284,0.1632508563274997
89,plus,0.002690094600983126,9.398368645215845e-06,9.398368645215845e-06,0.10520577528670261,0.17229087725623948,0.34443056537026545,0.3355417335837392,0.10520577528670261,0.17229087725623948,0.34443056537026545,0.3355417335837392
90,plus,-0.002019670937494739,9.206975248718713e-06,9.206975248718713e-06,-0.095600552323998,-0.16213647619078664,0.24883001304626745,0.17340525739295254,-0.095600552323998,-0.16213647619078664,0.24883001304626745,0.17340525739295254
91,plus,0.0008735332814806813,8.94975043474841e-06,8.94975043474841e-06,0.029934353503397636,0.05878647915960755,0.2787643665496651,0.2321917365525601,0.029934353503397636,0.05878647915960755,0.2787643665496651,0.2321917365525601
92,plus,0.0017251817343800404,8.440112676764427e-06,8.440112676764427e-06,0.07178348817858789,0.13129826105926412,0.35054785472825295,0.3634899976118242,0.07178348817858789,0.13129826105926412,0.35054785472825295,0.3634899976118242
93,plus,-0.0024425038415892947,8.07356733750988e-06,8.07356733750988e-06,-0.12980417579476994,-0.20138806976850532,0.220743678933483,0.1621019278433189,-0.12980417579476994,-0.20138806976850532,0.220743678933483,0.1621019278433189
94,plus,-0.006701728900460052,8.007619707534654e-06,8.007619707534654e-06,-0.34194324008015553,-0.22932815951731733,-0.12119956114667252,-0.06722623167399844,-0.34194324008015553,-0.22932815951731733,-0.12119956114667252,-0.06722623167399844
95,plus,0.00302234229234525,1.0383879770152229e-05,1.0383879770152229e-05,0.10791794652133556,0.17171906186128982,-0.01328161462533696,0.10449283018729139,0.10791794652133556,0.17171906186128982,-0.01328161462533696,0.10449283018729139
96,plus,0.0005384133338114281,1.023932168503238e-05,1.023932168503238e-05,0.013176740726899169,0.026221365938670083,-0.0001048738984377913,0.13071419612596147,0.013176740726899169,0.026221365938670083,-0.0001048738984377913,0.13071419612596147
97,plus,-0.006565411082010166,9.631898409854728e-06,9.631898409854728e-06,-0.27866334771317847,-0.21572492388493014,-0.27876822161161624,-0.08501072775896867,-0.27866334771317847,-0.21572492388493014,-0.27876822161161624,-0.08501072775896867
98,plus,-0.006210434774871095,1.1798943233220277e-05,1.1798943233220277e-05,-0.2155441713304329,-0.19951482829053901,-0.49431239294204915,-0.2845255560495077,-0.2155441713304329,-0.19951482829053901,-0.49431239294204915,-0.2845255560495077
99,plus,5.238809699688611e-06,1.3555406195376025e-05,1.3555406195376025e-05,-0.005655035632277394,-0.011288797474126255,-0.4999674285743265,-0.29581435352363394,-0.005655035632277394,-0.011288797474126255,-0.4999674285743265,-0.29581435352363394
100,plus,-0.0023149512101311854,1.2744320792730294e-05,1.2744320792730294e-05,-0.07825969281497387,-0.134229384921154,-0.5782271213893004,-0.43004373844478794,-0.07825969281497387,-0.134229384921154,-0.5782271213893004,-0.43004373844478794
101,plus,-0.0023347053966215705,1.2358681433372736e-05,1.2358681433372736e-05,-0.08133599030663276,-0.13857144425109258,-0.6595631116959332,-0.5686151826958805,-0.08133599030663276,-0.13857144425109258,-0.6595631116959332,-0.5686151826958805
102,plus,0.0010601287117554682,1.2002161784373775e-05,1.2002161784373775e-05,0.028490767337493044,0.05577202242437096,-0.6310723443584402,-0.5128431602715096,0.028490767337493044,0.05577202242437096,-0.6310723443584402,-0.5128431602715096
103,plus,-0.0015367992532509187,1.1326585346570429e-05,1.1326585346570429e-05,-0.060792917744056,-0.11158314669608593,-0.6918652621024962,-0.6244263069675955,-0.060792917744056,-0.11158314669608593,-0.6918652621024962,-0.6244263069675955
104,plus,-0.00328590094353674,1.0827647856807978e-05,1.0827647856807978e-05,-0.12769755369919678,-0.18580665419066822,-0.819562815801693,-0.8102329611582637,-0.12769755369919678,-0.18580665419066822,-0.819562815801693,-0.8102329611582637
105,plus,-0.002655530437435324,1.0906415478727998e-05,1.0906415478727998e-05,-0.10383953551090035,-0.1661672557442042,-0.9234023513125933,-0.9764002169024679,-0.10383953551090035,-0.1661672557442042,-0.9234023513125933,-0.9764002169024679
106,plus,0.0006389006849661625,1.074073003536356e-05,1.074073003536356e-05,0.01627420291594563,0.0323146535252441,-0.9071281483966477,-0.9440855633772238,0.01627420291594563,0.0323146535252441,-0.9071281483966477,-0.9440855633772238
107,plus,0.00310715763511904,1.0107928013219621e-05,1.0107928013219621e-05,0.11419391414964149,0.17843689354170422,-0.7929342342470062,-0.7656486698355196,0.11419391414964149,0.17843689354170422,-0.7929342342470062,-0.7656486698355196
108,plus,-0.002724952899098947,1.000910015883533e-05,1.000910015883533e-05,-0.11590109948837383,-0.1803158905734943,-0.90883533373538,-0.9459645604090139,-0.11590109948837383,-0.1803158905734943,-0.90883533373538,-0.9459645604090139
109,plus,-0.0032101563792457494,9.921318134308089e-06,9.921318134308089e-06,-0.1363333741079477,-0.19599712139153702,-1.0451687078433276,-1.141961681800551,-0.1363333741079477,-0.19599712139153702,-1.0451687078433276,-1.141961681800551
110,plus,0.0045866512853564335,1.0023139635679766e-05,1.0023139635679766e-05,0.17373443670580646,0.21173775211376356,-0.8714342711375211,-0.9302239296867874,0.17373443670580646,0.21173775211376356,-0.8714342711375211,-0.9302239296867874
111,plus,0.001372677391345667,1.0577149531295497e-05,1.0577149531295497e-05,0.04405516357431175,0.08434620299737272,-0.8273791075632094,-0.8458777266894146,0.04405516357431175,0.08434620299737272,-0.8273791075632094,-0.8458777266894146
112,plus,-0.003596994927243563,1.0025254413561905e-05,1.0025254413561905e-05,-0.15023201158144683,-0.20305668971113233,-0.9776111191446563,-1.048934416400547,-0.15023201158144683,-0.20305668971113233,-0.9776111191446563,-1.048934416400547
113,plus,-0.0049903543551222,1.0288046291441573e-05,1.0288046291441573e-05,-0.20013853813686688,-0.21373187192410903,-1.1777496572815231,-1.262666288324656,-0.20013853813686688,-0.21373187192410903,-1.1777496572815231,-1.262666288324656
114,plus,0.0032731300421361235,1.1286161726106033e-05,1.1286161726106033e-05,0.10810813805961185,0.16891339485397427,-1.0696415192219113,-1.0937528934706817,0.10810813805961185,0.16891339485397427,-1.0696415192219113,-1.0937528934706817
115,plus,0.0037511627054555236,1.117622522716729e-05,1.117622522716729e-05,0.12614468684285202,0.1831899316365977,-0.9434968323790593,-0.910562961834084,0.12614468684285202,0.1831899316365977,-0.9434968323790593,-0.910562961834084
116,plus,0.0005027631010750077,1.126297367028982e-05,1.126297367028982e-05,0.010723097899893466,0.02136283230041336,-0.9327737344791659,-0.8892001295336707,0.010723097899893466,0.02136283230041336,-0.9327737344791659,-0.8892001295336707
117,plus,0.005275850387048664,1.0592753000128474e-05,1.0592753000128474e-05,0.19021081919164504,0.20997382028849287,-0.7425629152875208,-0.6792263092451778,0.19021081919164504,0.20997382028849287,-0.7425629152875208,-0.6792263092451778
118,plus,0.004624013625921324,1.1504010229039623e-05,1.1504010229039623e-05,0.15265901275159635,0.194705598833961,-0.5899039025359245,-0.4845207104112168,0.15265901275159635,0.194705598833961,-0.5899039025359245,-0.4845207104112168
119,plus,-0.001892291539863272,1.1988926229471159e-05,1.1988926229471159e-05,-0.06920090449459687,-0.12330149501792231,-0.6591048070305214,-0.6078222054291391,-0.06920090449459687,-0.12330149501792231,-0.6591048070305214,-0.6078222054291391
120,plus,0.0002597753378128627,1.1531853308419594e-05,1.1531853308419594e-05,0.00211156464437901,0.004217871236646076,-0.6569932423861424,-0.603604334192493,0.00211156464437901,0.004217871236646076,-0.6569932423861424,-0.603604334192493
121,plus,-0.004054876042401252,1.0840168032325267e-05,1.0840168032325267e-05,-0.15569989204534906,-0.20001108434934034,-0.8126931344314915,-0.8036154185418334,-0.15569989204534906,-0.20001108434934034,-0.8126931344314915,-0.8036154185418334
122,plus,-0.003160087339358885,1.1275185857149835e-05,1.1275185857149835e-05,-0.11820098817987122,-0.17718132182385116,-0.9308941226113627,-0.9807967403656845,-0.11820098817987122,-0.17718132182385116,-0.9308941226113627,-0.9807967403656845
123,plus,0.0041890031016039875,1.127544605594355e-05,1.127544605594355e-05,0.14044390017539646,0.19089199710359583,-0.7904502224359663,-0.7899047432620887,0.14044390017539646,0.19089199710359583,-0.7904502224359663,-0.7899047432620887
124,plus,0.0004991361628398646,1.1554407998549482e-05,1.1554407998549482e-05,0.010328067705502469,0.02057915434774671,-0.7801221547304639,-0.769325588914342,0.010328067705502469,0.02057915434774671,-0.7801221547304639,-0.769325588914342
125,plus,0.0019018012283262488,1.0866569594759938e-05,1.0866569594759938e-05,0.062204343646474106,0.1141279292553179,-0.7179178110839898,-0.6551976596590241,0.062204343646474106,0.1141279292553179,-0.7179178110839898,-0.6551976596590241
126,plus,0.04597513544388154,1.0388667368104804e-05,1.0388667368104804e-05,1.7485752046126717,0.05125036198366395,1.0306573935286818,-0.6039472976753602,1.7485752046126717,0.05125036198366395,1.0306573935286818,-0.6039472976753602
127,plus,-0.007301383889398425,0.00013549584804495012,1.9738467999399135e-05,-0.021964582679172544,-0.03858667535362459,1.0086928108495092,-0.6425339730289847,-0.15077714020958988,-0.15463502960911946,0.8798802533190919,-0.7585823272844796
128,plus,0.005229360340348322,0.00013074091409376573,2.1928976850947792e-05,0.015269954384647332,0.02868612461546638,1.0239627652341565,-0.6138478484135184,0.09103971462000114,0.13145482608241021,0.9709199679390931,-0.6271275012020694
129,plus,-0.0008413368781746022,0.00012441508529869365,2.213186429044478e-05,-0.00331631037617129,-0.006612772523298727,1.0206464548579852,-0.6204606209368171,-0.018642760181139806,-0.0366672136154067,0.9522772077579533,-0.6637947148174761
130,plus,-0.008624202109978298,0.00011701504493169284,2.0868817183938902e-05,-0.029919551151914688,-0.04897543516279024,0.9907269037060705,-0.6694360560996073,-0.16776406595156024,-0.1495581246217812,0.7845131418063931,-0.8133528394392573
131,plus,-0.004354883560236501,0.00011466445415922567,2.4287000076336977e-05,-0.01575783539851863,-0.02972122654092857,0.9749690683075519,-0.6991572826405359,-0.07439632680128762,-0.11579829855014978,0.7101168150051055,-0.9291511379894071
132,plus,-0.004529785038964579,0.00010902853731881386,2.4073730480898485e-05,-0.017208971059725613,-0.032212701661670895,0.9577600972478263,-0.7313699843022068,-0.07793843770463509,-0.11899721530082719,0.6321783773004704,-1.0481483532902343
133,plus,0.0005868016259156375,0.0001038281763103094,2.397065788266895e-05,0.0014844004369133931,0.0029669892711359225,0.9592444976847397,-0.7284029950310709,0.006429635391458172,0.012825366135650995,0.6386080126919286,-1.0353229871545833
134,plus,0.009475642569100788,9.760753648923126e-05,2.2541469167249226e-05,0.03771676406649592,0.058294137539257385,0.9969612617512357,-0.6701088574918135,0.16331856621950072,0.14371141538076504,0.8019265789114293,-0.8916115717738182
135,plus,0.009504144589062026,9.691510394429263e-05,2.635300066162952e-05,0.03810294371020109,0.058713058146230956,1.0350642054614367,-0.6113957993455825,0.14012638627654977,0.13374073916814666,0.942052965187979,-0.7578708326056716
136,plus,0.001647191461114834,9.629599646887395e-05,2.9967619383170627e-05,0.0059702607429511665,0.011852803445144389,1.041034466204388,-0.5995429959004381,0.019184447055021814,0.03747798425544957,0.9612374122430007,-0.720392848350222
137,plus,0.012113878802600585,9.064417427493691e-05,2.8295499814375793e-05,0.05216396534003525,0.06853817144165042,1.0931984315444232,-0.5310048244587877,0.1671064160793384,0.1250495366076363,1.1283438283223393,-0.5953433117425857
138,plus,-0.003917126236814114,9.372422376724372e-05,3.5116469774316284e-05,-0.017425061584692807,-0.0328660409311512,1.0757733699597305,-0.5638708653899389,-0.046506678536241006,-0.08010929339154149,1.0818371497860984,-0.6754526051341272
139,plus,-0.0024214069904384856,8.911702998485116e-05,3.402574123149938e-05,-0.011665682617745232,-0.02274423631887723,1.0641076873419852,-0.5866151017088161,-0.03055366172822526,-0.057238506944420564,1.0512834880578732,-0.7326911120785478
140,plus,-0.00023788914102576737,8.418181549788562e-05,3.239600406973495e-05,-0.0020566870593942983,-0.004109636448680121,1.062051000282591,-0.5907247381574963,-0.005344352044101847,-0.010663509610553845,1.0459391360137713,-0.7433546216891016
141,plus,-0.003226879826417659,7.914232812571832e-05,3.0463665383256698e-05,-0.017174666169154158,-0.0327270169547651,1.0448763341134368,-0.6234517551122614,-0.044618500377696935,-0.07905868334481969,1.0013206356360744,-0.8224133050339213
142,plus,0.001626160801307864,7.509774617101475e-05,2.933980319310082e-05,0.0075443902964528325,0.014950922601898675,1.0524207244098898,-0.6085008325103627,0.01931051492640238,0.03773084487075451,1.0206311505624768,-0.7846824601631668
143,plus,0.009793642088326423,7.07141892794731e-05,2.7701722880234013e-05,0.05384535620192003,0.07509268646457734,1.1062660806118099,-0.5334081460457853,0.1374510432706725,0.13040919577551335,1.1580821938331494,-0.6542732643876534
144,plus,-0.00920095147007291,7.199544354540856e-05,3.156372513012382e-05,-0.05180753437143855,-0.07352985991802807,1.0544585462403713,-0.6069380059638134,-0.11817066587321043,-0.12225643444844803,1.039911527959939,-0.7765296988361015
145,plus,0.0033172557869535183,7.297659973899272e-05,3.497078442862507e-05,0.016959356158999905,0.032470519981712354,1.071417902399371,-0.5744674859821011,0.035390574345632905,0.06475563504127635,1.0753021023055718,-0.7117740637948251
146,plus,-0.004926742702173769,6.918163468730949e-05,3.345616829556389e-05,-0.029397857318954397,-0.05218294161990489,1.0420200450804167,-0.626650427602006,-0.0607897416004815,-0.09633937956840688,1.0145123607050903,-0.808113443363232
147,plus,0.006483747507186783,6.660676967888056e-05,3.30248312706397e-05,0.03744635104955558,0.06252216336580796,1.0794663961299722,-0.564128264236198,0.0755243973612569,0.10796980435521908,1.0900367580663473,-0.7001436390080129
148,plus,0.0018901512769300428,6.498068951765095e-05,3.3413667413904545e-05,0.010331143570931537,0.020359355625254594,1.0897975397009037,-0.5437689086109434,0.020091324440058837,0.03905288085978409,1.1101280825064062,-0.6610907581482288
149,plus,-0.0028317647521278657,6.125356691167452e-05,3.15805661341529e-05,-0.019630715889509275,-0.03738586993372284,1.0701668238113944,-0.5811547785446662,-0.03807567489937218,-0.06939995081763772,1.072052407607034,-0.7304907089658665
150,plus,-0.0008228726333196706,5.8129271419879924e-05,3.0236650689009598e-05,-0.006971908423026499,-0.013857828785619475,1.063194915388368,-0.5950126073302857,-0.013403334952834654,-0.026490744788325138,1.0586490726541993,-0.7569814537541917
151,plus,-0.0003532745826698519,5.470409655841583e-05,2.848503307139772e-05,-0.004001958500591077,-0.007987192881400595,1.059192956887777,-0.6029998002116863,-0.0076855632812633775,-0.015309580123682665,1.050963509372936,-0.7722910338778743
152,plus,-0.000861164966224217,5.144011229627737e-05,2.679419261848035e-05,-0.008173919310578561,-0.016225694754838926,1.0510190375771984,-0.6192254949665252,-0.01569247983038193,-0.030937974633637566,1.035271029542554,-0.8032290085115119
153,plus,-0.00040012621018328906,4.842106784814457e-05,2.5253903351015373e-05,-0.004905208630753977,-0.009783646026939152,1.0461138289464444,-0.6290091409934644,-0.009405098159191815,-0.018712051768940086,1.0258659313833622,-0.821941060280452
154,plus,-0.00038807757159075706,4.553729870676209e-05,2.3760164079460647e-05,-0.005110848485481097,-0.010193104546164733,1.0410029804609633,-0.6392022455396291,-0.009795144231749698,-0.019485566161713486,1.0160707871516126,-0.8414266264421655
155,plus,0.002017084024954209,4.282569903456489e-05,2.235519248490153e-05,0.016851913386570088,0.03284843502533974,1.0578548938475334,-0.6063538105142894,0.03228310252024138,0.061499319358307325,1.048353889671854,-0.7799273070838582
156,plus,-0.0025741910098872407,4.045461101613005e-05,2.1212334859446496e-05,-0.027196889035640538,-0.051139283054744133,1.030658004811893,-0.6574930935690335,-0.051867914309099275,-0.09251146162578827,0.9964859753627547,-0.8724387687096464
157,plus,0.0008359739474005935,3.848857423455896e-05,2.040083464727642e-05,0.006573392251120269,0.013096236411872297,1.0372313970630131,-0.6443968571571612,0.01240147768483058,0.02462371419667786,1.0088874530475853,-0.8478150545129686
158,plus,0.00019367328482289034,3.620364884125808e-05,1.9201173629212497e-05,-5.194834605599136e-05,-0.0001038590254465177,1.0371794487169572,-0.6445007161826077,-9.794816269115732e-05,-0.0001957624604536079,1.008789504884894,-0.8480108169734222
159,plus,-0.0009246355340147872,3.403143125850506e-05,1.8049104559182218e-05,-0.013095366371807256,-0.0258614395412069,1.02408408234515,-0.6703621557238146,-0.024691200553790215,-0.04822510943214642,0.9840983043311038,-0.8962359264055686
160,plus,-0.0015747814662956114,3.2065219622936264e-05,1.704183252557279e-05,-0.021944289991874345,-0.04248333204610333,1.0021397923532758,-0.712845487769918,-0.04128948439101052,-0.07774256017552439,0.9428088199400932,-0.973978486581093
161,plus,0.003163752766601134,3.0329959498305424e-05,1.620797562678376e-05,0.03879735643388743,0.07073216379647018,1.0409371487871633,-0.6421133239734478,0.07260143255253826,0.1228984783671816,1.0154102524926314,-0.8510800082139114
162,plus,-0.0018538200219553338,2.9037756431607327e-05,1.576309159237696e-05,-0.02804548848518011,-0.05348257477404861,1.012891660301983,-0.6955958987474964,-0.05166360030743853,-0.09481269886044164,0.9637466521851928,-0.945892707074353
163,plus,0.002466308595197365,2.7548190594023838e-05,1.5070005645147293e-05,0.03266852267950755,0.061483635263548386,1.0455601829814907,-0.634112263483948,0.05971853696617964,0.10716477619734999,1.0234651891513724,-0.838727930877003
164,plus,-0.0010931421420503425,2.620390026630157e-05,1.4474406414357618e-05,-0.01955898766519179,-0.03828689763808324,1.0260011953162989,-0.6723991611220312,-0.035408827651828394,-0.06814125925715508,0.988056361499544,-0.9068691901341581
165,plus,0.003722519334927878,2.4731753084678884e-05,1.3706028863851571e-05,0.05654492060073501,0.09683872713551622,1.0825461159170338,-0.575560433986515,0.10203210779589492,0.1566468934196843,1.090088469295439,-0.7502222967144738
166,plus,-0.0014974477132952521,2.399300755472997e-05,1.3628826787152297e-05,-0.02804819192847798,-0.05391424700836822,1.0544979239885557,-0.6294746809948832,-0.04937772644310651,-0.09218985303130456,1.0407107428523323,-0.8424121497457784
167,plus,-0.002373858552385457,2.2725983653606064e-05,1.2983653732083055e-05,-0.044915220190197176,-0.0818457329236173,1.0095827037983585,-0.7113204139185005,-0.0786175125202429,-0.13431031696557305,0.9620932303320895,-0.9767224667113514
168,plus,0.002045220985388949,2.175941939765066e-05,1.2601629271419035e-05,0.033680146420584554,0.0639813228526025,1.043262850218943,-0.647339091065898,0.05815600630324341,0.10659628820019496,1.0202492366353328,-0.8701261785111565
169,plus,0.00046427238110923456,2.0658496284722273e-05,1.2050173566064543e-05,0.0051068515651813496,0.010195608767613606,1.0483697017841243,-0.6371434822982844,0.00875505016649998,0.01745700733511235,1.0290042868018328,-0.8526691711760441
170,plus,-0.0006949453598331007,1.9423227389891943e-05,1.1331404034353678e-05,-0.018251712697089906,-0.03598666014540797,1.0301179890870344,-0.6731301424436924,-0.03128536983552856,-0.06106846289252754,0.9977189169663042,-0.9137376340685717
171,plus,-0.0015003494506090763,1.830571906371239e-05,1.069940510950642e-05,-0.036825210828993246,-0.069928991155086,0.9932927782580412,-0.7430591335987784,-0.06300462100445016,-0.11549918523587355,0.9347142959618541,-1.0292368193044452
172,plus,0.002168439308274313,1.738052349022659e-05,1.023058837327298e-05,0.04497888637557571,0.08367251228480832,1.038271664633617,-0.6593866213139701,0.07641364921466644,0.13554023896851142,1.0111279451765205,-0.8936965803359338
173,plus,-0.004296339658120159,1.6570552371426765e-05,9.849613361490372e-06,-0.10763865003007522,-0.1530168162122214,0.9306330146035418,-0.8124034375261915,-0.18108648756575685,-0.21502623232744345,0.8300414576107636,-1.1087228126633772
174,plus,0.0020778026410895314,1.678848715393462e-05,1.047080448459441e-05,0.044422684006855714,0.08296769388218372,0.9750556986103974,-0.7294357436440078,0.07122563131511689,0.12792792093877736,0.9012670889258805,-0.9807948917245999
175,plus,0.0005374774244026907,1.5993104318096632e-05,1.0054482608916835e-05,0.008412969225006976,0.016772032576236384,0.9834686678354044,-0.7126637110677714,0.013382040595619281,0.02662801360820044,0.9146491295214998,-0.9541668781163994
176,plus,-0.0006114473585826053,1.5040415952315473e-05,9.458111545686463e-06,-0.021367297254882404,-0.04208680995823766,0.962101370580522,-0.754750521026009,-0.03397856294439324,-0.06633453556317281,0.8806705665771065,-1.0205014136795723
177,plus,-0.001420516727662109,1.4177343393891532e-05,8.929977251660261e-06,-0.04531401222962876,-0.0852988444479621,0.9167873583508933,-0.8400493654739711,-0.07194109165451752,-0.13090577623099442,0.808729474922589,-1.1514071899105667
178,plus,7.607591981839543e-05,1.3483958739454694e-05,8.5514345657573e-06,-0.0036003032677618726,-0.007190951288254865,0.9131870550831315,-0.847240316762226,-0.005676982071104208,-0.011329981588388272,0.8030524928514847,-1.162737171498955
179,plus,0.0007163036178424226,1.2675819192331221e-05,8.039246469055672e-06,0.01621293791720407,0.03216601713526579,0.9293999930003355,-0.8150742996269602,0.02556362345725051,0.05048461258004,0.8286161163087352,-1.112252558918915
180,plus,-0.0038707282878085373,1.1931362701057014e-05,7.572984341177997e-06,-0.13533562989017817,-0.1849827843182945,0.7940643631101574,-1.0000570839452547,-0.21322353432260652,-0.24656189401082163,0.6153925819861287,-1.3588144529297366
181,plus,-0.0001667826215627485,1.2208955440938325e-05,8.112079782652049e-06,-0.01186987522962871,-0.02362843957698857,0.7821944878805287,-1.0236855235222433,-0.0178645651486254,-0.035477730728924683,0.5975280168375032,-1.3942921836586613
182,plus,-5.250843910488786e-05,1.1484420171785943e-05,7.633357052996844e-06,-0.008670170411556068,-0.01728903894881384,0.7735243174689727,-1.0409745624710571,-0.013044310553795513,-0.0259727248846211,0.5844837062837077,-1.4202649085432824
183,plus,0.001963306973315671,1.0799132646513974e-05,7.17913331485222e-06,0.06485288160798006,0.11821326988309533,0.8383771990769527,-0.9227612925879618,0.09755423674113226,0.17023009351177087,0.68203794302484,-1.2500348150315115
184,plus,0.00021577645567622623,1.0338075795818252e-05,6.935276424056204e-06,0.0006665050636663401,0.0013313073254890284,0.8390437041406191,-0.9214299852624728,0.0009935263492279588,0.001983271398386499,0.683031469374068,-1.248051543633125
185,plus,-0.0036158611536283203,9.717809338073135e-06,6.519177928616811e-06,-0.1557553438517072,-0.20770288582400998,0.6832883602889119,-1.1291328710864827,-0.2321766258737559,-0.2661415637182909,0.45085484350031213,-1.5141931073514159
186,plus,0.0023471212931223625,1.0007661878890577e-05,7.000948354001633e-06,0.08520093415189672,0.14755210897857296,0.7684892944408086,-0.9815807621079098,0.12179237692425408,0.1994553581708436,0.5726472204245662,-1.3147377491805723
187,plus,-0.0005881614970533704,9.684219083655893e-06,6.857908370260286e-06,-0.03223105699614209,-0.06303665370143996,0.7362582374446665,-1.0446174158093497,-0.045514258925071244,-0.08821349931355549,0.527132961499495,-1.4029512484941278
188,plus,0.0003606728482033105,9.140287876534924e-06,6.483555805943054e-06,0.007044520829032988,0.014055392981070725,0.7433027582736994,-1.030562022828279,0.009931116544194285,0.019795444691225406,0.5370640780436893,-1.3831558038029024
189,plus,-0.0018021664925964537,8.593450305315433e-06,6.096122158959074e-06,-0.09238205879445041,-0.15976137598082474,0.650920699479249,-1.1903233988091038,-0.13022715271315938,-0.2134026532174067,0.4068369253305299,-1.596558457020309
190,plus,-0.0004738785110013125,8.317982312966436e-06,5.970493855391461e-06,-0.032072949414916285,-0.06290956053242613,0.6188477500643328,-1.25323295934153,-0.04468344368481877,-0.08698694543694785,0.36215348164571115,-1.683545402457257
191,plus,0.005109681161075744,7.84602190240377e-06,5.639382752283294e-06,0.24839543922446022,0.24529356462947494,0.8672431892887931,-1.007939394712055,0.34559031408592283,0.28487903559746197,0.7077437957316339,-1.398666366859795
192,plus,-0.00236110998493753,8.822494063000463e-06,6.748253261887216e-06,-0.1151243171433354,-0.18440374954312677,0.7521188721454577,-1.1923431442551817,-0.150510593643608,-0.22720140345779782,0.557233202088026,-1.6258677703175928
193,plus,0.0008379426279845077,8.686213801215497e-06,6.736427448169044e-06,0.029216609663526658,0.05744657651343754,0.7813354818089844,-1.1348965677417442,0.037673042578827004,0.07371443661417842,0.5949062446668529,-1.5521533337034144
194,plus,0.0006545808523775152,8.189580884991654e-06,6.356781713127989e-06,0.022103586405494258,0.04376713324849568,0.8034390682144786,-1.0911294344932485,0.02847653370609809,0.056225156302008195,0.623382778372951,-1.4959281774014062
195,plus,0.00520306226093915,7.710691394973655e-06,5.98786017342181e-06,0.25756082650593404,0.24726424365885435,1.0609998947204127,-0.8438651908343942,0.33166640354040006,0.2769905749081243,0.9550491819133511,-1.2189376024932819
196,plus,0.002742497753163053,8.750840945897009e-06,7.1313795976382745e-06,0.11536691932244755,0.18493515832955598,1.1763668140428603,-0.6589300325048382,0.14156553407186595,0.21715821541371927,1.096614715985217,-1.0017793870795626
197,plus,0.004796067572982713,8.614132615091435e-06,7.091838947728224e-06,0.2117991795100893,0.23292748681612885,1.3881659935529496,-0.4260025456887093,0.2572627824059526,0.2580138711206663,1.3538774983911697,-0.7437655159588963
198,plus,0.008370906243135676,9.365590478925393e-06,7.934634431603976e-06,0.34627320095142544,0.20506433289497927,1.734439194504375,-0.22093821279373005,0.4087211606145931,0.21478540718396566,1.7625986590057627,-0.5289801087749306
199,plus,0.0026196551327307928,1.2811034094502198e-05,1.1465935410020066e-05,0.07499866776727224,0.13005031428948488,1.8094378622716472,-0.09088789850424517,0.08379695641483524,0.143077281675013,1.846395615420598,-0.38590282709991763
200,plus,0.00040465379077811805,1.2394116944376624e-05,1.1129724180963417e-05,0.00660327021980728,0.013177535013048747,1.8160411324914545,-0.07771036349119642,0.007353434998829103,0.014670911847539436,1.8537490504194272,-0.3712319152523782
201,plus,0.0012154114365100365,1.1653022051004831e-05,1.0464492853396417e-05,0.03463229761773294,0.06720355310914528,1.8506734301091874,-0.010506810382051146,0.038565741643697395,0.07458466748504833,1.8923147920631245,-0.29664724776732987
202,plus,0.001973945569328264,1.1015897913942036e-05,9.898680468190126e-06,0.06395997326608059,0.1166678033100137,1.9146334033752679,0.10616099292796255,0.07117883422359124,0.12856104562275483,1.9634936262867158,-0.16808620214457504
203,plus,0.003421679022080754,1.0544095057647613e-05,9.493910658640819e-06,0.1213071326624473,0.18251569458828953,2.035940536037715,0.2886766875162521,0.13472571882687492,0.197304088917873,2.098219345113591,0.029217886773297952
204,plus,4.6601474199857126e-05,1.0534816101786311e-05,9.547642766719926e-06,-0.005718424385271912,-0.011414320922868981,2.0302221116524435,0.2772623665933831,-0.006309677766830214,-0.01259193565846406,2.0919096673467608,0.016625951114833892
205,plus,-0.0021933874362248047,9.904109934546952e-06,8.97616699958455e-06,-0.09583163392036613,-0.1605789562497657,1.9343904777320773,0.1166834103436174,-0.10573856720786211,-0.17426159178016132,1.9861711001388986,-0.15763564066532743
206,plus,-0.004710485237100422,9.653105811517253e-06,8.780839452652595e-06,-0.20179778501041698,-0.22022578604619136,1.7325926927216604,-0.10354237570257396,-0.22184386603799064,-0.23165318108761745,1.764327234100908,-0.3892888217529449
207,plus,-0.0029261790793086244,1.0519756199303317e-05,9.699825821970538e-06,-0.11786559960332076,-0.1799184301757597,1.6147270931183397,-0.28346080587833367,-0.12782882856547464,-0.1913022599224119,1.6364984055354332,-0.5805910816753568
208,plus,-0.0015600437322600014,1.047435525398934e-05,9.703620699296528e-06,-0.06661986862018028,-0.12118126114251027,1.5481072244981595,-0.40464206702084393,-0.07191131975639285,-0.12987417379059352,1.5645870857790405,-0.7104652554659503
209,plus,-0.00175501943360824,1.003142407986443e-05,9.306933598453186e-06,-0.07727432065369985,-0.13702211657172736,1.4708329038444596,-0.5416641835925713,-0.08328967567680116,-0.1463979811321252,1.4812974101022394,-0.8568632365980755
210,plus,0.003347301852862713,9.658492460737275e-06,8.977471408210706e-06,0.129374143361751,0.19264999706207497,1.6002070472062107,-0.3490141865304963,0.13918832279777366,0.20332819151759018,1.620485732900013,-0.6535350450804853
211,plus,0.0012557935139088506,9.673913087513814e-06,9.03375329813884e-06,0.043373923034970945,0.08342629559215098,1.6435809702411817,-0.26558789093834534,0.046447533805386146,0.08909681078164411,1.6669332667053993,-0.5644382342988412
212,plus,0.0017956499791307711,9.160561553601742e-06,8.558811351589267e-06,0.0691905527883343,0.12647916532872916,1.712771523029516,-0.13910872560961618,0.07405518029411567,0.13455929799336808,1.740988446999515,-0.42987893630547314
213,plus,0.0013072267892606387,8.763997876240577e-06,8.19835268634885e-06,0.05020603585484565,0.09579747370574943,1.7629775588843617,-0.043311251903866754,0.05367000035738676,0.10208394186120806,1.7946584473569016,-0.3277949944442651
214,plus,0.0029206919611643135,8.311926124949918e-06,7.780219646451696e-06,0.12996621149799586,0.20021097755042483,1.8929437703823575,0.15689972564655807,0.13884820709446602,0.2105912202835043,1.9335066544513677,-0.11720377416076078
215,plus,-0.0013109309132629428,8.257858820517371e-06,7.758054730729042e-06,-0.07253040899184794,-0.13267331232323976,1.8204133613905096,0.02422641332331832,-0.07720310031800712,-0.14044938997809897,1.8563035541333606,-0.25765316413885975
216,plus,0.0027205242999773583,7.899074379572693e-06,7.429258535171664e-06,0.1267031919229724,0.19959182647563267,1.947116553313482,0.223818239798951,0.13471572329737308,0.2094055284237193,1.9910192774307336,-0.04824763571514046
217,plus,-0.0015691302934764707,7.806792732643154e-06,7.365165838906187e-06,-0.08984559641624978,-0.15834411463647946,1.8572709568972323,0.06547412516247153,-0.09523287927302607,-0.1666536943030028,1.8957863981577074,-0.21490133001814327
218,plus,-0.0019858560438659454,7.525837662375156e-06,7.110708382262406e-06,-0.11517300124096479,-0.18995159262643035,1.7420979556562675,-0.12447746746395882,-0.12189690025682828,-0.1990070686934562,1.7738894979008792,-0.41390839871159946
219,plus,-0.000979424177994743,7.3605491989423776e-06,6.970327675636393e-06,-0.06350009669701386,-0.11930855686248965,1.6785978589592536,-0.24378602432644847,-0.06705503781546332,-0.1255630225179889,1.706834460085416,-0.5394714212295884
220,plus,0.0005622338681575581,7.002154229451349e-06,6.635345997543724e-06,0.0206184376017088,0.04090312008583297,1.6992162965609625,-0.2028829042406155,0.02175824442477126,0.043145018044413064,1.7285927045101872,-0.4963264031851753
221,plus,-0.0016458732461485212,6.589966926297538e-06,6.245167188304371e-06,-0.11105662744519883,-0.18924982384988986,1.5881596691157638,-0.39213272809050537,-0.11718813600068173,-0.1980835482740062,1.6114045685095055,-0.6944099514591815
222,plus,-0.0001852066819516174,6.39865234943805e-06,6.074540595724472e-06,-0.02379093354811686,-0.047124922041763995,1.564368735567647,-0.43925765013226936,-0.025060316981028747,-0.049613943137813976,1.5863442515284767,-0.7440238945969955
223,plus,-0.0035979912066765236,6.0235630382112324e-06,5.71889798972047e-06,-0.2501027177087355,-0.27812940985864554,1.3142660178589116,-0.7173870599909149,-0.26342653582113507,-0.2861838022513803,1.3229177157073417,-1.0302076968483758
224,plus,-7.008282274333983e-05,6.52691021255316e-06,6.240525066971844e-06,-0.016324085709600804,-0.03246370011937749,1.2979419321493109,-0.7498507601102924,-0.017073217491342753,-0.03394471208078986,1.305844498215999,-1.0641524089291656
225,plus,-0.004527278046591482,6.139620990492821e-06,5.870418953646384e-06,-0.3054380894299898,-0.2760352000931787,0.9925038427193211,-1.0258859602034711,-0.3194446801783323,-0.28161890473003304,0.9863998180376666,-1.3457713136591987
226,plus,0.002315533949912548,7.111172912108343e-06,6.858122997472692e-06,0.11814190023749893,0.1950308561458307,1.11064574295682,-0.8308551040576404,0.12250108099016402,0.200934868025902,1.1089008990278306,-1.1448364456332967
227,plus,-0.001671172132382731,6.95343468099498e-06,6.715567761237467e-06,-0.10669529181123752,-0.1825276521001502,1.0039504511455823,-1.0133827561577906,-0.11047446303221131,-0.18803137311879503,0.9984264359956193,-1.3328678187520917
228,plus,0.0015141963317160177,6.745949446507703e-06,6.522354541935642e-06,0.07739998150923824,0.14237252775525722,1.0813504326548207,-0.8710102284025334,0.08005335482222921,0.14684999238465402,1.0784797908178485,-1.1860178263674377
229,plus,0.0005822128061547139,6.445069673897374e-06,6.234890463599637e-06,0.023630718946791092,0.04681046911058484,1.1049811516016117,-0.8241997592919486,0.024427314472566675,0.04837293203141613,1.1029071052904151,-1.1376448943360216
230,plus,0.0010060333637134456,6.067203644825697e-06,5.869635187145825e-06,0.05282242195145027,0.101787298623921,1.157803573553062,-0.7224124606680276,0.05460039351239461,0.10508458247129937,1.1575074988028098,-1.0325603118647222
231,plus,0.0033935071754800272,5.742306494477404e-06,5.5565921442583245e-06,0.2207988436312585,0.27708091737459295,1.3786024171843205,-0.4453315432934346,0.22817845917789795,0.2828243404204174,1.3856859579807077,-0.7497359714443048
232,plus,3.347354264105775e-05,6.010285827851929e-06,5.835714338645994e-06,-0.010890005536478745,-0.021699986558374462,1.3677124116478419,-0.46703152985180907,-0.011215772764558155,-0.022346673962496233,1.3744701852161496,-0.772082645406801
233,plus,-0.0002234394273048372,5.651300973687213e-06,5.4872037738336335e-06,-0.029621787614733327,-0.058495615098495435,1.3380906240331085,-0.5255271449503045,-0.030507639972798598,-0.060222272158055645,1.343962545243351,-0.8323049175648567
234,plus,0.004199460350012432,5.322900468224324e-06,5.16864910036196e-06,0.2982804828948898,0.29778830017617963,1.6363711069279983,-0.22773884477412487,0.3071822619864441,0.30216288046432904,1.6511448072297952,-0.5301420371005277
235,plus,0.0018893135409315774,5.9640293787531695e-06,5.819033092962547e-06,0.1125065547489353,0.19371027304809463,1.7488776616769335,-0.03402857172603024,0.11530994704883882,0.19785273089391264,1.766454754278634,-0.332289306206615
236,plus,0.002181671036502824,5.777736355581843e-06,5.641439846938657e-06,0.13621377449311392,0.22173178505518454,1.8850914361700475,0.1877032133291543,0.1395046829129912,0.22607445680918836,1.905959437191625,-0.10621484939742665
237,plus,-0.002548751953418973,5.6670709923831724e-06,5.538952274258578e-06,-0.19236475148679366,-0.26619871243607474,1.6927266846832538,-0.07849549910692044,-0.19681424376485146,-0.27043174416996507,1.7091451934267736,-0.3766465935673917
238,plus,0.003320212458351495,5.779861550296588e-06,5.659429955259469e-06,0.21433202469764578,0.27421730929994403,1.9070587093808995,0.1957218101930236,0.21889296949348774,0.27792440618368186,1.9280381629202614,-0.09872218738370986
239,plus,0.0016982765389097847,6.017807881748029e-06,5.904602182413137e-06,0.0989037994208006,0.1756000738924346,2.0059625088017,0.3713218840854582,0.10080002772448858,0.17858324738788234,2.02883819064475,0.07986106000417248
240,plus,-0.002432813124777948,5.791714901244987e-06,5.685301543870188e-06,-0.180281186009417,-0.2575686940062809,1.825681322792283,0.11375319007917728,-0.18365555870130298,-0.26099642324405803,1.8451826319434472,-0.18113536323988555
241,plus,0.002328351766410161,5.859612967127806e-06,5.7595844111954945e-06,0.14424398345310946,0.22901291016612824,1.9699253062453925,0.3427661002453055,0.14674911513217515,0.2321605831480671,1.9919317470756224,0.05102521990818154
242,plus,-0.000638324431251207,5.780234615103052e-06,5.686207772526679e-06,-0.057443783103517346,-0.11020095045367206,1.9124815231418753,0.23256514979163345,-0.05839367057983545,-0.11194791591439568,1.933538076495787,-0.06092269600621414
243,plus,-0.0006647392933608482,5.47542827964636e-06,5.387043047624569e-06,-0.06255595255067273,-0.11942553858165361,1.8499255705912026,0.11313961120997984,-0.0635823082585547,-0.12129475879123053,1.8699557682372323,-0.18221745479744467
244,plus,0.00020092257216091354,5.191604464521736e-06,5.108522346421253e-06,0.00019184467016380543,0.00038272180121001753,1.8501174152613664,0.11352233301118986,0.00019496472337345098,0.000388930221686401,1.8701507329606057,-0.18182852457575827
245,plus,0.00031719718933496244,4.880108574618406e-06,4.802011383603952e-06,0.009658945498075514,0.019247650532424387,1.859776360759442,0.13276998354361425,0.009816033112265065,0.0195595278744376,1.8799667660728707,-0.16226899670132067
246,plus,0.0013494283706941734,4.588148645458321e-06,4.514737285904734e-06,0.09955044751165013,0.1812023225922026,1.9593268082710922,0.31397230613581684,0.10116917596320692,0.18388079195430151,1.9811359420360777,0.021611795252980848
247,plus,0.003506169817710665,4.392349951401077e-06,4.323343273420705e-06,0.2988382178083856,0.3263300951149155,2.2581650260794777,0.6403024012507323,0.30360809874550937,0.3291564024207836,2.284744040781587,0.35076819767376444
248,plus,0.0035427277860383918,4.785284383932995e-06,4.720418106631446e-06,0.27733130474170165,0.3115682360720813,2.5354963308211795,0.9518706373228136,0.2811422911652354,0.31396102599068154,2.5658863319468224,0.664729223664446
249,plus,-0.002303957072193507,5.169233925216267e-06,5.108259624552811e-06,-0.19209884706139316,-0.2733810137889261,2.3433974837597864,0.6784896235338875,-0.1943918183899305,-0.2756966416949176,2.371494513556892,0.3890325819695284
250,plus,0.0017979718550016899,5.234791157833916e-06,5.177475315210268e-06,0.12125520921865632,0.20817033065174861,2.4646526929784427,0.8866599541856361,0.12259753227492604,0.21014621367135522,2.494092045831818,0.5991787956408836
251,plus,0.002673218978520595,5.074219058089542e-06,5.020342166023313e-06,0.1935403207719516,0.27571084976152527,2.6581930137503944,1.1623708039471614,0.1956173407494472,0.2778134025643455,2.6897093865812653,0.8769921982052291
252,plus,0.0007437516301517077,5.137245882047859e-06,5.086601603505603e-06,0.04212458250205559,0.08245279093566804,2.70031759625245,1.2448235948828295,0.04254399201276704,0.08325610147845275,2.7322533785940326,0.9602482996836819
253,plus,0.0006184296829651343,4.8468548021532014e-06,4.799249180323481e-06,0.034387951232701,0.06777307551776612,2.7347055474851514,1.3125966704005956,0.034729058714386814,0.06843547358531765,2.7669824373084193,1.0286837732689995
254,plus,-0.0032752295957668176,4.566628370062761e-06,4.521879085542823e-06,-0.301848403267009,-0.320802721869339,2.4328571442181426,0.9917939485312566,-0.30483554640466387,-0.3224835882135819,2.4621468909037554,0.7062001850554176
255,plus,-0.0038186237416173367,5.016602115133759e-06,4.974537787685018e-06,-0.3177573271294798,-0.3065640437275947,2.115099817088663,0.6852299048036619,-0.3204442598311874,-0.307810170798839,2.141702631072568,0.3983900142565786
256,plus,0.00350835579601448,5.683800893857484e-06,5.644260426055668e-06,0.2310899884960404,0.2811968608781834,2.3461898055847032,0.9664267656818453,0.2327088730902502,0.28239298289701864,2.374411504162818,0.6807829971535972
257,plus,-0.0007453909734700615,6.000116238787736e-06,5.962948199054029e-06,-0.06241966850559081,-0.11872095472423183,2.2837701370791126,0.8477058109576134,-0.06280874059572714,-0.11942457221571967,2.311602763567091,0.5613584249378776
258,plus,0.0001238605072851708,5.6935551867240335e-06,5.65861722937435e-06,-0.005196086075949003,-0.010364920637769615,2.278574051003164,0.8373408903198438,-0.00522816823071367,-0.010428747901747748,2.3063745953363775,0.5509296770361298
259,plus,0.003619435638109947,5.352275357272706e-06,5.3194336773640034e-06,0.25363956354553024,0.29323368491634394,2.532213614548694,1.1305745752361878,0.255205510197632,0.2942783065210941,2.5615801055340093,0.8452079835572239
260,plus,0.002934321498796803,5.733342713072432e-06,5.702471533958252e-06,0.1893621487016804,0.2636346827202507,2.7215757632503745,1.3942092579564385,0.19038728890189072,0.2646272037131734,2.7519673944359,1.1098351872703973
261,plus,-0.004301056983611056,5.838453968129238e-06,5.809435059761908e-06,-0.3058179188907832,-0.28362469827007164,2.4157578443595913,1.1105845596863668,-0.3073455204689206,-0.2842803986777147,2.4446218739669794,0.8255547885926826
262,plus,-0.003641532598916313,6.702860375208541e-06,6.675582601343251e-06,-0.22733396357715313,-0.2621875966991203,2.1884238807824383,0.8483969629872465,-0.22826289589972074,-0.2628047269139193,2.216358978067259,0.5627500616787633
263,plus,-0.0014835505235333678,7.185399545884781e-06,7.159758438451408e-06,-0.09288915929201598,-0.1640017487755756,2.0955347214904223,0.6843952142116709,-0.09322182148073047,-0.16452015105650286,2.1231371565865285,0.39822991062226043
264,plus,0.002918063432639145,6.924015589930446e-06,6.899912948943075e-06,0.15586713631976853,0.22967033690663463,2.251401857810191,0.9140655511183056,0.15641160835242227,0.23026116385463613,2.2795487649389505,0.6284910744768966
265,plus,-0.006176374865100947,6.9523646615053265e-06,6.929708178977198e-06,-0.36385859023988265,-0.2467990293283746,1.887543267570308,0.667266521789931,-0.3650482154852124,-0.24707224771205638,1.9145005494537382,0.3814188267648402
266,plus,-0.001217748404795509,8.973497770610704e-06,8.952200677034262e-06,-0.06262537820979958,-0.116422988614036,1.8249178893605085,0.550843533175895,-0.06277436264257885,-0.11668042480011742,1.8517261868111592,0.26473840196472276
267,plus,0.0011124494310730485,8.555418640588455e-06,8.535399372626599e-06,0.04239570316643028,0.08200167006373338,1.8673135925269388,0.6328452032396283,0.04249513974872331,0.0821876694678334,1.8942213265598824,0.34692607143255616
268,plus,0.003395550897891956,8.092221311072292e-06,8.073403199188147e-06,0.1567808869708083,0.2205026732957318,2.024094479497747,0.8533478765353602,0.15714632397420344,0.22086401645465337,2.0513676505340857,0.5677900878872095
269,plus,-0.000582860479520506,8.219989592402123e-06,8.202300567231027e-06,-0.037716475839452146,-0.07350010093342263,1.986378003658295,0.7798477756019375,-0.03779781493267612,-0.07365454840618035,2.0135698356014093,0.4941355394810292
270,plus,0.004723009266271311,7.763413483571465e-06,7.746785799910635e-06,0.23127388903280927,0.24608446308485465,2.217651892691104,1.0259322386867922,0.23177029478936084,0.24636534904867524,2.2453401303907703,0.7405008885297044
271,plus,-0.0005274891958148869,8.525927120669853e-06,8.510297098028674e-06,-0.033785921830696716,-0.06611086028564994,2.1838659708604076,0.9598213784011422,-0.03384797309836506,-0.06622965445557583,2.211492157292405,0.6742712340741286
272,plus,-0.0023047800435913503,8.045987507032254e-06,8.031295285749545e-06,-0.12345662385232783,-0.19584270980647744,2.0604093470080795,0.7639786685946648,-0.12368247185964404,-0.19612686962835468,2.0878096854327612,0.4781443644457739
273,plus,-0.0005873747551574437,7.939186690827622e-06,7.925376002821876e-06,-0.039276116084238845,-0.07644822943163732,2.021133230923841,0.6875304391630275,-0.039344558286239575,-0.07657788019614742,2.0484651271465215,0.4015664842496265
274,plus,0.006424783902929566,7.499883204709259e-06,7.4869011579838585e-06,0.3294427601836784,0.24194294814118678,2.3505759911075192,0.9294733873042142,0.33001400337439274,0.2420969111703597,2.378479130520914,0.6436633954199862
275,plus,0.0058443486250484905,9.375952115012915e-06,9.363748991091038e-06,0.23895714665079926,0.22398557225187066,2.5895331377583184,1.153458959556085,0.23926856290889972,0.22412234913090678,2.6177476934298136,0.867785744550893
276,plus,0.000847225050732008,1.0725990537372748e-05,1.0714519600886183e-05,0.0240038640978881,0.047331617033531614,2.6135370018562063,1.2007905765896165,0.024029562571618666,0.04738157677473609,2.6417772560014323,0.9151673213256291
277,plus,0.0027021831950754865,1.010768855324171e-05,1.009690587294434e-05,0.09829742138021061,0.16277939474509218,2.711834423236417,1.3635699713347087,0.0984023950901903,0.16292333826841787,2.7401796510916228,1.078090659594047
278,plus,0.0009396683144706557,9.877359242044748e-06,9.86722352256522e-06,0.02978013118518104,0.05840162788961312,2.741614554421598,1.4219715992243218,0.029810721660309753,0.05846045235437103,2.7699903727519324,1.136551111948418
279,plus,0.0033181494573586425,9.31768528082231e-06,9.308157704511555e-06,0.13286462678746386,0.19696692178741504,2.874479181209062,1.6189385210117369,0.1330006233950529,0.19711637565382123,2.9029909961469853,1.3336674876022392
280,plus,-0.004061912465178127,9.342589610680083e-06,9.333633688947975e-06,-0.1809568111302373,-0.21957392058042746,2.6935223700788247,1.3993646004313094,-0.18113044501082265,-0.21970175457157382,2.721860551136163,1.1139657330306654
281,plus,-0.000629455920905749,9.87105646401079e-06,9.862637897582609e-06,-0.033281067186485616,-0.06497458909651321,2.660241302892339,1.3343900113347962,-0.03330947529371005,-0.06502872844955565,2.6885510758424527,1.0489370045811097
282,plus,-0.0009635945065036502,9.319915063221275e-06,9.312001610778785e-06,-0.04947619877187205,-0.0942749764780082,2.6107651041204667,1.240115034856788,-0.04951824424849259,-0.0943513086905039,2.63903283159396,0.9545856958906058
283,plus,0.0018085759708200001,8.841735804084648e-06,8.834297158788707e-06,0.07226563806979251,0.13150562600286353,2.683030742190259,1.3716206608596515,0.07232648710384965,0.13160638535533042,2.7113593186978098,1.0861920812459362
284,plus,2.490417781633947e-05,8.466789201668131e-06,8.459796875089947e-06,-0.00813207768591573,-0.016219831961995723,2.6748986645043433,1.3554008288976558,-0.008138799140789727,-0.01623320170430187,2.70322051955702,1.0699588795416344
285,plus,-0.0033554702815896385,7.960588161971216e-06,7.954015374987723e-06,-0.17715663655953245,-0.23161551476340048,2.497742027944811,1.1237853141342553,-0.1773030296427643,-0.23174065664715382,2.5259174899142556,0.8382182228944806
286,plus,0.002826553735909044,8.24075792638596e-06,8.234579506621478e-06,0.12655548426902696,0.19766296225929647,2.624297512213838,1.3214482763935518,0.12665043907572748,0.19777880305485507,2.652567928989983,1.0359970259493356
287,plus,0.001150468602367562,8.160739969581143e-06,8.154932255002531e-06,0.04629481680522674,0.0891523821858673,2.6705923290190645,1.410600658579419,0.046327786678435554,0.08921351986793358,2.6988957156684186,1.1252105458172692
288,plus,0.0009137044972409109,7.725480198061593e-06,7.720020946357698e-06,0.03674152863496787,0.0717800235627557,2.7073338576540324,1.4823806821421748,0.03676751059203741,0.07182960832621355,2.735663226260456,1.1970401541434827
289,plus,-0.0027143632969269965,7.292649927626151e-06,7.28751823102449e-06,-0.15849704862912745,-0.2282290969438101,2.548836809024905,1.2541515851983647,-0.15860865847215477,-0.22834484033471458,2.577054567788301,0.9686953138087682
290,plus,0.0043639310934078315,7.3641467719102105e-06,7.359322977104649e-06,0.22446368075967352,0.2513388826852143,2.7733004897845785,1.505490467883579,0.22461080933938857,0.2514311447505264,2.80166537712769,1.2201264585592946
291,plus,-0.005489325200547183,7.963390575538168e-06,7.958856208420941e-06,-0.28342686791311533,-0.24075202253997752,2.489873621871463,1.2647384453436015,-0.28358834356192075,-0.24081028995553755,2.518077033565769,0.979316168603757
292,plus,-0.0020678127905632768,9.426608885441754e-06,9.42234658035156e-06,-0.09539971795664218,-0.16132355817416144,2.394473903914821,1.10341488716944,-0.09544287309851497,-0.16138527141287096,2.422634160467254,0.8179308971908861
293,plus,0.0037606015570531203,9.169159030328313e-06,9.165152463543531e-06,0.15416539321887823,0.21087799018418085,2.548639297133699,1.3142928773536209,0.1542327869634221,0.21094105646641292,2.576866947430676,1.028871953657299
294,plus,-0.0036173350641215446,9.38036085638593e-06,9.376594683608236e-06,-0.16142082839195349,-0.21265410545335506,2.3872184687417457,1.1016387719002658,-0.1614856641612446,-0.2127103830414283,2.4153812832694315,0.8161615706158707
295,plus,0.00500106882258012,9.69113506423988e-06,9.687594861828846e-06,0.19665559396866597,0.21924802685056477,2.5838740627104118,1.3208867987508306,0.19672745913415243,0.2192927024461433,2.612108742403584,1.035454273062014
296,plus,0.005633600784616492,1.0493597311205659e-05,1.0490269520939286e-05,0.20553682451920602,0.21202107741565168,2.789410887229618,1.5329078761664823,0.20560202622280865,0.21205577680632537,2.8177107686263927,1.2475100498683394
297,plus,-0.0008513025032107026,1.163645764447802e-05,1.163332952162763e-05,-0.0357972902204933,-0.06933116777797821,2.7536135970091244,1.463576708388504,-0.03580691586733092,-0.06934922173068525,2.781903852759062,1.178160828137654
298,plus,-0.005253008031952209,1.1004384306080494e-05,1.1001443870601128e-05,-0.19658184723646321,-0.20686012842253554,2.557031749772661,1.2567165799659685,-0.19663438908869757,-0.2068892261622146,2.585269463670364,0.9712716019754395
299,plus,0.0038179992758561932,1.2127200526482801e-05,1.2124436517132197e-05,0.11843985566176428,0.17407244468520755,2.675471605434425,1.430789024651176,0.11846685641087709,0.17410161262615453,2.703736320081241,1.145373214601594
300,plus,0.0008803225918958765,1.2185652914390379e-05,1.2183054745600812e-05,0.022206373838292087,0.04380911178249125,2.6976779792727172,1.4745981364336673,0.022211109588778387,0.04381832770642724,2.7259474296700197,1.1891915423080213
301,plus,0.001549489633538458,1.148241380569677e-05,1.1479971527034577e-05,0.04669241589751143,0.08859556204386809,2.7443703951702285,1.5631936984775354,0.04670234936213407,0.08861344456867393,2.772649779032154,1.2778049868766952
302,plus,0.0037130115721096474,1.0902993510432692e-05,1.090069776849023e-05,0.12791735511924884,0.18560136719304188,2.8722877502894772,1.7487950656705773,0.1279442951595612,0.1856297323439131,2.900594074191715,1.4634347192206083
303,plus,0.002375038541551698,1.0989958214386243e-05,1.0987800216960329e-05,0.07859360309608646,0.13731833540658034,2.950881353385564,1.8861134010771576,0.0786090388329788,0.13734189919435202,2.9792031130246936,1.6007766184149603
304,plus,-0.0040168080344899545,1.06148227251843e-05,1.0612794207603941e-05,-0.15758215500595588,-0.20220847249282858,2.793299198379608,1.683904928584329,-0.15761227508230216,-0.20223327784541834,2.8215908379423915,1.398543340569542
305,plus,0.0016037083006258776,1.1044018511298784e-05,1.1042111704773248e-05,0.05049402845845548,0.0952084500836552,2.8437932268380637,1.7791133786679842,0.050502748017316995,0.09522395136641482,2.8720935859597083,1.4937672919359568
306,plus,-0.002093592987575402,1.0499868744396838e-05,1.0498076346262833e-05,-0.08662261291158087,-0.14835369886043726,2.757170613926483,1.630759679807547,-0.08663740249822743,-0.14837539278432477,2.785456183461481,1.345391899151632
307,plus,-0.0013512981534549305,1.0185074023609135e-05,1.018338916936317e-05,-0.06037900385716388,-0.1118375992238354,2.696791610069319,1.5189220805837116,-0.060388993637513426,-0.11185473779968458,2.725067189823968,1.2335371613519475
308,plus,-0.0001688817437661941,9.718065805656364e-06,9.716482042665158e-06,-0.014998021796124032,-0.02981804947237876,2.681793588273195,1.4891040311113328,-0.015000466437276838,-0.029822880936738905,2.710066723386691,1.2037142804152086
309,plus,0.002347961088377492,9.143076169752313e-06,9.141587432540578e-06,0.09329413613167785,0.15952986072146746,2.7750877244048726,1.6486338918328003,0.09330932938483227,0.15955207786214043,2.8033760527715232,1.363266358277349
310,plus,-0.0004600895529509976,8.871725096415187e-06,8.870325683436157e-06,-0.029454296021120402,-0.057881770893144946,2.7456334283837522,1.5907521209396553,-0.029458942831802573,-0.05789074360230728,2.773917109939721,1.3053756146750417
311,plus,0.001866842004204331,8.36543910353334e-06,8.364123655333052e-06,0.07914409669974681,0.1423097907048101,2.824777525083499,1.7330619116444654,0.07915654390448185,0.14232991630816283,2.8530736538442025,1.4477055309832045
312,plus,0.002515799016956699,8.0305321382268e-06,8.029295616918528e-06,0.11451267856541102,0.18708955834549013,2.93929020364891,1.9201514699899556,0.11453031365743765,0.18711310169368645,2.96760396750164,1.634818632676891
313,plus,0.00385036311040173,7.870916970895686e-06,7.86975464086591e-06,0.18411916639228706,0.23519440829025484,3.123409370041197,2.1553458782802104,0.18414636002740292,0.2352166052018294,3.151750327529043,1.8700352378787204
314,plus,0.00022049736045263337,8.198866461339557e-06,8.197773871111567e-06,0.001068898343335149,0.0021343383815679573,3.1244782683845322,2.1574802166617784,0.0010690408049232587,0.0021346223836022915,3.152819368333966,1.8721698602623227
315,plus,0.005062815054989199,7.706963737597029e-06,7.705936702782718e-06,0.2504641855326445,0.24749718066178694,3.3749424539171766,2.4049773973235653,0.25049756699530135,0.2475134864451185,3.4033169353292676,2.119683346707441
316,plus,-0.00045830645967324046,8.664290530541228e-06,8.663325117815777e-06,-0.030077804938751777,-0.05908766615443639,3.344864648978425,2.345889731169129,-0.030081156711338704,-0.059094133992362075,3.373235778617929,2.060589212715079
317,plus,-0.005231300865170775,8.17030990186458e-06,8.169402413902655e-06,-0.2637168314785135,-0.23939013612207383,3.0811478174999114,2.106499595047055,-0.26374612613653114,-0.2394022114617238,3.1094896524813977,1.8211870012533553
318,plus,0.004229108353748364,9.448998670706446e-06,9.448145632022238e-06,0.16927533367844091,0.2151106487693566,3.250423151178352,2.3216102438164117,0.16929061693227015,0.21512299385433442,3.278780269413668,2.0363099951076897
319,plus,0.0008556140119536947,9.856849198420567e-06,9.856047342057412e-06,0.02645816799975664,0.0520875194907493,3.2768813191781088,2.373697763307161,0.026460320551345704,0.0520916908898581,3.3052405899650137,2.088401685997548
320,plus,-0.0002318918891253386,9.291353060506533e-06,9.290599315525168e-06,-0.018377924893563477,-0.036462590745339085,3.258503394284545,2.337235172561822,-0.01837941589195723,-0.03646552538205938,3.2868611740730564,2.0519361606154884
321,plus,-0.000127222792021182,8.744981599159517e-06,8.744273078877034e-06,-0.014776524255268498,-0.029390389886040147,3.2437268700292767,2.3078447826757817,-0.014777721549434065,-0.029392758205391445,3.2720834525236224,2.022543402410097
322,plus,-0.001531358011313808,8.226645011567754e-06,8.22597900250222e-06,-0.08343826035266817,-0.14865156328064355,3.1602886096766087,2.159193219395138,-0.08344501585712429,-0.1486622864039191,3.188638436666498,1.873881116006178
323,plus,0.0007112031454833633,7.912572713367353e-06,7.91194666484575e-06,0.02571708090635552,0.05078855141567473,3.1860056905829643,2.209981770810813,0.02571911582154939,0.05079251980773236,3.2143575524880474,1.9246736358139103
324,plus,0.00518100602475141,7.453595593121728e-06,7.453007107511422e-06,0.2652705730062061,0.2513479444596669,3.4512762635891705,2.46132971527048,0.2652915186342995,0.2513573519097223,3.479649071122347,2.1760309877236326
325,plus,-0.0017107560912284466,8.495954032874928e-06,8.495400856401242e-06,-0.08917264142725652,-0.15585623691004358,3.362103622161914,2.3054734783604363,-0.08917844788750104,-0.15586510766729056,3.390470623234846,2.020165880056342
326,plus,0.0007859827727455191,8.204892318942823e-06,8.204372333057557e-06,0.028417524428875362,0.055962282053017454,3.3905211465907894,2.3614357604134537,0.02841932550651998,0.055965774525239986,3.418889948741366,2.076131654581582
327,plus,0.004461739187301627,7.73331309534134e-06,7.73282430860919e-06,0.21876732583977973,0.24523398539788266,3.609288472430569,2.6066697458113364,0.21878115397837836,0.24524267820211687,3.6376711027197444,2.321374332783699
328,plus,0.004047683853071644,8.359871474672581e-06,8.359412015144359e-06,0.18271675085721514,0.2296032220083699,3.7920052232877843,2.8362729678197063,0.18272679354347046,0.22961115473065785,3.820397896263215,2.5509854875143567
329,plus,-0.002249060649087614,8.747292491517591e-06,8.746860599561062e-06,-0.11103087993035596,-0.1806269032270622,3.6809743433574282,2.655646064592644,-0.11103636227952826,-0.18063415996113807,3.709361533983687,2.3703513275532186
330,plus,-0.0035544509955937865,8.581862489229999e-06,8.581456510790861e-06,-0.17353245014991708,-0.22422338648308315,3.507441893207511,2.431422678109561,-0.17354065976248845,-0.22423024275428238,3.5358208742211987,2.1461210847989363
331,plus,-0.0025895336161287767,8.91198989422372e-06,8.91160827449093e-06,-0.12413926807893787,-0.1922033487899748,3.3833026251285734,2.239219329319586,-0.12414458406600258,-0.19220972263965663,3.4116762901551962,1.9539113621592796
332,plus,0.0022760456321866424,8.843629179736221e-06,8.843270457187399e-06,0.09322615146409269,0.16019523704995553,3.4765287765926662,2.3994145663695416,0.09322993313319712,0.1602008214681767,3.504906223288393,2.1141121836274563
333,plus,-0.0005113305071840606,8.572004945402175e-06,8.571667746206283e-06,-0.032856272365560234,-0.06435591586480616,3.443672504227106,2.3350586505047355,-0.03285756489216646,-0.06435839537655053,3.472048658396227,2.049753788250906
334,plus,0.0020986825226979628,8.08790877375149e-06,8.087591806507353e-06,0.09323489522342342,0.16212415602114838,3.5369073994505293,2.497182806525884,0.09323854926637012,0.1621296816996356,3.565287207662597,2.2118834699505414
335,plus,-0.0015115448420472788,7.81929577163175e-06,7.81899782242226e-06,-0.08677950027282413,-0.15412704386246467,3.4501278991777053,2.343055762663419,-0.08678280707557474,-0.15413226055666307,3.4785044005870223,2.0577512093938783
336,plus,0.0015878245634713224,7.5255753127444e-06,7.5252952404874804e-06,0.07326402192429024,0.13479200951694725,3.5233919211019957,2.4778477721803664,0.07326674862394994,0.13479662509248147,3.551771149210972,2.19254783448636
337,plus,-0.0034907025346365968,7.189868713825677e-06,7.189605445904172e-06,-0.20361075765880765,-0.24954670381086785,3.319781163443188,2.2283010683694986,-0.20361821344777523,-0.24955230667515993,3.348152935763197,1.9429955278111999
338,plus,0.0034935389891769765,7.575050863159118e-06,7.574803391312904e-06,0.17261795617528194,0.23346052091793368,3.49239911961847,2.4617615892874323,0.17262359567271807,0.2334656812772904,3.520776531435915,2.1764612090884903
339,plus,0.0014887378473910366,7.772019247694729e-06,7.771786624159288e-06,0.06588169341307197,0.12280523518593789,3.558280813031542,2.58456682447337,0.0658836653705103,0.12280866153464576,3.586660196806425,2.299269870623136
340,plus,-0.0005412659348787898,7.405594432238203e-06,7.405375766114888e-06,-0.039635341884425884,-0.07723613604438473,3.5186454711471162,2.5073306884289854,-0.03963651223780563,-0.07723835826175929,3.5470236845686194,2.2220315123613767
341,plus,-0.0009289749991068689,6.994086235136788e-06,6.993880688980873e-06,-0.06396490626563216,-0.12042621000819764,3.454680564881484,2.386904478420788,-0.0639667861576665,-0.12042954211555568,3.4830568984109527,2.101601970245821
342,plus,-0.0016582101165361603,6.650701242259689e-06,6.650508028873129e-06,-0.11077855679574039,-0.18866325073843448,3.3439020080857436,2.1982412276823533,-0.11078177518146728,-0.18866791961700802,3.3722751232294854,1.912934050628813
343,plus,0.0009881273041244237,6.4584820643434255e-06,6.458300443760059e-06,0.04852205342807986,0.09384083931841669,3.3924240615138235,2.29208206700077,0.048523417967206904,0.09384339141103304,3.4207985411966924,2.006777442039846
344,plus,-0.000868805333523333,6.108392089991285e-06,6.108221366642921e-06,-0.06933071957121845,-0.1303045617726193,3.323093341942605,2.1617775052281507,-0.06933265734849914,-0.13030798479104977,3.351465883848193,1.8764694572487963
345,plus,-0.005466746754308163,5.810225824253173e-06,5.8100653443057104e-06,-0.3869176888996504,-0.2723290130155114,2.9361756530429544,1.8894484922126393,-0.38692837596196505,-0.2723316619391536,2.964537507886228,1.6041377953096427
346,plus,0.00793092920787934,7.387254172283136e-06,7.387103321132521e-06,0.41537205310206377,0.224645625454424,3.351547706145018,2.1140941176670633,0.4153805353649237,0.2246468665338437,3.379918043251152,1.8287846618434864
347,plus,-0.0043387273809788,1.05315276160966e-05,1.0531385816015024e-05,-0.1709583336898909,-0.20695294716914603,3.180589372455127,1.9071411704979173,-0.17096063556222632,-0.2069546344362223,3.2089574076889256,1.6218300274072641
348,plus,0.002863384279034387,1.1134774365132047e-05,1.1134641073055366e-05,0.09497528825731756,0.15652954108749206,3.2755646607124445,2.0636707115854094,0.09497642520042351,0.15653108555128625,3.3039338328893493,1.7783611129585504
349,plus,-0.0033938693439063213,1.08928123147554e-05,1.0892687020203319e-05,-0.13086691533471098,-0.18753632649946894,3.1446977453777336,1.8761343850859404,-0.13086842064846035,-0.1875378726369874,3.173065412240889,1.590823240321563
350,plus,-0.004681407852428688,1.1013512992164138e-05,1.1013395215285182e-05,-0.17582371109945483,-0.20429931761269238,2.968874034278279,1.671835067473248,-0.1758255913523228,-0.2043005874003465,2.997239820888566,1.3865226529212165
351,plus,0.00925741778876178,1.1781461129139127e-05,1.1781350418872907e-05,0.30512711881974697,0.18370304943389293,3.274001153098026,1.855538116907141,0.3051299861230148,0.18370356924744424,3.302369807011581,1.5702262221686607
352,plus,-0.00983491882028487,1.5998507855009018e-05,1.5998403787358772e-05,-0.24886575657375135,-0.16068710538943343,3.0251353965242744,1.6948510115177076,-0.24886737541490936,-0.1606874429159726,3.0535024315966712,1.4095387792526881
353,plus,0.0008655467424962435,2.1078661865553884e-05,2.1078564041962653e-05,0.012559418309746113,0.024928013725936893,3.0376948148340204,1.7197790252436445,0.01255947659680022,0.024928128536247485,3.0660619081934715,1.4344669077889356
354,plus,0.00024134683215259895,1.9840646223587164e-05,1.9840554269411408e-05,0.000858709664327171,0.0017162311162230992,3.0385535244983477,1.7214952563598676,0.0008587136441524484,0.0017162390648639558,3.0669206218376237,1.4361831468537996
355,plus,-0.002525861129799754,1.8650318050562333e-05,1.8650231613637123e-05,-0.05796475105736086,-0.10229918358325563,2.980588773440987,1.619196072776612,-0.0579650197025421,-0.10229960199829957,3.0089556021350816,1.3338835448555
356,plus,-0.0007124931854374604,1.7976599040993593e-05,1.7976517790283894e-05,-0.02010784064355752,-0.03957842996610328,2.9604809327974295,1.5796176428105086,-0.020107931527472964,-0.03957860602158636,2.988847670607609,1.2943049388339136
357,plus,-0.000908454013996959,1.6947788070287947e-05,1.694771169462083e-05,-0.025916822924805554,-0.05057697731859001,2.934564109872624,1.5290406654919186,-0.025916939720198116,-0.0505771997254465,2.9629307308874107,1.2437277391084671
358,plus,0.0038271426587626754,1.6004430021213104e-05,1.6004358228086014e-05,0.08997335141454409,0.14115287911344154,3.024537461287168,1.6701935446053602,0.08997375502137173,0.14115337588862698,3.0529044859087824,1.384881114997094
359,plus,0.002858886345931204,1.583422508744881e-05,1.5834157601909345e-05,0.06667478232053742,0.11598738938067221,3.0912122436077056,1.7861809339860324,0.06667506648997457,0.11598781941147163,3.119579552398757,1.5008689344085657
360,plus,-0.008514578029163252,1.5308858783950308e-05,1.530879534754321e-05,-0.22585197576132743,-0.17025284898369097,2.8653602678463783,1.6159280850023414,-0.22585291164410284,-0.17025311496301843,2.893726640754654,1.3306158194455473
361,plus,-0.001900457909735192,1.894529970204276e-05,1.894524007182009e-05,-0.04396262793740041,-0.08155313214092264,2.821397639908978,1.5343749528614188,-0.04396276630995643,-0.0815533702415907,2.8497638744446974,1.2490624492039566
362,plus,0.0038453796145048232,1.807289718970502e-05,1.807284113729571e-05,0.08007620906025704,0.12854922081861275,2.901473848969235,1.6629241736800315,0.08007645741437094,0.1285495408845323,2.9298403318590682,1.377611990088489
363,plus,-0.014117966330416476,1.7786545419546948e-05,1.7786492730282196e-05,-0.3194045080263052,-0.13195701407078442,2.58206934094293,1.5309671596092471,-0.31940545420433714,-0.13195709483049178,2.6104348776547313,1.245654895257997
364,plus,-0.012418145574213533,2.9016875204200126e-05,2.901682567629126e-05,-0.1725399688241054,-0.12199563300626437,2.4095293721188247,1.4089715266029827,-0.1725402633271619,-0.1219957066317745,2.4378946143275693,1.1236591886262226
365,plus,0.002388400978092557,3.6826515250742527e-05,3.6826468694508195e-05,0.02359829492988495,0.045218386545761824,2.4331276670487094,1.4541899131487446,0.023598324762985637,0.04521844131610564,2.461492939090555,1.1688776299423282
366,plus,0.0021545124510665035,3.490468725560608e-05,3.490464349274581e-05,0.02223856225648421,0.04289436536217206,2.4553662293051937,1.4970842785109166,0.022238590138822924,0.04289441722947451,2.483731529229378,1.2117720471718028
367,plus,0.0058102870453329205,3.303998559480965e-05,3.3039944457720994e-05,0.06740118751748843,0.10227821167386342,2.522767416822682,1.59936249018478,0.0674012714367768,0.10227830830228513,2.5511328006661547,1.3140503554740879
368,plus,-0.004349010919072138,3.294717448025835e-05,3.294713581139501e-05,-0.054770498836641125,-0.09056562101630306,2.467996917986041,1.508796869168477,-0.054770563118797445,-0.0905657089037164,2.4963622375473573,1.2234846465703715
369,plus,-0.00200985524123584,3.221108770485438e-05,3.2211051356122846e-05,-0.02720481870954548,-0.051777046370999,2.4407920992764955,1.457019822797478,-0.027204849408967263,-0.051777101973436324,2.46915738813839,1.1717075445969352
370,plus,0.005572647526457952,3.0571009280159895e-05,3.0570975112352253e-05,0.06975997582310674,0.10608158635737341,2.510552075099602,1.5631014091548514,0.06976005379070267,0.10608167651379219,2.5389174419290925,1.2777892211107273
371,plus,0.012395710975096801,3.046969272256878e-05,3.0469660604829596e-05,0.15885285660454931,0.120909213640922,2.6694049317041517,1.6840106227957734,0.15885302404962467,0.12090926215073594,2.697770465978717,1.3986984832614633
372,plus,0.0013769858881258405,3.756795627423872e-05,3.756792608356389e-05,0.012449114087592689,0.024586756399008536,2.6818540457917446,1.708597379194782,0.01244912409206178,0.024586775910572456,2.710219590070779,1.4232852591720357
373,plus,-0.006989374338793357,3.539722098359503e-05,3.539719260436069e-05,-0.08057967162613254,-0.10839866141842869,2.601274374165612,1.6001987177763533,-0.08057973622982612,-0.10839871988011485,2.6296398538409527,1.314886539291921
374,plus,0.003702466143739886,3.637324467411297e-05,3.6373217997632694e-05,0.038228577389714816,0.0687048858524939,2.6395029515553268,1.6689036036288472,0.038228605426934154,0.06870493113420828,2.6678684592678867,1.3835914704261292
375,plus,-0.006481975415471067,3.492755342652875e-05,3.492752835063729e-05,-0.07589846422584234,-0.10643958281485988,2.5636044873294845,1.5624640208139873,-0.07589851871643304,-0.10643963640406762,2.591969940551454,1.2771518340220616
376,plus,-0.0013508699171631503,3.55095553420642e-05,3.550953177072622e-05,-0.017313500064933124,-0.03385211044009839,2.5462909872645514,1.5286119103738889,-0.017313511557688482,-0.03385213240860363,2.5746564289937655,1.243299701613458
377,plus,-0.0014882421025044102,3.3522998618915874e-05,3.352297646185818e-05,-0.019965620268340947,-0.038818538647988454,2.5263253669962102,1.4897933717259004,-0.0199656334646453,-0.03881856359055469,2.5546907955291203,1.2044811380229032
378,plus,0.0012531622351429571,3.1682306966828325e-05,3.168228613919409e-05,0.013210887827790308,0.02610557155580384,2.5395362548240006,1.5158989432817043,0.013210896512502592,0.02610558851208289,2.5679016920416227,1.2305867265349861
379,plus,-0.000317783236051341,2.9848118343932587e-05,2.9848098765956408e-05,-0.006862732657818881,-0.013678771222784825,2.532673522166182,1.5022201720589194,-0.00686273715922507,-0.013678780164461557,2.5610389548823975,1.2169079463705246
380,plus,-0.0018817613237246474,2.8073218737862066e-05,2.8073200334564456e-05,-0.029404034126205722,-0.055910983511958,2.503269488039976,1.4463091885469614,-0.02940405340192721,-0.05591101835961876,2.53163490148047,1.1609969280109058
381,plus,0.00014875689224069967,2.6648453051332845e-05,2.664843575223309e-05,-0.0007394307260887267,-0.0014780880376061845,2.502530057313887,1.4448311005093553,-0.0007394312060976101,-0.0014780889966203858,2.5308954702743724,1.1595188390142854
382,plus,0.005334828034808368,2.504969381019807e-05,2.5049677549044302e-05,0.08136866141235877,0.12041997074757749,2.583898718726246,1.5652510712569327,0.08136871423333071,0.12042002859943635,2.612264184507703,1.2799388676137218
383,plus,0.0019351717468976486,2.512967793206382e-05,2.512966264657928e-05,0.027425345460785934,0.05271541902891741,2.611324064187032,1.6179664902858502,0.027425362142653092,0.05271544984638421,2.6396895466503563,1.332654317460106
384,plus,0.0009062556804051544,2.3802877175689652e-05,2.380286280733418e-05,0.011800677294008272,0.023424203806215793,2.6231247414810404,1.641390694092066,0.011800684417366815,0.023424217839935757,2.651490231067723,1.3560785353000417
385,plus,-0.0007990257436474481,2.240476704637763e-05,2.240475354012349e-05,-0.01766628078569632,-0.03479751560508859,2.605458460695344,1.6065931784869774,-0.017666291435457657,-0.03479753626464355,2.6338239396322654,1.3212809990353982
386,plus,0.0031242555305297454,2.1120174030336933e-05,2.112016133445804e-05,0.054973445826528904,0.09681564579603563,2.660431906521873,1.703408824283013,0.05497347887249856,0.096815697048096,2.688797418504764,1.4180966960834942
387,plus,-0.0006551246126470109,2.0366596965211758e-05,2.0366585031085596e-05,-0.016630430834620766,-0.03284836042057648,2.6438014756872525,1.6705604638624365,-0.016630440579487635,-0.03284837943007446,2.672166977925276,1.3852483166534197
388,plus,-0.0041304508445660654,1.9188312703781316e-05,1.9188301485702722e-05,-0.08952339998644201,-0.13502886441726236,2.5542780757008106,1.5355315994451741,-0.08952345232460951,-0.1350289239617921,2.5826435256006666,1.2502193926916276
389,plus,-0.0023063341992042197,1.9161357515978277e-05,1.9161346970984396e-05,-0.05187248245669349,-0.09348632770969978,2.502405593244117,1.4420452717354744,-0.05187251100348673,-0.09348637407409299,2.53077101459718,1.1567330186175346
390,plus,0.004592013475271218,1.8388101486286877e-05,1.838809157399263e-05,0.09481633397931166,0.14042718247463037,2.5972219272234285,1.5824724542101047,0.09481638509105418,0.14042723854145622,2.6255873996882344,1.2971602571589909
391,plus,0.0021837444806547812,1.8443039064294374e-05,1.844302974673778e-05,0.04271693344962445,0.07970420371280351,2.6399388606730527,1.6621766579229083,0.042716955030538774,0.079704241281636,2.668304354718773,1.3768644984406269
392,plus,0.004466330438142812,1.757294925757154e-05,1.7572940499068345e-05,0.09637643208676738,0.14320361361795797,2.73631529275982,1.8053802715408662,0.09637648012160188,0.1432036666544727,2.764680834840375,1.5200681650950996
393,plus,0.0020791880841089542,1.7611479612103428e-05,1.7611471379110425e-05,0.04237800884460817,0.07938679013581051,2.778693301604428,1.8847670616766767,0.0423780286554373,0.07938682489850102,2.8070588634958122,1.5994549899936006
394,plus,0.005458315604702014,1.6767029798463675e-05,1.6767022059450255e-05,0.12448615426463708,0.1605825464392745,2.9031794558690653,2.0453496081159512,0.1244862117226648,0.16058259425590027,2.931545075218477,1.7600375842495009
395,plus,0.0021806278561818724,1.7421002725571303e-05,1.7420995450898685e-05,0.045152011567076634,0.08393628746144888,2.948331467436142,2.1292858955774,0.045152030421688194,0.08393632004221008,2.976697105640165,1.843973904291711
396,plus,0.003759149109385042,1.6611493177938416e-05,1.6611486339746155e-05,0.08506102516728119,0.1355558988938892,3.033392492603423,2.2648417944712893,0.08506106018303067,0.13555594336550492,3.061758165823196,1.9795298476572158
397,plus,-0.0014919444623337488,1.6375534214567563e-05,1.6375527786666837e-05,-0.040962123268817804,-0.07736696242800623,2.9924303693346053,2.187474832043283,-0.04096213934771708,-0.07736699110915524,3.020796026475479,1.9021628565480606
398,plus,0.0061030220240961735,1.5564440601546718e-05,1.5564434559320035e-05,0.1505418022238742,0.17234018809863905,3.1429721715584793,2.359815020141922,0.1505418606652966,0.17234022640483726,3.1713378871407754,2.074503082952898
399,plus,-0.0017560554969963393,1.672243884279081e-05,1.672243316309773e-05,-0.04637975504154223,-0.0861392873420126,3.096592416516937,2.2736757327999095,-0.04637977079420042,-0.0861393145126188,3.124958116346575,1.988363768440279
400,plus,-0.00110978337778412,1.5948289267835292e-05,1.5948283928923796e-05,-0.032550539957235926,-0.06280528000295948,3.0640418765597013,2.21087045279695,-0.03255055085398524,-0.06280530028719955,3.0924075654925898,1.9255584681530795
401,plus,0.0006833028509762763,1.509407453019178e-05,1.5094069511614973e-05,0.012747832059719149,0.025342199588405556,3.0767897086194202,2.2362126523853556,0.012747836298203294,0.02534220796368114,3.105155401790793,1.9509006761167607
402,plus,0.008639720853319674,1.420253716598346e-05,1.4202532448521261e-05,0.23585401813412302,0.1765028970847453,3.312643726753543,2.412715549470101,0.23585409647454708,0.17650291902785753,3.34100949826534,2.127403595144618
403,plus,0.00031744068507776025,1.7625725937990396e-05,1.7625721503575928e-05,0.002679794761808065,0.005354170140804193,3.315323521515351,2.418069719610905,0.0026797954360114253,0.005354171486485981,3.3436892937013516,2.132757766631104
404,plus,-0.0027872027392180625,1.6569032441407545e-05,1.6569028273057943e-05,-0.07150496174085655,-0.12119895729070418,3.2438185597744944,2.296870762320201,-0.07150497972970139,-0.12119898313458588,3.27218431397165,2.0115587834965183
405,plus,-0.0038622227701265647,1.610972446740824e-05,1.6109720549159612e-05,-0.1000242607765478,-0.14909916815658297,3.1437942989979466,2.147771594163618,-0.10002428510471173,-0.14909919519046655,3.1721600288669385,1.8624595883060517
406,plus,0.0020045406059513186,1.613246662386529e-05,1.613246294071158e-05,0.04442702038919286,0.08318519229932608,3.1882213193871394,2.230956786462944,0.044427030532191214,0.08318521008055857,3.2165870593991297,1.9456447983866103
407,plus,-0.003205996137412652,1.536024450753676e-05,1.5360241045372277e-05,-0.08795145718998243,-0.140481759021716,3.100269862197157,2.090475027441228,-0.08795147701404707,-0.14048178431445457,3.1286355823850824,1.8051630140721557
408,plus,0.0011283542381214933,1.5134029808371298e-05,1.5134026553936683e-05,0.024383751399461327,0.04781629863985515,3.1246536135966183,2.138291326081083,0.02438375664296505,0.04781630872196985,3.1530193390280474,1.8529793227941256
409,plus,-0.0008678251572262205,1.4277875495905577e-05,1.427787243673704e-05,-0.02963397882937894,-0.057685708135926994,3.0950196347672394,2.080605617945156,-0.029633985178737787,-0.057685720166042564,3.1233853538493097,1.795293602628083
410,plus,-0.0002583485892693418,1.3489414756039091e-05,1.3489411880420665e-05,-0.013436793405567046,-0.02671007898120603,3.0815828413616724,2.05389553896395,-0.013436796269968477,-0.026710084640546583,3.109948557579341,1.7685835179875364
411,plus,0.0033950025451256545,1.2692567723112243e-05,1.2692565020030922e-05,0.09993943401224314,0.1574973758267859,3.1815222753739154,2.211392914790736,0.09993945529591723,0.15749740226238806,3.2098880128752585,1.9260809202499245
412,plus,0.008819642354495942,1.254410485861201e-05,1.2544102317715568e-05,0.2727275415789737,0.18333592320162495,3.4542498169528892,2.394728837992361,0.27272759682186176,0.18333593568748796,3.4826156096971204,2.1094168559374125
413,plus,0.0007332903399674103,1.6250994614071044e-05,1.625099222562839e-05,0.01306092564815695,0.0259487870949906,3.4673107426010463,2.4206776250873516,0.01306092756774878,0.02594879088349522,3.495676537264869,2.1353656468209077
414,plus,-0.004761913981697085,1.5293100582712888e-05,1.5293098337576794e-05,-0.12871056412479245,-0.16750966982790683,3.338600178476254,2.253167955259445,-0.12871058302042282,-0.16750968583437675,3.366965954244446,1.967855960986531
415,plus,0.002099052883915134,1.5851804994154653e-05,1.5851802883726725e-05,0.04757958454020971,0.08837936208058927,3.3861797630164636,2.341547317340034,0.04757959087471215,0.08837937300943643,3.414545545119158,2.0562353339959674
416,plus,-0.0022526041097626834,1.5117442681390178e-05,1.5117440697587924e-05,-0.06433797951337576,-0.11355144417395913,3.321841783503088,2.227995873166075,-0.06433798795619564,-0.11355145732499139,3.3502075571629626,1.942683876670976
417,plus,0.006101034258643304,1.4570845124144262e-05,1.4570843259370142e-05,0.16075321115501978,0.17887155255466514,3.4825949946581076,2.40686742572074,0.16075323172818926,0.17887156529447878,3.510960788891152,2.1215554419654548
418,plus,0.0030290090376176022,1.578705089369356e-05,1.5787049140805886e-05,0.07115024352054292,0.12164046761084002,3.5537452381786507,2.52850789333158,0.07115025142058705,0.12164047915765952,3.5821110403117387,2.2431959211231143
419,plus,-0.000950304567439362,1.5320564378203157e-05,1.5320562730488742e-05,-0.029753485159493265,-0.05779988027259009,3.5239917530191573,2.47070801305899,-0.02975348835945708,-0.05779988631077959,3.5523575519522814,2.1853960348123347
420,plus,0.00431044819227807,1.4480503596922964e-05,1.4480502048071414e-05,0.11268669668090713,0.16216245727636736,3.6366784497000646,2.6328704703353574,0.11268670873400889,0.1621624697596813,3.6650442606862903,2.347558504572016
421,plus,-0.0014126087567783905,1.4626203535276104e-05,1.4626202079355647e-05,-0.043708828932166495,-0.08247106299664253,3.592969620767898,2.550399407338715,-0.04370883328302791,-0.08247107074192783,3.6213354274032623,2.265087433830088
422,plus,0.0016324142655423585,1.3904354730904697e-05,1.3904353362339468e-05,0.04092590069351911,0.07794055280782963,3.633895521461417,2.6283399601465445,0.04092590472173698,0.07794056011312733,3.6622613321249995,2.3430279939432155
423,plus,-0.0013577890239527338,1.3193475076722233e-05,1.3193473790270918e-05,-0.04680649809295349,-0.08813918917439167,3.5870890233684634,2.540200770972153,-0.046806502656897904,-0.08813919726660657,3.6154548294681015,2.254888796676609
424,plus,-0.004771677220824361,1.2547172400160486e-05,1.254717119089625e-05,-0.15718743965245302,-0.1897560789591024,3.4299015837160103,2.3504446920130504,-0.15718745480177604,-0.1897560900015085,3.4582673746663253,2.0651327066751004
425,plus,0.006969885123568121,1.3276449684468967e-05,1.3276448547760586e-05,0.2023953915441673,0.18814214461498135,3.6322969752601777,2.5385868366280318,0.2023954088729384,0.18814215210445084,3.6606627835392636,2.2532748587795512
426,plus,-0.0013383163911814965,1.5231033031679246e-05,1.5231031963173369e-05,-0.040037542399323015,-0.07608172866899654,3.5922594328608546,2.462505107959035,-0.040037545208085376,-0.07608173374047045,3.6206252383311783,2.177193125039081
427,plus,0.0015784839022566113,1.4458863227466792e-05,1.4458862223071266e-05,0.03787623511593396,0.07250669930346554,3.6301356679767887,2.5350118072625007,0.03787623774703456,0.07250670412462146,3.658501476078213,2.2496998291637023
428,plus,0.0014008952468911287,1.3705607225479536e-05,1.370560628134774e-05,0.03481608706752298,0.06720724626775709,3.664951755044312,2.602219053530258,0.03481608946588276,0.06720725073639056,3.693317565544096,2.316907079900093
429,plus,-0.00148156099082159,1.2970028648714473e-05,1.2970027761230587e-05,-0.0513997496800208,-0.09576509385249032,3.613552005364291,2.5064539596777675,-0.051399753197087256,-0.09576509995741045,3.6419178123470086,2.2211419799426824
430,plus,0.00013347538119538708,1.2361165625582772e-05,1.236116479134792e-05,-0.002084655885542458,-0.004164417975410117,3.611467349478749,2.5022895417023574,-0.002084656026232484,-0.004164418256130453,3.639833156320776,2.216977561686552
431,plus,-0.0002605147352325786,1.1619748699357848e-05,1.1619747915177087e-05,-0.015672805469572018,-0.03112270549237728,3.595794544009177,2.47116683620998,-0.015672806527281067,-0.03112270757783442,3.6241603497934953,2.1858548541087175
432,plus,0.002756063289394761,1.093520064075751e-05,1.0935199903627595e-05,0.09281409130476276,0.15464653048506882,3.6886086353139396,2.625813366695049,0.09281409756125956,0.15464653917167137,3.716974447354755,2.340501393280389
433,plus,-0.00047386220236503046,1.0671583195045113e-05,1.0671582502142992e-05,-0.024998704447222256,-0.04924281613280801,3.663609930866717,2.576570550562241,-0.024998706070379396,-0.049242819281942296,3.6919757412843754,2.2912585739984466
434,plus,-0.00032006485034465917,1.0058405415875348e-05,1.0058404764547354e-05,-0.02045503740642295,-0.040497089758646965,3.643154893460294,2.536073460803594,-0.02045503873098075,-0.04049709235458643,3.6715207025533947,2.25076148164386
435,plus,0.004065062925269262,9.471030229036754e-06,9.471029616788439e-06,0.16200824763003846,0.21219856381749835,3.8051631410903326,2.7482720246210923,0.16200825810295225,0.2121985728047977,3.8335289606563467,2.462960054448658
436,plus,-0.0011160927796004974,9.799827453905544e-06,9.799826878392128e-06,-0.05322840227496643,-0.10042961681011153,3.751934738815366,2.647842407810981,-0.05322840540090529,-0.10042962237463282,3.7803005552554416,2.362530432074025
437,plus,0.00044274338519122115,9.315513285774813e-06,9.315512744792202e-06,0.010408081526282177,0.020742717058198856,3.7623428203416482,2.6685851248691796,0.01040808213071387,0.020742718258551562,3.7907086373861554,2.3832731503325766
438,plus,0.0027337310740233652,8.760164337698424e-06,8.760163829174769e-06,0.11484701447333263,0.18439073869639078,3.8771898348149807,2.8529758635655704,0.11484702114015127,0.18439074729175253,3.9055556585263065,2.567663897624329
439,plus,0.0009571505534283713,8.620224833379064e-06,8.620224355366828e-06,0.03492791153627267,0.06823596216604422,3.9121177463512535,2.9212118257316146,0.034927913473109626,0.06823596586230884,3.9404835719994162,2.635899863486638
440,plus,-0.0007704180635096579,8.137552331334347e-06,8.137551882002846e-06,-0.04724475320129212,-0.09085689134455954,3.8648729931499615,2.830354934387055,-0.0472447558100074,-0.0908568961689058,3.8932388161894087,2.545042967317732
441,plus,0.0042445977833602926,7.70561717416911e-06,7.705616751797497e-06,0.20837123953493897,0.2438554594739033,4.0732442326849005,3.0742103938609584,0.20837125095649017,0.24385546729961138,4.101610067145899,2.7888984346173435
442,plus,0.0020829779996331763,8.225576968218106e-06,8.22557657118879e-06,0.09091682886072293,0.15877166959271527,4.164161061545624,3.2329820634536737,0.09091683324906531,0.15877167628584576,4.192526900394964,2.9476701109031893
443,plus,0.0050266560199509844,7.945137532598873e-06,7.945137159391317e-06,0.24114995670972156,0.2437580503486565,4.405311018255345,3.47674011380233,0.24114996803727756,0.2437580561387911,4.433676868432242,3.1914281670419804
444,plus,-0.001057268303001535,8.867145294961685e-06,8.867144944146581e-06,-0.056194648344765605,-0.10596344240452105,4.349116369910579,3.370776671397809,-0.0561946505680214,-0.10596344635752075,4.3774822178642205,3.0854647206844596
445,plus,0.005132662517775006,8.429720663902743e-06,8.429720334136545e-06,0.23227764248330027,0.23662246199571468,4.581394012393879,3.607399133393524,0.2322776515698787,0.23662246671300657,4.609759869434099,3.3220871873974662
446,plus,0.0016841166649288024,9.384746700861198e-06,9.384746390880971e-06,0.06282162799596043,0.11637257987000016,4.64421564038984,3.723771713263524,0.06282163007097255,0.11637258343063905,4.672581499505072,3.4384597708281053
447,plus,-0.003934618547648161,8.954100875376827e-06,8.954100583995413e-06,-0.18316654984533473,-0.2238359615218175,4.461049090544505,3.4999357517417065,-0.1831665558058807,-0.22383596597453304,4.489414943699192,3.2146238048535722
448,plus,-0.01006320709225717,9.441771659709142e-06,9.441771385810613e-06,-0.43128254868529176,-0.18284438806671233,4.029766541859214,3.317091363674994,-0.4312825611964669,-0.1828443891914251,4.058132382502725,3.031779415662147
449,plus,0.004976670829230526,1.5193315803822649e-05,1.5193315546358032e-05,0.12480055067498133,0.1662460061980835,4.1545670925341955,3.4833373698730776,0.12480055278984073,0.16624600807494438,4.182932935292566,3.1980254237370915
450,plus,-0.002464556194788622,1.565162190147689e-05,1.565162165946015e-05,-0.06751592227503198,-0.11724386548578991,4.087051170259164,3.3660935043872877,-0.0675159233190122,-0.11724386706008083,4.115417011973554,3.0807815566770107
451,plus,0.0031224034974208564,1.5138008786957749e-05,1.5138008559462012e-05,0.07664903789261222,0.12893616084661552,4.163700208151776,3.4950296652339032,0.07664903904450279,0.12893616247660233,4.192066051018056,3.209717719153613
452,plus,-0.006050434937719972,1.4742711591301346e-05,1.4742711377455353e-05,-0.16819846386826764,-0.17862926379036725,3.9955017442835086,3.316400401443536,-0.16819846630802018,-0.17862926516664324,4.023867584710036,3.03108845398697
453,plus,-0.0030804243237236664,1.6201034702599318e-05,1.6201034501584084e-05,-0.08031127803376108,-0.1314628317712927,3.9151904662497476,3.1849375696722433,-0.08031127903022771,-0.13146283310651885,3.943556305679808,2.899625620880451
454,plus,0.0050003828298306584,1.5874018953507283e-05,1.587401876455296e-05,0.12004166736380359,0.16170779288684045,4.035232133613551,3.3466453625590837,0.12004166879270399,0.16170779418364623,4.063597974472512,3.061333415064097
455,plus,0.005951972982752375,1.6305112844878658e-05,1.6305112667261595e-05,0.1400271721338661,0.16698509200729772,4.175259305747417,3.5136304545663815,0.14002717365922907,0.16698509309218856,4.203625148131741,3.2283185081562857
456,plus,0.0014321213741053428,1.731301343091779e-05,1.731301326395775e-05,0.0282773958879044,0.0549057788543692,4.203536701635322,3.5685362334207507,0.028277396160600727,0.05490577936843444,4.231902544292342,3.28322428752472
457,plus,-0.0012693815573121543,1.6365554850851482e-05,1.6365554693909044e-05,-0.03559048521692792,-0.06813935776534574,4.167946216418394,3.500396875655405,-0.035590485558233645,-0.06813935839089336,4.196312058734108,3.215084929133827
458,plus,-0.00715717499975699,1.5512886758428724e-05,1.5512886610902832e-05,-0.18815866141898166,-0.17399427419663027,3.979787554999412,3.3264026014587746,-0.1881586632083504,-0.17399427496189812,4.008153395525758,3.0410906541719287
459,plus,0.012784303650907967,1.7828393776050917e-05,1.782839363737658e-05,0.2801374725262207,0.14142438322370587,4.259925027525632,3.4678269846824805,0.28013747470520994,0.1414243835014295,4.288290870230968,3.182515037673358
460,plus,-0.014959349910440036,2.6262969213574002e-05,2.626296908322013e-05,-0.22902913655072582,-0.11696732101388818,4.030895890974906,3.3508596636685923,-0.22902913768749122,-0.11696732116215536,4.059261732543477,3.065547716511203
461,plus,0.0023069184579798756,3.8472657099139614e-05,3.847265697660698e-05,0.021748137452341228,0.041869908408239453,4.052644028427248,3.392729572076832,0.021748137521607473,0.04186990853660877,4.081009870065084,3.1074176250478116
462,plus,0.01037679654523697,3.643104546547891e-05,3.643104535029824e-05,0.11086811145413158,0.11382579541768578,4.163512139881379,3.5065553674945176,0.11086811180465306,0.11382579560244288,4.191877981869737,3.2212434206502545
463,plus,0.013799435441850689,4.0461152601547776e-05,4.046115249327795e-05,0.1333929188954831,0.1056971674612397,4.296905058776862,3.6122525349557573,0.13339291925242866,0.1056971675733065,4.325270901122166,3.326940588223561
464,plus,0.009982520899398774,4.913275262550596e-05,4.913275252373234e-05,0.07902228985687604,0.09580877856602932,4.375927348633739,3.7080613135217866,0.07902229002056288,0.09580877868634818,4.404293191142729,3.422749366909909
465,plus,0.0009760173737055793,5.1928513865291784e-05,5.1928513769624576e-05,0.00594227065012594,0.01183562677530503,4.381869619283864,3.7198969402970916,0.005942270661073307,0.011835626797019216,4.410235461803802,3.4345849937069284
466,plus,-0.006459353819191452,4.8849083175236514e-05,4.8849083085309336e-05,-0.054084348540208105,-0.08303719971695545,4.327785270743656,3.636859740580136,-0.05408434863977298,-0.08303719983431224,4.35615111316403,3.351547793872616
467,plus,0.010188393368882777,4.857768948489818e-05,4.857768940036663e-05,0.0816069699047697,0.09686658182273877,4.409392240648426,3.733726322402875,0.08160697004677653,0.09686658192278674,4.437758083210806,3.448414375795403
468,plus,-0.0027670211409450266,5.165101094358624e-05,5.1651010864126585e-05,-0.02278289308505226,-0.043109116198355224,4.386609347563374,3.6906172062045197,-0.022782893120101344,-0.0431091162610997,4.414975190090704,3.405305259534303
469,plus,0.0034548230557112708,4.9079578158307534e-05,4.9079578083615464e-05,0.026329206173965603,0.04910956211053019,4.412938553737339,3.73972676831505,0.026329206214034874,0.04910956218023266,4.441304396304739,3.454414821714536
470,plus,-0.010315458203901824,4.677105597371637e-05,4.677105590350582e-05,-0.08920412221025245,-0.09978449913263088,4.323734431527087,3.639942269182419,-0.08920412234416156,-0.09978449921641808,4.352100273960577,3.3546303224981178
471,plus,-0.005273028188677888,5.059728149632555e-05,5.059728143032763e-05,-0.04291152878211648,-0.07167305920307898,4.28082290274497,3.56826920997934,-0.04291152883808928,-0.07167305928115741,4.309188745122488,3.2829572632169604
472,plus,-0.000417331535716521,4.935764452940161e-05,4.935764446736357e-05,-0.004950458077587679,-0.009873020305389169,4.275872444667383,3.558396189673951,-0.004950458083809952,-0.00987302031776327,4.304238287038678,3.273084242899197
473,plus,0.0011377176192388875,4.641893431534932e-05,4.641893425703356e-05,0.008029913944483786,0.015954273504941163,4.283902358611867,3.574350463178892,0.008029913954571708,0.015954273524852347,4.31226820099325,3.2890385164240494
474,plus,0.002731481134010307,4.368673588048566e-05,4.3686735825668844e-05,0.023008949212681113,0.043858331109985826,4.306911307824548,3.618208794288878,0.023008949241552057,0.0438583311624372,4.335277150234802,3.3328968475864866
475,plus,-0.0026748682530480196,4.145051786962177e-05,4.1450517818093964e-05,-0.027507276443218473,-0.051575466577129525,4.279404031381329,3.5666333277117483,-0.02750727647741321,-0.051575466637237,4.307769873757389,3.2813213809492496
476,plus,0.01123801453459882,3.9458831403006086e-05,3.945883135456995e-05,0.11102189861368261,0.10940040996230849,4.390425929995011,3.676033737674057,0.11102189874996317,0.10940041002848044,4.418791772507352,3.39072179097773
477,plus,0.006628965108670296,4.440367004091716e-05,4.4403669995387195e-05,0.05746836938603365,0.08769599332398315,4.447894299381045,3.76372973099804,0.0574683694449597,0.08769599339259715,4.476260141952312,3.4784177843703272
478,plus,0.004908059109794078,4.422057009652632e-05,4.4220570053728146e-05,0.04226330194351183,0.07240350195008993,4.490157601324557,3.83613323294813,0.04226330198441569,0.07240350201011747,4.5185234439367274,3.5508212863804447
479,plus,-0.007166314467030462,4.289818204994899e-05,4.2898182009718706e-05,-0.06812668137159993,-0.09584225305422489,4.422030919952958,3.740290979893905,-0.06812668143548971,-0.09584225311745431,4.450396762501238,3.4549790332629904
480,plus,0.002861336736148985,4.357864350023704e-05,4.357864346242057e-05,0.024248480519703235,0.045989571195132584,4.446279400472661,3.7862805510890376,0.02424848054074547,0.04598957123297964,4.474645243041984,3.50096860449597
481,plus,-0.001459015420195912,4.138939475606804e-05,4.138939472052056e-05,-0.015890775275954158,-0.03108427827109228,4.430388625196707,3.7551962728179453,-0.015890775289602026,-0.031084278297203838,4.458754467752382,3.469884326198766
482,plus,-0.006066628337413213,3.9070855148805226e-05,3.907085511539059e-05,-0.06363125111289092,-0.09532117948634733,4.366757374083816,3.659875093331598,-0.06363125116731039,-0.09532117954741359,4.3951232165850715,3.3745631466513526
483,plus,-0.001122785971601135,3.908164819071187e-05,3.908164815930211e-05,-0.01341512476533749,-0.026428082704017974,4.353342249318478,3.63344701062758,-0.01341512477611917,-0.026428082724939905,4.381708091808952,3.3481350639264127
484,plus,-0.004643835100629355,3.684148325480793e-05,3.684148322528276e-05,-0.052156610826221333,-0.08603723613064718,4.301185638492257,3.547409774496933,-0.05215661086802022,-0.08603723618752213,4.329551480940932,3.2620978277388906
485,plus,-0.004760181384035476,3.6037836084359116e-05,3.603783605660545e-05,-0.05460083840376771,-0.08894827497907443,4.246584800088489,3.4584614995178584,-0.05460083844581723,-0.08894827503487468,4.2749506424951145,3.173149552704016
486,plus,-0.003969930212971047,3.535082523576697e-05,3.535082520967852e-05,-0.04679110936965083,-0.08038768064639923,4.199793690718838,3.378073818871459,-0.04679110940418205,-0.0803876806973629,4.228159533090932,3.092761872006653
487,plus,-0.0028738774014557887,3.427228067923394e-05,3.42722806547108e-05,-0.035572851117018266,-0.06514317094492572,4.16422083960182,3.3129306479265335,-0.03557285114247201,-0.06514317098760802,4.19258668194846,3.027618701019045
488,plus,-0.00031722009094027745,3.27822818259449e-05,3.2782281802893146e-05,-0.0062416700380277185,-0.012444732543462678,4.157979169563792,3.300485915383071,-0.006241670042416718,-0.012444732552186366,4.1863450119060435,3.0151739684668586
489,plus,0.00620429700364826,3.083129754679556e-05,3.0831297525126914e-05,0.07730091213628569,0.11120472362300049,4.235280081700078,3.4116906390060713,0.0773009121906138,0.11120472367922396,4.263645924096657,3.1263786921460825
490,plus,-0.0016932037772785387,3.114565847126032e-05,3.114565845089179e-05,-0.024100998195311515,-0.046406255913998606,4.211179083504767,3.3652843830920727,-0.024100998211073,-0.0464062559432179,4.239544925885585,3.0799724362028646
491,plus,-0.0012575902459720425,2.9491611736451093e-05,2.9491611717304675e-05,-0.019591297734002675,-0.03824960832907287,4.191587785770764,3.327034774763,-0.019591297746721654,-0.038249608353313924,4.219953628138863,3.0417228278495507
492,plus,0.007791575347851877,2.7849311706707446e-05,2.7849311688709816e-05,0.10819512572721036,0.12801801174221072,4.299782911497974,3.4550527865052105,0.10819512579713152,0.12801801179116312,4.328148753935994,3.169740839640714
493,plus,-0.001001366581855285,2.9637720145555294e-05,2.9637720128637522e-05,-0.016064086125957687,-0.03160283877629144,4.283718825372016,3.423449947728919,-0.016064086135127373,-0.03160283879403547,4.312084667800867,3.1381380008466784
494,plus,-0.003898955322240808,2.79458251561036e-05,2.794582514020089e-05,-0.05818184582681395,-0.09692008834219124,4.225536979545202,3.326529859386728,-0.058181845859922615,-0.09692008838813226,4.253902821940944,3.041217912458546
495,plus,0.0029509967753743723,2.7276381128537822e-05,2.7276381113589276e-05,0.040045461437432935,0.07327497981999631,4.2655824409826355,3.399804839206724,0.04004546145937945,0.07327497985673759,4.293948283400323,3.1144928923152837
496,plus,0.0005557127446017813,2.6094401406870126e-05,2.6094401392818493e-05,0.005433569078821103,0.010844012391014068,4.271016010061457,3.4106488515977382,0.005433569081747039,0.010844012396840519,4.29938185248207,3.125336904712124
497,plus,0.0029945017344016754,2.453639712183832e-05,2.4536397108629786e-05,0.04522094811865909,0.08172380561508952,4.316236958180116,3.4923726572128277,0.04522094814300262,0.08172380565484527,4.344602800625073,3.2070607103669695
498,plus,0.002156150972343069,2.3533300128358686e-05,2.3533300115942663e-05,0.0330119559600785,0.06259332708351639,4.349248914140194,3.554965984296344,0.0330119559774954,0.06259332711482468,4.3776147566025685,3.269654037481794
499,plus,-0.00029255191285056537,2.2351266469609876e-05,2.2351266457938816e-05,-0.008716607936139553,-0.01736066355861432,4.340532306204055,3.53760532073773,-0.008716607940691064,-0.017360663567641765,4.368898148661877,3.2522933739141524
500,plus,-0.00014842679404004715,2.1024653256404056e-05,2.102465324543326e-05,-0.006546349066915375,-0.013059659626772913,4.3339859571371395,3.524545661110957,-0.0065463490703313015,-0.013059659633569254,4.362351799591546,3.239233714280583
501,plus,-0.0010911749780055978,1.9770391919031305e-05,1.9770391908718754e-05,-0.025884218357007955,-0.05032517128868097,4.308101738780132,3.474220489822276,-0.02588421837050958,-0.050325171314199224,4.3364675812210365,3.188908542966384
502,plus,0.002624906697000597,1.868395058639962e-05,1.8683950576705824e-05,0.051535912570064,0.09322226753073615,4.359637651350196,3.567442757353012,0.05153591259680238,0.09322226757448426,4.3880034938178385,3.282130810540868
503,plus,-0.004792733984625894,1.7916185938726627e-05,1.791618592961446e-05,-0.11054885062503,-0.1510326861381488,4.249088800725167,3.4164100712148633,-0.11054885068125511,-0.15103268619063215,4.277454643136584,3.131098124350236
504,plus,0.025438961924663266,1.833590749509946e-05,1.833590748653402e-05,0.5462555352373365,0.08683416657346399,4.795344335962503,3.5032442377883273,0.5462555354925144,0.0868341665766863,4.823710178629098,3.2179322909269223
1,minus,-0.0015955070428441088,3.968253968253968e-05,3.968253968253968e-05,-0.01793919741256807,-0.03492319210141659,-0.01793919741256807,-0.03492319210141659,-0.01793919741256807,-0.03492319210141659,-0.01793919741256807,-0.03492319210141659
2,minus,-2.7058177416968213e-06,3.7494676183871554e-05,3.7494676183871554e-05,-0.002128540451730396,-0.004254063024831112,-0.02006773786429847,-0.0391772551262477,-0.002128540451730396,-0.004254063024831112,-0.02006773786429847,-0.0391772551262477
3,minus,0.0019257949007100172,3.524742253229167e-05,3.524742253229167e-05,0.019447354690056384,0.03781410288819398,-0.0006203831742420847,-0.001363152238053722,0.019447354690056384,0.03781410288819398,-0.0006203831742420847,-0.001363152238053722
4,minus,0.0011888957100312312,3.3311608136722986e-05,3.3311608136722986e-05,0.011799154592630976,0.023359902857713166,0.011178771418388892,0.021996750619659444,0.011799154592630976,0.023359902857713166,0.011178771418388892,0.021996750619659444
5,minus,-0.0034814911824934476,3.13717750442979e-05,3.13717750442979e-05,-0.04654755160515912,-0.0813603250794781,-0.03536878018677023,-0.05936357445981866,-0.04654755160515912,-0.0813603250794781,-0.03536878018677023,-0.05936357445981866
6,minus,-0.0010109526014659919,3.030197009600251e-05,3.030197009600251e-05,-0.015837480649303935,-0.03116041891624466,-0.05120626083607416,-0.09052399337606332,-0.015837480649303935,-0.03116041891624466,-0.05120626083607416,-0.09052399337606332
7,minus,-0.002698108213148313,2.8571605755955397e-05,2.8571605755955397e-05,-0.040229207625254934,-0.07325819724540672,-0.09143546846132909,-0.16378219062147004,-0.040229207625254934,-0.07325819724540672,-0.09143546846132909,-0.16378219062147004
8,minus,3.505492436395232e-05,2.7360699414064685e-05,2.7360699414064685e-05,-0.002369256448103967,-0.004734703754253111,-0.09380472490943306,-0.16851689437572315,-0.002369256448103967,-0.004734703754253111,-0.09380472490943306,-0.16851689437572315
9,minus,0.00022475466364463488,2.572065859496133e-05,2.572065859496133e-05,0.0004064110865486067,0.0008124003903073884,-0.09339831382288445,-0.16770449398541576,0.0004064110865486067,0.0008124003903073884,-0.09339831382288445,-0.16770449398541576
10,minus,-0.0002574253653337957,2.4177460713211585e-05,2.4177460713211585e-05,-0.007481683981621699,-0.01491258376568183,-0.10087999780450616,-0.1826170777510976,-0.007481683981621699,-0.01491258376568183,-0.10087999780450616,-0.1826170777510976
11,minus,-0.0009274137435582578,2.27392803708405e-05,2.27392803708405e-05,-0.019646906907596923,-0.03855574031719211,-0.12052690471210308,-0.2211728180682897,-0.019646906907596923,-0.03855574031719211,-0.12052690471210308,-0.2211728180682897
12,minus,-0.0008543108863229184,2.145097265923653e-05,2.145097265923653e-05,-0.019474522712623406,-0.03826716180458867,-0.1400014274247265,-0.25943997987287837,-0.019474522712623406,-0.03826716180458867,-0.1400014274247265,-0.25943997987287837
13,minus,0.0023466443244539504,2.0230407916433854e-05,2.0230407916433854e-05,0.04213819469177358,0.07827820037546473,-0.09786323273295292,-0.18116177949741363,0.04213819469177358,0.07827820037546473,-0.09786323273295292,-0.18116177949741363
14,minus,0.002123742349679331,1.9293477388595255e-05,1.9293477388595255e-05,0.039599896249662654,0.07438908040379566,-0.05826333648329026,-0.10677269909361797,0.039599896249662654,0.07438908040379566,-0.05826333648329026,-0.10677269909361797
15,minus,0.005201440304212267,1.835828240124233e-05,1.835828240124233e-05,0.10814347288096403,0.14866157949191994,0.04988013639767377,0.041888880398301964,0.10814347288096403,0.14866157949191994,0.04988013639767377,0.041888880398301964
16,minus,0.002297736022849029,1.8758602570631347e-05,1.8758602570631347e-05,0.04440974790886143,0.08232065849907144,0.0942898843065352,0.1242095388973734,0.04440974790886143,0.08232065849907144,0.0942898843065352,0.1242095388973734
17,minus,-0.0018654295127216113,1.789751592162481e-05,1.789751592162481e-05,-0.04575970251988054,-0.08474084327547882,0.048530181786654664,0.03946869562189459,-0.04575970251988054,-0.08474084327547882,0.048530181786654664,0.03946869562189459
18,minus,-0.0007157447833065637,1.7079231646674905e-05,1.7079231646674905e-05,-0.021239884378216528,-0.041767144099923215,0.027290297408438136,-0.002298448478028625,-0.021239884378216528,-0.041767144099923215,0.027290297408438136,-0.002298448478028625
19,minus,-0.0038053348136580785,1.6104618781957406e-05,1.6104618781957406e-05,-0.0986542256465058,-0.148092440418242,-0.07136392823806767,-0.1503908888962706,-0.0986542256465058,-0.148092440418242,-0.07136392823806767,-0.1503908888962706
20,minus,0.005133034097198827,1.6100141303464736e-05,1.6100141303464736e-05,0.12162521172003632,0.1616714355131892,0.05026128348196865,0.011280546616918574,0.12162521172003632,0.1616714355131892,0.05026128348196865,0.011280546616918574
21,minus,0.003934585339246893,1.659516212621833e-05,1.659516212621833e-05,0.08933978345802841,0.13949068856219693,0.13960106693999708,0.1507712351791155,0.08933978345802841,0.13949068856219693,0.13960106693999708,0.1507712351791155
22,minus,-0.0015737175155200347,1.6436991558772308e-05,1.6436991558772308e-05,-0.04278314999771507,-0.0803876316847747,0.096817916942282,0.07038360349434081,-0.04278314999771507,-0.0803876316847747,0.096817916942282,0.07038360349434081
23,minus,-0.0035397252018373507,1.5639198794953966e-05,1.5639198794953966e-05,-0.09485064261306027,-0.1461019863679347,0.001967274329221738,-0.07571838287359389,-0.09485064261306027,-0.1461019863679347,0.001967274329221738,-0.07571838287359389
24,minus,0.0014602629314217374,1.5539267364933878e-05,1.5539267364933878e-05,0.032223798438399676,0.062270431592073905,0.034191072767621414,-0.013447951281519988,0.032223798438399676,0.062270431592073905,0.034191072767621414,-0.013447951281519988
25,minus,-0.0032604307436834485,1.4702447283670543e-05,1.4702447283670543e-05,-0.09335567711854152,-0.14679985041074506,-0.05916460435092011,-0.16024780169226505,-0.09335567711854152,-0.14679985041074506,-0.05916460435092011,-0.16024780169226505
26,minus,-0.0016742228821056858,1.45381163240662e-05,1.45381163240662e-05,-0.05111455575014433,-0.0945500374040984,-0.11027916010106444,-0.25479783909636344,-0.05111455575014433,-0.0945500374040984,-0.11027916010106444,-0.25479783909636344
27,minus,-0.007945231851881979,1.3876235185667633e-05,1.3876235185667633e-05,-0.2328877348240319,-0.17960881983859434,-0.34316689492509633,-0.4344066589349578,-0.2328877348240319,-0.17960881983859434,-0.34316689492509633,-0.4344066589349578
28,minus,-0.002279073883083451,1.702279786822023e-05,1.702279786822023e-05,-0.057753702031979395,-0.10305328626414312,-0.4009205969570757,-0.5374599451991009,-0.057753702031979395,-0.10305328626414312,-0.4009205969570757,-0.5374599451991009
29,minus,0.002992550215744305,1.636970638181662e-05,1.636970638181662e-05,0.06773394117389153,0.11681973910706489,-0.3331866557831842,-0.420640206092036,0.06773394117389153,0.11681973910706489,-0.3331866557831842,-0.420640206092036
30,minus,-0.0015191414736559555,1.5855956266853225e-05,1.5855956266853225e-05,-0.04298505271013363,-0.08089174512114816,-0.3761717084933178,-0.5015319512131842,-0.04298505271013363,-0.08089174512114816,-0.3761717084933178,-0.5015319512131842
31,minus,0.0016363251383599668,1.5081598430881457e-05,1.5081598430881457e-05,0.0378341975618363,0.07230496035976408,-0.3383375109314815,-0.4292269908534201,0.0378341975618363,0.07230496035976408,-0.3383375109314815,-0.4292269908534201
32,minus,0.0025339501034336385,1.4300758056125874e-05,1.4300758056125874e-05,0.06480779228000348,0.11491528171388232,-0.273529718651478,-0.31431170913953776,0.06480779228000348,0.11491528171388232,-0.273529718651478,-0.31431170913953776
33,minus,0.010100858115828913,1.3769996670973439e-05,1.3769996670973439e-05,0.2853698462100087,0.16916916516042946,0.0118401275585307,-0.1451425439791083,0.2853698462100087,0.16916916516042946,0.0118401275585307,-0.1451425439791083
34,minus,0.0004865148844867633,1.8827302385409482e-05,1.8827302385409482e-05,0.006072365651475597,0.012118492584600737,0.0179124932100063,-0.13302405139450757,0.006072365651475597,0.012118492584600737,0.0179124932100063,-0.13302405139450757
35,minus,-0.0008575495278428294,1.770264441446215e-05,1.770264441446215e-05,-0.023670623419637306,-0.046334989710150154,-0.005758130209631007,-0.17935904110465772,-0.023670623419637306,-0.046334989710150154,-0.005758130209631007,-0.17935904110465772
36,minus,-0.0039002983014706015,1.6707389122991134e-05,1.6707389122991134e-05,-0.09735049606063889,-0.14576784185134972,-0.1031086262702699,-0.32512688295600745,-0.09735049606063889,-0.14576784185134972,-0.1031086262702699,-0.32512688295600745
37,minus,0.002433825363123622,1.6712911687245525e-05,1.6712911687245525e-05,0.05307683869468401,0.09647219067771129,-0.050031787575585886,-0.22865469227829616,0.05307683869468401,0.09647219067771129,-0.050031787575585886,-0.22865469227829616
38,minus,-0.0009990853419536271,1.6009961172903793e-05,1.6009961172903793e-05,-0.029681373360870785,-0.057597697873417175,-0.07971316093645667,-0.28625239015171333,-0.029681373360870785,-0.057597697873417175,-0.07971316093645667,-0.28625239015171333
39,minus,0.0023887715697287256,1.5135403595930436e-05,1.5135403595930436e-05,0.057427608242552323,0.1038081828428119,-0.022285552693904344,-0.18244420730890143,0.057427608242552323,0.1038081828428119,-0.022285552693904344,-0.18244420730890143
40,minus,0.012340737597702059,1.4515139699283778e-05,1.4515139699283778e-05,0.33195566810708343,0.1513784108686025,0.30967011541317907,-0.031065796440298943,0.33195566810708343,0.1513784108686025,0.30967011541317907,-0.031065796440298943
41,minus,0.0032085158450881504,2.2490394554920904e-05,2.2490394554920904e-05,0.05311091242743485,0.0936055192174905,0.36278102784061395,0.06253972277719155,0.05311091242743485,0.0936055192174905,0.36278102784061395,0.06253972277719155
42,minus,-8.728859138210034e-05,2.1684614138843175e-05,2.1684614138843175e-05,-0.005228293525097373,-0.010437185606640753,0.3575527343155166,0.0521025371705508,-0.005228293525097373,-0.010437185606640753,0.3575527343155166,0.0521025371705508
43,minus,-0.005139537119816669,2.038843480413201e-05,2.038843480413201e-05,-0.103893902361923,-0.14171680291285105,0.2536588319535936,-0.08961426574230025,-0.103893902361923,-0.14171680291285105,0.2536588319535936,-0.08961426574230025
44,minus,0.0005008003048606509,2.0874751211600182e-05,2.0874751211600182e-05,0.005748335906255444,0.011472722275340352,0.2594071678598491,-0.0781415434669599,0.005748335906255444,0.011472722275340352,0.2594071678598491,-0.0781415434669599
45,minus,-0.006132060451797311,1.962775243477617e-05,1.962775243477617e-05,-0.12798676406136636,-0.15228454413811843,0.13142040379848272,-0.23042608760507832,-0.12798676406136636,-0.15228454413811843,0.13142040379848272,-0.23042608760507832
46,minus,0.001940856595278477,2.0854580707021393e-05,2.0854580707021393e-05,0.03315559303414597,0.06320656126579927,0.1645759968326287,-0.16721952633927906,0.03315559303414597,0.06320656126579927,0.1645759968326287,-0.16721952633927906
47,minus,0.00038882682644677077,1.9785472508623595e-05,1.9785472508623595e-05,0.0038190223602367333,0.007628329693195823,0.16839501919286542,-0.15959119664608323,0.0038190223602367333,0.007628329693195823,0.16839501919286542,-0.15959119664608323
48,minus,-0.00558005075910821,1.8600519610515478e-05,1.8600519610515478e-05,-0.12327833321793111,-0.1542198192340387,0.04511668597493432,-0.31381101588012195,-0.12327833321793111,-0.1542198192340387,0.04511668597493432,-0.31381101588012195
49,minus,-0.0024121643628060223,1.948792682967882e-05,1.948792682967882e-05,-0.053158208531639405,-0.09516758163229078,-0.008041522556705087,-0.4089785975124127,-0.053158208531639405,-0.09516758163229078,-0.008041522556705087,-0.4089785975124127
50,minus,0.0003988781066370926,1.872755797545177e-05,1.872755797545177e-05,0.004247738294159058,0.008483469760180107,-0.003793784262546029,-0.4004951277522326,0.004247738294159058,0.008483469760180107,-0.003793784262546029,-0.4004951277522326
51,minus,-0.009943479332034226,1.7606315679718335e-05,1.7606315679718335e-05,-0.22858617343653215,-0.15510734983989138,-0.23237995769907818,-0.555602477592124,-0.22858617343653215,-0.15510734983989138,-0.23237995769907818,-0.555602477592124
52,minus,-0.005684365820746491,2.2721415176369807e-05,2.2721415176369807e-05,-0.10274166033148635,-0.13626036889535076,-0.3351216180305645,-0.6918628464874748,-0.10274166033148635,-0.13626036889535076,-0.3351216180305645,-0.6918628464874748
53,minus,-0.006715216483847401,2.3434555252116464e-05,2.3434555252116464e-05,-0.11707086455187715,-0.13935839163251318,-0.45219248258244166,-0.8312212381199879,-0.11707086455187715,-0.13935839163251318,-0.45219248258244166,-0.8312212381199879
54,minus,0.013447112235657647,2.4896378045177384e-05,2.4896378045177384e-05,0.21117210068659284,0.12606729248191506,-0.24102038189584882,-0.7051539456380729,0.21117210068659284,0.12606729248191506,-0.24102038189584882,-0.7051539456380729
55,minus,0.0019686226601195837,3.393427772815842e-05,3.393427772815842e-05,0.020700728512506556,0.04015065153209996,-0.22031965338334225,-0.6650032941059729,0.020700728512506556,0.04015065153209996,-0.22031965338334225,-0.6650032941059729
56,minus,-0.008272694773856577,3.208623966298049e-05,3.208623966298049e-05,-0.10476611218834188,-0.12003013379373906,-0.3250857655716841,-0.785033427899712,-0.10476611218834188,-0.12003013379373906,-0.3250857655716841,-0.785033427899712
57,minus,-0.007491809753589157,3.4466644991605845e-05,3.4466644991605845e-05,-0.08853996601451725,-0.11263585169399715,-0.41362573158620136,-0.8976692795937091,-0.08853996601451725,-0.11263585169399715,-0.41362573158620136,-0.8976692795937091
58,minus,-0.0011856976767927272,3.5947017573785905e-05,3.5947017573785905e-05,-0.015279435846482533,-0.030014963431810315,-0.4289051674326839,-0.9276842430255194,-0.015279435846482533,-0.030014963431810315,-0.4289051674326839,-0.9276842430255194
59,minus,0.001198355143860881,3.3905142211203827e-05,3.3905142211203827e-05,0.011703314949860641,0.023170012316247934,-0.41720185248282327,-0.9045142307092715,0.011703314949860641,0.023170012316247934,-0.41720185248282327,-0.9045142307092715
60,minus,0.005580278319497062,3.193082677218413e-05,3.193082677218413e-05,0.06688398568521249,0.10268905624646507,-0.3503178667976108,-0.8018251744628064,0.06688398568521249,0.10268905624646507,-0.3503178667976108,-0.8018251744628064
61,minus,-0.005195133744297021,3.175284581965767e-05,3.175284581965767e-05,-0.06740486253044661,-0.10324966374186628,-0.41772272932805743,-0.9050748382046727,-0.06740486253044661,-0.10324966374186628,-0.41772272932805743,-0.9050748382046727
62,minus,0.0025380261858407418,3.159309566425821e-05,3.159309566425821e-05,0.029386738812588676,0.05554423748977211,-0.38833599051546874,-0.8495306007149006,0.029386738812588676,0.05554423748977211,-0.38833599051546874,-0.8495306007149006
63,minus,0.007551716854734371,3.002593740063603e-05,3.002593740063603e-05,0.0971819064589263,0.1214402442073057,-0.2911540840565424,-0.7280903565075949,0.0971819064589263,0.1214402442073057,-0.2911540840565424,-0.7280903565075949
64,minus,0.0022307929028156986,3.146864607752053e-05,3.146864607752053e-05,0.025628687015181787,0.04909019021648664,-0.26552539704136063,-0.6790001662911083,0.025628687015181787,0.04909019021648664,-0.26552539704136063,-0.6790001662911083
65,minus,0.001383013115563797,2.9828361470584245e-05,2.9828361470584245e-05,0.015759482165290654,0.03101916551510797,-0.24976591487606997,-0.6479810007760003,0.015759482165290654,0.03101916551510797,-0.24976591487606997,-0.6479810007760003
66,minus,0.002318407834487628,2.8122856471248062e-05,2.8122856471248062e-05,0.029914027830029687,0.05677870209690106,-0.21985188704604028,-0.5912022986790992,0.029914027830029687,0.05677870209690106,-0.21985188704604028,-0.5912022986790992
67,minus,0.0019700679756281233,2.6705147845592058e-05,2.6705147845592058e-05,0.02632592833725362,0.05064408748353877,-0.19352595870878667,-0.5405582111955605,0.02632592833725362,0.05064408748353877,-0.19352595870878667,-0.5405582111955605
68,minus,-0.0004360116280469065,2.5291164720133647e-05,2.5291164720133647e-05,-0.00995429383695412,-0.019793389818996587,-0.2034802525457408,-0.560351601014557,-0.00995429383695412,-0.019793389818996587,-0.2034802525457408,-0.560351601014557
69,minus,0.0016640871650878738,2.379784449048585e-05,2.379784449048585e-05,0.024439896314464662,0.04742758213869003,-0.17904035623127612,-0.512924018875867,0.024439896314464662,0.04742758213869003,-0.17904035623127612,-0.512924018875867
70,minus,0.0015819218229827783,2.2498865919592514e-05,2.2498865919592514e-05,0.024401743595928886,0.04743174920144266,-0.15463861263534723,-0.46549226967442436,0.024401743595928886,0.04743174920144266,-0.15463861263534723,-0.46549226967442436
71,minus,0.00013308511653776226,2.1263779814283083e-05,2.1263779814283083e-05,-0.00121914560005705,-0.002436624605933524,-0.15585775823540426,-0.4679288942803579,-0.00121914560005705,-0.002436624605933524,-0.15585775823540426,-0.4679288942803579
72,minus,-0.0005647435425089098,1.9988209087003315e-05,1.9988209087003315e-05,-0.015150921066780669,-0.029991115706484273,-0.17100867930218494,-0.49792000998684216,-0.015150921066780669,-0.029991115706484273,-0.17100867930218494,-0.49792000998684216
73,minus,0.0019487059784653298,1.882386098866657e-05,1.882386098866657e-05,0.03689789389306957,0.06995535647627094,-0.13411078540911536,-0.4279646535105712,0.03689789389306957,0.06995535647627094,-0.13411078540911536,-0.4279646535105712
74,minus,0.005325763085885919,1.7878240923318422e-05,1.7878240923318422e-05,0.1138066580990147,0.15270173357668293,-0.02030412731010066,-0.2752629199338883,0.1138066580990147,0.15270173357668293,-0.02030412731010066,-0.2752629199338883
75,minus,0.003279888314396424,1.8382929787674626e-05,1.8382929787674626e-05,0.066518656070829,0.11344012005243442,0.046214528760728346,-0.16182279988145387,0.066518656070829,0.11344012005243442,0.046214528760728346,-0.16182279988145387
76,minus,-0.0008471717228549206,1.7849683518728282e-05,1.7849683518728282e-05,-0.023244919297792502,-0.04552777424000887,0.022969609462935844,-0.20735057412146274,-0.023244919297792502,-0.04552777424000887,0.022969609462935844,-0.20735057412146274
77,minus,0.002028640212079636,1.6844297314524437e-05,1.6844297314524437e-05,0.04311730823970836,0.08081949346653783,0.0660869177026442,-0.1265310806549249,0.04311730823970836,0.08081949346653783,0.0660869177026442,-0.1265310806549249
78,minus,0.002233879859373404,1.6034623440759978e-05,1.6034623440759978e-05,0.05037380932938284,0.0926959830436278,0.11646072703202703,-0.033835097611297105,0.05037380932938284,0.0926959830436278,0.11646072703202703,-0.033835097611297105
79,minus,0.0004533756204825873,1.5321133628115346e-05,1.5321133628115346e-05,0.006603673408375071,0.01317744471044957,0.12306440044040211,-0.020657652900847534,0.006603673408375071,0.01317744471044957,0.12306440044040211,-0.020657652900847534
80,minus,0.0020393867186926443,1.440576597592625e-05,1.440576597592625e-05,0.05071200291353224,0.09397684529547234,0.17377640335393435,0.07331919239462481,0.05071200291353224,0.09397684529547234,0.17377640335393435,0.07331919239462481
81,minus,-0.0018559884414068328,1.3744771137971416e-05,1.3744771137971416e-05,-0.059312631644716764,-0.1075290939733824,0.1144637717092176,-0.034209901578757584,-0.059312631644716764,-0.1075290939733824,0.1144637717092176,-0.034209901578757584
82,minus,-0.0009833025184068623,1.3173318712290638e-05,1.3173318712290638e-05,-0.035597302402736106,-0.06870168246720798,0.07886646930648149,-0.10291158404596557,-0.035597302402736106,-0.06870168246720798,0.07886646930648149,-0.10291158404596557
83,minus,0.0005655127201942381,1.2466706640772973e-05,1.2466706640772973e-05,0.011685091822216734,0.023261995953038017,0.09055156112869822,-0.07964958809292755,0.011685091822216734,0.023261995953038017,0.09055156112869822,-0.07964958809292755
84,minus,0.00262330391260473,1.1726789987886113e-05,1.1726789987886113e-05,0.08205642117955496,0.14050192161441455,0.1726079823082532,0.060852333521487,0.08205642117955496,0.14050192161441455,0.1726079823082532,0.060852333521487
85,minus,-0.00021780652799170978,1.1375988432652887e-05,1.1375988432652887e-05,-0.014518857913937953,-0.02885816283844278,0.15808912439431524,0.03199417068304422,-0.014518857913937953,-0.02885816283844278,0.15808912439431524,0.03199417068304422
86,minus,0.00282979050078048,1.0703823433359436e-05,1.0703823433359436e-05,0.09755369631451498,0.1603756702339112,0.2556428207088302,0.19236984091695541,0.09755369631451498,0.1603756702339112,0.2556428207088302,0.19236984091695541
87,minus,-0.0011216919307560054,1.0477042975685503e-05,1.0477042975685503e-05,-0.049999894487083474,-0.09464217576352318,0.20564292622174674,0.09772766515343223,-0.049999894487083474,-0.09464217576352318,0.20564292622174674,0.09772766515343223
88,minus,0.0010406966214260732,9.95298097106153e-06,9.95298097106153e-06,0.033581863861816094,0.06552319117406746,0.23922479008356284,0.1632508563274997,0.033581863861816094,0.06552319117406746,0.23922479008356284,0.1632508563274997
89,minus,0.002690094600983126,9.398368645215845e-06,9.398368645215845e-06,0.10520577528670261,0.17229087725623948,0.34443056537026545,0.3355417335837392,0.10520577528670261,0.17229087725623948,0.34443056537026545,0.3355417335837392
90,minus,-0.002019670937494739,9.206975248718713e-06,9.206975248718713e-06,-0.095600552323998,-0.16213647619078664,0.24883001304626745,0.17340525739295254,-0.095600552323998,-0.16213647619078664,0.24883001304626745,0.17340525739295254
91,minus,0.0008735332814806813,8.94975043474841e-06,8.94975043474841e-06,0.029934353503397636,0.05878647915960755,0.2787643665496651,0.2321917365525601,0.029934353503397636,0.05878647915960755,0.2787643665496651,0.2321917365525601
92,minus,0.0017251817343800404,8.440112676764427e-06,8.440112676764427e-06,0.07178348817858789,0.13129826105926412,0.35054785472825295,0.3634899976118242,0.07178348817858789,0.13129826105926412,0.35054785472825295,0.3634899976118242
93,minus,-0.0024425038415892947,8.07356733750988e-06,8.07356733750988e-06,-0.12980417579476994,-0.20138806976850532,0.220743678933483,0.1621019278433189,-0.12980417579476994,-0.20138806976850532,0.220743678933483,0.1621019278433189
94,minus,-0.006701728900460052,8.007619707534654e-06,8.007619707534654e-06,-0.34194324008015553,-0.22932815951731733,-0.12119956114667252,-0.06722623167399844,-0.34194324008015553,-0.22932815951731733,-0.12119956114667252,-0.06722623167399844
95,minus,0.00302234229234525,1.0383879770152229e-05,1.0383879770152229e-05,0.10791794652133556,0.17171906186128982,-0.01328161462533696,0.10449283018729139,0.10791794652133556,0.17171906186128982,-0.01328161462533696,0.10449283018729139
96,minus,0.0005384133338114281,1.023932168503238e-05,1.023932168503238e-05,0.013176740726899169,0.026221365938670083,-0.0001048738984377913,0.13071419612596147,0.013176740726899169,0.026221365938670083,-0.0001048738984377913,0.13071419612596147
97,minus,-0.006565411082010166,9.631898409854728e-06,9.631898409854728e-06,-0.27866334771317847,-0.21572492388493014,-0.27876822161161624,-0.08501072775896867,-0.27866334771317847,-0.21572492388493014,-0.27876822161161624,-0.08501072775896867
98,minus,-0.006210434774871095,1.1798943233220277e-05,1.1798943233220277e-05,-0.2155441713304329,-0.19951482829053901,-0.49431239294204915,-0.2845255560495077,-0.2155441713304329,-0.19951482829053901,-0.49431239294204915,-0.2845255560495077
99,minus,5.238809699688611e-06,1.3555406195376025e-05,1.3555406195376025e-05,-0.005655035632277394,-0.011288797474126255,-0.4999674285743265,-0.29581435352363394,-0.005655035632277394,-0.011288797474126255,-0.4999674285743265,-0.29581435352363394
100,minus,-0.0023149512101311854,1.2744320792730294e-05,1.2744320792730294e-05,-0.07825969281497387,-0.134229384921154,-0.5782271213893004,-0.43004373844478794,-0.07825969281497387,-0.134229384921154,-0.5782271213893004,-0.43004373844478794
101,minus,-0.0023347053966215705,1.2358681433372736e-05,1.2358681433372736e-05,-0.08133599030663276,-0.13857144425109258,-0.6595631116959332,-0.5686151826958805,-0.08133599030663276,-0.13857144425109258,-0.6595631116959332,-0.5686151826958805
102,minus,0.0010601287117554682,1.2002161784373775e-05,1.2002161784373775e-05,0.028490767337493044,0.05577202242437096,-0.6310723443584402,-0.5128431602715096,0.028490767337493044,0.05577202242437096,-0.6310723443584402,-0.5128431602715096
103,minus,-0.0015367992532509187,1.1326585346570429e-05,1.1326585346570429e-05,-0.060792917744056,-0.11158314669608593,-0.6918652621024962,-0.6244263069675955,-0.060792917744056,-0.11158314669608593,-0.6918652621024962,-0.6244263069675955
104,minus,-0.00328590094353674,1.0827647856807978e-05,1.0827647856807978e-05,-0.12769755369919678,-0.18580665419066822,-0.819562815801693,-0.8102329611582637,-0.12769755369919678,-0.18580665419066822,-0.819562815801693,-0.8102329611582637
105,minus,-0.002655530437435324,1.0906415478727998e-05,1.0906415478727998e-05,-0.10383953551090035,-0.1661672557442042,-0.9234023513125933,-0.9764002169024679,-0.10383953551090035,-0.1661672557442042,-0.9234023513125933,-0.9764002169024679
106,minus,0.0006389006849661625,1.074073003536356e-05,1.074073003536356e-05,0.01627420291594563,0.0323146535252441,-0.9071281483966477,-0.9440855633772238,0.01627420291594563,0.0323146535252441,-0.9071281483966477,-0.9440855633772238
107,minus,0.00310715763511904,1.0107928013219621e-05,1.0107928013219621e-05,0.11419391414964149,0.17843689354170422,-0.7929342342470062,-0.7656486698355196,0.11419391414964149,0.17843689354170422,-0.7929342342470062,-0.7656486698355196
108,minus,-0.002724952899098947,1.000910015883533e-05,1.000910015883533e-05,-0.11590109948837383,-0.1803158905734943,-0.90883533373538,-0.9459645604090139,-0.11590109948837383,-0.1803158905734943,-0.90883533373538,-0.9459645604090139
109,minus,-0.0032101563792457494,9.921318134308089e-06,9.921318134308089e-06,-0.1363333741079477,-0.19599712139153702,-1.0451687078433276,-1.141961681800551,-0.1363333741079477,-0.19599712139153702,-1.0451687078433276,-1.141961681800551
110,minus,0.0045866512853564335,1.0023139635679766e-05,1.0023139635679766e-05,0.17373443670580646,0.21173775211376356,-0.8714342711375211,-0.9302239296867874,0.17373443670580646,0.21173775211376356,-0.8714342711375211,-0.9302239296867874
111,minus,0.001372677391345667,1.0577149531295497e-05,1.0577149531295497e-05,0.04405516357431175,0.08434620299737272,-0.8273791075632094,-0.8458777266894146,0.04405516357431175,0.08434620299737272,-0.8273791075632094,-0.8458777266894146
112,minus,-0.003596994927243563,1.0025254413561905e-05,1.0025254413561905e-05,-0.15023201158144683,-0.20305668971113233,-0.9776111191446563,-1.048934416400547,-0.15023201158144683,-0.20305668971113233,-0.9776111191446563,-1.048934416400547
113,minus,-0.0049903543551222,1.0288046291441573e-05,1.0288046291441573e-05,-0.20013853813686688,-0.21373187192410903,-1.1777496572815231,-1.262666288324656,-0.20013853813686688,-0.21373187192410903,-1.1777496572815231,-1.262666288324656
114,minus,0.0032731300421361235,1.1286161726106033e-05,1.1286161726106033e-05,0.10810813805961185,0.16891339485397427,-1.0696415192219113,-1.0937528934706817,0.10810813805961185,0.16891339485397427,-1.0696415192219113,-1.0937528934706817
115,minus,0.0037511627054555236,1.117622522716729e-05,1.117622522716729e-05,0.12614468684285202,0.1831899316365977,-0.9434968323790593,-0.910562961834084,0.12614468684285202,0.1831899316365977,-0.9434968323790593,-0.910562961834084
116,minus,0.0005027631010750077,1.126297367028982e-05,1.126297367028982e-05,0.010723097899893466,0.02136283230041336,-0.9327737344791659,-0.8892001295336707,0.010723097899893466,0.02136283230041336,-0.9327737344791659,-0.8892001295336707
117,minus,0.005275850387048664,1.0592753000128474e-05,1.0592753000128474e-05,0.19021081919164504,0.20997382028849287,-0.7425629152875208,-0.6792263092451778,0.19021081919164504,0.20997382028849287,-0.7425629152875208,-0.6792263092451778
118,minus,0.004624013625921324,1.1504010229039623e-05,1.1504010229039623e-05,0.15265901275159635,0.194705598833961,-0.5899039025359245,-0.4845207104112168,0.15265901275159635,0.194705598833961,-0.5899039025359245,-0.4845207104112168
119,minus,-0.001892291539863272,1.1988926229471159e-05,1.1988926229471159e-05,-0.06920090449459687,-0.12330149501792231,-0.6591048070305214,-0.6078222054291391,-0.06920090449459687,-0.12330149501792231,-0.6591048070305214,-0.6078222054291391
120,minus,0.0002597753378128627,1.1531853308419594e-05,1.1531853308419594e-05,0.00211156464437901,0.004217871236646076,-0.6569932423861424,-0.603604334192493,0.00211156464437901,0.004217871236646076,-0.6569932423861424,-0.603604334192493
121,minus,-0.004054876042401252,1.0840168032325267e-05,1.0840168032325267e-05,-0.15569989204534906,-0.20001108434934034,-0.8126931344314915,-0.8036154185418334,-0.15569989204534906,-0.20001108434934034,-0.8126931344314915,-0.8036154185418334
122,minus,-0.003160087339358885,1.1275185857149835e-05,1.1275185857149835e-05,-0.11820098817987122,-0.17718132182385116,-0.9308941226113627,-0.9807967403656845,-0.11820098817987122,-0.17718132182385116,-0.9308941226113627,-0.9807967403656845
123,minus,0.0041890031016039875,1.127544605594355e-05,1.127544605594355e-05,0.14044390017539646,0.19089199710359583,-0.7904502224359663,-0.7899047432620887,0.14044390017539646,0.19089199710359583,-0.7904502224359663,-0.7899047432620887
124,minus,0.0004991361628398646,1.1554407998549482e-05,1.1554407998549482e-05,0.010328067705502469,0.02057915434774671,-0.7801221547304639,-0.769325588914342,0.010328067705502469,0.02057915434774671,-0.7801221547304639,-0.769325588914342
125,minus,0.0019018012283262488,1.0866569594759938e-05,1.0866569594759938e-05,0.062204343646474106,0.1141279292553179,-0.7179178110839898,-0.6551976596590241,0.062204343646474106,0.1141279292553179,-0.7179178110839898,-0.6551976596590241
126,minus,-0.05481539069191238,1.0388667368104804e-05,1.0388667368104804e-05,-2.1014123936882485,-0.042838226961258385,-2.819330204772238,-0.6980358866202825,-2.1014123936882485,-0.042838226961258385,-2.819330204772238,-0.6980358866202825
127,minus,-0.007301383889398425,0.00019135646113417926,1.9738467999399135e-05,-0.015552700647933997,-0.028328118914681344,-2.834882905420172,-0.7263640055349638,-0.15077714020958988,-0.15463502960911946,-2.970107344981828,-0.8526709162294019
128,minus,0.005229360340348322,0.0001832498903976411,2.1928976850947792e-05,0.010894455598782705,0.020828561746551788,-2.8239884498213894,-0.705535443788412,0.09103971462000114,0.13145482608241021,-2.879067630361827,-0.7212160901469917
129,minus,-0.0008413368781746022,0.0001737735230243365,2.213186429044478e-05,-0.0023743492745469086,-0.004738515295562795,-2.826362799095936,-0.7102739590839748,-0.018642760181139806,-0.0366672136154067,-2.8977103905429664,-0.7578833037623984
130,minus,-0.008624202109978298,0.0001634119763937971,2.0868817183938902e-05,-0.021424608524043737,-0.03697584989693592,-2.84778740761998,-0.7472498089809108,-0.16776406595156024,-0.1495581246217812,-3.0654744564945267,-0.9074414283841796
131,minus,-0.004354883560236501,0.00015827756973360368,2.4287000076336977e-05,-0.011415790612297042,-0.02187475652861659,-2.8592031982322768,-0.7691245655095273,-0.07439632680128762,-0.11579829855014978,-3.139870783295814,-1.0232397269343294
132,minus,-0.004529785038964579,0.0001500248659587292,2.4073730480898485e-05,-0.012506386400770592,-0.023827284579033936,-2.8717095846330474,-0.7929518500885613,-0.07793843770463509,-0.11899721530082719,-3.2178092210004494,-1.1422369422351566
133,minus,0.0005868016259156375,0.0001423647252318298,2.397065788266895e-05,0.0010825897358209173,0.002164215695766636,-2.8706269948972265,-0.7907876343927946,0.006429635391458172,0.012825366135650995,-3.211379585608991,-1.1294115760995056
134,minus,0.009475642569100788,0.0001338318924754604,2.2541469167249226e-05,0.027507945653172772,0.04530141489424233,-2.843119049244054,-0.7454862194985523,0.16331856621950072,0.14371141538076504,-3.04806101938949,-0.9857001607187406
135,minus,0.009504144589062026,0.000130965998571348,2.635300066162952e-05,0.02819625544446884,0.04620515344612386,-2.814922793799585,-0.6992810660524285,0.14012638627654977,0.13374073916814666,-2.9079346331129403,-0.8519594215505939
136,minus,0.001647191461114834,0.000128303837418306,2.9967619383170627e-05,0.004480865256953379,0.008912226351992292,-2.8104419285426316,-0.6903688397004362,0.019184447055021814,0.03747798425544957,-2.8887501860579183,-0.8144814372951443
137,minus,0.012113878802600585,0.00012073154476740303,2.8295499814375793e-05,0.03916424306723987,0.056267939395131084,-2.7712776854753916,-0.6341009003053051,0.1671064160793384,0.1250495366076363,-2.72164376997858,-0.689431900687508
138,minus,-0.003917126236814114,0.00012200635203016188,3.5116469774316284e-05,-0.013385781510113595,-0.025585017750751504,-2.784663466985505,-0.6596859180560566,-0.046506678536241006,-0.08010929339154149,-2.7681504485148207,-0.7695411940790495
139,minus,-0.0024214069904384856,0.00011570223055199423,3.402574123149938e-05,-0.008985228570612376,-0.017620102292549067,-2.7936486955561173,-0.6773060203486057,-0.03055366172822526,-0.057238506944420564,-2.798704110243046,-0.8267797010234701
140,minus,-0.00023788914102576737,0.0001091719040310001,3.239600406973495e-05,-0.0015858993401970595,-0.003169575763637411,-2.795234594896314,-0.6804755961122431,-0.005344352044101847,-0.010663509610553845,-2.804048462287148,-0.8374432106340239
141,minus,-0.003226879826417659,0.00010263301134684593,3.0463665383256698e-05,-0.013243721952338913,-0.02551218835417135,-2.808478316848653,-0.7059877844664144,-0.044618500377696935,-0.07905868334481969,-2.848666962664845,-0.9165018939788436
142,minus,0.001626160801307864,9.717898839887469e-05,2.933980319310082e-05,0.005830135884648108,0.011577769559980133,-2.802648180964005,-0.6944100149064343,0.01931051492640238,0.03773084487075451,-2.8293564477384425,-0.8787710491080891
143,minus,0.009793642088326423,9.147055697366145e-05,2.7701722880234013e-05,0.04162684514296349,0.06233395037965206,-2.7610213358210416,-0.6320760645267822,0.1374510432706725,0.13040919577551335,-2.69190540446777,-0.7483618533325758
144,minus,-0.00920095147007291,9.150642917794561e-05,3.156372513012382e-05,-0.040761140496614195,-0.061669366927352254,-2.8017824763176558,-0.6937454314541345,-0.11817066587321043,-0.12225643444844803,-2.8100760703409806,-0.8706182877810238
145,minus,0.0033172557869535183,9.131692623357755e-05,3.497078442862507e-05,0.013553195418345935,0.02617345940330651,-2.78822928089931,-0.667571972050828,0.035390574345632905,0.06475563504127635,-2.7746854959953478,-0.8058626527397474
146,minus,-0.004926742702173769,8.642154159221922e-05,3.345616829556389e-05,-0.023533389802579716,-0.04273174897183196,-2.8117626707018895,-0.7103037210226599,-0.0607897416004815,-0.09633937956840688,-2.8354752375958294,-0.9022020323081543
147,minus,0.006483747507186783,8.28122821694957e-05,3.30248312706397e-05,0.030118485016115144,0.051966704107483164,-2.7816441856857743,-0.6583370169151768,0.0755243973612569,0.10796980435521908,-2.7599508402345725,-0.7942322279529352
148,minus,0.0018901512769300428,8.021387125882919e-05,3.3413667413904545e-05,0.008369186304184076,0.016539008909138175,-2.77327499938159,-0.6417980080060386,0.020091324440058837,0.03905288085978409,-2.739859515794514,-0.7551793470931512
149,minus,-0.0028317647521278657,7.557275774838207e-05,3.15805661341529e-05,-0.01591117494038878,-0.030578886225658852,-2.789186174321979,-0.6723768942316974,-0.03807567489937218,-0.06939995081763772,-2.777935190693886,-0.8245792979107889
150,minus,-0.0008228726333196706,7.158931080638502e-05,3.0236650689009598e-05,-0.005661068006824677,-0.011265373882102914,-2.7948472423288035,-0.6836422681138004,-0.013403334952834654,-0.026490744788325138,-2.7913385256467205,-0.851070042699114
151,minus,-0.0003532745826698519,6.735653358173062e-05,2.848503307139772e-05,-0.003250219579270136,-0.006489403023959284,-2.798097461908074,-0.6901316711377596,-0.0076855632812633775,-0.015309580123682665,-2.799024088927984,-0.8663796228227967
152,minus,-0.000861164966224217,6.333340309819328e-05,2.679419261848035e-05,-0.006638950485338218,-0.013197206107346204,-2.804736412393412,-0.7033288772451058,-0.01569247983038193,-0.030937974633637566,-2.814716568758366,-0.8973175974564342
153,minus,-0.00040012621018328906,5.960076120194552e-05,2.5253903351015373e-05,-0.0039851074907293225,-0.007952534983473925,-2.8087215198841413,-0.7112814122285798,-0.009405098159191815,-0.018712051768940086,-2.824121666917558,-0.9160296492253743
154,minus,-0.00038807757159075706,5.604621045933498e-05,2.3760164079460647e-05,-0.004152541843970316,-0.00828619730756408,-2.812874061728112,-0.7195676095361438,-0.009795144231749698,-0.019485566161713486,-2.8339168111493076,-0.9355152153870878
155,minus,0.002017084024954209,5.270407608198341e-05,2.235519248490153e-05,0.013693342612195286,0.026819157428133344,-2.7991807191159164,-0.6927484521080105,0.03228310252024138,0.061499319358307325,-2.8016337086290664,-0.8740158960287805
156,minus,-0.0025741910098872407,4.974028544070346e-05,2.1212334859446496e-05,-0.022119687433183533,-0.04206211133844029,-2.8213004065491,-0.7348105634464508,-0.051867914309099275,-0.09251146162578827,-2.8535016229381656,-0.9665273576545688
157,minus,0.0008359739474005935,4.7217108193657964e-05,2.040083464727642e-05,0.005358237836007484,0.010682862354937761,-2.8159421687130926,-0.724127701091513,0.01240147768483058,0.02462371419667786,-2.841100145253335,-0.9419036434578909
158,minus,0.00019367328482289034,4.4408470762811145e-05,1.9201173629212497e-05,-4.2350471569722025e-05,-8.467590746263909e-05,-2.815984519184662,-0.7242123769989757,-9.794816269115732e-05,-0.0001957624604536079,-2.8411980934160264,-0.9420994059183445
159,minus,-0.0009246355340147872,4.174396386476494e-05,1.8049104559182218e-05,-0.010675892254287408,-0.02113240071107203,-2.8266604114389495,-0.7453447777100477,-0.024691200553790215,-0.04822510943214642,-2.8658892939698166,-0.9903245153504909
160,minus,-0.0015747814662956114,3.931500027282055e-05,1.704183252557279e-05,-0.0178977101151212,-0.03485501234858113,-2.844558121554071,-0.7801997900586288,-0.04128948439101052,-0.07774256017552439,-2.907178778360827,-1.0680670755260153
161,minus,0.003163752766601134,3.7144753309196654e-05,1.620797562678376e-05,0.031679366382809736,0.058707430002833405,-2.812878755171261,-0.7214923600557954,0.07260143255253826,0.1228984783671816,-2.8345773458082886,-0.9451685971588337
162,minus,-0.0018538200219553338,3.544366261384508e-05,1.576309159237696e-05,-0.022976690431535537,-0.044187626166936944,-2.8358554456027965,-0.7656799862227324,-0.05166360030743853,-0.09481269886044164,-2.886240946115727,-1.0399812960192754
163,minus,0.002466308595197365,3.356974240532732e-05,1.5070005645147293e-05,0.026808626599930246,0.05099426653356698,-2.8090468190028663,-0.7146857196891654,0.05971853696617964,0.10716477619734999,-2.8265224091495473,-0.9328165198219254
164,minus,-0.0010931421420503425,3.186415896892684e-05,1.4474406414357618e-05,-0.01608458464534737,-0.03160493656928054,-2.825131403648214,-0.7462906562584459,-0.035408827651828394,-0.06814125925715508,-2.8619312368013756,-1.0009577790790805
165,minus,0.003722519334927878,3.0052396265146638e-05,1.3706028863851571e-05,0.04653389374184491,0.08177339874154921,-2.778597509906369,-0.6645172575168967,0.10203210779589492,0.1566468934196843,-2.759899129005481,-0.8443108856593962
166,minus,-0.0014974477132952521,2.899441214436966e-05,1.3628826787152297e-05,-0.023210006034461664,-0.04491550156134583,-2.8018075159408307,-0.7094327590782425,-0.04937772644310651,-0.09218985303130456,-2.809276855448587,-0.9365007386907007
167,minus,-0.002373858552385457,2.7427303967867373e-05,1.2983653732083055e-05,-0.03721629224062253,-0.06886520954876119,-2.8390238081814534,-0.7782979686270037,-0.0786175125202429,-0.13431031696557305,-2.8878943679688303,-1.0708110556562738
168,minus,0.002045220985388949,2.617866049305629e-05,1.2601629271419035e-05,0.027994573348554954,0.05363448675650773,-2.8110292348328985,-0.724663481870496,0.05815600630324341,0.10659628820019496,-2.8297383616655867,-0.9642147674560788
169,minus,0.00046427238110923456,2.4812582914403564e-05,1.2050173566064543e-05,0.0042518698859313414,0.00849119204755322,-2.806777364946967,-0.7161722898229428,0.00875505016649998,0.01745700733511235,-2.8209833114990865,-0.9467577601209665
170,minus,-0.0006949453598331007,2.332806882179236e-05,1.1331404034353678e-05,-0.015196592940406007,-0.0300340415739333,-2.8219739578873733,-0.7462063313968761,-0.03128536983552856,-0.06106846289252754,-2.852268681334615,-1.007826223013494
171,minus,-0.0015003494506090763,2.1976270009698778e-05,1.069940510950642e-05,-0.030674539564722495,-0.058744630045440616,-2.852648497452096,-0.8049509614423167,-0.06300462100445016,-0.11549918523587355,-2.9152733023390653,-1.1233254082493676
172,minus,0.002168439308274313,2.0830841379453795e-05,1.023058837327298e-05,0.03752880534081551,0.07063020056913238,-2.8151196921112804,-0.7343207608731843,0.07641364921466644,0.13554023896851142,-2.838859653124399,-0.9877851692808561
173,minus,-0.004296339658120159,1.981385118730034e-05,9.849613361490372e-06,-0.09001944501613371,-0.13432579719129656,-2.905139137127414,-0.8686465580644809,-0.18108648756575685,-0.21502623232744345,-3.0199461406901555,-1.2028114016082996
174,minus,0.0020778026410895314,1.983718804085578e-05,1.047080448459441e-05,0.03759553310965239,0.07093739574582614,-2.8675436040177615,-0.7977091623186547,0.07122563131511689,0.12792792093877736,-2.948720509375039,-1.0748834806695222
175,minus,0.0005374774244026907,1.8858883151802524e-05,1.0054482608916835e-05,0.0071345420276180535,0.0142302927375475,-2.8604090619901434,-0.7834788695811072,0.013382040595619281,0.02662801360820044,-2.9353384687794195,-1.0482554670613218
176,minus,-0.0006114473585826053,1.773424805599901e-05,9.458111545686463e-06,-0.0181216050139486,-0.035776125583034,-2.878530667004092,-0.8192549951641412,-0.03397856294439324,-0.06633453556317281,-2.9693170317238127,-1.1145900026244946
177,minus,-0.001420516727662109,1.6709545571354056e-05,8.929977251660261e-06,-0.03844702473751283,-0.07302257663722589,-2.916977691741605,-0.8922775718013671,-0.07194109165451752,-0.13090577623099442,-3.0412581233783302,-1.245495778855489
178,minus,7.607591981839543e-05,1.5864228786269466e-05,8.5514345657573e-06,-0.0030601135022738694,-0.00611324996959528,-2.920037805243879,-0.8983908217709624,-0.005676982071104208,-0.011329981588388272,-3.0469351054494345,-1.2568257604438773
179,minus,0.0007163036178424226,1.4913273036337106e-05,8.039246469055672e-06,0.013780494001164375,0.027372994559032193,-2.9062573112427144,-0.8710178272119302,0.02556362345725051,0.05048461258004,-3.0213714819921837,-1.2063411478638373
180,minus,-0.0038707282878085373,1.4034569314422546e-05,7.572984341177997e-06,-0.11505436685800907,-0.16508881236502804,-3.0213116781007234,-1.0361066395769583,-0.21322353432260652,-0.24656189401082163,-3.23459501631479,-1.452903041874659
181,minus,-0.0001667826215627485,1.4185969657501925e-05,8.112079782652049e-06,-0.010215641317926936,-0.020348768822450403,-3.0315273194186503,-1.0564554083994087,-0.0178645651486254,-0.035477730728924683,-3.2524595814634156,-1.4883807726035836
182,minus,-5.250843910488786e-05,1.3342813535355727e-05,7.633357052996844e-06,-0.0074625849865510765,-0.014887142993205593,-3.0389899044052013,-1.0713425513926143,-0.013044310553795513,-0.0259727248846211,-3.265503892017211,-1.5143534974882047
183,minus,0.001963306973315671,1.254602240826957e-05,7.17913331485222e-06,0.05582286147772317,0.10302296171550562,-2.9831670429274784,-0.9683195896771086,0.09755423674113226,0.17023009351177087,-3.167949655276079,-1.3441234039764338
184,minus,0.00021577645567622623,1.1980152171868514e-05,6.935276424056204e-06,0.000575149611426398,0.0011490309997004289,-2.982591893316052,-0.9671705586774082,0.0009935263492279588,0.001983271398386499,-3.166956128926851,-1.3421401325780473
185,minus,-0.0036158611536283203,1.1261361131560382e-05,6.519177928616811e-06,-0.13440655328022383,-0.1878058499928672,-3.1169984465962757,-1.1549764086702754,-0.2321766258737559,-0.2661415637182909,-3.3991327548006067,-1.6082816962963382
186,minus,0.0023471212931223625,1.145860056476859e-05,7.000948354001633e-06,0.07441241501858939,0.1310917046961535,-3.0425860315776863,-1.023884703974122,0.12179237692425408,0.1994553581708436,-3.2773403778763526,-1.4088263381254946
187,minus,-0.0005881614970533704,1.1048101448381225e-05,6.857908370260286e-06,-0.028252149811149124,-0.05540584537241067,-3.0708381813888352,-1.0792905493465326,-0.045514258925071244,-0.08821349931355549,-3.322854636801424,-1.4970398374390501
188,minus,0.0003606728482033105,1.0422337299376737e-05,6.483555805943054e-06,0.006177975868566303,0.01233006210714116,-3.0646602055202687,-1.0669604872393914,0.009931116544194285,0.019795444691225406,-3.31292352025723,-1.4772443927478247
189,minus,-0.0018021664925964537,9.798576762786736e-06,6.096122158959074e-06,-0.08101999408402419,-0.14248048503905775,-3.145680199604293,-1.2094409722784492,-0.13022715271315938,-0.2134026532174067,-3.4431506729703893,-1.6906470459652314
190,minus,-0.0004738785110013125,9.450801182989461e-06,5.970493855391461e-06,-0.028228530131193887,-0.05549691670491974,-3.173908729735487,-1.264937888983369,-0.04468344368481877,-0.08698694543694785,-3.487834116655208,-1.7776339914021793
191,minus,0.005109681161075744,8.910871640225413e-06,5.639382752283294e-06,0.21871216815811062,0.22988079181293664,-2.9551965615773765,-1.0350570971704323,0.34559031408592283,0.28487903559746197,-3.1422438025692854,-1.4927549558047173
192,minus,-0.00236110998493753,9.82345281655281e-06,6.748253261887216e-06,-0.10339374794905128,-0.1690395102627491,-3.0585903095264277,-1.2040966074331814,-0.150510593643608,-0.22720140345779782,-3.2927543962128936,-1.719956359262515
193,minus,0.0008379426279845077,9.627115029554703e-06,6.736427448169044e-06,0.02636113906450226,0.05191760327637418,-3.0322291704619255,-1.1521790041568072,0.037673042578827004,0.07371443661417842,-3.2550813536340666,-1.6462419226483367
194,minus,0.0006545808523775152,9.074028039630508e-06,6.356781713127989e-06,0.019949145839708932,0.03953944372020679,-3.012280024622217,-1.1126395604366004,0.02847653370609809,0.056225156302008195,-3.2266048199279687,-1.5900167663463285
195,minus,0.00520306226093915,8.542071720334177e-06,5.98786017342181e-06,0.23249301968444652,0.23509043068093316,-2.7797870049377704,-0.8775491297556672,0.33166640354040006,0.2769905749081243,-2.8949384163875687,-1.3130261914382042
196,minus,0.002742497753163053,9.532338451735899e-06,7.1313795976382745e-06,0.10590869874380342,0.17257850033593414,-2.673878306193967,-0.7049706294197331,0.14156553407186595,0.21715821541371927,-2.753372882315703,-1.095867976024485
197,minus,0.004796067572982713,9.348740270579991e-06,7.091838947728224e-06,0.19515637051218207,0.2224892352819574,-2.4787219356817847,-0.4824813941377757,0.2572627824059526,0.2580138711206663,-2.4961100999097505,-0.8378541049038186
198,minus,0.008370906243135676,1.0056121675084636e-05,7.934634431603976e-06,0.32249540118162845,0.20068142794002686,-2.1562265345001563,-0.28179996619774883,0.4087211606145931,0.21478540718396566,-2.0873889392951575,-0.623068697719853
199,minus,0.0026196551327307928,1.3460133418891888e-05,1.1465935410020066e-05,0.07138194399026,0.12457690992588422,-2.0848445905098965,-0.15722305627186461,0.08379695641483524,0.143077281675013,-2.003591982880322,-0.47999141604483997
200,minus,0.00040465379077811805,1.3004270309302932e-05,1.1129724180963417e-05,0.006293448334510814,0.012560545610222462,-2.0785511421753857,-0.14466251066164215,0.007353434998829103,0.014670911847539436,-1.996238547881493,-0.46532050419730053
201,minus,0.0012154114365100365,1.222656621403556e-05,1.0464492853396417e-05,0.03300770803114961,0.06414047052889948,-2.045543434144236,-0.08052204013274267,0.038565741643697395,0.07458466748504833,-1.9576728062377957,-0.3907358367122522
202,minus,0.001973945569328264,1.155502942719092e-05,9.898680468190126e-06,0.06097574571464256,0.11168213184077835,-1.9845676884295935,0.031160091708035687,0.07117883422359124,0.12856104562275483,-1.8864939720142044,-0.26217479108949737
203,minus,0.003421679022080754,1.1050878680101565e-05,9.493910658640819e-06,0.11574409374945363,0.17614485910990751,-1.86882359468014,0.2073049508179432,0.13472571882687492,0.197304088917873,-1.7517682531873295,-0.06487070217162438
204,minus,4.6601474199857126e-05,1.1011192706893027e-05,9.547642766719926e-06,-0.005471028515657354,-0.010921433958898774,-1.8742946231957973,0.19638351685904443,-0.006309677766830214,-0.01259193565846406,-1.7580779309541597,-0.07746263783008844
205,minus,-0.0021933874362248047,1.0351903943347264e-05,8.97616699958455e-06,-0.09168622919501963,-0.1547168968166881,-1.9659808523908169,0.04166662004235633,-0.10573856720786211,-0.17426159178016132,-1.8638164981620218,-0.25172422961024976
206,minus,-0.004710485237100422,1.0074032179789546e-05,8.780839452652595e-06,-0.19336600642822843,-0.21510540073168816,-2.1593468588190454,-0.17343878068933183,-0.22184386603799064,-0.23165318108761745,-2.085660364200012,-0.4833774106978672
207,minus,-0.0029261790793086244,1.0915426985479273e-05,9.699825821970538e-06,-0.11359311676593968,-0.17489623156495426,-2.2729399755849853,-0.3483350122542861,-0.12782882856547464,-0.1913022599224119,-2.2134891927654867,-0.6746796706202791
208,minus,-0.0015600437322600014,1.0846285792994738e-05,9.703620699296528e-06,-0.06433540330944916,-0.11738965456408756,-2.3372753788944345,-0.46572466681837366,-0.07191131975639285,-0.12987417379059352,-2.2854005125218797,-0.8045538444108726
209,minus,-0.00175501943360824,1.0381038786529504e-05,9.306933598453186e-06,-0.07467186058167483,-0.13291442401583264,-2.4119472394761092,-0.5986390908342063,-0.08328967567680116,-0.1463979811321252,-2.368690188198681,-0.9509518255429978
210,minus,0.003347301852862713,9.987130285002445e-06,8.977471408210706e-06,0.12511694076428176,0.18788847909572048,-2.2868302987118274,-0.4107506117384858,0.13918832279777366,0.20332819151759018,-2.2295018654009073,-0.7476236340254077
211,minus,0.0012557935139088506,9.982832642323073e-06,9.03375329813884e-06,0.042031713516453344,0.08094041613660785,-2.2447985851953742,-0.32981019560187796,0.046447533805386146,0.08909681078164411,-2.183054331595521,-0.6585268232437635
212,minus,0.0017956499791307711,9.450945935122445e-06,8.558811351589267e-06,0.06706464327446766,0.12291736867569636,-2.1777339419209065,-0.2068928269261816,0.07405518029411567,0.13455929799336808,-2.1089991513014055,-0.5239675252503955
213,minus,0.0013072267892606387,9.03695919487004e-06,8.19835268634885e-06,0.048689562729917056,0.09303283078121627,-2.1290443791909897,-0.11385999614496534,0.05367000035738676,0.10208394186120806,-2.0553291509440186,-0.4218835833891874
214,minus,0.0029206919611643135,8.568509764461613e-06,7.780219646451696e-06,0.12607437914016723,0.19555949848162868,-2.0029700000508224,0.08169950233666334,0.13884820709446602,0.2105912202835043,-1.9164809438495525,-0.2112923631056831
215,minus,-0.0013109309132629428,8.499047441658366e-06,7.758054730729042e-06,-0.07047211840627111,-0.12922088564594159,-2.0734421184570935,-0.04752138330927824,-0.07720310031800712,-0.14044938997809897,-1.9936840441675596,-0.3517417530837821
216,minus,0.0027205242999773583,8.125791683445227e-06,7.429258535171664e-06,0.1231680525563869,0.19517794116696052,-1.9502740659007065,0.14765655785768228,0.13471572329737308,0.2094055284237193,-1.8589683208701866,-0.1423362246600628
217,minus,-0.0015691302934764707,8.019906998283337e-06,7.365165838906187e-06,-0.08745811507695847,-0.15462371524858476,-2.037732180977665,-0.006967157390902479,-0.09523287927302607,-0.1666536943030028,-1.9542012001432127,-0.3089899189630656
218,minus,-0.0019858560438659454,7.726165072076927e-06,7.110708382262406e-06,-0.11218674495586847,-0.18587028137775086,-2.1499189259335334,-0.19283743876865334,-0.12189690025682828,-0.1990070686934562,-2.076098100400041,-0.5079969876565218
219,minus,-0.000979424177994743,7.548856964062043e-06,6.970327675636393e-06,-0.06191607393027926,-0.11650804743101961,-2.2118349998638127,-0.30934548619967295,-0.06705503781546332,-0.1255630225179889,-2.1431531382155047,-0.6335600101745107
220,minus,0.0005622338681575581,7.179163528663834e-06,6.635345997543724e-06,0.020110069854385168,0.03990256169104178,-2.1917249300094275,-0.26944292450863117,0.02175824442477126,0.043145018044413064,-2.1213948937907334,-0.5904149921300976
221,minus,-0.0016458732461485212,6.7563556675572744e-06,6.245167188304371e-06,-0.10832163637036707,-0.1852629610171208,-2.3000465663797947,-0.454705885525752,-0.11718813600068173,-0.1980835482740062,-2.2385830297914153,-0.7884985404041038
222,minus,-0.0001852066819516174,6.555057766222202e-06,6.074540595724472e-06,-0.023223275564010066,-0.046011029965661976,-2.3232698419438047,-0.500716915491414,-0.025060316981028747,-0.049613943137813976,-2.263643346772444,-0.8381124835419178
223,minus,-0.0035979912066765236,6.170584129988335e-06,5.71889798972047e-06,-0.24414373978389703,-0.2744027476879811,-2.5674135817277017,-0.7751196631793951,-0.26342653582113507,-0.2861838022513803,-2.527069882593579,-1.124296285793298
224,minus,-7.008282274333983e-05,6.665110038823637e-06,6.240525066971844e-06,-0.015985608805851235,-0.03179428996506228,-2.583399190533553,-0.8069139531444574,-0.017073217491342753,-0.03394471208078986,-2.5441431000849217,-1.158240997874088
225,minus,-0.004527278046591482,6.269528827187069e-06,5.870418953646384e-06,-0.29910925634929453,-0.27341920122921604,-2.8825084468828477,-1.0803331543736734,-0.3194446801783323,-0.28161890473003304,-2.863587780263254,-1.439859902604121
226,minus,0.002315533949912548,7.233286278600936e-06,6.858122997472692e-06,0.11614741189483327,0.19230419657101283,-2.7663610349880146,-0.8880289578026606,0.12250108099016402,0.200934868025902,-2.74108669927309,-1.238925034578219
227,minus,-0.001671172132382731,7.0682212454980175e-06,6.715567761237467e-06,-0.10496258062828442,-0.17998542389272476,-2.871323615616299,-1.0680143816953853,-0.11047446303221131,-0.18803137311879503,-2.851561162305301,-1.426956407697014
228,minus,0.0015141963317160177,6.853848817140559e-06,6.522354541935642e-06,0.0761814823105171,0.14030812551365823,-2.795142133305782,-0.9277062561817271,0.08005335482222921,0.14684999238465402,-2.7715078074830717,-1.28010641531236
229,minus,0.0005822128061547139,6.546495082292258e-06,6.234890463599637e-06,0.023264606196423943,0.04609203039608545,-2.7718775271093583,-0.8816142257856416,0.024427314472566675,0.04837293203141613,-2.747080493010505,-1.231733483280944
230,minus,0.0010060333637134456,6.162543528716889e-06,5.869635187145825e-06,0.05200521335045052,0.10026906248600032,-2.719872313758908,-0.7813451632996413,0.05460039351239461,0.10508458247129937,-2.6924800994981104,-1.1266489008096445
231,minus,0.0033935071754800272,5.831925985335125e-06,5.5565921442583245e-06,0.2174058170397062,0.2743920268155797,-2.5024664967192014,-0.5069531364840616,0.22817845917789795,0.2828243404204174,-2.4643016403202123,-0.8438245603892272
232,minus,3.347354264105775e-05,6.094528149258187e-06,5.835714338645994e-06,-0.010739477173322094,-0.02140112161816976,-2.5132059738925236,-0.5283542581022314,-0.011215772764558155,-0.022346673962496233,-2.4755174130847704,-0.8661712343517234
233,minus,-0.0002234394273048372,5.730488755809095e-06,5.4872037738336335e-06,-0.02921245365324212,-0.05769732445130149,-2.542418427545766,-0.5860515825535328,-0.030507639972798598,-0.060222272158055645,-2.506025053057569,-0.926393506509779
234,minus,0.004199460350012432,5.397336983418893e-06,5.16864910036196e-06,0.29416679502150733,0.29572230803642263,-2.2482516325242585,-0.2903292745171102,0.3071822619864441,0.30216288046432904,-2.198842791071125,-0.62423062604545
235,minus,0.0018893135409315774,6.033999703036065e-06,5.819033092962547e-06,0.11120192755185848,0.19177271316165445,-2.1370497049724,-0.09855656135545576,0.11530994704883882,0.19785273089391264,-2.0835328440222862,-0.42637789515153734
236,minus,0.002181671036502824,5.843508460407764e-06,5.641439846938657e-06,0.13468060880756783,0.21969531687277133,-2.0023690961648324,0.12113875551731557,0.1395046829129912,0.22607445680918836,-1.944028161109295,-0.20030343834234898
237,minus,-0.002548751953418973,5.728896770919538e-06,5.538952274258578e-06,-0.19028876705223444,-0.26420307306920154,-2.192657863217067,-0.14306431755188598,-0.19681424376485146,-0.27043174416996507,-2.140842404874147,-0.47073518251231405
238,minus,0.003320212458351495,5.8379777821207716e-06,5.659429955259469e-06,0.2121983801207817,0.2724635633928978,-1.9804594830962852,0.1293992458410118,0.21889296949348774,0.27792440618368186,-1.921949435380659,-0.1928107763286322
239,minus,0.0016982765389097847,6.072437139662762e-06,5.904602182413137e-06,0.09801403456312667,0.17419587196084407,-1.8824454485331585,0.3035951178018559,0.10080002772448858,0.17858324738788234,-1.8211494076561705,-0.014227528940749856
240,minus,-0.002432813124777948,5.843066403684836e-06,5.685301543870188e-06,-0.178696793650401,-0.2559466108453181,-2.0611422421835597,0.04764850695653777,-0.18365555870130298,-0.26099642324405803,-2.0048049663574736,-0.2752239521848079
241,minus,0.002328351766410161,5.907883379421263e-06,5.7595844111954945e-06,0.14306543673765038,0.2275242977300307,-1.9180768054459092,0.27517280468656846,0.14674911513217515,0.2321605831480671,-1.8580558512252985,-0.043063369036740795
242,minus,-0.000638324431251207,5.825608802658901e-06,5.686207772526679e-06,-0.05699636806472056,-0.10937728412735748,-1.9750731735106297,0.16579552055921098,-0.05839367057983545,-0.11194791591439568,-1.9164495218051338,-0.15501128495113647
243,minus,-0.0006647392933608482,5.518080015948858e-06,5.387043047624569e-06,-0.06207242929899257,-0.11854397506854042,-2.0371456028096224,0.047251545490670566,-0.0635823082585547,-0.12129475879123053,-1.9800318300636885,-0.276306043742367
244,minus,0.00020092257216091354,5.231697096646084e-06,5.108522346421253e-06,0.00019037448608322761,0.0003797961871070399,-2.036955228323539,0.047631341677777606,0.00019496472337345098,0.000388930221686401,-1.979836865340315,-0.2759171135206806
245,minus,0.00031719718933496244,4.917795648815293e-06,4.802011383603952e-06,0.009584925058503701,0.019100679667003462,-2.027370303265035,0.06673202134478107,0.009816033112265065,0.0195595278744376,-1.9700208322280501,-0.256357585646243
246,minus,0.0013494283706941734,4.623574495203395e-06,4.514737285904734e-06,0.09878769150993302,0.17993751006023295,-1.9285826117551021,0.24666953140501402,0.10116917596320692,0.18388079195430151,-1.8688516562648432,-0.07247679369194149
247,minus,0.003506169817710665,4.425650250161446e-06,4.323343273420705e-06,0.2965896438426339,0.3249835219682824,-1.6319929679124683,0.5716530533732964,0.30360809874550937,0.3291564024207836,-1.5652435575193338,0.2566796087288421
248,minus,0.0035427277860383918,4.816586664767743e-06,4.720418106631446e-06,0.27552896981253033,0.31042656684759695,-1.356463998099938,0.8820796202208934,0.2811422911652354,0.31396102599068154,-1.2841012663540983,0.5706406347195236
249,minus,-0.002303957072193507,5.198658069200929e-06,5.108259624552811e-06,-0.19101157721983367,-0.2722774378962365,-1.5474755753197718,0.6098021823246569,-0.1943918183899305,-0.2756966416949176,-1.4784930847440287,0.29494399302460605
250,minus,0.0017979718550016899,5.262449853179498e-06,5.177475315210268e-06,0.12061790891472708,0.20723007271684946,-1.4268576664050447,0.8170322550415063,0.12259753227492604,0.21014621367135522,-1.3558955524691028,0.5050902066959613
251,minus,0.002673218978520595,5.100218231714389e-06,5.020342166023313e-06,0.19255371820426756,0.27470757953005087,-1.2343039482007772,1.0917398345715572,0.1956173407494472,0.2778134025643455,-1.1602782117196555,0.7829036092603068
252,minus,0.0007437516301517077,5.161685105255215e-06,5.086601603505603e-06,0.041925133668333385,0.0820706602275223,-1.1923788145324439,1.1738104947990795,0.04254399201276704,0.08325610147845275,-1.1177342197068885,0.8661597107387595
253,minus,0.0006184296829651343,4.869827671968116e-06,4.799249180323481e-06,0.034225729901663386,0.06745799037767242,-1.1581530846307806,1.241268485176752,0.034729058714386814,0.06843547358531765,-1.0830051609925015,0.9345951843240772
254,minus,-0.0032752295957668176,4.5882228676887805e-06,4.521879085542823e-06,-0.3004277520005524,-0.31999785059413455,-1.458580836631333,0.9212706345826174,-0.30483554640466387,-0.3224835882135819,-1.3878407073971655,0.6121115961104953
255,minus,-0.0038186237416173367,5.036900942902218e-06,4.974537787685018e-06,-0.3164767577220832,-0.3059663100708443,-1.7750575943534164,0.6153043245117731,-0.3204442598311874,-0.307810170798839,-1.7082849672283529,0.30430142531165627
256,minus,0.00350835579601448,5.702881791959836e-06,5.644260426055668e-06,0.23031679966207522,0.280623272586646,-1.5447407946913412,0.8959275970984191,0.2327088730902502,0.28239298289701864,-1.4755760941381026,0.5866944082086749
257,minus,-0.0007453909734700615,6.018052283003947e-06,5.962948199054029e-06,-0.062233634572745236,-0.11838437045518369,-1.6069744292640864,0.7775432266432354,-0.06280874059572714,-0.11942457221571967,-1.5383848347338298,0.46726983599295524
258,minus,0.0001238605072851708,5.7104150682872725e-06,5.65861722937435e-06,-0.0051807447400241576,-0.010334398407489509,-1.6121551740041105,0.7672088282357459,-0.00522816823071367,-0.010428747901747748,-1.5436130029645434,0.4568410880912075
259,minus,0.003619435638109947,5.368123645942151e-06,5.3194336773640034e-06,0.25289074453796134,0.29273223623653655,-1.3592644294661491,1.0599410644722824,0.255205510197632,0.2942783065210941,-1.2884074927669114,0.7511193946123016
260,minus,0.002934321498796803,5.74824010442171e-06,5.702471533958252e-06,0.18887138944585546,0.2631583856836315,-1.1703930400202935,1.323099450155914,0.19038728890189072,0.2646272037131734,-1.0980202038650206,1.015746598325475
261,minus,-0.004301056983611056,5.852457515997559e-06,5.809435059761908e-06,-0.3050861688773108,-0.28330936095599935,-1.4754792088976043,1.0397900891999146,-0.3073455204689206,-0.2842803986777147,-1.4053657243339412,0.7314661996477603
262,minus,-0.003641532598916313,6.716023710204762e-06,6.675582601343251e-06,-0.22688839142796047,-0.26189082671733477,-1.7023676003255648,0.7778992624825798,-0.22826289589972074,-0.2628047269139193,-1.633628620233662,0.46866147273384096
263,minus,-0.0014835505235333678,7.197773080781228e-06,7.159758438451408e-06,-0.09272947556190918,-0.16375275246286236,-1.795097075887474,0.6141465100197174,-0.09322182148073047,-0.16452015105650286,-1.7268504417143926,0.3041413216773381
264,minus,0.002918063432639145,6.935646712733106e-06,6.899912948943075e-06,0.15560574615984213,0.22938630750961053,-1.639491329727632,0.843532817529328,0.15641160835242227,0.23026116385463613,-1.5704388333619703,0.5344024855319742
265,minus,-0.006176374865100947,6.9632979169398275e-06,6.929708178977198e-06,-0.36328728638981295,-0.24666739950023064,-2.002778616117445,0.5968654180290973,-0.3650482154852124,-0.24707224771205638,-1.9354870488471827,0.28733023781991784
266,minus,-0.001217748404795509,8.983775030719134e-06,8.952200677034262e-06,-0.06255373602162699,-0.11629916456059064,-2.065332352139072,0.4805662534685067,-0.06277436264257885,-0.11668042480011742,-1.9982614114897617,0.17064981301980042
267,minus,0.0011124494310730485,8.565079265090378e-06,8.535399372626599e-06,0.042347884698426694,0.08191221385889946,-2.022984467440645,0.5624784673274061,0.04249513974872331,0.0821876694678334,-1.9557662717410385,0.2528374824876338
268,minus,0.003395550897891956,8.1013022981041e-06,8.073403199188147e-06,0.15660514668251532,0.22032872405987858,-1.8663793207581296,0.7828071913872847,0.15714632397420344,0.22086401645465337,-1.798619947766835,0.4737014989422872
269,minus,-0.000582860479520506,8.228525720212023e-06,8.202300567231027e-06,-0.037677349430997986,-0.07342580126575449,-1.9040566701891275,0.7093813901215302,-0.03779781493267612,-0.07365454840618035,-1.836417762699511,0.40004695053610684
270,minus,0.004723009266271311,7.77143744371277e-06,7.746785799910635e-06,0.2310351002011723,0.24594914609473317,-1.6730215699879551,0.9553305362162634,0.23177029478936084,0.24636534904867524,-1.6046474679101501,0.6464122995847821
271,minus,-0.0005274891958148869,8.53346964320268e-06,8.510297098028674e-06,-0.03375605929091451,-0.06605368653785249,-1.7067776292788697,0.8892768496784109,-0.03384797309836506,-0.06622965445557583,-1.638495441008515,0.5801826451292063
272,minus,-0.0023047800435913503,8.05307747821311e-06,8.031295285749545e-06,-0.1233479320003536,-0.19570587829530517,-1.8301255612792233,0.6935709713831057,-0.12368247185964404,-0.19612686962835468,-1.7621779128681592,0.38405577550085157
273,minus,-0.0005873747551574437,7.945851263737629e-06,7.925376002821876e-06,-0.039243173290499436,-0.07638582126216509,-1.8693687345697227,0.6171851501209407,-0.039344558286239575,-0.07657788019614742,-1.8015224711543987,0.30747789530470415
274,minus,0.006424783902929566,7.506147903244666e-06,7.4869011579838585e-06,0.3291678042936764,0.2418687208360426,-1.5402009302760464,0.8590538709569833,0.33001400337439274,0.2420969111703597,-1.4715084677800059,0.5495748064750638
275,minus,0.0058443486250484905,9.381840931636197e-06,9.363748991091038e-06,0.23880715745063022,0.22391962806544097,-1.3013937728254161,1.0829734990224242,0.23926856290889972,0.22412234913090678,-1.2322399048711061,0.7736971556059706
276,minus,0.000847225050732008,1.0731526024998632e-05,1.0714519600886183e-05,0.023991482532360723,0.047307545814508245,-1.2774022902930553,1.1302810448369325,0.024029562571618666,0.04738157677473609,-1.2082103422994874,0.8210787323807067
277,minus,0.0027021831950754865,1.0112891911610041e-05,1.009690587294434e-05,0.0982468446792437,0.16271002341751917,-1.1791554456138116,1.2929910682544516,0.0984023950901903,0.16292333826841787,-1.1098079472092972,0.9840020706491246
278,minus,0.0009396683144706557,9.88225039891098e-06,9.86722352256522e-06,0.029765391699006945,0.05837328351203919,-1.1493900539148045,1.3513643517664908,0.029810721660309753,0.05846045235437103,-1.0799972255489874,1.0424625230034956
279,minus,0.0033181494573586425,9.322282968276569e-06,9.308157704511555e-06,0.13279909884438656,0.1968948814547673,-1.016590955070418,1.5482592332212581,0.1330006233950529,0.19711637565382123,-0.9469966021539344,1.2395788986573169
280,minus,-0.004061912465178127,9.346911436887087e-06,9.333633688947975e-06,-0.18087314029480045,-0.21951228542487833,-1.1974640953652185,1.3287469477963798,-0.18113044501082265,-0.21970175457157382,-1.128127047164757,1.019877144085743
281,minus,-0.000629455920905749,9.875118980645375e-06,9.862637897582609e-06,-0.03326737571711428,-0.06494849550356818,-1.2307314710823327,1.2637984522928116,-0.03330947529371005,-0.06502872844955565,-1.161436522458467,0.9548484156361874
282,minus,-0.0009635945065036502,9.323733828857786e-06,9.312001610778785e-06,-0.04945593457180336,-0.09423818529073547,-1.280187405654136,1.1695602670020762,-0.04951824424849259,-0.0943513086905039,-1.2109547667069596,0.8604971069456835
283,minus,0.0018085759708200001,8.845325443782968e-06,8.834297158788707e-06,0.07223631098568595,0.13145705811179376,-1.20795109466845,1.30101732511387,0.07232648710384965,0.13160638535533042,-1.13862827960311,0.9921034923010139
284,minus,2.490417781633947e-05,8.470163462984553e-06,8.459796875089947e-06,-0.008128838107922032,-0.016213388049466815,-1.216079932776372,1.284803937064403,-0.008138799140789727,-0.01623320170430187,-1.1467670787438997,0.975870290596712
285,minus,-0.0033554702815896385,7.963759967608653e-06,7.954015374987723e-06,-0.17708607862950515,-0.2315551738638031,-1.3931660114058773,1.0532487632006,-0.1773030296427643,-0.23174065664715382,-1.324070108386664,0.7441296339495582
286,minus,0.002826553735909044,8.24373942368515e-06,8.234579506621478e-06,0.12650971319170956,0.19760710993815955,-1.2666562982141678,1.2508558731387596,0.12665043907572748,0.19777880305485507,-1.1974196693109365,0.9419084370044133
287,minus,0.001150468602367562,8.163542577042383e-06,8.154932255002531e-06,0.04627892343567907,0.08912290916676113,-1.2203773747784887,1.3399787823055207,0.046327786678435554,0.08921351986793358,-1.151091882632501,1.0311219568723469
288,minus,0.0009137044972409109,7.728114649075159e-06,7.720020946357698e-06,0.0367290037486602,0.0717561201074659,-1.1836483710298284,1.4117349024129866,0.03676751059203741,0.07182960832621355,-1.1143243720404636,1.1029515651985604
289,minus,-0.0027143632969269965,7.295126311578903e-06,7.28751823102449e-06,-0.15844324564738047,-0.22817328506459678,-1.342091616677209,1.1835616173483898,-0.15860865847215477,-0.22834484033471458,-1.2729330305126183,0.8746067248638458
290,minus,0.0043639310934078315,7.366474572825797e-06,7.359322977104649e-06,0.22439275039041442,0.2512943843509543,-1.1176988662867946,1.4348560016993441,0.22461080933938857,0.2514311447505264,-1.0483222211732297,1.1260378696143722
291,minus,-0.005489325200547183,7.96557870839882e-06,7.958856208420941e-06,-0.2833490109656197,-0.24072391473847876,-1.4010478772524144,1.1941320869608654,-0.28358834356192075,-0.24081028995553755,-1.3319105647351503,0.8852275796588347
292,minus,-0.0020678127905632768,9.428665730330766e-06,9.42234658035156e-06,-0.0953789066957592,-0.161293794328067,-1.4964267839481735,1.0328382926327984,-0.09544287309851497,-0.16138527141287096,-1.4273534378336654,0.7238423082459637
293,minus,0.0037606015570531203,9.171092464523984e-06,9.165152463543531e-06,0.15413289233153124,0.21084757001371912,-1.3422938916166423,1.2436858626465175,0.1542327869634221,0.21094105646641292,-1.2731206508702433,0.9347833647123767
294,minus,-0.0036173350641215446,9.38217828452986e-06,9.376594683608236e-06,-0.16138955945337238,-0.21262695844033308,-1.5036834510700146,1.0310589042061844,-0.1614856641612446,-0.2127103830414283,-1.4346063150314878,0.7220729816709484
295,minus,0.00500106882258012,9.692843446695174e-06,9.687594861828846e-06,0.196620933038845,0.2192264744265966,-1.3070625180311695,1.250285378632781,0.19672745913415243,0.2192927024461433,-1.2378788558973355,0.9413656841170917
296,minus,0.005633600784616492,1.0495203190713634e-05,1.0490269520939286e-05,0.20550537516385461,0.21200433672193242,-1.1015571428673148,1.4622897153547134,0.20560202622280865,0.21205577680632537,-1.0322768296745268,1.153421460923417
297,minus,-0.0008513025032107026,1.1637967171215517e-05,1.163332952162763e-05,-0.03579264705851125,-0.06932245891074906,-1.137349789925826,1.3929672564439644,-0.03580691586733092,-0.06934922173068525,-1.0680837455418577,1.0840722391927318
298,minus,-0.005253008031952209,1.1005803261213742e-05,1.1001443870601128e-05,-0.1965565023511678,-0.20684608976216046,-1.3339062922769938,1.186121166681804,-0.19663438908869757,-0.2068892261622146,-1.2647181346305554,0.8771830130305172
299,minus,0.0038179992758561932,1.2128534344308055e-05,1.2124436517132197e-05,0.11842683041186866,0.17405837271600166,-1.215479461865125,1.3601795393978056,0.11846685641087709,0.17410161262615453,-1.1462512782196783,1.0512846256566717
300,minus,0.0008803225918958765,1.2186906703146119e-05,1.2183054745600812e-05,0.02220408924692675,0.043804665874595194,-1.1932753726181982,1.4039842052724008,0.022211109588778387,0.04381832770642724,-1.1240401686308998,1.095102953363099
301,minus,0.001549489633538458,1.1483592367127165e-05,1.1479971527034577e-05,0.046687623853462014,0.08858693512142679,-1.1465877487647362,1.4925711403938275,0.04670234936213407,0.08861344456867393,-1.0773378192687657,1.1837163979317729
302,minus,0.0037130115721096474,1.0904101358177264e-05,1.090069776849023e-05,0.1279043588210024,0.18558768222822586,-1.0186833899437338,1.6781588226220534,0.1279442951595612,0.1856297323439131,-0.9493935241092045,1.369346130275686
303,minus,0.002375038541551698,1.099099959126614e-05,1.0987800216960329e-05,0.07858615649757715,0.1373069672088567,-0.9400972334461566,1.8154657898309101,0.0786090388329788,0.13734189919435202,-0.8707844852762258,1.506688029470038
304,minus,-0.0040168080344899545,1.0615801619451405e-05,1.0612794207603941e-05,-0.15756762418919204,-0.20219650444252224,-1.0976648576353487,1.6132692853883879,-0.15761227508230216,-0.20223327784541834,-1.028396760358528,1.3044547516246197
305,minus,0.0016037083006258776,1.1044938671909863e-05,1.1042111704773248e-05,0.05048982176999279,0.09520097149200879,-1.047175035865356,1.7084702568803967,0.050502748017316995,0.09522395136641482,-0.977894012341211,1.3996787029910345
306,minus,-0.002093592987575402,1.0500733695371252e-05,1.0498076346262833e-05,-0.0866154777612554,-0.14834323237295433,-1.1337905136266113,1.5601270245074423,-0.08663740249822743,-0.14837539278432477,-1.0645314148394385,1.2513033102067097
307,minus,-0.0013512981534549305,1.0185887077525083e-05,1.018338916936317e-05,-0.06037418430780569,-0.11182933060314681,-1.194164697934417,1.4482976939042955,-0.060388993637513426,-0.11185473779968458,-1.124920408476952,1.1394485724070251
308,minus,-0.0001688817437661941,9.718830076337355e-06,9.716482042665158e-06,-0.01499684237964678,-0.029815718530343815,-1.2091615403140636,1.4184819753739517,-0.015000466437276838,-0.029822880936738905,-1.1399208749142289,1.1096256914702862
309,minus,0.002347961088377492,9.143794584192443e-06,9.141587432540578e-06,0.09328680614914606,0.15951914169131332,-1.1158747341649176,1.578001117065265,0.09330932938483227,0.15955207786214043,-1.0466115455293967,1.2691777693324267
310,minus,-0.0004600895529509976,8.872400405988909e-06,8.870325683436157e-06,-0.029452054151143832,-0.057877441960814124,-1.1453267883160614,1.520123675104451,-0.029458942831802573,-0.05789074360230728,-1.0760704883611993,1.2112870257301194
311,minus,0.001866842004204331,8.366073894532638e-06,8.364123655333052e-06,0.07913809149815931,0.1423000808026469,-1.066188696817902,1.6624237559070978,0.07915654390448185,0.14232991630816283,-0.9969139444567174,1.3536169420382822
312,minus,0.002515799016956699,8.031128841766139e-06,8.029295616918528e-06,0.11450417040647777,0.18707819923846447,-0.9516845264114242,1.8495019551455623,0.11453031365743765,0.18711310169368645,-0.8823836307992798,1.5407300437319686
313,minus,0.00385036311040173,7.871477872222665e-06,7.86975464086591e-06,0.18410604653265866,0.23518369830759367,-0.7675784798787655,2.084685653453156,0.18414636002740292,0.2352166052018294,-0.6982372707718769,1.775946648933798
314,minus,0.00022049736045263337,8.199393708586917e-06,8.197773871111567e-06,0.0010688296097520012,0.002134201358781951,-0.7665096502690135,2.086819854811938,0.0010690408049232587,0.0021346223836022915,-0.6971682299669537,1.7780812713174003
315,minus,0.005062815054989199,7.707459350009548e-06,7.705936702782718e-06,0.250448079945368,0.24748931280883646,-0.5160615703236455,2.3343091676207743,0.25049756699530135,0.2475134864451185,-0.44667066297165237,2.025594757762519
316,minus,-0.00045830645967324046,8.664756406208997e-06,8.663325117815777e-06,-0.030076187753362606,-0.05908454550012987,-0.5461377580770082,2.2752246221206445,-0.030081156711338704,-0.059094133992362075,-0.4767518196829911,1.9665006237701568
317,minus,-0.005231300865170775,8.170747824992282e-06,8.169402413902655e-06,-0.2637026971909131,-0.23938430940581323,-0.8098404552679213,2.0358403127148312,-0.26374612613653114,-0.2394022114617238,-0.7404979458195222,1.727098412308433
318,minus,0.004229108353748364,9.449410318446487e-06,9.448145632022238e-06,0.16926795948193496,0.2151046919541546,-0.6405724957859863,2.250945004668986,0.16929061693227015,0.21512299385433442,-0.5712073288872521,1.9422214061627674
319,minus,0.0008556140119536947,9.857236147296207e-06,9.856047342057412e-06,0.026457129376129693,0.05208550675300572,-0.6141153664098566,2.3030305114219916,0.026460320551345704,0.0520916908898581,-0.5447470083359064,1.9943130970526255
320,minus,-0.0002318918891253386,9.291716792449634e-06,9.290599315525168e-06,-0.018377205474485066,-0.03646117475745392,-0.6324925718843417,2.2665693366645376,-0.01837941589195723,-0.03646552538205938,-0.5631264242278636,1.9578475716705661
321,minus,-0.000127222792021182,8.745323507186033e-06,8.744273078877034e-06,-0.014775946550825349,-0.029389247151402564,-0.6472685184351671,2.237180089513135,-0.014777721549434065,-0.029392758205391445,-0.5779041457772977,1.9284548134651747
322,minus,-0.001531358011313808,8.226966405112678e-06,8.22597900250222e-06,-0.08343500076499558,-0.14864638921594775,-0.7307035192001626,2.0885337002971873,-0.08344501585712429,-0.1486622864039191,-0.6613491616344219,1.7797925270612556
323,minus,0.0007112031454833633,7.912874823299583e-06,7.91194666484575e-06,0.02571609903999933,0.0507866366251335,-0.7049874201601634,2.139320336922321,0.02571911582154939,0.05079251980773236,-0.6356300458128725,1.830585046868988
324,minus,0.00518100602475141,7.453879576458023e-06,7.453007107511422e-06,0.26526046653459345,0.251343404993138,-0.4397269536255699,2.390663741915459,0.2652915186342995,0.2513573519097223,-0.370338527178573,2.0819423987787102
325,minus,-0.0017107560912284466,8.496220977211047e-06,8.495400856401242e-06,-0.0891698396955655,-0.15585195654261685,-0.5288967933211354,2.234811785372842,-0.08917844788750104,-0.15586510766729056,-0.45951697506607403,1.9260772911114197
326,minus,0.0007859827727455191,8.205143246618774e-06,8.204372333057557e-06,0.02841665537112135,0.0559605968594683,-0.500480137950014,2.2907723822323103,0.02841932550651998,0.055965774525239986,-0.43109764955955404,1.9820430656366597
327,minus,0.004461739187301627,7.733548967356735e-06,7.73282430860919e-06,0.2187606534710825,0.24522979076387985,-0.28171948447893147,2.53600217299619,0.21878115397837836,0.24524267820211687,-0.21231649558117568,2.2272857438387765
328,minus,0.004047683853071644,8.360093194367052e-06,8.359412015144359e-06,0.1827119049899224,0.22959939413992192,-0.09900757948900907,2.765601567136112,0.18272679354347046,0.22961115473065785,-0.029589702037705223,2.4568968985694344
329,minus,-0.002249060649087614,8.747500908030394e-06,8.746860599561062e-06,-0.11102823452693711,-0.18062340158022128,-0.21003581401594618,2.5849781655558908,-0.11103636227952826,-0.18063415996113807,-0.14062606431723348,2.2762627386082963
330,minus,-0.0035544509955937865,8.582058400752033e-06,8.581456510790861e-06,-0.17352848874522325,-0.22422007802756472,-0.38356430276116943,2.360758087528326,-0.17354065976248845,-0.22423024275428238,-0.3141667240797219,2.052032495854014
331,minus,-0.0025895336161287767,8.912174051054431e-06,8.91160827449093e-06,-0.12413670292546966,-0.19220027313604593,-0.5077010056866391,2.16855781439228,-0.12414458406600258,-0.19220972263965663,-0.4383113081457245,1.8598227732143573
332,minus,0.0022760456321866424,8.843802287157088e-06,8.843270457187399e-06,0.09322432666768574,0.16019254233709912,-0.41447667901895335,2.3287503567293792,0.09322993313319712,0.1602008214681767,-0.3450813750125274,2.020023594682534
333,minus,-0.0005113305071840606,8.572167666377791e-06,8.571667746206283e-06,-0.032855648672125565,-0.06435471940428972,-0.4473323276910789,2.2643956373250895,-0.03285756489216646,-0.06435839537655053,-0.37793893990469385,1.9556651993059835
334,minus,0.0020986825226979628,8.08806173146857e-06,8.087591806507353e-06,0.09323313200781021,0.16212148964957152,-0.3540991956832687,2.426517126974661,0.09323854926637012,0.1621296816996356,-0.28470039063832375,2.117794881005619
335,minus,-0.0015115448420472788,7.819439551885803e-06,7.81899782242226e-06,-0.08677790461133036,-0.15412452658788034,-0.44087710029459903,2.2723926003867807,-0.08678280707557474,-0.15413226055666307,-0.3714831977138985,1.963662620448956
336,minus,0.0015878245634713224,7.52571046618321e-06,7.5252952404874804e-06,0.07326270618346437,0.13478978230872585,-0.36761439411113467,2.4071823826955066,0.07326674862394994,0.13479662509248147,-0.29821644908994854,2.0984592455414375
337,minus,-0.0034907025346365968,7.189995758058158e-06,7.189605445904172e-06,-0.20360715994146508,-0.2495440001473037,-0.5712215540525998,2.157638382548203,-0.20361821344777523,-0.24955230667515993,-0.5018346625377238,1.8489069388662775
338,minus,0.0034935389891769765,7.575170284737651e-06,7.574803391312904e-06,0.17261523487555738,0.233458030783944,-0.39860631917704237,2.391096413332147,0.17262359567271807,0.2334656812772904,-0.32921106686500573,2.082372620143568
339,minus,0.0014887378473910366,7.772131503978548e-06,7.771786624159288e-06,0.06588074185505079,0.1228035818138471,-0.3327255773219916,2.513899995145994,0.0658836653705103,0.12280866153464576,-0.2633274014944954,2.2051812816782137
340,minus,-0.0005412659348787898,7.405699953144993e-06,7.405375766114888e-06,-0.03963477713602357,-0.07723506372286426,-0.3723603544580152,2.4366649314231297,-0.03963651223780563,-0.07723835826175929,-0.302963913732301,2.1279429234164544
341,minus,-0.0009289749991068689,6.994185424789171e-06,6.993880688980873e-06,-0.0639639991325735,-0.12042460211137396,-0.4363243535905887,2.3162403293117557,-0.0639667861576665,-0.12042954211555568,-0.3669306998899675,2.0075133813008987
342,minus,-0.0016582101165361603,6.650794480532929e-06,6.650508028873129e-06,-0.11077700377807043,-0.1886609977775624,-0.5471013573686592,2.1275793315341933,-0.11078177518146728,-0.18866791961700802,-0.4777124750714348,1.8188454616838907
343,minus,0.0009881273041244237,6.458569708320271e-06,6.458300443760059e-06,0.04852139497490536,0.09383960781412792,-0.4985799623937538,2.2214189393483212,0.048523417967206904,0.09384339141103304,-0.4291890571042279,1.9126888530949238
344,minus,-0.000868805333523333,6.108474475329519e-06,6.108221366642921e-06,-0.06932978450391072,-0.13030291000354666,-0.5679097468976645,2.0911160293447746,-0.06933265734849914,-0.13030798479104977,-0.498521714452727,1.782380868303874
345,minus,-0.005466746754308163,5.810303266471114e-06,5.8100653443057104e-06,-0.3869125318944796,-0.2723277347526203,-0.9548222787921441,1.8187882945921543,-0.38692837596196505,-0.2723316619391536,-0.885450090414692,1.5100492063647204
346,minus,0.00793092920787934,7.387326967968001e-06,7.387103321132521e-06,0.41536795997159714,0.22464502655620144,-0.539454318820547,2.0434333211483557,0.4153805353649237,0.2246468665338437,-0.47006955504976833,1.734696072898564
347,minus,-0.0043387273809788,1.0531596044040375e-05,1.0531385816015024e-05,-0.17095722290599863,-0.2069521329607249,-0.7104115417265455,1.8364811881876308,-0.17096063556222632,-0.2069546344362223,-0.6410301906119946,1.5277414384623418
348,minus,0.002863384279034387,1.1134838687399196e-05,1.1134641073055366e-05,0.09497473961660212,0.1565287957921857,-0.6154368021099434,1.9930099839798165,0.09497642520042351,0.15653108555128625,-0.5460537654115711,1.684272524013628
349,minus,-0.0033938693439063213,1.089287277768652e-05,1.0892687020203319e-05,-0.13086618893337965,-0.1875355803946963,-0.7463029910433231,1.8054744035851202,-0.13086842064846035,-0.1875378726369874,-0.6769221860600315,1.4967346513766406
350,minus,-0.004681407852428688,1.1013569827319391e-05,1.1013395215285182e-05,-0.1758228037671299,-0.20429870486158297,-0.922125794810453,1.6011756987235373,-0.1758255913523228,-0.2043005874003465,-0.8527477774123543,1.2924340639762941
351,minus,0.00925741778876178,1.1781514554185064e-05,1.1781350418872907e-05,0.30512573517503266,0.18370279859043315,-0.6170000596354204,1.7848784973139704,0.3051299861230148,0.18370356924744424,-0.5476177912893395,1.4761376332237384
352,minus,-0.00983491882028487,1.59985580745522e-05,1.5998403787358772e-05,-0.24886497538306215,-0.1606869425110009,-0.8658650350184826,1.6241915548029695,-0.24886737541490936,-0.1606874429159726,-0.7964851667042488,1.3154501903077658
353,minus,0.0008655467424962435,2.107870907192447e-05,2.1078564041962653e-05,0.012559390182570341,0.024927958322726873,-0.8533056448359122,1.6491195131256964,0.01255947659680022,0.024928128536247485,-0.7839256901074486,1.3403783188440133
354,minus,0.00024134683215259895,1.9840690597575518e-05,1.9840554269411408e-05,0.0008587077438107224,0.0017162272805029133,-0.8524469370921015,1.6508357404061993,0.0008587136441524484,0.0017162390648639558,-0.7830669764632961,1.3420945579088772
355,minus,-0.002525861129799754,1.8650359762111387e-05,1.8650231613637123e-05,-0.057964621419134686,-0.10229898167147145,-0.9104115585112362,1.5485367587347278,-0.0579650197025421,-0.10229960199829957,-0.8410319961658382,1.2397949559105776
356,minus,-0.0007124931854374604,1.7976638249849705e-05,1.7976517790283894e-05,-0.020107796786334634,-0.03957834500821633,-0.9305193552975709,1.5089584137265115,-0.020107931527472964,-0.03957860602158636,-0.8611399276933112,1.2002163498889913
357,minus,-0.000908454013996959,1.6947824926612695e-05,1.694771169462083e-05,-0.025916766563659134,-0.050576869993230744,-0.9564361218612301,1.4583815437332808,-0.025916939720198116,-0.0505771997254465,-0.8870568674135093,1.1496391501635448
358,minus,0.0038271426587626754,1.6004464666158366e-05,1.6004358228086014e-05,0.08997315664877718,0.1411526393877196,-0.8664629652124529,1.5995341831210004,0.08997375502137173,0.14115337588862698,-0.7970831123921376,1.2907925260521718
359,minus,0.002858886345931204,1.5834257653697356e-05,1.5834157601909345e-05,0.06667464519080388,0.11598718186343149,-0.799788320021649,1.7155213649844319,0.06667506648997457,0.11598781941147163,-0.730408045902163,1.4067803454636434
360,minus,-0.008514578029163252,1.530888939622394e-05,1.530879534754321e-05,-0.22585152413859352,-0.17025272063132224,-1.0256398441602426,1.5452686443531096,-0.22585291164410284,-0.17025311496301843,-0.9562609575462658,1.236527230500625
361,minus,-0.001900457909735192,1.8945328477579974e-05,1.894524007182009e-05,-0.04396256116377662,-0.08155301724205621,-1.0696024053240192,1.4637156271110534,-0.04396276630995643,-0.0815533702415907,-1.0002237238562222,1.1549738602590343
362,minus,0.0038453796145048232,1.8072924238710002e-05,1.807284113729571e-05,0.08007608921347689,0.1285490663661486,-0.9895263161105423,1.592264693477202,0.08007645741437094,0.1285495408845323,-0.9201472664418512,1.2835234011435666
363,minus,-0.014117966330416476,1.778657084561163e-05,1.7786492730282196e-05,-0.319404051434658,-0.13195697509890447,-1.3089303675452002,1.4603077183782975,-0.31940545420433714,-0.13195709483049178,-1.2395527206461883,1.1515663063130748
364,minus,-0.012418145574213533,2.9016899104700927e-05,2.901682567629126e-05,-0.17253982670720835,-0.12199559747710431,-1.4814701942524087,1.3383121209011932,-0.1725402633271619,-0.1219957066317745,-1.4120929839733503,1.0295705996813003
365,minus,0.002388400978092557,3.682653771721328e-05,3.6826468694508195e-05,0.023598280533462267,0.04521836011548519,-1.4578719137189464,1.3835304810166784,0.023598324762985637,0.04521844131610564,-1.3884946592103646,1.074789040997406
366,minus,0.0021545124510665035,3.490470837408859e-05,3.490464349274581e-05,0.02223854880143158,0.04289434033280237,-1.4356333649175148,1.4264248213494808,0.022238590138822924,0.04289441722947451,-1.3662560690715417,1.1176834582268804
367,minus,0.0058102870453329205,3.304000544618321e-05,3.3039944457720994e-05,0.06740114702094087,0.10227816504430676,-1.368232217896574,1.5287029863937875,0.0674012714367768,0.10227830830228513,-1.2988547976347649,1.2199617665291655
368,minus,-0.004349010919072138,3.2947193140549494e-05,3.294713581139501e-05,-0.05477046781629137,-0.09056557860485848,-1.4230026857128655,1.438137407788929,-0.054770563118797445,-0.0905657089037164,-1.3536253607535622,1.1293960576254491
369,minus,-0.00200985524123584,3.221110524552806e-05,3.2211051356122846e-05,-0.02720480389506321,-0.05177701953917868,-1.4502074896079287,1.3863603882497504,-0.027204849408967263,-0.051777101973436324,-1.3808302101625294,1.0776189556520128
370,minus,0.005572647526457952,3.057102576839315e-05,3.0570975112352253e-05,0.06975993819863309,0.10608154285097626,-1.3804475514092955,1.4924419311007266,0.06976005379070267,0.10608167651379219,-1.3110701563718268,1.183700632165805
371,minus,0.012395710975096801,3.046970822150804e-05,3.0469660604829596e-05,0.15885277580132146,0.12090919023173186,-1.2215947756079741,1.6133511213324585,0.15885302404962467,0.12090926215073594,-1.1522171323222021,1.304609894316541
372,minus,0.0013769858881258405,3.756797084324162e-05,3.756792608356389e-05,0.01244910925977859,0.024586746983397134,-1.2091456663481956,1.6379378683158556,0.01244912409206178,0.024586775910572456,-1.1397680082301402,1.3291966702271134
373,minus,-0.006989374338793357,3.5397234678457765e-05,3.539719260436069e-05,-0.08057964045060281,-0.10839863320680987,-1.2897253067987984,1.5295392351090458,-0.08057973622982612,-0.10839871988011485,-1.2203477444599664,1.2207979503469986
374,minus,0.003702466143739886,3.637325754728394e-05,3.6373217997632694e-05,0.03822856385991172,0.06870486400108433,-1.2514967429388866,1.59824409911013,0.038228605426934154,0.06870493113420828,-1.1821191390330323,1.2895028814812068
375,minus,-0.006481975415471067,3.4927565527309463e-05,3.492752835063729e-05,-0.0758984379305464,-0.10643955695453222,-1.3273951808694329,1.4918045421555979,-0.07589851871643304,-0.10643963640406762,-1.2580176577494653,1.1830632450771392
376,minus,-0.0013508699171631503,3.550956671679807e-05,3.550953177072622e-05,-0.017313494518921897,-0.03385209983884785,-1.3447086753883548,1.45795244231675,-0.017313511557688482,-0.03385213240860363,-1.2753311693071538,1.1492111126685356
377,minus,-0.0014882421025044102,3.3523009311165714e-05,3.352297646185818e-05,-0.01996561390025513,-0.03881852661155705,-1.36467428928861,1.419133915705193,-0.0199656334646453,-0.03881856359055469,-1.295296802771799,1.110392549077981
378,minus,0.0012531622351429571,3.168231701754318e-05,3.168228613919409e-05,0.013210883636844728,0.026105563373282514,-1.3514634056517651,1.4452394790784755,0.013210896512502592,0.02610558851208289,-1.2820859062592964,1.1364981375900638
379,minus,-0.000317783236051341,2.9848127791604548e-05,2.9848098765956408e-05,-0.006862730485593964,-0.013678766907836426,-1.358326136137359,1.431560712170639,-0.00686273715922507,-0.013678780164461557,-1.2889486434185216,1.1228193574256022
380,minus,-0.0018817613237246474,2.8073227618673706e-05,2.8073200334564456e-05,-0.02940402482440074,-0.05591096669566564,-1.3877301609617598,1.3756497454749734,-0.02940405340192721,-0.05591101835961876,-1.3183526968204489,1.0669083390659835
381,minus,0.00014875689224069967,2.6648461399295787e-05,2.664843575223309e-05,-0.0007394304944528282,-0.0014780875748190425,-1.3884695914562126,1.3741716579001544,-0.0007394312060976101,-0.0014780889966203858,-1.3190921280265464,1.065430250069363
382,minus,0.005334828034808368,2.5049701657283236e-05,2.5049677549044302e-05,0.08136863592276113,0.12041994283023838,-1.3071009555334514,1.4945916007303928,0.08136871423333071,0.12042002859943635,-1.2377234137932156,1.1858502786687994
383,minus,0.0019351717468976486,2.512968530832388e-05,2.512966264657928e-05,0.02742533741068591,0.05271540415745779,-1.2796756181227655,1.5473070048878506,0.027425362142653092,0.05271544984638421,-1.2102980516505626,1.2385657285151837
384,minus,0.0009062556804051544,2.3802884109374103e-05,2.380286280733418e-05,0.011800673856518416,0.023424197034020544,-1.2678749442662471,1.570731201921871,0.011800684417366815,0.023424217839935757,-1.1984973672331958,1.2619899463551194
385,minus,-0.0007990257436474481,2.2404773564041014e-05,2.240475354012349e-05,-0.017666275646484753,-0.03479750563549189,-1.2855412199127318,1.5359336962863792,-0.017666291435457657,-0.03479753626464355,-1.2161636586686535,1.2271924100904759
386,minus,0.0031242555305297454,2.1120180156940514e-05,2.112016133445804e-05,0.05497342987967108,0.09681562106353603,-1.2305677900330607,1.6327493173499152,0.05497347887249856,0.096815697048096,-1.161190179796155,1.3240081071385719
387,minus,-0.0006551246126470109,2.0366602724219124e-05,2.0366585031085596e-05,-0.016630426132080288,-0.032848351247240615,-1.247198216165141,1.5999009661026746,-0.016630440579487635,-0.03284837943007446,-1.1778206203756427,1.2911597277084974
388,minus,-0.0041304508445660654,1.918831811724824e-05,1.9188301485702722e-05,-0.08952337472982694,-0.1350288356830971,-1.336721590894968,1.4648721304195775,-0.08952345232460951,-0.1350289239617921,-1.2673440727002523,1.1561308037467053
389,minus,-0.0023063341992042197,1.9161362604637182e-05,1.9161346970984396e-05,-0.05187246868098374,-0.09348630533582103,-1.3885940595759516,1.3713858250837565,-0.05187251100348673,-0.09348637407409299,-1.319216583703739,1.0626444296726123
390,minus,0.004592013475271218,1.8388106269626248e-05,1.838809157399263e-05,0.09481630931452582,0.140427155418684,-1.2937777502614258,1.5118129805024405,0.09481638509105418,0.14042723854145622,-1.224400198612685,1.2030716682140685
391,minus,0.0021837444806547812,1.844304356063338e-05,1.844302974673778e-05,0.04271692303540982,0.07970418558336334,-1.251060827226016,1.5915171660858038,0.042716955030538774,0.079704241281636,-1.181683243582146,1.2827759094957045
392,minus,0.004466330438142812,1.757295348413021e-05,1.7572940499068345e-05,0.09637640890679113,0.14320358802433608,-1.1546844183192249,1.73472075411014,0.09637648012160188,0.1432036666544727,-1.0853067634605442,1.4259795761501772
393,minus,0.0020791880841089542,1.7611483585068577e-05,1.7611471379110425e-05,0.042377999284575855,0.07938677336051736,-1.112306419034649,1.8141075274706573,0.0423780286554373,0.07938682489850102,-1.0429287348051068,1.5053664010486782
394,minus,0.005458315604702014,1.6767033533050916e-05,1.6767022059450255e-05,0.12448612653734695,0.16058252336459233,-0.9878202924973021,1.9746900508352496,0.1244862117226648,0.16058259425590027,-0.918442523082442,1.6659489953045785
395,minus,0.0021806278561818724,1.7421006236083306e-05,1.7420995450898685e-05,0.04515200246848173,0.08393627173908058,-0.9426682900288204,2.05862632257433,0.045152030421688194,0.08393632004221008,-0.8732904926607539,1.7498853153467886
396,minus,0.003759149109385042,1.66114964778197e-05,1.6611486339746155e-05,0.0850610082698701,0.13555587743339625,-0.8576072817589503,2.1941822000077265,0.08506106018303067,0.13555594336550492,-0.7882294324777233,1.8854412587122935
397,minus,-0.0014919444623337488,1.637553731645597e-05,1.6375527786666837e-05,-0.04096211550968705,-0.07736694858745707,-0.8985693972686374,2.1168152514202694,-0.04096213934771708,-0.07736699110915524,-0.8291915718254403,1.8080742676031383
398,minus,0.0061030220240961735,1.556444351732182e-05,1.5564434559320035e-05,0.15054177402202823,0.1723401696133644,-0.7480276232466092,2.289155421033634,0.1505418606652966,0.17234022640483726,-0.6786497111601437,1.9804144940079755
399,minus,-0.0017560554969963393,1.6722441583619405e-05,1.672243316309773e-05,-0.046379747439843744,-0.08613927423039947,-0.794407370686453,2.2030161468032343,-0.04637977079420042,-0.0861393145126188,-0.7250294819543441,1.8942751794953567
400,minus,-0.00110978337778412,1.594829184421417e-05,1.5948283928923796e-05,-0.03255053469883431,-0.06280527021447302,-0.8269579053852872,2.1402108765887613,-0.03255055085398524,-0.06280530028719955,-0.7575800328083294,1.8314698792081572
401,minus,0.0006833028509762763,1.5094076951987925e-05,1.5094069511614973e-05,0.012747830014370456,0.025342195546781632,-0.8142100753709168,2.165553072135543,0.012747836298203294,0.02534220796368114,-0.7448321965101261,1.8568120871718383
402,minus,0.008639720853319674,1.4202539442471836e-05,1.4202532448521261e-05,0.2358539803296914,0.17650288649574097,-0.5783560950412254,2.342055958631284,0.23585409647454708,0.17650291902785753,-0.5089781000355791,2.033315006199696
403,minus,0.00031744068507776025,1.762572807788947e-05,1.7625721503575928e-05,0.0026797944364603515,0.005354169491424088,-0.575676300604765,2.347410128122708,0.0026797954360114253,0.005354171486485981,-0.5062983045995677,2.038669177686182
404,minus,-0.0027872027392180625,1.6569034452912674e-05,1.6569028273057943e-05,-0.07150495306004913,-0.12119894481932114,-0.6471812536648142,2.226211183303387,-0.07150497972970139,-0.12119898313458588,-0.5778032843292691,1.917470194551596
405,minus,-0.0038622227701265647,1.610972635822306e-05,1.6109720549159612e-05,-0.10002424903659948,-0.14909915511094463,-0.7472055027014136,2.0771120281924422,-0.10002428510471173,-0.14909919519046655,-0.6778275694339808,1.7683709993611294
406,minus,0.0020045406059513186,1.6132468401231224e-05,1.613246294071158e-05,0.04442701549452513,0.08318518371870454,-0.7027784872068885,2.1602972119111468,0.044427030532191214,0.08318521008055857,-0.6334005389017896,1.851556209441688
407,minus,-0.003205996137412652,1.536024617826074e-05,1.5360241045372277e-05,-0.08795144762355966,-0.1404817468162971,-0.7907299348304482,2.0198154650948497,-0.08795147701404707,-0.14048178431445457,-0.7213520159158366,1.7110744251272334
408,minus,0.0011283542381214933,1.513403137885184e-05,1.5134026553936683e-05,0.02438374886912383,0.04781629377456742,-0.7663461859613243,2.067631758869417,0.02438375664296505,0.04781630872196985,-0.6969682592728716,1.7588907338492032
409,minus,-0.0008678251572262205,1.4277876972157286e-05,1.427787243673704e-05,-0.029633975765393165,-0.057685702330600996,-0.7959801617267175,2.009946056538816,-0.029633985178737787,-0.057685720166042564,-0.7266022444516095,1.7012050136831607
410,minus,-0.0002583485892693418,1.3489416143715698e-05,1.3489411880420665e-05,-0.01343679202330382,-0.0267100762501995,-0.8094169537500213,1.9832359802886166,-0.013436796269968477,-0.026710084640546583,-0.740039040721578,1.674494929042614
411,minus,0.0033950025451256545,1.2692569027528254e-05,1.2692565020030922e-05,0.09993942374146206,0.15749736306985795,-0.7094775300085593,2.1407333433584745,0.09993945529591723,0.15749740226238806,-0.6400995854256608,1.8319923313050022
412,minus,0.008819642354495942,1.254410608476306e-05,1.2544102317715568e-05,0.2727275149206244,0.18333591717636644,-0.4367500150879349,2.324069260534841,0.27272759682186176,0.18333593568748796,-0.36737198860379905,2.01532826699249
413,minus,0.0007332903399674103,1.6250995766653034e-05,1.625099222562839e-05,0.013060924721826779,0.025948785266786345,-0.4236890903661081,2.3500180458016273,0.01306092756774878,0.02594879088349522,-0.35431106103605026,2.0412770578759853
414,minus,-0.004761913981697085,1.5293101666139958e-05,1.5293098337576794e-05,-0.12871055500639958,-0.16750966210372464,-0.5523996453725076,2.1825083836979027,-0.12871058302042282,-0.16750968583437675,-0.4830216440564731,1.8737673720416086
415,minus,0.002099052883915134,1.5851806012576097e-05,1.5851802883726725e-05,0.047579581483392766,0.08837935680669684,-0.5048200638891148,2.2708877405045995,0.04757959087471215,0.08837937300943643,-0.43544205318176094,1.962146745051045
416,minus,-0.0022526041097626834,1.5117443638706335e-05,1.5117440697587924e-05,-0.06433797543915602,-0.11355143782771471,-0.5691580393282708,2.157336302676885,-0.06433798795619564,-0.11355145732499139,-0.4997800411379566,1.8485952877260536
417,minus,0.006101034258643304,1.457084602402145e-05,1.4570843259370142e-05,0.16075320122710293,0.17887154640686065,-0.4084048381011679,2.3362078490837455,0.16075323172818926,0.17887156529447878,-0.33902680940976737,2.0274668530205324
418,minus,0.0030290090376176022,1.5787051739578116e-05,1.5787049140805886e-05,0.07115023970824831,0.12164046203873369,-0.3372545983929196,2.457848311122479,0.07115025142058705,0.12164047915765952,-0.2678765579891803,2.149107332178192
419,minus,-0.000950304567439362,1.532056517333464e-05,1.5320562730488742e-05,-0.02975348361529874,-0.05779987735876446,-0.36700808200821833,2.4000484337637147,-0.02975348835945708,-0.05779988631077959,-0.2976300463486374,2.0913074458674124
420,minus,0.00431044819227807,1.448050434434656e-05,1.4480502048071414e-05,0.11268669086448706,0.1621624512523412,-0.25432139114373126,2.562210885016056,0.11268670873400889,0.1621624697596813,-0.1849433376146285,2.2534699156270936
421,minus,-0.0014126087567783905,1.4626204237854283e-05,1.4626202079355647e-05,-0.043708826832587616,-0.08247105925902876,-0.2980302179763189,2.479739825757027,-0.04370883328302791,-0.08247107074192783,-0.2286521708976564,2.170998844885166
422,minus,0.0016324142655423585,1.3904355391328187e-05,1.3904353362339468e-05,0.04092589874963711,0.07794054928253935,-0.2571043192266818,2.5576803750395665,0.04092590472173698,0.07794056011312733,-0.18772626617591942,2.248939404998293
423,minus,-0.0013577890239527338,1.3193475697520314e-05,1.3193473790270918e-05,-0.04680649589054793,-0.08813918526936249,-0.3039108151172297,2.469541189770204,-0.046806502656897904,-0.08813919726660657,-0.23453276883281732,2.1608002077316866
424,minus,-0.004771677220824361,1.2547172983710683e-05,1.254717119089625e-05,-0.15718743234190097,-0.18975607363040936,-0.4610982474591307,2.2797851161397946,-0.15718745480177604,-0.1897560900015085,-0.39172022363459336,1.971044117730178
425,minus,0.006969885123568121,1.3276450233006152e-05,1.3276448547760586e-05,0.202395383181887,0.1881421410008155,-0.2587028642772437,2.46792725714061,0.2023954088729384,0.18814215210445084,-0.18932481476165497,2.159186269834629
426,minus,-0.0013383163911814965,1.52310335473042e-05,1.5231031963173369e-05,-0.040037541043909025,-0.0760817262216742,-0.29874040532115276,2.391845530918936,-0.040037545208085376,-0.07608173374047045,-0.22936235996974036,2.0831045360941585
427,minus,0.0015784839022566113,1.4458863712154248e-05,1.4458862223071266e-05,0.03787623384625354,0.07250669697693723,-0.2608641714748992,2.464352227895873,0.03787623774703456,0.07250670412462146,-0.1914861222227058,2.15561124021878
428,minus,0.0014008952468911287,1.3705607681085744e-05,1.370560628134774e-05,0.03481608591015545,0.06720724411134515,-0.22604808556474376,2.5315594720072183,0.03481608946588276,0.06720725073639056,-0.15667003275682306,2.2228184909551705
429,minus,-0.00148156099082159,1.297002907698431e-05,1.2970027761230587e-05,-0.05139974798280314,-0.09576509090646201,-0.2774478335475469,2.4357943811007563,-0.051399753197087256,-0.09576509995741045,-0.20806978595391032,2.12705339099776
430,minus,0.00013347538119538708,1.2361166028156419e-05,1.236116479134792e-05,-0.0020846558176501957,-0.004164417839944257,-0.2795324893651971,2.431629963260812,-0.002084656026232484,-0.004164418256130453,-0.2101544419801428,2.1228889727416296
431,minus,-0.0002605147352325786,1.1619749077777076e-05,1.1619747915177087e-05,-0.0156728049591573,-0.031122704486005404,-0.2952052943243544,2.4005072587748066,-0.015672806527281067,-0.03112270757783442,-0.22582724850742386,2.091766265163795
432,minus,0.002756063289394761,1.0935200996471585e-05,1.0935199903627595e-05,0.09281408828558839,0.15464652629320685,-0.20239120603876598,2.5551537850680135,0.09281409756125956,0.15464653917167137,-0.13301315094616428,2.2464128043354665
433,minus,-0.00047386220236503046,1.0671583529416342e-05,1.0671582502142992e-05,-0.024998703663941357,-0.04924281461314273,-0.22738990970270734,2.5059109704548708,-0.024998706070379396,-0.049242819281942296,-0.1580118570165437,2.1971699850535242
434,minus,-0.00032006485034465917,1.0058405730184304e-05,1.0058404764547354e-05,-0.020455036767236024,-0.040497088505933476,-0.24784494646994337,2.4654138819489373,-0.02045503873098075,-0.04049709235458643,-0.17846689574752445,2.156672892698938
435,minus,0.004065062925269262,9.471030524487172e-06,9.471029616788439e-06,0.16200824257616345,0.21219855948053024,-0.08583670389377993,2.6776124414294675,0.16200825810295225,0.2121985728047977,-0.0164586376445722,2.3688714655037355
436,minus,-0.0011160927796004974,9.799827731628936e-06,9.799826878392128e-06,-0.05322840076649375,-0.10042961412486129,-0.13906510466027366,2.5771828273046062,-0.05322840540090529,-0.10042962237463282,-0.06968704304547749,2.2684418431291027
437,minus,0.00044274338519122115,9.315513546834802e-06,9.315512744792202e-06,0.010408081234603824,0.02074271647894932,-0.12865702342566984,2.5979255437835556,0.01040808213071387,0.020742718258551562,-0.05927896091476362,2.2891845613876542
438,minus,0.0027337310740233652,8.760164583094814e-06,8.760163829174769e-06,0.11484701125615075,0.18439073454855937,-0.01381001216951909,2.782316278332115,0.11484702114015127,0.18439074729175253,0.055568060225387655,2.473575308679407
439,minus,0.0009571505534283713,8.620225064051672e-06,8.620224355366828e-06,0.03492791060162046,0.06823596038235014,0.02111789843210137,2.850552238714465,0.034927913473109626,0.06823596586230884,0.09049597369849728,2.5418112745417156
440,minus,-0.0007704180635096579,8.137552548166598e-06,8.137551882002846e-06,-0.04724475194241409,-0.0908568890164938,-0.02612685351031272,2.7596953496979713,-0.0472447558100074,-0.0908568961689058,0.04325121788848988,2.45095437837281
441,minus,0.0042445977833602926,7.705617377991425e-06,7.705616751797497e-06,0.20837123402328345,0.24385545569748057,0.18224438051297073,3.003550805395452,0.20837125095649017,0.24385546729961138,0.2516224688449801,2.694809845672421
442,minus,0.0020829779996331763,8.225577159811082e-06,8.22557657118879e-06,0.09091682674305683,0.1587716663628349,0.27316120725602755,3.1623224717582867,0.09091683324906531,0.15877167628584576,0.3425393020940454,2.853581521958267
443,minus,0.0050266560199509844,7.94513771269627e-06,7.945137159391317e-06,0.24114995124342492,0.24375804755453245,0.5143111584994524,3.406080519312819,0.24114996803727756,0.2437580561387911,0.583689270131323,3.097339578097058
444,minus,-0.001057268303001535,8.867145464253239e-06,8.867144944146581e-06,-0.0561946472718973,-0.10596344049693673,0.45811651122755515,3.3001170788158825,-0.0561946505680214,-0.10596344635752075,0.5274946195633016,2.9913761317395373
445,minus,0.005132662517775006,8.429720823036805e-06,8.429720334136545e-06,0.23227763809842378,0.2366224597193094,0.6903941493259789,3.536739538535192,0.2322776515698787,0.23662246671300657,0.7597722711331802,3.227998598452544
446,minus,0.0016841166649288024,9.384746850447216e-06,9.384746390880971e-06,0.06282162699462951,0.11637257815175417,0.7532157763206084,3.653112116686946,0.06282163007097255,0.11637258343063905,0.8225939012041528,3.344371181883183
447,minus,-0.003934618547648161,8.954101015987685e-06,8.954100583995413e-06,-0.1831665469689761,-0.22383595937308787,0.5700492293516324,3.429276157313858,-0.1831665558058807,-0.22383596597453304,0.6394273453982721,3.12053521590865
448,minus,-0.01006320709225717,9.441771791883348e-06,9.441771385810613e-06,-0.43128254264782023,-0.18284438752396426,0.13876668670381215,3.246431769789894,-0.4312825611964669,-0.1828443891914251,0.20814478420180516,2.937690826717225
449,minus,0.004976670829230526,1.5193315928066402e-05,1.5193315546358032e-05,0.12480054965442144,0.16624600529237377,0.2635672363582336,3.4126777750822677,0.12480055278984073,0.16624600807494438,0.33294533699164586,3.103936834792169
450,minus,-0.002464556194788622,1.565162201826602e-05,1.565162165946015e-05,-0.06751592177124228,-0.11724386472608916,0.19605131458699132,3.2954339103561785,-0.0675159233190122,-0.11724386706008083,0.2654294136726337,2.9866929677320884
451,minus,0.0031224034974208564,1.513800889673953e-05,1.5138008559462012e-05,0.07664903733674863,0.1289361600600376,0.27270035192374,3.424370070416216,0.07664903904450279,0.12893616247660233,0.34207845271713644,3.1156291302086907
452,minus,-0.006050434937719972,1.474271169449622e-05,1.4742711377455353e-05,-0.16819846269092525,-0.17862926312622385,0.10450188923281473,3.2457408072899923,-0.16819846630802018,-0.17862926516664324,0.17387998640911626,2.9369998650420475
453,minus,-0.0030804243237236664,1.62010347996025e-05,1.6201034501584084e-05,-0.08031127755289985,-0.13146283112695656,0.024190611679914875,3.1142779761630357,-0.08031127903022771,-0.13146283310651885,0.09356870737888855,2.8055370319355286
454,minus,0.0050003828298306584,1.5874019044690274e-05,1.587401876455296e-05,0.1200416666742644,0.16170779226104548,0.1442322783541793,3.275985768424081,0.12004166879270399,0.16170779418364623,0.21361037617159254,2.967244826119175
455,minus,0.005951972982752375,1.630511293059067e-05,1.6305112667261595e-05,0.14002717139777732,0.16698509148376628,0.2842594497519566,3.4429708599078475,0.14002717365922907,0.16698509309218856,0.35363754983082163,3.1342299192113634
456,minus,0.0014321213741053428,1.7313013511487083e-05,1.731301326395775e-05,0.028277395756310338,0.054905778606299194,0.31253684550826694,3.4978766385141467,0.028277396160600727,0.05490577936843444,0.38191494599142234,3.189135698579798
457,minus,-0.0012693815573121543,1.6365554926586616e-05,1.6365554693909044e-05,-0.03559048505222527,-0.06813935746347788,0.27694636045604165,3.4297372810506688,-0.035590485558233645,-0.06813935839089336,0.3463244604331887,3.1209963401889045
458,minus,-0.00715717499975699,1.551288682961975e-05,1.5512886610902832e-05,-0.1881586605554926,-0.17399427382733812,0.08878769990054905,3.2557430072233307,-0.1881586632083504,-0.17399427496189812,0.1581657972248383,2.9470020652270064
459,minus,0.012784303650907967,1.7828393842970484e-05,1.782839363737658e-05,0.2801374714747138,0.14142438308968597,0.3689251713752628,3.3971673903130166,0.28013747470520994,0.1414243835014295,0.43830327193004825,3.088426448728436
460,minus,-0.014959349910440036,2.6262969276478396e-05,2.626296908322013e-05,-0.2290291360021611,-0.11696732094234008,0.13989603537310172,3.2802000693706765,-0.22902913768749122,-0.11696732116215536,0.20927413424255703,2.9714591275662805
461,minus,0.0023069184579798756,3.8472657158269744e-05,3.847265697660698e-05,0.021748137418915663,0.04186990834629434,0.16164417279201737,3.322069977716971,0.021748137521607473,0.04186990853660877,0.2310222717641645,3.0133290361028893
462,minus,0.01037679654523697,3.6431045521061236e-05,3.643104535029824e-05,0.11086811128498171,0.11382579532852644,0.27251228407699907,3.4358957730454973,0.11086811180465306,0.11382579560244288,0.34189038356881757,3.127154831705332
463,minus,0.013799435441850689,4.046115265379517e-05,4.046115249327795e-05,0.13339291872323314,0.10569716740716029,0.40590520280023223,3.5415929404526576,0.13339291925242866,0.1056971675733065,0.4752833028212462,3.2328519992786386
464,minus,0.009982520899398774,4.913275267461852e-05,4.913275252373234e-05,0.07902228977788624,0.0958087785079682,0.48492749257811846,3.637401718960626,0.07902229002056288,0.09580877868634818,0.554305592841809,3.328660777964987
465,minus,0.0009760173737055793,5.192851391145759e-05,5.1928513769624576e-05,0.005942270644843107,0.011835626764825413,0.49086976322296155,3.649237345725451,0.005942270661073307,0.011835626797019216,0.5602478635028824,3.340496404762006
466,minus,-0.006459353819191452,4.884908321863237e-05,4.8849083085309336e-05,-0.05408434849216142,-0.08303719966032386,0.4367854147308001,3.5662001460651274,-0.05408434863977298,-0.08303719983431224,0.5061635148631094,3.257459204927694
467,minus,0.010188393368882777,4.857768952569028e-05,4.857768940036663e-05,0.08160696983624195,0.09686658177445828,0.5183923845670421,3.6630667278395856,0.08160697004677653,0.09686658192278674,0.5877704849098859,3.3543257868504806
468,minus,-0.0027670211409450266,5.1651010981930816e-05,5.1651010864126585e-05,-0.022782893068138736,-0.04310911616807722,0.4956094914989033,3.6199576116715084,-0.022782893120101344,-0.0431091162610997,0.5649875917897846,3.311216670589381
469,minus,0.0034548230557112708,4.907957819435144e-05,4.9079578083615464e-05,0.026329206154629508,0.049109562076894875,0.5219386976535328,3.6690671737484033,0.026329206214034874,0.04910956218023266,0.5913167980038195,3.3603262327696135
470,minus,-0.010315458203901824,4.677105600759764e-05,4.677105590350582e-05,-0.08920412214563238,-0.09978449909219922,0.43273457550790045,3.569282674656204,-0.08920412234416156,-0.09978449921641808,0.502112675659658,3.2605417335531954
471,minus,-0.005273028188677888,5.0597281528173946e-05,5.059728143032763e-05,-0.04291152875510587,-0.07167305916540112,0.38982304675279456,3.497609615490803,-0.04291152883808928,-0.07167305928115741,0.4592011468215687,3.188868674272038
472,minus,-0.000417331535716521,4.9357644559339105e-05,4.935764446736357e-05,-0.0049504580745850174,-0.009873020299417057,0.38487258867820956,3.487736595191386,-0.004950458083809952,-0.00987302031776327,0.45425068873775876,3.1789956539542747
473,minus,0.0011377176192388875,4.641893434349056e-05,4.641893425703356e-05,0.008029913939615692,0.01595427349533285,0.3929025026178253,3.5036908686867188,0.008029913954571708,0.015954273524852347,0.46228060269233046,3.194949927479127
474,minus,0.002731481134010307,4.368673590693842e-05,4.3686735825668844e-05,0.02300894919874896,0.043858331084675406,0.41591145181657424,3.547549199771394,0.023008949241552057,0.0438583311624372,0.4852895519338825,3.2388082586415643
475,minus,-0.0026748682530480196,4.145051789448737e-05,4.1450517818093964e-05,-0.02750727642671723,-0.051575466548123394,0.388404175389857,3.4959737332232708,-0.02750727647741321,-0.051575466637237,0.4577822754564693,3.1872327920043273
476,minus,0.01123801453459882,3.945883142637975e-05,3.945883135456995e-05,0.11102189854791815,0.10940040993037581,0.49942607393777516,3.6053741431536466,0.11102189874996317,0.10940041002848044,0.5688041742064325,3.2966332020328077
477,minus,0.006628965108670296,4.440367006288841e-05,4.4403669995387195e-05,0.057468369357597894,0.08769599329087274,0.5568944432953731,3.6930701364445193,0.0574683694449597,0.08769599339259715,0.6262725436513922,3.384329195425405
478,minus,0.004908059109794078,4.422057011717929e-05,4.4220570053728146e-05,0.042263301923772985,0.07240350192112288,0.5991577452191461,3.765473638365642,0.04226330198441569,0.07240350201011747,0.6685358456358079,3.4567326974355224
479,minus,-0.007166314467030462,4.289818206936278e-05,4.2898182009718706e-05,-0.06812668134076885,-0.09584225302371241,0.5310310638783773,3.66963138534193,-0.06812668143548971,-0.09584225311745431,0.6004091642003182,3.360890444318068
480,minus,0.002861336736148985,4.3578643518486005e-05,4.357864346242057e-05,0.024248480509548958,0.04598957117686986,0.5552795443879263,3.7156209565187996,0.02424848054074547,0.04598957123297964,0.6246576447410637,3.4068800155510477
481,minus,-0.001459015420195912,4.138939477322207e-05,4.138939472052056e-05,-0.015890775269368152,-0.031084278258491693,0.5393887691185582,3.684536678260308,-0.015890775289602026,-0.031084278297203838,0.6087668694514616,3.375795737253844
482,minus,-0.006066628337413213,3.907085516493001e-05,3.907085511539059e-05,-0.06363125108662991,-0.09532117945687846,0.47575751803192823,3.5892154988034295,-0.06363125116731039,-0.09532117954741359,0.5451356182841512,3.2804745577064303
483,minus,-0.001122785971601135,3.908164820586916e-05,3.908164815930211e-05,-0.013415124760134614,-0.02642808269392205,0.4623423932717936,3.5627874161095074,-0.01341512477611917,-0.026428082724939905,0.5317204935080321,3.2540464749814904
484,minus,-0.004643835100629355,3.684148326905579e-05,3.684148322528276e-05,-0.05215661080605059,-0.08603723610320113,0.410185782465743,3.4767501800063063,-0.05215661086802022,-0.08603723618752213,0.4795638826400119,3.1680092387939682
485,minus,-0.004760181384035476,3.60378360977521e-05,3.603783605660545e-05,-0.054600838383476034,-0.08894827495214663,0.355584944082267,3.3878019050541597,-0.05460083844581723,-0.08894827503487468,0.4249630441941946,3.0790609637590935
486,minus,-0.003969930212971047,3.535082524835638e-05,3.535082520967852e-05,-0.04679110935298722,-0.08038768062180601,0.3087938347292798,3.3074142244323537,-0.04679110940418205,-0.0803876806973629,0.37817193479001254,2.9986732830617306
487,minus,-0.0028738774014557887,3.4272280691067984e-05,3.42722806547108e-05,-0.03557285110473514,-0.06514317092432975,0.27322098362454467,3.242271053508024,-0.03557285114247201,-0.06514317098760802,0.34259908364754055,2.9335301120741226
488,minus,-0.00031722009094027745,3.27822818370689e-05,3.2782281802893146e-05,-0.006241670035909734,-0.0124447325392536,0.2669793135886349,3.2298263209687703,-0.006241670042416718,-0.012444732552186366,0.33635741360512383,2.9210853795219363
489,minus,0.00620429700364826,3.083129755725212e-05,3.0831297525126914e-05,0.07730091211006876,0.11120472359586886,0.34428022569870365,3.341031044564639,0.0773009121906138,0.11120472367922396,0.41365832579573764,3.03229010320116
490,minus,-0.0016932037772785387,3.114565848108949e-05,3.114565845089179e-05,-0.024100998187705554,-0.04640625589989966,0.3201792275109981,3.2946247886647395,-0.024100998211073,-0.0464062559432179,0.38955732758466466,2.9858838472579423
491,minus,-0.0012575902459720425,2.9491611745690508e-05,2.9491611717304675e-05,-0.019591297727864925,-0.03824960831737467,0.30058792978313315,3.256375180347365,-0.019591297746721654,-0.038249608353313924,0.369966029837943,2.9476342389046284
492,minus,0.007791575347851877,2.78493117153925e-05,2.7849311688709816e-05,0.10819512569346877,0.12801801171858873,0.40878305547660193,3.3843931920659536,0.10819512579713152,0.12801801179116312,0.47816115563507455,3.0756522506957915
493,minus,-0.001001366581855285,2.963772015371924e-05,2.9637720128637522e-05,-0.016064086121532706,-0.031602838767728514,0.3927189693550692,3.352790353298225,-0.016064086135127373,-0.03160283879403547,0.46209706949994717,3.044049411901756
494,minus,-0.003898955322240808,2.7945825163777708e-05,2.794582514020089e-05,-0.05818184581083683,-0.09692008832002141,0.3345371235442324,3.2558702649782036,-0.058181845859922615,-0.09692008838813226,0.4039152236400245,2.9471293235136238
495,minus,0.0029509967753743723,2.7276381135751484e-05,2.7276381113589276e-05,0.040045461426842295,0.0732749798022665,0.37458258497107466,3.32914524478047,0.04004546145937945,0.07327497985673759,0.44396068509940395,3.0204043033703614
496,minus,0.0005557127446017813,2.609440141365097e-05,2.6094401392818493e-05,0.005433569077409146,0.010844012388202096,0.3800161540484838,3.3399892571686722,0.005433569081747039,0.010844012396840519,0.449394254181151,3.031248315767202
497,minus,0.0029945017344016754,2.4536397128212314e-05,2.4536397108629786e-05,0.045220948106911726,0.08172380559590486,0.42523710215539556,3.421713062764577,0.04522094814300262,0.08172380565484527,0.49461520232415357,3.112972121422047
498,minus,0.002156150972343069,2.3533300134350237e-05,2.3533300115942663e-05,0.033011955951673694,0.06259332706840759,0.4582490581070693,3.4843063898329847,0.0330119559774954,0.06259332711482468,0.527627158301649,3.175565448536872
499,minus,-0.00029255191285056537,2.2351266475241934e-05,2.2351266457938816e-05,-0.008716607933943148,-0.017360663554257805,0.44953245017312615,3.466945726278727,-0.008716607940691064,-0.017360663567641765,0.5189105503609579,3.15820478496923
500,minus,-0.00014842679404004715,2.102465326169819e-05,2.102465324543326e-05,-0.006546349065266965,-0.01305965962349287,0.4429861011078592,3.453886066655234,-0.0065463490703313015,-0.013059659633569254,0.5123642012906267,3.145145125335661
501,minus,-0.0010911749780055978,1.977039192400779e-05,1.9770391908718754e-05,-0.025884218350492535,-0.05032517127636549,0.41710188275736665,3.4035608953788685,-0.02588421837050958,-0.050325171314199224,0.48647998292011707,3.0948199540214616
502,minus,0.002624906697000597,1.8683950591077516e-05,1.8683950576705824e-05,0.051535912557160966,0.09322226750962415,0.4686377953145276,3.4967831628884927,0.05153591259680238,0.09322226757448426,0.5380158955169194,3.188042221595946
503,minus,-0.004792733984625894,1.791618594312385e-05,1.791618592961446e-05,-0.11054885059789767,-0.1510326861128215,0.35808894471662994,3.345750476775671,-0.11054885068125511,-0.15103268619063215,0.42746704483566433,3.0370095354053137
504,minus,0.025438961924663266,1.8335907499232848e-05,1.833590748653402e-05,0.5462555351141963,0.08683416657190612,0.9043444798308262,3.4325846433475773,0.5462555354925144,0.0868341665766863,0.9737225803281787,3.123843701982
