day,variant,return,forecast_variance,forecast_var_over_sigma0sq,true_variance,ewma_gaussian_increment,ewma_student_t_increment,ewma_gaussian_cum,ewma_student_t_cum
1,base,-0.0015955070428441088,3.968253968253968e-05,1.0,2.612572098784745e-06,-0.01793919741256807,-0.03492319210141659,-0.01793919741256807,-0.03492319210141659
2,base,-2.7058177416968213e-06,3.7494676183871554e-05,0.9448658398335632,2.839679009273539e-06,-0.002128540451730396,-0.004254063024831112,-0.02006773786429847,-0.0391772551262477
3,base,0.0019257949007100172,3.524742253229167e-05,0.8882350478137501,2.686745206439993e-06,0.019447354690056384,0.03781410288819398,-0.0006203831742420847,-0.001363152238053722
4,base,0.0011888957100312312,3.3311608136722986e-05,0.8394525250454192,2.9690499858642165e-06,0.011799154592630976,0.023359902857713166,0.011178771418388892,0.021996750619659444
5,base,-0.0034814911824934476,3.13717750442979e-05,0.7905687311163071,4.6683409042502e-06,-0.04654755160515912,-0.0813603250794781,-0.03536878018677023,-0.05936357445981866
6,base,-0.0010109526014659919,3.030197009600251e-05,0.7636096464192633,4.734331231895852e-06,-0.015837480649303935,-0.03116041891624466,-0.05120626083607416,-0.09052399337606332
7,base,-0.002698108213148313,2.8571605755955397e-05,0.720004465050076,6.453438673968022e-06,-0.040229207625254934,-0.07325819724540672,-0.09143546846132909,-0.16378219062147004
8,base,3.505492436395232e-05,2.7360699414064685e-05,0.68948962523443,5.49388058491878e-06,-0.002369256448103967,-0.004734703754253111,-0.09380472490943306,-0.16851689437572315
9,base,0.00022475466364463488,2.572065859496133e-05,0.6481605965930255,6.637032589147421e-06,0.0004064110865486067,0.0008124003903073884,-0.09339831382288445,-0.16770449398541576
10,base,-0.0002574253653337957,2.4177460713211585e-05,0.609272009972932,7.22043449481682e-06,-0.007481683981621699,-0.01491258376568183,-0.10087999780450616,-0.1826170777510976
11,base,-0.0009274137435582578,2.27392803708405e-05,0.5730298653451806,9.596930572592404e-06,-0.019646906907596923,-0.03855574031719211,-0.12052690471210308,-0.2211728180682897
12,base,-0.0008543108863229184,2.145097265923653e-05,0.5405645110127605,1.6339834879285524e-05,-0.019474522712623406,-0.03826716180458867,-0.1400014274247265,-0.25943997987287837
13,base,0.0023466443244539504,2.0230407916433854e-05,0.5098062794941332,9.291654663010144e-06,0.04213819469177358,0.07827820037546473,-0.09786323273295292,-0.18116177949741363
14,base,0.002123742349679331,1.9293477388595255e-05,0.4861956301926004,9.248072872777664e-06,0.039599896249662654,0.07438908040379566,-0.05826333648329026,-0.10677269909361797
15,base,0.005201440304212267,1.835828240124233e-05,0.4626287165113067,9.732266628922531e-06,0.10814347288096403,0.14866157949191994,0.04988013639767377,0.041888880398301964
16,base,0.002297736022849029,1.8758602570631347e-05,0.47271678477990997,1.1600917787400085e-05,0.04440974790886143,0.08232065849907144,0.0942898843065352,0.1242095388973734
17,base,-0.0018654295127216113,1.789751592162481e-05,0.4510174012249452,1.4318784949401082e-05,-0.04575970251988054,-0.08474084327547882,0.048530181786654664,0.03946869562189459
18,base,-0.0007157447833065637,1.7079231646674905e-05,0.4303966374962076,1.905281313689613e-05,-0.021239884378216528,-0.041767144099923215,0.027290297408438136,-0.002298448478028625
19,base,-0.0038053348136580785,1.6104618781957406e-05,0.4058363933053266,2.1206650363639252e-05,-0.0986542256465058,-0.148092440418242,-0.07136392823806767,-0.1503908888962706
20,base,0.005133034097198827,1.6100141303464736e-05,0.40572356084731137,1.730278253184708e-05,0.12162521172003632,0.1616714355131892,0.05026128348196865,0.011280546616918574
21,base,0.003934585339246893,1.659516212621833e-05,0.41819808558070193,1.596493383743377e-05,0.08933978345802841,0.13949068856219693,0.13960106693999708,0.1507712351791155
22,base,-0.0015737175155200347,1.6436991558772308e-05,0.4142121872810622,1.6980015391621056e-05,-0.04278314999771507,-0.0803876316847747,0.096817916942282,0.07038360349434081
23,base,-0.0035397252018373507,1.5639198794953966e-05,0.3941078096328399,1.3299982875103535e-05,-0.09485064261306027,-0.1461019863679347,0.001967274329221738,-0.07571838287359389
24,base,0.0014602629314217374,1.5539267364933878e-05,0.39158953759633375,1.3886528420636868e-05,0.032223798438399676,0.062270431592073905,0.034191072767621414,-0.013447951281519988
25,base,-0.0032604307436834485,1.4702447283670543e-05,0.37050167154849767,1.6712153109491443e-05,-0.09335567711854152,-0.14679985041074506,-0.05916460435092011,-0.16024780169226505
26,base,-0.0016742228821056858,1.45381163240662e-05,0.36636053136646823,1.753944133428924e-05,-0.05111455575014433,-0.0945500374040984,-0.11027916010106444,-0.25479783909636344
27,base,-0.007945231851881979,1.3876235185667633e-05,0.34968112667882434,2.2668060190889403e-05,-0.2328877348240319,-0.17960881983859434,-0.34316689492509633,-0.4344066589349578
28,base,-0.002279073883083451,1.702279786822023e-05,0.4289745062791498,2.2767844857392763e-05,-0.057753702031979395,-0.10305328626414312,-0.4009205969570757,-0.5374599451991009
29,base,0.002992550215744305,1.636970638181662e-05,0.4125166008217789,1.558410209287145e-05,0.06773394117389153,0.11681973910706489,-0.3331866557831842,-0.420640206092036
30,base,-0.0015191414736559555,1.5855956266853225e-05,0.3995700979247013,1.4168643771247843e-05,-0.04298505271013363,-0.08089174512114816,-0.3761717084933178,-0.5015319512131842
31,base,0.0016363251383599668,1.5081598430881457e-05,0.3800562804582127,1.0208964176081424e-05,0.0378341975618363,0.07230496035976408,-0.3383375109314815,-0.4292269908534201
32,base,0.0025339501034336385,1.4300758056125874e-05,0.36037910301437204,9.175824630085697e-06,0.06480779228000348,0.11491528171388232,-0.273529718651478,-0.31431170913953776
33,base,0.010100858115828913,1.3769996670973439e-05,0.34700391610853065,1.033914451226577e-05,0.2853698462100087,0.16916916516042946,0.0118401275585307,-0.1451425439791083
34,base,0.0004865148844867633,1.8827302385409482e-05,0.47444802011231896,9.442019261061698e-06,0.006072365651475597,0.012118492584600737,0.0179124932100063,-0.13302405139450757
35,base,-0.0008575495278428294,1.770264441446215e-05,0.4461066392444462,1.070666945585516e-05,-0.023670623419637306,-0.046334989710150154,-0.005758130209631007,-0.17935904110465772
36,base,-0.0039002983014706015,1.6707389122991134e-05,0.42102620589937656,1.0955783569721902e-05,-0.09735049606063889,-0.14576784185134972,-0.1031086262702699,-0.32512688295600745
37,base,0.002433825363123622,1.6712911687245525e-05,0.42116537451858727,1.3193185798983513e-05,0.05307683869468401,0.09647219067771129,-0.050031787575585886,-0.22865469227829616
38,base,-0.0009990853419536271,1.6009961172903793e-05,0.4034510215571756,1.4241179573731191e-05,-0.029681373360870785,-0.057597697873417175,-0.07971316093645667,-0.28625239015171333
39,base,0.0023887715697287256,1.5135403595930436e-05,0.381412170617447,2.125834854189156e-05,0.057427608242552323,0.1038081828428119,-0.022285552693904344,-0.18244420730890143
40,base,0.012340737597702059,1.4515139699283778e-05,0.3657815204219512,2.341195036073141e-05,0.33195566810708343,0.1513784108686025,0.30967011541317907,-0.031065796440298943
41,base,0.0032085158450881504,2.2490394554920904e-05,0.5667579427840068,2.305742552301269e-05,0.05311091242743485,0.0936055192174905,0.36278102784061395,0.06253972277719155
42,base,-8.728859138210034e-05,2.1684614138843175e-05,0.546452276298848,2.5227100103806833e-05,-0.005228293525097373,-0.010437185606640753,0.3575527343155166,0.0521025371705508
43,base,-0.005139537119816669,2.038843480413201e-05,0.5137885570641266,3.231303768496826e-05,-0.103893902361923,-0.14171680291285105,0.2536588319535936,-0.08961426574230025
44,base,0.0005008003048606509,2.0874751211600182e-05,0.5260437305323246,4.1022635633640924e-05,0.005748335906255444,0.011472722275340352,0.2594071678598491,-0.0781415434669599
45,base,-0.006132060451797311,1.962775243477617e-05,0.49461936135635953,3.8944369238515365e-05,-0.12798676406136636,-0.15228454413811843,0.13142040379848272,-0.23042608760507832
46,base,0.001940856595278477,2.0854580707021393e-05,0.5255354338169391,3.7253245470221715e-05,0.03315559303414597,0.06320656126579927,0.1645759968326287,-0.16721952633927906
47,base,0.00038882682644677077,1.9785472508623595e-05,0.4985939072173146,3.8640513349971746e-05,0.0038190223602367333,0.007628329693195823,0.16839501919286542,-0.15959119664608323
48,base,-0.00558005075910821,1.8600519610515478e-05,0.46873309418499004,3.740925193111012e-05,-0.12327833321793111,-0.1542198192340387,0.04511668597493432,-0.31381101588012195
49,base,-0.0024121643628060223,1.948792682967882e-05,0.49109575610790623,4.1204660993823194e-05,-0.053158208531639405,-0.09516758163229078,-0.008041522556705087,-0.4089785975124127
50,base,0.0003988781066370926,1.872755797545177e-05,0.47193446098138464,3.405967345941619e-05,0.004247738294159058,0.008483469760180107,-0.003793784262546029,-0.4004951277522326
51,base,-0.009943479332034226,1.7606315679718335e-05,0.44367915512890205,4.566483970194014e-05,-0.22858617343653215,-0.15510734983989138,-0.23237995769907818,-0.555602477592124
52,base,-0.005684365820746491,2.2721415176369807e-05,0.5725796624445191,3.394027596888341e-05,-0.10274166033148635,-0.13626036889535076,-0.3351216180305645,-0.6918628464874748
53,base,-0.006715216483847401,2.3434555252116464e-05,0.5905507923533349,4.22224827290706e-05,-0.11707086455187715,-0.13935839163251318,-0.45219248258244166,-0.8312212381199879
54,base,0.013447112235657647,2.4896378045177384e-05,0.6273887267384701,4.609059707526023e-05,0.21117210068659284,0.12606729248191506,-0.24102038189584882,-0.7051539456380729
55,base,0.0019686226601195837,3.393427772815842e-05,0.8551437987495922,3.970801059013088e-05,0.020700728512506556,0.04015065153209996,-0.22031965338334225,-0.6650032941059729
56,base,-0.008272694773856577,3.208623966298049e-05,0.8085732395071084,3.521746978329477e-05,-0.10476611218834188,-0.12003013379373906,-0.3250857655716841,-0.785033427899712
57,base,-0.007491809753589157,3.4466644991605845e-05,0.8685594537884673,2.5681772370479738e-05,-0.08853996601451725,-0.11263585169399715,-0.41362573158620136,-0.8976692795937091
58,base,-0.0011856976767927272,3.5947017573785905e-05,0.9058648428594048,2.4894627904987376e-05,-0.015279435846482533,-0.030014963431810315,-0.4289051674326839,-0.9276842430255194
59,base,0.001198355143860881,3.3905142211203827e-05,0.8544095837223364,2.3715298942851894e-05,0.011703314949860641,0.023170012316247934,-0.41720185248282327,-0.9045142307092715
60,base,0.005580278319497062,3.193082677218413e-05,0.80465683465904,2.2354950448940898e-05,0.06688398568521249,0.10268905624646507,-0.3503178667976108,-0.8018251744628064
61,base,-0.005195133744297021,3.175284581965767e-05,0.8001717146553733,1.659471999421135e-05,-0.06740486253044661,-0.10324966374186628,-0.41772272932805743,-0.9050748382046727
62,base,0.0025380261858407418,3.159309566425821e-05,0.796146010739307,1.172420272664204e-05,0.029386738812588676,0.05554423748977211,-0.38833599051546874,-0.8495306007149006
63,base,0.007551716854734371,3.002593740063603e-05,0.756653622496028,1.2110599936237866e-05,0.0971819064589263,0.1214402442073057,-0.2911540840565424,-0.7280903565075949
64,base,0.0022307929028156986,3.146864607752053e-05,0.7930098811535173,1.0352052179839902e-05,0.025628687015181787,0.04909019021648664,-0.26552539704136063,-0.6790001662911083
65,base,0.001383013115563797,2.9828361470584245e-05,0.751674709058723,9.342525281796107e-06,0.015759482165290654,0.03101916551510797,-0.24976591487606997,-0.6479810007760003
66,base,0.002318407834487628,2.8122856471248062e-05,0.7086959830754511,1.0069987317995336e-05,0.029914027830029687,0.05677870209690106,-0.21985188704604028,-0.5912022986790992
67,base,0.0019700679756281233,2.6705147845592058e-05,0.6729697257089199,9.487187331383586e-06,0.02632592833725362,0.05064408748353877,-0.19352595870878667,-0.5405582111955605
68,base,-0.0004360116280469065,2.5291164720133647e-05,0.6373373509473679,8.101213550849636e-06,-0.00995429383695412,-0.019793389818996587,-0.2034802525457408,-0.560351601014557
69,base,0.0016640871650878738,2.379784449048585e-05,0.5997056811602435,6.185653477811721e-06,0.024439896314464662,0.04742758213869003,-0.17904035623127612,-0.512924018875867
70,base,0.0015819218229827783,2.2498865919592514e-05,0.5669714211737313,5.986400406554106e-06,0.024401743595928886,0.04743174920144266,-0.15463861263534723,-0.46549226967442436
71,base,0.00013308511653776226,2.1263779814283083e-05,0.5358472513199337,5.550623162307594e-06,-0.00121914560005705,-0.002436624605933524,-0.15585775823540426,-0.4679288942803579
72,base,-0.0005647435425089098,1.9988209087003315e-05,0.5037028689924835,6.567675914296953e-06,-0.015150921066780669,-0.029991115706484273,-0.17100867930218494,-0.49792000998684216
73,base,0.0019487059784653298,1.882386098866657e-05,0.4743612969143976,6.625207237654636e-06,0.03689789389306957,0.06995535647627094,-0.13411078540911536,-0.4279646535105712
74,base,0.005325763085885919,1.7878240923318422e-05,0.4505316712676242,5.255150506709681e-06,0.1138066580990147,0.15270173357668293,-0.02030412731010066,-0.2752629199338883
75,base,0.003279888314396424,1.8382929787674626e-05,0.46324983064940056,6.1978670539454135e-06,0.066518656070829,0.11344012005243442,0.046214528760728346,-0.16182279988145387
76,base,-0.0008471717228549206,1.7849683518728282e-05,0.4498120246719527,5.437399244713585e-06,-0.023244919297792502,-0.04552777424000887,0.022969609462935844,-0.20735057412146274
77,base,0.002028640212079636,1.6844297314524437e-05,0.4244762923260158,5.633746619804912e-06,0.04311730823970836,0.08081949346653783,0.0660869177026442,-0.1265310806549249
78,base,0.002233879859373404,1.6034623440759978e-05,0.40407251070715144,6.6856761876993065e-06,0.05037380932938284,0.0926959830436278,0.11646072703202703,-0.033835097611297105
79,base,0.0004533756204825873,1.5321133628115346e-05,0.3860925674285067,7.143699147209135e-06,0.006603673408375071,0.01317744471044957,0.12306440044040211,-0.020657652900847534
80,base,0.0020393867186926443,1.440576597592625e-05,0.3630253025933415,6.8730309420136685e-06,0.05071200291353224,0.09397684529547234,0.17377640335393435,0.07331919239462481
81,base,-0.0018559884414068328,1.3744771137971416e-05,0.3463682326768797,8.315801903170292e-06,-0.059312631644716764,-0.1075290939733824,0.1144637717092176,-0.034209901578757584
82,base,-0.0009833025184068623,1.3173318712290638e-05,0.3319676315497241,9.592245531361538e-06,-0.035597302402736106,-0.06870168246720798,0.07886646930648149,-0.10291158404596557
83,base,0.0005655127201942381,1.2466706640772973e-05,0.3141610073474789,7.745405267696295e-06,0.011685091822216734,0.023261995953038017,0.09055156112869822,-0.07964958809292755
84,base,0.00262330391260473,1.1726789987886113e-05,0.29551510769473005,6.138096327924772e-06,0.08205642117955496,0.14050192161441455,0.1726079823082532,0.060852333521487
85,base,-0.00021780652799170978,1.1375988432652887e-05,0.28667490850285277,5.561040501218105e-06,-0.014518857913937953,-0.02885816283844278,0.15808912439431524,0.03199417068304422
86,base,0.00282979050078048,1.0703823433359436e-05,0.26973635052065775,6.29951172290248e-06,0.09755369631451498,0.1603756702339112,0.2556428207088302,0.19236984091695541
87,base,-0.0011216919307560054,1.0477042975685503e-05,0.2640214829872747,5.002558145184079e-06,-0.049999894487083474,-0.09464217576352318,0.20564292622174674,0.09772766515343223
88,base,0.0010406966214260732,9.95298097106153e-06,0.25081512047075055,4.968126943952835e-06,0.033581863861816094,0.06552319117406746,0.23922479008356284,0.1632508563274997
89,base,0.002690094600983126,9.398368645215845e-06,0.2368388898594393,7.143839069532189e-06,0.10520577528670261,0.17229087725623948,0.34443056537026545,0.3355417335837392
90,base,-0.002019670937494739,9.206975248718713e-06,0.23201577626771155,7.556402841594379e-06,-0.095600552323998,-0.16213647619078664,0.24883001304626745,0.17340525739295254
91,base,0.0008735332814806813,8.94975043474841e-06,0.22553371095565994,8.106162263319943e-06,0.029934353503397636,0.05878647915960755,0.2787643665496651,0.2321917365525601
92,base,0.0017251817343800404,8.440112676764427e-06,0.21269083945446357,1.1328757820081128e-05,0.07178348817858789,0.13129826105926412,0.35054785472825295,0.3634899976118242
93,base,-0.0024425038415892947,8.07356733750988e-06,0.20345389690524895,1.4123796942156832e-05,-0.12980417579476994,-0.20138806976850532,0.220743678933483,0.1621019278433189
94,base,-0.006701728900460052,8.007619707534654e-06,0.20179201662987328,1.8418088149247093e-05,-0.34194324008015553,-0.22932815951731733,-0.12119956114667252,-0.06722623167399844
95,base,0.00302234229234525,1.0383879770152229e-05,0.26167377020783616,1.9214946881787834e-05,0.10791794652133556,0.17171906186128982,-0.01328161462533696,0.10449283018729139
96,base,0.0005384133338114281,1.023932168503238e-05,0.25803090646281596,1.945579459129471e-05,0.013176740726899169,0.026221365938670083,-0.0001048738984377913,0.13071419612596147
97,base,-0.006565411082010166,9.631898409854728e-06,0.24272383992833915,1.5454884737836793e-05,-0.27866334771317847,-0.21572492388493014,-0.27876822161161624,-0.08501072775896867
98,base,-0.006210434774871095,1.1798943233220277e-05,0.297333369477151,1.775452501101383e-05,-0.2155441713304329,-0.19951482829053901,-0.49431239294204915,-0.2845255560495077
99,base,5.238809699688611e-06,1.3555406195376025e-05,0.34159623612347584,2.0387403891714452e-05,-0.005655035632277394,-0.011288797474126255,-0.4999674285743265,-0.29581435352363394
100,base,-0.0023149512101311854,1.2744320792730294e-05,0.3211568839768034,2.1030968031650157e-05,-0.07825969281497387,-0.134229384921154,-0.5782271213893004,-0.43004373844478794
101,base,-0.0023347053966215705,1.2358681433372736e-05,0.31143877212099297,2.0485247685439824e-05,-0.08133599030663276,-0.13857144425109258,-0.6595631116959332,-0.5686151826958805
102,base,0.0010601287117554682,1.2002161784373775e-05,0.30245447696621913,1.7178171214640024e-05,0.028490767337493044,0.05577202242437096,-0.6310723443584402,-0.5128431602715096
103,base,-0.0015367992532509187,1.1326585346570429e-05,0.2854299507335748,2.0503419467810625e-05,-0.060792917744056,-0.11158314669608593,-0.6918652621024962,-0.6244263069675955
104,base,-0.00328590094353674,1.0827647856807978e-05,0.2728567259915611,2.185234027489451e-05,-0.12769755369919678,-0.18580665419066822,-0.819562815801693,-0.8102329611582637
105,base,-0.002655530437435324,1.0906415478727998e-05,0.27484167006394555,2.3503915939211004e-05,-0.10383953551090035,-0.1661672557442042,-0.9234023513125933,-0.9764002169024679
106,base,0.0006389006849661625,1.074073003536356e-05,0.27066639689116173,1.5204967414056018e-05,0.01627420291594563,0.0323146535252441,-0.9071281483966477,-0.9440855633772238
107,base,0.00310715763511904,1.0107928013219621e-05,0.25471978593313443,2.0146216547812183e-05,0.11419391414964149,0.17843689354170422,-0.7929342342470062,-0.7656486698355196
108,base,-0.002724952899098947,1.000910015883533e-05,0.25222932400265036,1.811839158418587e-05,-0.11590109948837383,-0.1803158905734943,-0.90883533373538,-0.9459645604090139
109,base,-0.0032101563792457494,9.921318134308089e-06,0.25001721698456386,1.6222506274243307e-05,-0.1363333741079477,-0.19599712139153702,-1.0451687078433276,-1.141961681800551
110,base,0.0045866512853564335,1.0023139635679766e-05,0.2525831188191301,1.3902807004465105e-05,0.17373443670580646,0.21173775211376356,-0.8714342711375211,-0.9302239296867874
111,base,0.001372677391345667,1.0577149531295497e-05,0.2665441681886465,1.440840453758578e-05,0.04405516357431175,0.08434620299737272,-0.8273791075632094,-0.8458777266894146
112,base,-0.003596994927243563,1.0025254413561905e-05,0.25263641122176,1.7154594213499672e-05,-0.15023201158144683,-0.20305668971113233,-0.9776111191446563,-1.048934416400547
113,base,-0.0049903543551222,1.0288046291441573e-05,0.25925876654432767,2.0223924325982053e-05,-0.20013853813686688,-0.21373187192410903,-1.1777496572815231,-1.262666288324656
114,base,0.0032731300421361235,1.1286161726106033e-05,0.28441127549787204,1.3779897926211881e-05,0.10810813805961185,0.16891339485397427,-1.0696415192219113,-1.0937528934706817
115,base,0.0037511627054555236,1.117622522716729e-05,0.2816408757246157,1.592906768331979e-05,0.12614468684285202,0.1831899316365977,-0.9434968323790593,-0.910562961834084
116,base,0.0005027631010750077,1.126297367028982e-05,0.28382693649130347,1.6507308565201903e-05,0.010723097899893466,0.02136283230041336,-0.9327737344791659,-0.8892001295336707
117,base,0.005275850387048664,1.0592753000128474e-05,0.26693737560323755,1.4014827553543486e-05,0.19021081919164504,0.20997382028849287,-0.7425629152875208,-0.6792263092451778
118,base,0.004624013625921324,1.1504010229039623e-05,0.2899010577717985,1.0520247060331312e-05,0.15265901275159635,0.194705598833961,-0.5899039025359245,-0.4845207104112168
119,base,-0.001892291539863272,1.1988926229471159e-05,0.30212094098267317,1.2545283698178288e-05,-0.06920090449459687,-0.12330149501792231,-0.6591048070305214,-0.6078222054291391
120,base,0.0002597753378128627,1.1531853308419594e-05,0.29060270337217375,1.7721944070063568e-05,0.00211156464437901,0.004217871236646076,-0.6569932423861424,-0.603604334192493
121,base,-0.004054876042401252,1.0840168032325267e-05,0.2731722344145967,1.9268589347081983e-05,-0.15569989204534906,-0.20001108434934034,-0.8126931344314915,-0.8036154185418334
122,base,-0.003160087339358885,1.1275185857149835e-05,0.28413468360017585,2.031666211902892e-05,-0.11820098817987122,-0.17718132182385116,-0.9308941226113627,-0.9807967403656845
123,base,0.0041890031016039875,1.127544605594355e-05,0.28414124060977747,1.7555126933317448e-05,0.14044390017539646,0.19089199710359583,-0.7904502224359663,-0.7899047432620887
124,base,0.0004991361628398646,1.1554407998549482e-05,0.29117108156344695,2.287082498541046e-05,0.010328067705502469,0.02057915434774671,-0.7801221547304639,-0.769325588914342
125,base,0.0019018012283262488,1.0866569594759938e-05,0.27383755378795044,2.5634337430834148e-05,0.062204343646474106,0.1141279292553179,-0.7179178110839898,-0.6551976596590241
126,base,-0.004420127624015421,1.0388667368104804e-05,0.26179441767624106,1.932987333914612e-05,-0.1764185945377884,-0.20939792135335278,-0.8943364056217782,-0.8645955810123769
127,base,-0.007301383889398425,1.1045202208612183e-05,0.278339095657027,1.6987025338721903e-05,-0.2694481912469986,-0.19976372011320276,-1.1637845968687768,-1.0643593011255796
128,base,0.005229360340348322,1.3757307007608057e-05,0.34668413659172304,1.6195545551470694e-05,0.14511617668449545,0.17985176104778855,-1.0186684201842813,-0.8845075400777911
129,base,-0.0008413368781746022,1.4450494637705431e-05,0.3641524648701769,1.7626626452350776e-05,-0.028552589283117425,-0.05566804105740708,-1.0472210094673986,-0.9401755811351982
130,base,-0.008624202109978298,1.3648329710363912e-05,0.3439379087011706,1.853351551421891e-05,-0.2565176616241072,-0.17683720660834812,-1.3037386710915058,-1.1170127877435463
131,base,-0.004354883560236501,1.7499741851176487e-05,0.4409934946496475,1.891063708892804e-05,-0.10325087135960179,-0.14798986140886505,-1.4069895424511076,-1.2650026491524113
132,base,-0.004529785038964579,1.7693707749247624e-05,0.44588143528104013,1.716009930074723e-05,-0.10604159229901741,-0.1491849337480886,-1.513031134750125,-1.4141875829005
133,base,0.0005868016259156375,1.7973436514917144e-05,0.452930600175912,1.7407719090936815e-05,0.008575020706308962,0.0170898004562563,-1.5044561140438162,-1.3970977824442437
134,base,0.009475642569100788,1.6904081081562528e-05,0.4259828432553757,2.0843946573475537e-05,0.21778412012538292,0.16148370820767344,-1.2866719939184332,-1.2356140742365702
135,base,0.009504144589062026,2.1053855861084023e-05,0.5305571676993174,3.051809896545411e-05,0.175395460794588,0.14793960050602628,-1.1112765331238452,-1.087674473730544
136,base,0.001647191461114834,2.498642327065786e-05,0.6296578664205781,3.050107787328045e-05,0.0230089837666608,0.04474247322782787,-1.0882675493571845,-1.042932000502716
137,base,0.012113878802600585,2.3613175468613793e-05,0.5950520218090676,3.521772789050839e-05,0.20024242700600664,0.1333044955569891,-0.8880251223511779,-0.909627504945727
138,base,-0.003917126236814114,3.0715084889299996e-05,0.77402013921036,3.076213085105794e-05,-0.05317095417472477,-0.08980415062393377,-0.9411960765259026,-0.9994316555696607
139,base,-0.0024214069904384856,2.9888439439584065e-05,0.7531886738775184,2.8189784029954997e-05,-0.03478304679442395,-0.06459590965346962,-0.9759791233203265,-1.0640275652231304
140,base,-0.00023788914102576737,2.850694038533456e-05,0.7183748977104308,2.599321524825157e-05,-0.006073456085799011,-0.01211438688923483,-0.9820525794061256,-1.0761419521123652
141,base,-0.003226879826417659,2.6807945519920327e-05,0.6755602271019923,3.303797182941749e-05,-0.0507029926780048,-0.08846440321617344,-1.0327555720841304,-1.1646063553285386
142,base,0.001626160801307864,2.590342652156463e-05,0.6527663483434287,2.4393717167588386e-05,0.02187226879140542,0.04260606380128884,-1.010883303292725,-1.1220002915272498
143,base,0.009793642088326423,2.4471528808989995e-05,0.6166825259865478,2.445118074136989e-05,0.15559431288512027,0.13804668088242433,-0.8552889904076046,-0.9839536106448254
144,base,-0.00920095147007291,2.8527342703154445e-05,0.7188890361194921,2.7748168761504967e-05,-0.1307484701564327,-0.12865977038995258,-0.9860374605640374,-1.112613381034778
145,base,0.0033172557869535183,3.211658494727385e-05,0.8093379406713009,3.1052257417232834e-05,0.03853573311976345,0.06998126848251651,-0.947501727444274,-1.0426321125522615
146,base,-0.004926742702173769,3.077322078309375e-05,0.7754851637339625,4.1030774978149286e-05,-0.06608966412598836,-0.10287728891020853,-1.0135913915702623,-1.14550940146247
147,base,0.006483747507186783,3.0502860608917765e-05,0.7686720873447277,3.105726869821655e-05,0.08176874004214087,0.11420453061189617,-0.9318226515281215,-1.0313048708505739
148,base,0.0018901512769300428,3.104301499188593e-05,0.7822839777955254,3.223839439117568e-05,0.021625632462582964,0.041945206418112946,-0.9101970190655385,-0.9893596644324609
149,base,-0.0028317647521278657,2.9352152857455405e-05,0.7396742520078762,2.4908532554180987e-05,-0.04096637732508632,-0.07416980636734127,-0.9511633963906249,-1.0635294707998022
150,base,-0.0008228726333196706,2.8141942208913948e-05,0.7091769436646315,1.7512281633159225e-05,-0.0144009945734408,-0.028437616971656254,-0.9655643909640657,-1.0919670877714585
151,base,-0.0003532745826698519,2.6516007100107813e-05,0.6682033789227169,1.5558071869470484e-05,-0.008256277931009347,-0.016441553353640614,-0.973820668895075,-1.108408641125099
152,base,-0.000861164966224217,2.494330820546784e-05,0.6285713667777896,1.4425094134136689e-05,-0.016856919049121972,-0.03319862363094561,-0.990677587944197,-1.1416072647560447
153,base,-0.00040012621018328906,2.3514072002783614e-05,0.592554614470147,1.4255704389656481e-05,-0.010100991435720935,-0.020088826203219057,-1.000778579379918,-1.1616960909592637
154,base,-0.00038807757159075706,2.212472261212279e-05,0.5575430098254943,1.3058643472766715e-05,-0.01051919331186703,-0.02091766364726766,-1.0112977726917851,-1.1826137546065314
155,base,0.002017084024954209,2.0817877505603947e-05,0.5246105131412194,1.2654688095531162e-05,0.034667077402849224,0.06581012544336318,-0.9766306952889359,-1.1168036291631682
156,base,-0.0025741910098872407,1.9767258778906766e-05,0.4981349212284505,1.2418812099541872e-05,-0.05565969359189718,-0.09849590580226586,-1.032290388880833,-1.215299534965434
157,base,0.0008359739474005935,1.9042463131569074e-05,0.4798700709155407,1.3712328399947173e-05,0.013286122382491921,0.02636663682427276,-1.0190042664983412,-1.1889328981411613
158,base,0.00019367328482289034,1.7924304404447588e-05,0.4516924709920792,1.2569454219127233e-05,-0.00010492567164997483,-0.0002096977343271078,-1.019109192169991,-1.1891425958754884
159,base,-0.0009246355340147872,1.6848847487903204e-05,0.4245909566951607,1.75840789818566e-05,-0.026450121339578817,-0.05157449065065389,-1.04555931350957,-1.2407170865261423
160,base,-0.0015747814662956114,1.591359087857052e-05,0.4010224901399771,1.497701472991413e-05,-0.04421682594632973,-0.08291041399135768,-1.0897761394558998,-1.3236275005175
161,base,0.003163752766601134,1.5147428478601625e-05,0.38171519766076095,1.7975683211468807e-05,0.07768462158071582,0.13010508986345481,-1.012091517875184,-1.1935224106540452
162,base,-0.0018538200219553338,1.4766177273085755e-05,0.37210766728176103,1.8350222148337095e-05,-0.05515158382409991,-0.10065440122589742,-1.0672431016992838,-1.2941768118799426
163,base,0.002466308595197365,1.4132906185013559e-05,0.3561492358623417,1.56151312158494e-05,0.0636782468813509,0.11349796080165753,-1.003564854817933,-1.180678851078285
164,base,-0.0010931421420503425,1.3593532921831908e-05,0.3425570296301641,1.534959718922817e-05,-0.03770335239821078,-0.07237982321713332,-1.0412682072161439,-1.2530586742954184
165,base,0.003722519334927878,1.2878007780877404e-05,0.3245257960781106,1.2839730938628299e-05,0.1085924964703563,0.16426658485983392,-0.9326757107457876,-1.0887920894355845
166,base,-0.0014974477132952521,1.285048696915658e-05,0.3238322716227458,1.2065020688997987e-05,-0.052368480856150534,-0.09738200792707108,-0.9850441916019381,-1.1861740973626556
167,base,-0.002373858552385457,1.225201430316708e-05,0.3087507604398104,8.63052519089147e-06,-0.08331222398072793,-0.14110351537040522,-1.0683564155826661,-1.3272776127330608
168,base,0.002045220985388949,1.1913888208238019e-05,0.30022998284759805,6.223924966530824e-06,0.06151311969110436,0.11220925597891718,-1.0068432958915619,-1.2150683567541436
169,base,0.00046427238110923456,1.1403696966674386e-05,0.28737316356019454,5.025367620846475e-06,0.009251374742264265,0.01844347946018665,-0.9975919211492976,-1.196624877293957
170,base,-0.0006949453598331007,1.072371603092693e-05,0.2702376439793586,4.8148887854309514e-06,-0.033058238855650915,-0.0644415244602845,-1.0306501600049485,-1.2610664017542415
171,base,-0.0015003494506090763,1.0128178386285276e-05,0.25523009533438895,5.471436778750664e-06,-0.06655806584235868,-0.12144284214751977,-1.0972082258473073,-1.3825092439017612
172,base,0.002168439308274313,9.693635253445104e-06,0.24427960838681664,9.091263053131354e-06,0.0806463798952092,0.14215865169480502,-1.016561845952098,-1.2403505922069562
173,base,-0.004296339658120159,9.34487742885217e-06,0.23549091120707466,7.190774267992459e-06,-0.19086733893438793,-0.22177660792029652,-1.207429184886486,-1.4621272001272527
174,base,0.0020778026410895314,9.996352707914501e-06,0.25190808823944544,9.737422264010596e-06,0.0746061770311409,0.13335529729748785,-1.1328230078553452,-1.3287719028297649
175,base,0.0005374774244026907,9.60849793883772e-06,0.24213414805871056,1.098612899762119e-05,0.014003176698058254,0.027857405320896866,-1.118819831157287,-1.300914497508868
176,base,-0.0006114473585826053,9.038885955812096e-06,0.22777992608646483,6.232683904095301e-06,-0.03555449643476846,-0.06933449869340969,-1.1543743275920555,-1.3702489962022777
177,base,-0.001420516727662109,8.535905197178356e-06,0.21510481096889458,5.644966179206895e-06,-0.07526235321203086,-0.13638232497306646,-1.2296366808040864,-1.5066313211753442
178,base,7.607591981839543e-05,8.18100683454431e-06,0.20616137223051662,6.781945737184399e-06,-0.005934030088697398,-0.011841859813729094,-1.2355707108927838,-1.5184731809890732
179,base,0.0007163036178424226,7.69104440171546e-06,0.1938143189232296,5.259775662025077e-06,0.026720983377645193,0.05274028376084772,-1.2088497275151386,-1.4657328972282255
180,base,-0.0038707282878085373,7.245674397878198e-06,0.1825909948265306,6.443928402632689e-06,-0.22285551322435684,-0.25288494459254407,-1.4317052407394955,-1.7186178418207696
181,base,-0.0001667826215627485,7.804408435950238e-06,0.19667109258594598,6.104537729906174e-06,-0.018568835672474603,-0.036866152125109686,-1.4502740764119701,-1.7554839939458793
182,base,-5.250843910488786e-05,7.344145987097141e-06,0.18507247887484796,6.1484339461529805e-06,-0.013557993011336242,-0.02699081089600064,-1.4638320694233065,-1.78247480484188
183,base,0.001963306973315671,6.907274912906499e-06,0.17406332780524378,6.245890578879533e-06,0.10139380288521657,0.17604821911265134,-1.3624382665380899,-1.6064265857292286
184,base,0.00021577645567622623,6.679729526227227e-06,0.16832918406092612,6.423430348934432e-06,0.0010315357589592469,0.002058995660284779,-1.3614067307791307,-1.6043675900689438
185,base,-0.0036158611536283203,6.278963844657572e-06,0.15822988888537082,7.706181543766943e-06,-0.24105899832896036,-0.2718873545839138,-1.602465729108091,-1.8762549446528576
186,base,0.0023471212931223625,6.7751471150799485e-06,0.1707337073000147,9.325461131280424e-06,0.12585145772849265,0.20486792575899937,-1.4766142713795984,-1.6713870188938582
187,base,-0.0005881614970533704,6.645655205673903e-06,0.16747051118298234,9.327130256163788e-06,-0.04696792228732369,-0.09094130555410107,-1.523582193666922,-1.7623283244479593
188,base,0.0003606728482033105,6.284037831231853e-06,0.1583577533470427,9.459871506316253e-06,0.010246429136628205,0.020421771499171015,-1.5133357645302938,-1.7419065529487883
189,base,-0.0018021664925964537,5.9085752627305455e-06,0.14889609662080974,8.010407880799375e-06,-0.13436075467471664,-0.2189234875052133,-1.6476965192050104,-1.9608300404540016
190,base,-0.0004738785110013125,5.794199772936643e-06,0.1460138342780034,7.3652546961886e-06,-0.046042980292812556,-0.08956122849266102,-1.693739499497823,-2.0503912689466626
191,base,0.005109681161075744,5.4736663147757655e-06,0.1379363911323493,6.563032445974318e-06,0.3560531359669043,0.28837437981146685,-1.3376863635309186,-1.7620168891351957
192,base,-0.00236110998493753,6.5924798106301385e-06,0.16613049122787948,6.279996075294757e-06,-0.15406700265752887,-0.23123205546960524,-1.4917533661884474,-1.993248944604801
193,base,0.0008379426279845077,6.590000403987392e-06,0.16606801018048228,6.238139850509879e-06,0.038510121779430605,0.07531618447766775,-1.4532432444090169,-1.9179327601271332
194,base,0.0006545808523775152,6.219140291597235e-06,0.15672233534825034,4.760655058093662e-06,0.02910677364213419,0.057453312100104625,-1.4241364707668827,-1.8604794480270286
195,base,0.00520306226093915,5.858477237182902e-06,0.14763362637700914,7.5469183864453006e-06,0.3389911692439347,0.279514371347358,-1.085145301522948,-1.5809650766796706
196,base,0.002742497753163053,7.009759637573701e-06,0.17664594286685725,1.0719746284552805e-05,0.14402170881829418,0.2200376631584362,-0.9411235927046537,-1.3609274135212344
197,base,0.004796067572982713,6.9775161852675255e-06,0.17583340786874163,1.0918240512979873e-05,0.261477891505244,0.26011789194184587,-0.6796457011994097,-1.1008095215793885
198,base,0.008370906243135676,7.82717103489092e-06,0.19724471007925118,1.4170651747567141e-05,0.41433271094770263,0.21555280602831672,-0.26531299025170707,-0.8852567155510718
199,base,0.0026196551327307928,1.1364919817109793e-05,0.2863959793911668,1.48916373598898e-05,0.08454177462495382,0.14416176882425713,-0.18077121562675325,-0.7410949467268146
200,base,0.00040465379077811805,1.1034769523627762e-05,0.2780761919954196,1.3648008040387726e-05,0.00741671161725405,0.014796844603901071,-0.1733545040094992,-0.7262981021229136
201,base,0.0012154114365100365,1.03752354755009e-05,0.2614559339826227,1.5665449436602606e-05,0.03889751984611416,0.07520498349377291,-0.13445698416338503,-0.6510931186291407
202,base,0.001973945569328264,9.814778532968341e-06,0.2473324190308022,1.3267587429412695e-05,0.07178730867037876,0.12955287560858508,-0.06266967549300627,-0.5215402430205556
203,base,0.003421679022080754,9.41504283953234e-06,0.23725907955621497,1.4846027875515923e-05,0.13585428762924753,0.1985120547540946,0.07318461213624126,-0.32302818826646096
204,base,4.6601474199857126e-05,9.473507016757955e-06,0.23873237682230047,1.9526742818882897e-05,-0.006359054696876804,-0.012690259306324059,0.06682555743936446,-0.335718447572785
205,base,-0.0021933874362248047,8.906479394620296e-06,0.22444328074443146,1.959656125666051e-05,-0.10656590505647583,-0.17538390871494158,-0.03974034761711137,-0.5111023562877266
206,base,-0.004710485237100422,8.715333103986198e-06,0.2196263942204522,1.8238454173317604e-05,-0.22351129302727457,-0.23255945364252373,-0.26325164064438594,-0.7436618099302503
207,base,-0.0029261790793086244,9.638249854224126e-06,0.24288389632644797,1.3810649888643738e-05,-0.12864548967551628,-0.1922156265915067,-0.39189713031990225,-0.935877436521757
208,base,-0.0015600437322600014,9.6457392896149e-06,0.24307263009829547,1.0405449688509584e-05,-0.0723428396673703,-0.13057763120266053,-0.46423996998727257,-1.0664550677244176
209,base,-0.00175501943360824,9.252525073352457e-06,0.2331636318484819,1.2755585017974345e-05,-0.08377945207554276,-0.14715417556739574,-0.5480194220628153,-1.2136092432918133
210,base,0.003347301852862713,8.926327394616021e-06,0.22494345034432373,1.2723000086221696e-05,0.13998581197318574,0.20417811868394597,-0.4080336100896296,-1.0094311246078673
211,base,0.0012557935139088506,8.985677925359835e-06,0.22643908371906785,9.944856601265233e-06,0.04669603842806545,0.08955394184056331,-0.3613375716615641,-0.919877182767304
212,base,0.0017956499791307711,8.513620501177003e-06,0.2145432366296605,7.588084829204336e-06,0.07444826999954263,0.13520799345638768,-0.2868893016620215,-0.7846691893109163
213,base,0.0013072267892606387,8.155873286961324e-06,0.20552800683142536,5.89179196161151e-06,0.05394953748358941,0.10258952518511677,-0.23293976417843207,-0.6820796641257996
214,base,0.0029206919611643135,7.74028901102742e-06,0.19505528307789097,6.057808576669123e-06,0.13956449780775912,0.2114144062479557,-0.09337526637067295,-0.47066525787784386
215,base,-0.0013109309132629428,7.720519933430224e-06,0.19455710232244164,5.9393200523140116e-06,-0.0775784380862226,-0.14107033295599614,-0.17095370445689556,-0.61173559083384
216,base,0.0027205242999773583,7.393975825710774e-06,0.1863281908079115,6.448618023127955e-06,0.13535856225667656,0.21018164701798003,-0.035595142200219004,-0.40155394381585996
217,base,-0.0015691302934764707,7.3320000920129505e-06,0.18476640231872635,7.0156895994900734e-06,-0.0956636579869167,-0.16731309186076793,-0.1312588001871357,-0.5688670356766279
218,base,-0.0019858560438659454,7.079532580182764e-06,0.17840422102060566,5.85171977646244e-06,-0.12243369185902622,-0.19972211900596104,-0.25369249204616195,-0.7685891546825889
219,base,-0.000979424177994743,6.9410224216815295e-06,0.17491376502637454,5.743127115715068e-06,-0.06733814667072316,-0.12605930759296768,-0.3210306387168851,-0.8946484622755566
220,base,0.0005622338681575581,6.607799058826151e-06,0.16651653628241903,5.952473376636027e-06,0.021848951333446175,0.043323344620418425,-0.2991816873834389,-0.8513251176551382
221,base,-0.0016458732461485212,6.219273065909853e-06,0.15672568126092828,5.500493134253302e-06,-0.11767605217748062,-0.19878037327659825,-0.41685773956091954,-1.0501054909317364
222,base,-0.0001852066819516174,6.0502001206736255e-06,0.15246504304097536,6.343591459736526e-06,-0.02516113678997337,-0.04981152294543367,-0.44201887635089293,-1.0999170138771701
223,base,-0.0035979912066765236,5.696017943172673e-06,0.14353965216795136,6.3327419006116005e-06,-0.26448468055692137,-0.28680756685913966,-0.7065035569078143,-1.3867245807363098
224,base,-7.008282274333983e-05,6.219017823216915e-06,0.15671924914506627,7.301770614584116e-06,-0.017132261838972117,-0.03406140852921524,-0.7236358187467864,-1.420785989265525
225,base,-0.004527278046591482,5.850202144516751e-06,0.1474250940418221,5.357563254176101e-06,-0.3205485996613018,-0.2820473754111452,-1.0441844184080882,-1.7028333646766702
226,base,0.002315533949912548,6.839119196890836e-06,0.17234580376164907,4.6826444894104e-06,0.12284147367044618,0.2013927220935594,-0.921342944737642,-1.5014406425831108
227,base,-0.001671172132382731,6.697704188690523e-06,0.16878214555500118,4.8391593273710865e-06,-0.11076911154599503,-0.18845813082951235,-1.032112056283637,-1.6898987734126232
228,base,0.0015141963317160177,6.505562783741514e-06,0.16394018215028616,6.568015513372279e-06,0.08025998361384783,0.1471976437542324,-0.9518520726697892,-1.5427011296583908
229,base,0.0005822128061547139,6.219106210897157e-06,0.15672147651460835,8.195486238956082e-06,0.024489311629618333,0.04849449288625962,-0.9273627610401709,-1.4942066367721312
230,base,0.0010060333637134456,5.8547979896054935e-06,0.14754090933805844,6.82634541427449e-06,0.05473876153564007,0.10534085103809332,-0.8726239995045308,-1.3888657857340378
231,base,0.0033935071754800272,5.542645178570413e-06,0.1396746584999744,4.447653581524131e-06,0.2287526249486348,0.28326530008780715,-0.643871374555896,-1.1056004856462307
232,base,3.347354264105775e-05,5.822604190899357e-06,0.1467296256106638,3.8937418489952415e-06,-0.011241026144869647,-0.022396799059112737,-0.6551124007007657,-1.1279972847053434
233,base,-0.0002234394273048372,5.474880234951795e-06,0.13796698192078524,4.233566871932177e-06,-0.03057631034936643,-0.06035606670900773,-0.6856887110501322,-1.1883533514143512
234,base,0.004199460350012432,5.157064973813031e-06,0.1299580373400884,5.939593890353594e-06,0.307872274273376,0.3024966058597487,-0.3778164367767562,-0.8858567455546025
235,base,0.0018893135409315774,5.808144014006554e-06,0.14636522915296515,6.479556509051193e-06,0.11552612955306017,0.1981709918370802,-0.262290307223696,-0.6876857537175223
236,base,0.002181671036502824,5.631204112720024e-06,0.1419063436405446,6.548739358342247e-06,0.1397582579615899,0.22640746760829433,-0.12253204926210612,-0.46127828610922794
237,base,-0.002548751953418973,5.529330684093063e-06,0.13933913323914518,6.898513891398074e-06,-0.19715672029599635,-0.270755085648716,-0.31968876955810244,-0.7320333717579439
238,base,0.003320212458351495,5.650385660503885e-06,0.1423897186446979,7.292609733814626e-06,0.21924334071679422,0.27820685881917573,-0.10044542884130822,-0.4538265129387682
239,base,0.0016982765389097847,5.896100545342888e-06,0.14858173374264078,6.0694325032851466e-06,0.10094537213403423,0.17881137903986932,0.0004999432927260128,-0.27501513389889887
240,base,-0.002432813124777948,5.6773100050241544e-06,0.1430682121266087,6.74333475935016e-06,-0.1839140773536846,-0.26125753137276764,-0.18341413406095858,-0.5362726652716665
241,base,0.002328351766410161,5.752072364680223e-06,0.14495222358994161,5.127976306159861e-06,0.14694076539473389,0.2324004686890886,-0.03647336866622469,-0.3038721965825779
242,base,-0.000638324431251207,5.6791464488023235e-06,0.14311449050981856,3.4301758824920467e-06,-0.05846627596431264,-0.11208135020415622,-0.09493964463053733,-0.41595354678673413
243,base,-0.0006647392933608482,5.380405403323675e-06,0.13558621616375663,4.282412431083471e-06,-0.06366074783966681,-0.12143750064422765,-0.15860039247020413,-0.5373910474309618
244,base,0.00020092257216091354,5.102282960778413e-06,0.12857753061161603,3.683952562468307e-06,0.00019520313823699883,0.00038940460923075904,-0.15840518933196712,-0.537001642821731
245,base,0.00031719718933496244,4.796146361099683e-06,0.120862888299712,3.527794021429407e-06,0.009828036760771923,0.019583358067448486,-0.1485771525711952,-0.5174182847542825
246,base,0.0013494283706941734,4.509224164750721e-06,0.11363244895171817,3.555127438202274e-06,0.10129286862157971,0.18408514356463268,-0.04728428394961548,-0.33333314118964985
247,base,0.003506169817710665,4.3181609395359324e-06,0.1088176556763055,4.260580222778827e-06,0.3039724664844268,0.32937063495423846,0.2566881825348113,-0.003962506235411389
248,base,0.0035427277860383918,4.71554671277976e-06,0.11883177716204996,4.050452432399136e-06,0.2814327251089645,0.31414220805564685,0.5381209076437758,0.31017970182023546
249,base,-0.002303957072193507,5.103680514332226e-06,0.12861274896117209,3.6637825399915146e-06,-0.19456623008358723,-0.27587212882917633,0.34355467756018865,0.03430757299105913
250,base,0.0017979718550016899,5.173170951602917e-06,0.13036390798039352,3.4354054881507983e-06,0.12269954018481574,0.21029611646105817,0.4662542177450044,0.2446036894521173
251,base,0.002673218978520595,5.016296064232403e-06,0.12641066081865654,5.4758271023430835e-06,0.19577512403468486,0.27797259844914457,0.6620293417796893,0.5225762879012619
252,base,0.0007437516301517077,5.0827982678221476e-06,0.1280865163491181,5.390937377030214e-06,0.04257582665864767,0.08331706171034181,0.704605168438337,0.6058933496116037
253,base,0.0006184296829651343,4.795674044781033e-06,0.12085098592848204,6.532791793907095e-06,0.03475494894191399,0.06848574215108982,0.739360117380251,0.6743790917626935
254,base,-0.0032752295957668176,4.518518458132922e-06,0.11386666514494964,5.7590646479715585e-06,-0.30506226644625534,-0.3226105316618195,0.43429785093399564,0.351768560100874
255,base,-0.0038186237416173367,4.971378797919711e-06,0.12527874570757672,5.676193113069951e-06,-0.3206478814376483,-0.3079041631695594,0.11364996949634737,0.04386439693131461
256,base,0.00350835579601448,5.64129097567628e-06,0.14216053258704225,5.799371702441012e-06,0.23283136587682413,0.28248322171637863,0.3464813353731715,0.32634761864769324
257,base,-0.0007453909734700615,5.960156915697404e-06,0.15019595427557458,6.135988298707947e-06,-0.06283815542402028,-0.11947775008292982,0.2836431799491512,0.20686986856476342
258,base,0.0001238605072851708,5.655993423019122e-06,0.14253103426008187,8.153298078067506e-06,-0.00523059356964248,-0.010433573015752096,0.2784125863795087,0.19643629554901132
259,base,0.003619435638109947,5.316967299390089e-06,0.13398757594463026,8.39636898793538e-06,0.2553238922025853,0.29435705736144335,0.5337364785820939,0.49079335291045467
260,base,0.002934321498796803,5.700153138662772e-06,0.14364385909430186,9.736886155868714e-06,0.19046472418900878,0.2647020430371603,0.7242012027711027,0.755495395947615
261,base,-0.004301056983611056,5.807255768184157e-06,0.14634284535824074,1.1389332445336517e-05,-0.3074608581655805,-0.2843297636395983,0.4167403446055222,0.47116563230801667
262,base,-0.003641532598916313,6.673534067260164e-06,0.16817305849495615,9.836390161202383e-06,-0.22833296436980596,-0.2628511901640529,0.1884073802357162,0.20831444214396377
263,base,-0.0014835505235333678,7.157832816413306e-06,0.18037738697361533,9.30370888025037e-06,-0.09324690029976403,-0.16455921492682624,0.09516047993595218,0.04375522721713754
264,base,0.002918063432639145,6.898102864227259e-06,0.17383219217852694,1.172330179747607e-05,0.15645265126918176,0.23030565717857954,0.25161313120513396,0.2740608843957171
265,base,-0.006176374865100947,6.928006699344331e-06,0.17458576882347715,1.0137392532677303e-05,-0.36513786928184067,-0.24709279058149036,-0.11352473807670671,0.026968093814226712
266,base,-0.001217748404795509,8.950601286179368e-06,0.22555515241172006,1.0346684308204893e-05,-0.06278557984892312,-0.11669980397915047,-0.17631031792562984,-0.08973171016492376
267,base,0.0011124494310730485,8.533895945222998e-06,0.21505417781961955,1.0604102476671995e-05,0.042502626172043693,0.08220167191174355,-0.13380769175358614,-0.007530038253180216
268,base,0.003395550897891956,8.071989977428763e-06,0.20341414743120484,1.5550996086711813e-05,0.1571738367195201,0.22089120080810698,0.02336614496593395,0.21336116255492676
269,base,-0.000582860479520506,8.200972138777206e-06,0.20666449789718558,1.4093809953538033e-05,-0.03780393758399101,-0.07366617346879245,-0.014437792618057062,0.1396949890861343
270,base,0.004723009266271311,7.745537077164043e-06,0.19518753434453387,1.4212020508047468e-05,0.23180766041503723,0.24638646921166174,0.21736986779698017,0.38608145829779605
271,base,-0.0005274891958148869,8.509123298646877e-06,0.21442990712590132,1.4888006779103248e-05,-0.03385264229030217,-0.06623859301889645,0.18351722550667798,0.3198428652788996
272,base,-0.0023047800435913503,8.030191914330657e-06,0.20236083624113255,1.5233213427087438e-05,-0.12369946618629565,-0.1961482430569612,0.05981775932038233,0.12369462222193839
273,base,-0.0005873747551574437,7.924338833688123e-06,0.1996933386089407,1.500593014227189e-05,-0.03934970785925659,-0.07658763459746254,0.020468051461125743,0.04710698762447585
274,base,0.006424783902929566,7.485926218998131e-06,0.18864534071875289,1.380594859621662e-05,0.3300569831618383,0.2421084815581045,0.350525034622964,0.28921546918258034
275,base,0.0058443486250484905,9.362832548444454e-06,0.23594338022080025,1.3213460627071785e-05,0.2392919827355283,0.22413262768745934,0.5898170173584923,0.5133480968700397
276,base,0.000847225050732008,1.0713658144798394e-05,0.26998418524891954,1.3632851626845195e-05,0.02403149472333421,0.04738533296043013,0.6138485120818266,0.5607334298304698
277,base,0.0027021831950754865,1.0096096104221818e-05,0.25442162182638983,1.3238155653601547e-05,0.09841028756476093,0.16293415856618143,0.7122587996465874,0.7236675883966512
278,base,0.0009396683144706557,9.866462339966049e-06,0.24863485096714444,1.0628410269385277e-05,0.02981302151225412,0.05846487479834295,0.7420718211588415,0.7821324631949942
279,base,0.0033181494573586425,9.307442192868333e-06,0.234547543260282,1.2825499679630833e-05,0.13301084784690798,0.19712760865248669,0.8750826690057495,0.9792600718474809
280,base,-0.004061912465178127,9.332961108003345e-06,0.2351906199216843,9.229728237563959e-06,-0.18114349819773695,-0.21971136079086673,0.6939391708080125,0.7595487110566141
281,base,-0.000629455920905749,9.862005671494658e-06,0.24852254292166537,1.1524830730827729e-05,-0.033311610672654056,-0.06503279790449312,0.6606275601353584,0.694515913152121
282,base,-0.0009635945065036502,9.31140731825611e-06,0.234647464420054,1.093662556543449e-05,-0.04952140470762481,-0.09435704615558294,0.6111061554277336,0.6001588669965381
283,base,0.0018085759708200001,8.833738523817393e-06,0.2226102108001983,1.180906365478365e-05,0.07233106094367292,0.13161395851847946,0.6834372163714065,0.7317728255150175
284,base,2.490417781633947e-05,8.45927175821691e-06,0.21317364830706614,1.4672309476300934e-05,-0.008139304364037925,-0.016234206648682026,0.6752979120073686,0.7155386188663355
285,base,-0.0033554702815896385,7.953521765127069e-06,0.20042874848120212,1.5175580739941717e-05,-0.17731403338756313,-0.23175006014200417,0.4979838786198054,0.48378855872433135
286,base,0.002826553735909044,8.234115513352462e-06,0.20749971093648203,1.2159738729018697e-05,0.12665757584119472,0.19778750806855694,0.6246414544610002,0.6815760667928883
287,base,0.001150468602367562,8.154496101329656e-06,0.20549330175350733,1.1806122855238185e-05,0.04633026457946891,0.08921811463343143,0.670971719040469,0.7707941814263197
288,base,0.0009137044972409109,7.719610961905194e-06,0.1945341962400109,1.69634965162201e-05,0.03676946329506537,0.07183333485914112,0.7077411823355344,0.8426275162854608
289,base,-0.0027143632969269965,7.287132845639137e-06,0.18363574771010624,1.3348193700129382e-05,-0.1586170466078263,-0.2283535372915928,0.5491241357277081,0.614273978993868
290,base,0.0043639310934078315,7.358960714842418e-06,0.18544581001402893,1.469030062461921e-05,0.2246218663382048,0.2514380762773305,0.7737460020659129,0.8657120552711985
291,base,-0.005489325200547183,7.958515681894443e-06,0.20055459518373997,1.3708407136098838e-05,-0.2836004776529307,-0.24081466692055464,0.4901455244129822,0.6248973883506439
292,base,-0.0020678127905632768,9.422026485416652e-06,0.23743506743249965,1.1443922770027567e-05,-0.09544611558358962,-0.16138990792321195,0.3946994088293926,0.46350748042743195
293,base,0.0037606015570531203,9.164851574304717e-06,0.23095425967247887,1.4124657465683798e-05,0.15423785054633923,0.2109457942058719,0.5489372593757318,0.6744532746333038
294,base,-0.0036173350641215446,9.37631184772375e-06,0.2362830585626385,1.4213575559355287e-05,-0.16149053536661795,-0.21271461063615016,0.38744672400911384,0.4617386639971537
295,base,0.00500106882258012,9.68732899609743e-06,0.24412069070165524,1.515117397610091e-05,0.19673285825808365,0.21929605827492527,0.5841795822671975,0.681034722272079
296,base,0.005633600784616492,1.0490019607151756e-05,0.26434849410022426,1.1821087611186476e-05,0.20560692447686552,0.2120583831552625,0.789786506744063,0.8930931054273414
297,base,-0.0008513025032107026,1.1633094602667351e-05,0.29315398398721726,1.1468200708878861e-05,-0.0358076389529529,-0.06935057794443988,0.7539788677911101,0.8237425274829016
298,base,-0.005253008031952209,1.1001223046778465e-05,0.27723082077881733,1.0899371577259247e-05,-0.1966383360641639,-0.2068914117045466,0.5573405317269462,0.6168511157783549
299,base,0.0038179992758561932,1.2124228942738895e-05,0.30553056935702017,8.891035665655181e-06,0.11846888463765853,0.17410380350465537,0.6758094163646047,0.7909549192830103
300,base,0.0008803225918958765,1.2182859625671108e-05,0.30700806256691193,7.509592155082924e-06,0.022211465320542093,0.043819019969816964,0.6980208816851468,0.8347739392528273
301,base,0.001549489633538458,1.1479788114300656e-05,0.28929066048037655,4.703728999577228e-06,0.04670309552621756,0.08861478782021237,0.7447239772113643,0.9233887270730397
302,base,0.0037130115721096474,1.0900525360520345e-05,0.2746932390851127,4.723161669261553e-06,0.1279463187882816,0.1856318628890623,0.872670295999646,1.109020589962102
303,base,0.002375038541551698,1.0987638153468637e-05,0.27688848146740963,4.68069529369303e-06,0.07861019828646042,0.1373436691382519,0.9512804942861064,1.2463642591003539
304,base,-0.0040168080344899545,1.0612641867921752e-05,0.26743857507162816,5.243309128185211e-06,-0.1576145375353458,-0.20223514094886497,0.7936659567507606,1.044129118151489
305,base,0.0016037083006258776,1.104196850547199e-05,0.27825760633789415,6.06102957825422e-06,0.05050340296921475,0.09522511570134906,0.8441693597199753,1.139354233852838
306,base,-0.002093592987575402,1.0497941738919651e-05,0.2645481318207752,3.7897765124457088e-06,-0.08663851338556712,-0.14837702223293192,0.7575308463344081,0.990977211619906
307,base,-0.0013512981534549305,1.0183262638460578e-05,0.2566182184892066,4.25415281718986e-06,-0.060389743993675575,-0.11185602510201331,0.6971411023407326,0.8791211865178927
308,base,-0.0001688817437661941,9.716363103616722e-06,0.24485235021114138,4.565152884172191e-06,-0.015000650059603951,-0.029823243838185576,0.6821404522811286,0.8492979426797072
309,base,0.002347961088377492,9.141475629835048e-06,0.2303651858718432,5.029604277154678e-06,0.09331047058302597,0.15955374659750543,0.7754509228641546,1.0088516892772126
310,base,-0.0004600895529509976,8.870220588892958e-06,0.22352955884010253,3.6983007085467037e-06,-0.02945929186192071,-0.057891417556278135,0.7459916310022339,0.9509602717209344
311,base,0.001866842004204331,8.364024866462444e-06,0.21077342663485357,4.747309397801449e-06,0.07915747883541503,0.14233142795109366,0.8251491098376489,1.093291699672028
312,base,0.002515799016956699,8.029202755380157e-06,0.20233590943557994,5.007038652669316e-06,0.11453163825484046,0.1871148700153471,0.9396807480924894,1.2804065696873752
313,base,0.00385036311040173,7.869667351019842e-06,0.19831561724570002,5.002581204988946e-06,0.18414840256703058,0.23521827233736037,1.12382915065952,1.5156248420247356
314,base,0.00022049736045263337,8.197691818656263e-06,0.2065818338301378,5.100400458209002e-06,0.0010690515051819175,0.0021346437149283304,1.1248982021647018,1.517759485739664
315,base,0.005062815054989199,7.705859573474732e-06,0.19418766125156325,3.978642083207406e-06,0.2505000742696437,0.24751471108025047,1.3753982764343455,1.7652741968199144
316,base,-0.00045830645967324046,8.66325261626627e-06,0.21831396592991,6.057177313071503e-06,-0.03008140845633208,-0.05909461977781394,1.3453168679780134,1.7061795770421004
317,base,-0.005231300865170775,8.16933426244612e-06,0.20586722341364222,4.793567858636678e-06,-0.26374832639937684,-0.23940311835710038,1.0815685415786365,1.466776458685
318,base,0.004229108353748364,9.448081569653093e-06,0.23809165555525794,6.438120919637499e-06,0.16929176480106392,0.21512392101534283,1.2508603063797004,1.681900379700343
319,base,0.0008556140119536947,9.855987123430415e-06,0.24837087551044645,7.0710435341909664e-06,0.02646048221999985,0.05209200418481519,1.2773207885997002,1.733992383885158
320,base,-0.0002318918891253386,9.29054271001579e-06,0.2341216762923979,1.0204839460550864e-05,-0.018379527874241915,-0.03646574578946993,1.2589412607254582,1.6975266380956882
321,base,-0.000127222792021182,8.74421986969822e-06,0.22035434071639512,9.689735558122136e-06,-0.014777811472885226,-0.029392936079262633,1.244163449252573,1.6681337020164255
322,base,-0.001531358011313808,8.225928985874133e-06,0.20729341044402816,9.152232758632399e-06,-0.08344552323304875,-0.14866309176243497,1.1607179260195244,1.5194706102539906
323,base,0.0007112031454833633,7.91189964921535e-06,0.19937987116022682,1.1152682637733386e-05,0.025719268654686475,0.0507928178551218,1.186437194674211,1.5702634281091123
324,base,0.00518100602475141,7.452962912818844e-06,0.18781466540303488,1.3190841612804554e-05,0.2652930917639725,0.25135805842844583,1.4517302864381834,1.8216214865375582
325,base,-0.0017107560912284466,8.495359313390218e-06,0.2140830546974335,1.1059119929770591e-05,-0.08917888397750112,-0.15586577389323875,1.3625514024606822,1.6657557126443194
326,base,0.0007859827727455191,8.204333282627194e-06,0.2067491987222053,1.2295234022762903e-05,0.02841946077490236,0.055966036824078635,1.3909708632355846,1.721721749468398
327,base,0.004461739187301627,7.732787601204651e-06,0.1948662475503572,1.4747137688716493e-05,0.21878219252860617,0.24524333104808838,1.6097530557641908,1.9669650805164864
328,base,0.004047683853071644,8.359377510184092e-06,0.21065631325663914,1.1326791245296837e-05,0.18272754778393194,0.22961175049246663,1.7924806035481227,2.196576831008953
329,base,-0.002249060649087614,8.746828164898411e-06,0.22042006975543996,1.4560684035313985e-05,-0.11103677402043417,-0.18063470495830103,1.6814438295276886,2.015942126050652
330,base,-0.0035544509955937865,8.581426022207969e-06,0.21625193575964083,1.381526886570236e-05,-0.1735412763277046,-0.22423075767046452,1.507902553199984,1.7917113683801875
331,base,-0.0025895336161287767,8.911579615223012e-06,0.2245718063036199,1.317053436737046e-05,-0.12414498330980098,-0.19221020132659206,1.383757569890183,1.5995011670535955
332,base,0.0022760456321866424,8.843243517475554e-06,0.22284973664038396,1.1175457728136026e-05,0.09323021714522607,0.16020124086823362,1.4769877870354091,1.759702407921829
333,base,-0.0005113305071840606,8.57164242287715e-06,0.21600538905650415,1.1057925200880751e-05,-0.03285766196375312,-0.06435858159316599,1.444130125071656,1.695343826328663
334,base,0.0020986825226979628,8.087568002577966e-06,0.20380671366496475,9.61283306455175e-06,0.09323882369297676,0.1621300966878838,1.537368948764633,1.857473923016547
335,base,-0.0015115448420472788,7.818975446728638e-06,0.19703818125756167,1.2612171814040045e-05,-0.08678305542339422,-0.15413265233954299,1.4505858933412388,1.703341270677004
336,base,0.0015878245634713224,7.525274207335476e-06,0.189636910024854,1.3254888657485808e-05,0.0732669534046155,0.13479697173044336,1.5238528467458543,1.8381382424074473
337,base,-0.0034907025346365968,7.189585674741288e-06,0.18117755900348045,1.9033830588821786e-05,-0.20361877339226248,-0.2495527274549394,1.3202340733535918,1.5885855149525079
338,base,0.0034935389891769765,7.574784806419793e-06,0.19088457712177878,2.2279353501029164e-05,0.17262401920832418,0.233466068824435,1.492858092561916,1.8220515837769429
339,base,0.0014887378473910366,7.771769154359763e-06,0.19584858268986605,1.9279028502946835e-05,0.06588381346734681,0.1228089188577961,1.5587419060292627,1.944860502634739
340,base,-0.0005412659348787898,7.405359344503335e-06,0.18661505548148405,2.1288904381184904e-05,-0.039636600132987615,-0.07723852515326879,1.5191053058962751,1.8676219774814702
341,base,-0.0009289749991068689,6.9938652526660125e-06,0.17624540436718353,1.708755217824434e-05,-0.06396692734017662,-0.12042979236099605,1.4551383785560985,1.7471921851204741
342,base,-0.0016582101165361603,6.65049351873716e-06,0.16759243667217644,1.468706760445043e-05,-0.11078201688663042,-0.1886682702545448,1.344356361669468,1.5585239148659293
343,base,0.0009881273041244237,6.458286804232248e-06,0.16274882746665265,1.4420162428627347e-05,0.04852352044585626,0.09384358307629181,1.3928798821153243,1.6523674979422212
344,base,-0.000868805333523333,6.108208545486777e-06,0.1539268553462668,1.568853404927068e-05,-0.06933280287804665,-0.13030824186364054,1.3235470792372777,1.5220592560785806
345,base,-0.005466746754308163,5.810053292418936e-06,0.1464133429689572,1.8327065754390084e-05,-0.38692917857370407,-0.2723318608728036,0.9366179006635735,1.249727395205777
346,base,0.00793092920787934,7.387091992358953e-06,0.1861547182074456,1.9433009970927125e-05,0.4153811723885366,0.22464695973824522,1.35199907305211,1.4743743549440222
347,base,-0.0043387273809788,1.053137516696787e-05,0.26539065420759034,2.6914861784145723e-05,-0.17096080843308512,-0.20695476114943734,1.181038264619025,1.267419593794585
348,base,0.002863384279034387,1.1134631062951041e-05,0.2805927027863662,3.230220705855869e-05,0.09497651058483537,0.1565312015402327,1.2760147752038604,1.4239507953348176
349,base,-0.0033938693439063213,1.0892677610705255e-05,0.2744954757897724,4.0958061131550935e-05,-0.1308685336974456,-0.1875379887514299,1.1451462415064149,1.2364128065833877
350,base,-0.004681407852428688,1.1013386370357001e-05,0.27753733653299645,5.690986118335638e-05,-0.1758257325590939,-0.20430068276079272,0.9693205089473209,1.032112123822595
351,base,0.00925741778876178,1.1781342104640417e-05,0.2968898210369385,7.03464497608288e-05,0.3051302014568555,0.18370360828505117,1.2744507104041765,1.2158157321076462
352,base,-0.00983491882028487,1.5998395971980233e-05,0.4031595784939019,6.240271358455438e-05,-0.24886749698914395,-0.16068746826394165,1.0255832134150324,1.0551282638437045
353,base,0.0008655467424962435,2.1078556695506825e-05,0.5311796287267719,6.900253850000597e-05,0.012559480974122699,0.02492813715843223,1.0381426943891552,1.0800564010021367
354,base,0.00024134683215259895,1.984054736374293e-05,0.49998179356632183,8.278669216623713e-05,0.0008587139430349154,0.0017162396618024545,1.0390014083321901,1.0817726406639392
355,base,-0.002525861129799754,1.8650225122308754e-05,0.4699856730821806,9.246310632144748e-05,-0.05796503987763245,-0.1022996334209978,0.9810363684545577,0.9794730072429414
356,base,-0.0007124931854374604,1.797651168843523e-05,0.4530080945485678,6.942555872812585e-05,-0.020107938352799105,-0.03957861924324391,0.9609284301017585,0.9398943879996975
357,base,-0.000908454013996959,1.6947705958883086e-05,0.4270821901638538,5.450828317514696e-05,-0.025916948491460125,-0.05057721642806268,0.9350114816102985,0.8893171715716348
358,base,0.0038271426587626754,1.6004352836492534e-05,0.4033096914796119,7.070914365902358e-05,0.08997378533199508,0.14115341319609698,1.0249852669422936,1.0304705847677318
359,base,0.002858886345931204,1.5834152533811477e-05,0.3990206438520492,7.287119558351283e-05,0.06667508783091856,0.1159878517064934,1.0916603547732122,1.1464584364742252
360,base,-0.008514578029163252,1.5308790583531213e-05,0.38578152270498656,5.715689073633403e-05,-0.2258529819282951,-0.17025313493783756,0.8658073728449172,0.9762053015363876
361,base,-0.001900457909735192,1.8945235593648813e-05,0.4774199369599501,6.575767744129085e-05,-0.04396277670163492,-0.08155338812277346,0.8218445961432822,0.8946519134136142
362,base,0.0038453796145048232,1.807283692781471e-05,0.4554354905809307,5.1336864037871725e-05,0.08007647606558366,0.12854956492123382,0.9019210722088659,1.023201478334848
363,base,-0.014117966330416476,1.7786488773370057e-05,0.44821951708892543,6.933592117240531e-05,-0.31940552526160626,-0.13195710089547052,0.5825155469472596,0.8912443774393775
364,base,-0.012418145574213533,2.901682195679385e-05,0.731223913311205,6.249315919451755e-05,-0.1725402854440934,-0.12199571216098182,0.4099752615031662,0.7692486652783956
365,base,0.002388400978092557,3.6826465198180625e-05,0.9280269229941518,4.790200410293708e-05,0.023598327003425304,0.04521844542930964,0.4335735885065915,0.8144671107077053
366,base,0.0021545124510665035,3.490464020619789e-05,0.8795969331961869,3.3901598769470515e-05,0.022238592232762058,0.04289442112466357,0.45581218073935353,0.8573615318323689
367,base,0.0058102870453329205,3.3039941368365956e-05,0.8326065224828221,3.0461115307071127e-05,0.06740127773904153,0.10227831555899236,0.5232134584783951,0.9596398473913612
368,base,-0.004349010919072138,3.294713290740127e-05,0.830267749266512,3.088344273578292e-05,-0.05477056794633047,-0.09056571550398163,0.4684428905320646,0.8690741318873796
369,base,-0.00200985524123584,3.221104862636873e-05,0.8117184253844921,5.1930621888545874e-05,-0.027204851714466547,-0.05177710614912989,0.44123803881759804,0.8172970257382497
370,base,0.005572647526457952,3.0570972546383386e-05,0.7703885081688613,4.677578115187471e-05,0.06976005964599975,0.1060816832844571,0.5109980984635978,0.9233787090227068
371,base,0.012395710975096801,3.046965819281886e-05,0.7678353864590353,4.945210053784527e-05,0.15885303662459999,0.12090926579377825,0.6698511350881977,1.044287974816485
372,base,0.0013769858881258405,3.756792381627379e-05,0.9467116801700995,4.2842844760097514e-05,0.012449124843388254,0.024586777375872337,0.6823002599315859,1.0688747521923574
373,base,-0.006989374338793357,3.5397190473108e-05,0.8920091999223216,4.098946795820352e-05,-0.08057974108150437,-0.1083987242705331,0.6017205188500816,0.9604760279218243
374,base,0.003702466143739886,3.637321599425517e-05,0.9166050430552303,3.903149982075404e-05,0.038228607532503504,0.06870493453482318,0.639949126382585,1.0291809624566475
375,base,-0.006481975415471067,3.492752646746241e-05,0.8801736669800527,2.521381213458305e-05,-0.07589852280862616,-0.10643964042856702,0.5640506035739589,0.9227413220280805
376,base,-0.0013508699171631503,3.550953000054184e-05,0.8948401560136544,1.804570311762565e-05,-0.017313512420783765,-0.033852134058419026,0.5467370911531751,0.8888891879696614
377,base,-0.0014882421025044102,3.3522974797884856e-05,0.8447789649066983,1.850488624776814e-05,-0.01996563445567553,-0.03881856546371765,0.5267714566974996,0.8500706225059438
378,base,0.0012531622351429571,3.168228457505917e-05,0.798393571291491,1.6598662299970586e-05,0.013210897164716436,0.026105589785484717,0.539982353862216,0.8761762122914285
379,base,-0.000317783236051341,2.9848097295669578e-05,0.7521720518508733,1.526214372444075e-05,-0.006862737497276503,-0.01367878083597418,0.5331196163649395,0.8624974314554543
380,base,-0.0018817613237246474,2.8073198952494836e-05,0.7074446136028699,1.2464998506863704e-05,-0.02940405484951603,-0.055911020976645354,0.5037155615154235,0.806586410478809
381,base,0.00014875689224069967,2.6648434453087648e-05,0.6715405482178087,1.0639400724409992e-05,-0.0007394312421458322,-0.0014780890686409975,0.5029761302732777,0.805108321410168
382,base,0.005334828034808368,2.5049676327847585e-05,0.6312518434617591,9.657343666314291e-06,0.08136871820013672,0.12042003294405745,0.5843448484734144,0.9255283543542254
383,base,0.0019351717468976486,2.5129661498654365e-05,0.63326746976609,6.659274951209256e-06,0.027425363395445795,0.052715452160747134,0.6117702118688602,0.9782438065149726
384,base,0.0009062556804051544,2.380286172828476e-05,0.5998321155527759,6.312307638586487e-06,0.01180068495232441,0.023424218893856263,0.6235708968211846,1.0016680254088288
385,base,-0.0007990257436474481,2.2404752525817032e-05,0.5645997636505892,6.2775730286538246e-06,-0.01766629223524482,-0.03479753781615713,0.6059046045859398,0.9668704875926717
386,base,0.0031242555305297454,2.112016038100997e-05,0.5322280416014512,6.992931878291679e-06,0.05497348135422011,0.09681570089707847,0.6608780859401598,1.0636861884897502
387,base,-0.0006551246126470109,2.036658413484441e-05,0.5132379201980791,5.958286791267427e-06,-0.01663044131131805,-0.03284838085767028,0.6442476446288418,1.0308378076320799
388,base,-0.0041304508445660654,1.9188300643236008e-05,0.4835451762095474,5.91684349442199e-06,-0.08952345625515709,-0.1350289284335302,0.5547241883736846,0.8958088791985497
389,base,-0.0023063341992042197,1.9161346179065687e-05,0.4828659237124553,4.4165230731373575e-06,-0.0518725131473242,-0.09348637755601619,0.5028516752263604,0.8023225016425335
390,base,0.004592013475271218,1.8388090829589043e-05,0.46337988890564386,5.668980453993792e-06,0.0948163889294982,0.14042724275202234,0.5976680641558586,0.9427497443945558
391,base,0.0021837444806547812,1.8443029046998408e-05,0.4647643319843599,8.437088621391473e-06,0.04271695665124518,0.07970424410302002,0.6403850208071038,1.0224539884975758
392,base,0.004466330438142812,1.7572939841313336e-05,0.4428380840010961,8.420112091322202e-06,0.09637648372897283,0.14320367063746353,0.7367615045360766,1.1656576591350394
393,base,0.0020791880841089542,1.7611470760820718e-05,0.4438090631726821,9.280443493233461e-06,0.042378030143211905,0.07938682750914516,0.7791395346792885,1.2450444866441845
394,base,0.005458315604702014,1.6767021478257927e-05,0.4225289412520998,1.1259049708557645e-05,0.12448621603770856,0.1605825978468829,0.9036257507169971,1.4056270844910674
395,base,0.0021806278561818724,1.7420994904577897e-05,0.439009071595363,1.1750833320599004e-05,0.045152031837651686,0.08393632248899419,0.9487777825546488,1.4895634069800616
396,base,0.003759149109385042,1.6611485826204615e-05,0.4186094428203563,1.2209984507637246e-05,0.08506106281268032,0.13555594670528048,1.033838845367329,1.625119353685342
397,base,-0.0014919444623337488,1.637552730393779e-05,0.4126632880592323,9.989653738042111e-06,-0.04096214055522717,-0.07736699326308294,0.9928767048121019,1.5477523604222592
398,base,0.0061030220240961735,1.556443410555473e-05,0.39222373945997924,1.1835474798561435e-05,0.15054186505419198,0.17234022928159565,1.1434185698662938,1.7200925897038548
399,base,-0.0017560554969963393,1.6722432736558345e-05,0.4214053049612703,1.0644777953701365e-05,-0.04637977197721005,-0.0861393165531057,1.0970387978890837,1.6339532731507491
400,base,-0.00110978337778412,1.5948283527976772e-05,0.40189674490501465,1.1927153770386802e-05,-0.03255055167232073,-0.06280530181052679,1.0644882462167629,1.5711479713402223
401,base,0.0006833028509762763,1.5094069134724771e-05,0.3803705421950642,2.027731663356086e-05,0.012747836616509415,0.025342208592656235,1.0772360828332723,1.5964901799328786
402,base,0.008639720853319674,1.4202532094244471e-05,0.3579038087749607,1.6137767198102835e-05,0.2358541023578383,0.17650292067576334,1.3130901851911105,1.772993100608642
403,base,0.00031744068507776025,1.762572117055575e-05,0.44416817349800486,1.455718774444344e-05,0.0026797954866434504,0.005354171587545586,1.315769980677754,1.7783472721961875
404,base,-0.0027872027392180625,1.6569027960018978e-05,0.41753950459247824,1.3617410724950361e-05,-0.07150498108064636,-0.12119898507543603,1.2442649995971078,1.6571482871207515
405,base,-0.0038622227701265647,1.6109720254902985e-05,0.40596495042355524,1.5141852791914401e-05,-0.10002428693173344,-0.14909919722068565,1.1442407126653744,1.5080490899000658
406,base,0.0020045406059513186,1.6132462664110353e-05,0.4065380591355809,1.6891780861818194e-05,0.044427031293920616,0.08318521141591173,1.188667743959295,1.5912343013159775
407,base,-0.003205996137412652,1.536024078536712e-05,0.3870780677912514,2.6169457853931742e-05,-0.08795147850281523,-0.14048178621391472,1.1007162654564797,1.4507525151020628
408,base,0.0011283542381214933,1.5134026309531837e-05,0.3813774630002023,1.987874314439657e-05,0.024383757036747125,0.04781630947912685,1.1251000224932268,1.4985688245811897
409,base,-0.0008678251572262205,1.4277872206996485e-05,0.3598023796163114,2.3308960684360145e-05,-0.029633985655568514,-0.057685721069492324,1.0954660368376583,1.4408831035116973
410,base,-0.0002583485892693418,1.3489411664464545e-05,0.33993317394450656,2.4473387532098294e-05,-0.013436796485082262,-0.026710085065556832,1.082029240352576,1.4141730184461405
411,base,0.0033950025451256545,1.269256481703217e-05,0.31985263338921066,2.0313658664405793e-05,0.09993945689430063,0.15749740424767555,1.1819686972468766,1.571670422693816
412,base,0.008819642354495942,1.2544102126896741e-05,0.3161113735977979,2.165617310654597e-05,0.27272760097054927,0.18333593662516456,1.4546962982174259,1.7550063593189806
413,base,0.0007332903399674103,1.6250992046258694e-05,0.4095249995657191,1.5659940232997515e-05,0.013060927711908261,0.02594879116800808,1.467757225929334,1.7809551504869887
414,base,-0.004761913981697085,1.529309816896928e-05,0.3853860738580258,1.1176222833466364e-05,-0.1287105844394663,-0.1675096870364472,1.3390466414898679,1.6134454634505415
415,base,0.002099052883915134,1.585180272523566e-05,0.3994654286759386,1.1267796879354698e-05,0.047579591350427136,0.08837937383018168,1.386626232840295,1.7018248372807232
416,base,-0.0022526041097626834,1.5117440548606323e-05,0.3809595018248793,1.1667280292475953e-05,-0.0643379885902432,-0.11355145831262092,1.3222882442500516,1.5882733789681023
417,base,0.006101034258643304,1.4570843119327437e-05,0.36718524660705143,1.1996226056272173e-05,0.16075323327321428,0.1788715662512268,1.4830414775232659,1.767144945219329
418,base,0.0030290090376176022,1.5787049009165744e-05,0.39783363503097674,1.1832884400222513e-05,0.07115025201387268,0.12164048002481476,1.5541917295371386,1.8887854252441438
419,base,-0.000950304567439362,1.532056260674701e-05,0.38607817769002467,9.017319843110391e-06,-0.029753488599771245,-0.05779988676424175,1.5244382409373674,1.830985538479902
420,base,0.00431044819227807,1.4480501931754186e-05,0.3649086486802055,8.331950852409788e-06,0.11268670963918509,0.1621624706971665,1.6371249505765524,1.9931480091770686
421,base,-0.0014126087567783905,1.4626201970017452e-05,0.3685802896444398,9.885112904060205e-06,-0.04370883360977335,-0.08247107132359144,1.593416116966779,1.9106769378534771
422,base,0.0016324142655423585,1.3904353259561566e-05,0.35038970214095144,1.0171032905045398e-05,0.04092590502425221,0.07794056066174715,1.6343420219910314,1.9886174985152243
423,base,-0.0013577890239527338,1.319347369365969e-05,0.3324755370802242,9.518710387104446e-06,-0.04680650299964568,-0.08813919787432312,1.5875355189913858,1.9004783006409012
424,base,-0.004771677220824361,1.2547171100081696e-05,0.31618871172205876,7.489402045670734e-06,-0.1571874559394754,-0.18975609083078204,1.4303480630519103,1.7107222098101191
425,base,0.006969885123568121,1.3276448462394905e-05,0.3345665012523516,8.514362666429779e-06,0.20239541017431217,0.18814215266690226,1.6327434732262225,1.8988643624770214
426,base,-0.0013383163911814965,1.5231031882929628e-05,0.38382200344982664,6.7989157813674325e-06,-0.04003754541902069,-0.0760817341213329,1.5927059278072018,1.8227826283556885
427,base,0.0015784839022566113,1.445886214764215e-05,0.3643633261205822,6.2263016130873645e-06,0.03787623794462764,0.07250670448668561,1.6305821657518293,1.895289332842374
428,base,0.0014008952468911287,1.3705606210444371e-05,0.34538127650319816,4.211481337679796e-06,0.03481608964599723,0.06720725107198078,1.6653982553978266,1.9624965839143549
429,base,-0.00148156099082159,1.2970027694581418e-05,0.3268446979034517,4.377108246750148e-06,-0.05139975346121552,-0.09576510041588371,1.613998501936611,1.8667314834984712
430,base,0.00013347538119538708,1.23611647286977e-05,0.31150135116318206,4.289857311040292e-06,-0.0020846560367981676,-0.004164418277212256,1.6119138458998128,1.862567065221259
431,base,-0.0002605147352325786,1.1619747856285881e-05,0.2928176459784042,4.5464724699364775e-06,-0.015672806606713986,-0.031122707734449584,1.5962410392930988,1.8314443574868093
432,base,0.002756063289394761,1.0935199848269862e-05,0.2755670361764005,5.131779766987759e-06,0.09281409803111637,0.15464653982402599,1.689055137324215,1.9860908973108353
433,base,-0.00047386220236503046,1.0671582450106722e-05,0.2689238777426894,5.5233950308619715e-06,-0.024998706192276916,-0.04924281951843934,1.6640564311319381,1.936848077792396
434,base,-0.00032006485034465917,1.005840471563326e-05,0.25347179883395815,6.840978739689756e-06,-0.02045503883045375,-0.040497092549539815,1.6436013923014843,1.8963509852428562
435,base,0.004065062925269262,9.47102957080919e-06,0.23866994518439158,7.891574182728049e-06,0.16200825888945786,0.21219857347973559,1.805609651190942,2.1085495587225918
436,base,-0.0011160927796004974,9.799826835171633e-06,0.24695563624632516,7.537302114522959e-06,-0.05322840563566025,-0.10042962279252343,1.7523812455552819,2.0081199359300683
437,base,0.00044274338519122115,9.315512704164937e-06,0.2347509201449564,5.68670799088849e-06,0.010408082176106101,0.02074271834869723,1.762789327731388,2.0288626542787656
438,base,0.0027337310740233652,8.76016379098514e-06,0.22075612753282553,4.536470670651305e-06,0.11484702164082286,0.18439074793725574,1.8776363493722108,2.2132534022160213
439,base,0.0009571505534283713,8.620224319468578e-06,0.21722965285060816,5.974607966797109e-06,0.03492791361856419,0.06823596613989569,1.912564262990775,2.281489368355917
440,base,-0.0007704180635096579,8.13755184825849e-06,0.20506630657611394,8.080505454746499e-06,-0.047244756005919375,-0.09085689653120976,1.8653195069848558,2.190632471824707
441,base,0.0042445977833602926,7.705616720077803e-06,0.19418154134596063,1.0150459078049217e-05,0.20837125181423755,0.2438554678873146,2.0736907587990934,2.434487939712022
442,base,0.0020829779996331763,8.225576541372276e-06,0.20728452884258136,1.0843676603929545e-05,0.09091683357862557,0.15877167678849347,2.164607592377719,2.5932596165005153
443,base,0.0050266560199509844,7.945137131363793e-06,0.2002174557103676,1.1937013413465935e-05,0.24114996888796603,0.24375805657362548,2.405757561265685,2.8370176730741408
444,base,-0.001057268303001535,8.867144917800709e-06,0.22345205192857787,9.940842795659223e-06,-0.05619465073498575,-0.10596344665438817,2.3495629105306994,2.7310542264197526
445,base,0.005132662517775006,8.429720309371426e-06,0.21242895179615995,1.121107827305149e-05,0.2322776522522719,0.23662246706726897,2.5818405627829715,2.9676766934870216
446,base,0.0016841166649288024,9.38474636760176e-06,0.23649560846356435,9.825838942384946e-06,0.06282163022680393,0.11637258369804115,2.6446621930097756,3.0840492771850627
447,base,-0.003934618547648161,8.954100562112956e-06,0.22564333416524648,1.2188791849783685e-05,-0.18316655625351186,-0.22383596630892733,2.461495636756264,2.8602133108761354
448,base,-0.01006320709225717,9.441771365241102e-06,0.23793263840407577,1.4703796685537565e-05,-0.43128256213604393,-0.18284438927589086,2.03021307462022,2.6773689216002445
449,base,0.004976670829230526,1.5193315527022692e-05,0.38287155128097183,1.7548376862373396e-05,0.12480055294866459,0.1662460082158943,2.1550136275688847,2.843614929816139
450,base,-0.002464556194788622,1.5651621641284933e-05,0.3944208653603803,2.02423238748736e-05,-0.06751592339741407,-0.11724386717830981,2.087497704171471,2.726371062637829
451,base,0.0031224034974208564,1.5138008542377309e-05,0.3814778152679082,2.434990929672259e-05,0.07664903913100864,0.12893616259901286,2.1641467433024797,2.855307225236842
452,base,-0.006050434937719972,1.4742711361395732e-05,0.37151632630717246,2.9130854431282427e-05,-0.16819846649124318,-0.17862926526999878,1.9959482768112364,2.676677959966843
453,base,-0.0030804243237236664,1.620103448648804e-05,0.4082660690594986,3.093714796790554e-05,-0.08031127910506136,-0.1314628332067933,1.9156369977061751,2.54521512676005
454,base,0.0050003828298306584,1.587401875036268e-05,0.40002527250913955,3.538255734579492e-05,0.120041668900013,0.16170779428103454,2.035678666606188,2.7069229210410843
455,base,0.005951972982752375,1.630511265392273e-05,0.4108888388788528,5.130669446127706e-05,0.1400271737737823,0.16698509317366295,2.1757058403799703,2.8739080142147473
456,base,0.0014321213741053428,1.731301325141922e-05,0.43628793393576437,6.208150846535957e-05,0.028277396181079946,0.05490577940704089,2.2039832365610503,2.928813793621788
457,base,-0.0012693815573121543,1.6365554682122824e-05,0.4124119779894952,5.232490858202397e-05,-0.03559048558386536,-0.06813935843787178,2.1683927509771848,2.8606744351839164
458,base,-0.00715717499975699,1.5512886599823786e-05,0.3909247423155594,6.467341786883586e-05,-0.18815866334273018,-0.1739942750193686,1.9802340876344546,2.686680160164548
459,base,0.012784303650907967,1.7828393626962276e-05,0.4492755193994494,7.285191751569014e-05,0.2801374748688498,0.1414243835222848,2.2603715625033045,2.8281045436868326
460,base,-0.014959349910440036,2.626296907343068e-05,0.6618268206504532,6.386537157542447e-05,-0.2290291377728612,-0.11696732117329045,2.0313424247304432,2.711137222513542
461,base,0.0023069184579798756,3.8472656967404896e-05,0.9695109555786033,5.177976253731962e-05,0.021748137526809302,0.04186990854624906,2.0530905622572524,2.7530071310597912
462,base,0.01037679654523697,3.643104534164828e-05,0.9180623426095367,6.811068487224275e-05,0.1108681118309769,0.11382579561631889,2.1639586740882293,2.86683292667611
463,base,0.013799435441850689,4.046115248514698e-05,1.0196210426257037,5.519992634249277e-05,0.13339291927923497,0.10569716758172198,2.2973515933674644,2.972530094257832
464,base,0.009982520899398774,4.913275251608921e-05,1.2381453634054482,5.5707030809592427e-05,0.07902229003285564,0.09580877869538407,2.37637388340032,3.068338872953216
465,base,0.0009760173737055793,5.192851376244004e-05,1.308598546813489,7.815501983817674e-05,0.005942270661895445,0.011835626798649024,2.3823161540622153,3.080174499751865
466,base,-0.006459353819191452,4.8849083078555875e-05,1.230996893579608,6.712279322103268e-05,-0.05408434864725022,-0.08303719984312519,2.328231805414965,2.99713729990874
467,base,0.010188393368882777,4.857768939401837e-05,1.224157772729263,7.875339330873178e-05,0.08160697005744114,0.09686658193030029,2.4098387754724064,3.0940038818390403
468,base,-0.0027670211409450266,5.1651010858159224e-05,1.3016054736256124,7.474491596738992e-05,-0.022782893122733506,-0.04310911626581149,2.387055882349673,3.050894765573229
469,base,0.0034548230557112708,4.907957807800615e-05,1.2368053675657549,6.270814333988235e-05,0.026329206217044047,0.04910956218546758,2.413385088566717,3.1000043277586964
470,base,-0.010315458203901824,4.677105589823307e-05,1.1786306086354732,6.026788723731823e-05,-0.08920412235421801,-0.09978449922271038,2.324180966212499,3.000219828535986
471,base,-0.005273028188677888,5.059728142537125e-05,1.2750514919193556,6.425866437447616e-05,-0.04291152884229279,-0.07167305928702117,2.2812694373702063,2.928546769248965
472,base,-0.000417331535716521,4.935764446270457e-05,1.2438126404601553,6.323942625154908e-05,-0.004950458084277238,-0.009873020318693193,2.276318979285929,2.9186737489302716
473,base,0.0011377176192388875,4.6418934252654095e-05,1.1697571431668832,5.0952476014017946e-05,0.008029913955329301,0.01595427352634804,2.2843488932412583,2.9346280224566197
474,base,0.002731481134010307,4.368673582155215e-05,1.1009057427031141,4.3991410955885776e-05,0.02300894924372024,0.043858331166376274,2.3073578424849788,2.978486353622996
475,base,-0.0026748682530480196,4.145051781422427e-05,1.0445530489184516,3.882876715912812e-05,-0.027507276479981205,-0.05157546664175161,2.2798505660049977,2.9269108869812444
476,base,0.01123801453459882,3.945883135093243e-05,0.9943625500434973,3.2371036035508506e-05,0.11102189876019775,0.10940041003344803,2.3908724647651955,3.0363112970146924
477,base,0.006628965108670296,4.4403669991967926e-05,1.1189724837975918,3.213885877471932e-05,0.057468369449385,0.08769599339774992,2.4483408342145805,3.1240072904124423
478,base,0.004908059109794078,4.422057005051404e-05,1.1143583652729538,3.277590630399075e-05,0.04226330198748753,0.07240350201462498,2.490604136202068,3.1964107924270673
479,base,-0.007166314467030462,4.289818200669745e-05,1.0810341865687756,2.5247817586168957e-05,-0.06812668144028779,-0.09584225312220251,2.4224774547617804,3.1005685393048648
480,base,0.002861336736148985,4.357864345958059e-05,1.0981818151814309,3.22243011308549e-05,0.02424848054232572,0.04598957123582181,2.446725935304106,3.1465581105406866
481,base,-0.001459015420195912,4.1389394717850974e-05,1.0430127468898445,2.9077122772599497e-05,-0.01589077529062697,-0.031084278299164936,2.430835160013479,3.1154738322415216
482,base,-0.006066628337413213,3.907085511288118e-05,0.9845855488446058,3.5238366246320974e-05,-0.06363125117139723,-0.09532117955199881,2.3672039088420815,3.020152652689523
483,base,-0.001122785971601135,3.9081648156943265e-05,0.9848575335549703,2.9688264189339253e-05,-0.013415124776928865,-0.026428082726511093,2.3537887840651526,2.9937245699630117
484,base,-0.004643835100629355,3.6841483223065445e-05,0.9284053772212493,2.0304965448644818e-05,-0.052156610871159276,-0.08603723619179338,2.3016321731939935,2.9076873337712184
485,base,-0.004760181384035476,3.603783605452118e-05,0.9081534685739338,2.0828256877758923e-05,-0.0546008384489751,-0.0889482750390651,2.2470313347450186,2.8187390587321532
486,base,-0.003969930212971047,3.535082520771931e-05,0.8908407952345265,2.4415425511182183e-05,-0.04679110940677531,-0.08038768070119007,2.200240225338243,2.738351378030963
487,base,-0.0028738774014557887,3.4272280652869136e-05,0.8636614724523022,2.1997035717626996e-05,-0.03557285114438356,-0.06514317099081346,2.1646673741938596,2.6732082070401497
488,base,-0.00031722009094027745,3.278228180116198e-05,0.8261135013892819,1.792300553169602e-05,-0.006241670042746328,-0.012444732552841842,2.1584257041511132,2.660763474487308
489,base,0.00620429700364826,3.0831297523499615e-05,0.7769486975921903,1.760550976589242e-05,0.0773009121946938,0.11120472368344636,2.235726616345807,2.7719681981707542
490,base,-0.0016932037772785387,3.114565844936213e-05,0.7848705929239258,1.5625248426992485e-05,-0.024100998212256676,-0.0464062559454117,2.2116256181335503,2.7255619422253425
491,base,-0.0012575902459720425,2.9491611715866796e-05,0.7431886152398433,1.0252464667468095e-05,-0.019591297747676838,-0.03824960835513469,2.1920343203858734,2.687312333870208
492,base,0.007791575347851877,2.784931168735821e-05,0.7018026545214269,1.2596606724063044e-05,0.10819512580238254,0.12801801179483974,2.300229446188256,2.8153303456650476
493,base,-0.001001366581855285,2.963772012736701e-05,0.7468705472096486,1.3839217244987832e-05,-0.01606408613581601,-0.031602838795368626,2.28416536005244,2.783727506869679
494,base,-0.003898955322240808,2.7945825139006612e-05,0.7042347935029666,1.0122420301610204e-05,-0.05818184586240904,-0.09692008839158195,2.2259835141900313,2.686807418478097
495,base,0.0029509967753743723,2.7276381112466656e-05,0.6873648040341598,1.1195230410307098e-05,0.04004546146102761,0.07327497985949805,2.266028975651059,2.760082398337595
496,base,0.0005557127446017813,2.6094401391763233e-05,0.6575789150724335,9.365795728327913e-06,0.005433569081966773,0.010844012397277503,2.271462544733026,2.7709264107348726
497,base,0.0029945017344016754,2.453639710763784e-05,0.6183172071124735,9.04957767584317e-06,0.04522094814483079,0.08172380565783133,2.3166834928778566,2.852650216392704
498,base,0.002156150972343069,2.3533300115010232e-05,0.5930391628982579,7.511237403932361e-06,0.03301195597880339,0.06259332711717658,2.34969544885666,2.9152435435098805
499,base,-0.00029255191285056537,2.235126645706233e-05,0.5632519147179708,1.0817295955012145e-05,-0.00871660794103288,-0.017360663568319445,2.340978840915627,2.897882879941561
500,base,-0.00014842679404004715,2.1024653244609363e-05,0.5298212617641559,1.4746605076639245e-05,-0.006546349070587834,-0.013059659634079956,2.3344324918450394,2.884823220307481
501,base,-0.0010911749780055978,1.977039190794429e-05,0.4982138760801961,1.3636943759087069e-05,-0.025884218371523535,-0.05032517131611591,2.308548273473516,2.834498048991365
502,base,0.002624906697000597,1.868395057597783e-05,0.4708355545146413,1.2038500613968513e-05,0.05153591259881041,0.09322226757776964,2.360084186072326,2.927720316569135
503,base,-0.004792733984625894,1.7916185928930146e-05,0.45148788540903967,1.2380498907764009e-05,-0.11054885068547757,-0.15103268619457388,2.2495353353868484,2.776687630374561
504,base,0.025438961924663266,1.8335907485890768e-05,0.46206486864444735,1.3408970378516875e-05,0.5462555355116779,0.08683416657692966,2.7957908708985264,2.8635217969514906
1,plus,-0.0015955070428441088,3.968253968253968e-05,1.0,2.612572098784745e-06,-0.01793919741256807,-0.03492319210141659,-0.01793919741256807,-0.03492319210141659
2,plus,-2.7058177416968213e-06,3.7494676183871554e-05,0.9448658398335632,2.839679009273539e-06,-0.002128540451730396,-0.004254063024831112,-0.02006773786429847,-0.0391772551262477
3,plus,0.0019257949007100172,3.524742253229167e-05,0.8882350478137501,2.686745206439993e-06,0.019447354690056384,0.03781410288819398,-0.0006203831742420847,-0.001363152238053722
4,plus,0.0011888957100312312,3.3311608136722986e-05,0.8394525250454192,2.9690499858642165e-06,0.011799154592630976,0.023359902857713166,0.011178771418388892,0.021996750619659444
5,plus,-0.0034814911824934476,3.13717750442979e-05,0.7905687311163071,4.6683409042502e-06,-0.04654755160515912,-0.0813603250794781,-0.03536878018677023,-0.05936357445981866
6,plus,-0.0010109526014659919,3.030197009600251e-05,0.7636096464192633,4.734331231895852e-06,-0.015837480649303935,-0.03116041891624466,-0.05120626083607416,-0.09052399337606332
7,plus,-0.002698108213148313,2.8571605755955397e-05,0.720004465050076,6.453438673968022e-06,-0.040229207625254934,-0.07325819724540672,-0.09143546846132909,-0.16378219062147004
8,plus,3.505492436395232e-05,2.7360699414064685e-05,0.68948962523443,5.49388058491878e-06,-0.002369256448103967,-0.004734703754253111,-0.09380472490943306,-0.16851689437572315
9,plus,0.00022475466364463488,2.572065859496133e-05,0.6481605965930255,6.637032589147421e-06,0.0004064110865486067,0.0008124003903073884,-0.09339831382288445,-0.16770449398541576
10,plus,-0.0002574253653337957,2.4177460713211585e-05,0.609272009972932,7.22043449481682e-06,-0.007481683981621699,-0.01491258376568183,-0.10087999780450616,-0.1826170777510976
11,plus,-0.0009274137435582578,2.27392803708405e-05,0.5730298653451806,9.596930572592404e-06,-0.019646906907596923,-0.03855574031719211,-0.12052690471210308,-0.2211728180682897
12,plus,-0.0008543108863229184,2.145097265923653e-05,0.5405645110127605,1.6339834879285524e-05,-0.019474522712623406,-0.03826716180458867,-0.1400014274247265,-0.25943997987287837
13,plus,0.0023466443244539504,2.0230407916433854e-05,0.5098062794941332,9.291654663010144e-06,0.04213819469177358,0.07827820037546473,-0.09786323273295292,-0.18116177949741363
14,plus,0.002123742349679331,1.9293477388595255e-05,0.4861956301926004,9.248072872777664e-06,0.039599896249662654,0.07438908040379566,-0.05826333648329026,-0.10677269909361797
15,plus,0.005201440304212267,1.835828240124233e-05,0.4626287165113067,9.732266628922531e-06,0.10814347288096403,0.14866157949191994,0.04988013639767377,0.041888880398301964
16,plus,0.002297736022849029,1.8758602570631347e-05,0.47271678477990997,1.1600917787400085e-05,0.04440974790886143,0.08232065849907144,0.0942898843065352,0.1242095388973734
17,plus,-0.0018654295127216113,1.789751592162481e-05,0.4510174012249452,1.4318784949401082e-05,-0.04575970251988054,-0.08474084327547882,0.048530181786654664,0.03946869562189459
18,plus,-0.0007157447833065637,1.7079231646674905e-05,0.4303966374962076,1.905281313689613e-05,-0.021239884378216528,-0.041767144099923215,0.027290297408438136,-0.002298448478028625
19,plus,-0.0038053348136580785,1.6104618781957406e-05,0.4058363933053266,2.1206650363639252e-05,-0.0986542256465058,-0.148092440418242,-0.07136392823806767,-0.1503908888962706
20,plus,0.005133034097198827,1.6100141303464736e-05,0.40572356084731137,1.730278253184708e-05,0.12162521172003632,0.1616714355131892,0.05026128348196865,0.011280546616918574
21,plus,0.003934585339246893,1.659516212621833e-05,0.41819808558070193,1.596493383743377e-05,0.08933978345802841,0.13949068856219693,0.13960106693999708,0.1507712351791155
22,plus,-0.0015737175155200347,1.6436991558772308e-05,0.4142121872810622,1.6980015391621056e-05,-0.04278314999771507,-0.0803876316847747,0.096817916942282,0.07038360349434081
23,plus,-0.0035397252018373507,1.5639198794953966e-05,0.3941078096328399,1.3299982875103535e-05,-0.09485064261306027,-0.1461019863679347,0.001967274329221738,-0.07571838287359389
24,plus,0.0014602629314217374,1.5539267364933878e-05,0.39158953759633375,1.3886528420636868e-05,0.032223798438399676,0.062270431592073905,0.034191072767621414,-0.013447951281519988
25,plus,-0.0032604307436834485,1.4702447283670543e-05,0.37050167154849767,1.6712153109491443e-05,-0.09335567711854152,-0.14679985041074506,-0.05916460435092011,-0.16024780169226505
26,plus,-0.0016742228821056858,1.45381163240662e-05,0.36636053136646823,1.753944133428924e-05,-0.05111455575014433,-0.0945500374040984,-0.11027916010106444,-0.25479783909636344
27,plus,-0.007945231851881979,1.3876235185667633e-05,0.34968112667882434,2.2668060190889403e-05,-0.2328877348240319,-0.17960881983859434,-0.34316689492509633,-0.4344066589349578
28,plus,-0.002279073883083451,1.702279786822023e-05,0.4289745062791498,2.2767844857392763e-05,-0.057753702031979395,-0.10305328626414312,-0.4009205969570757,-0.5374599451991009
29,plus,0.002992550215744305,1.636970638181662e-05,0.4125166008217789,1.558410209287145e-05,0.06773394117389153,0.11681973910706489,-0.3331866557831842,-0.420640206092036
30,plus,-0.0015191414736559555,1.5855956266853225e-05,0.3995700979247013,1.4168643771247843e-05,-0.04298505271013363,-0.08089174512114816,-0.3761717084933178,-0.5015319512131842
31,plus,0.0016363251383599668,1.5081598430881457e-05,0.3800562804582127,1.0208964176081424e-05,0.0378341975618363,0.07230496035976408,-0.3383375109314815,-0.4292269908534201
32,plus,0.0025339501034336385,1.4300758056125874e-05,0.36037910301437204,9.175824630085697e-06,0.06480779228000348,0.11491528171388232,-0.273529718651478,-0.31431170913953776
33,plus,0.010100858115828913,1.3769996670973439e-05,0.34700391610853065,1.033914451226577e-05,0.2853698462100087,0.16916916516042946,0.0118401275585307,-0.1451425439791083
34,plus,0.0004865148844867633,1.8827302385409482e-05,0.47444802011231896,9.442019261061698e-06,0.006072365651475597,0.012118492584600737,0.0179124932100063,-0.13302405139450757
35,plus,-0.0008575495278428294,1.770264441446215e-05,0.4461066392444462,1.070666945585516e-05,-0.023670623419637306,-0.046334989710150154,-0.005758130209631007,-0.17935904110465772
36,plus,-0.0039002983014706015,1.6707389122991134e-05,0.42102620589937656,1.0955783569721902e-05,-0.09735049606063889,-0.14576784185134972,-0.1031086262702699,-0.32512688295600745
37,plus,0.002433825363123622,1.6712911687245525e-05,0.42116537451858727,1.3193185798983513e-05,0.05307683869468401,0.09647219067771129,-0.050031787575585886,-0.22865469227829616
38,plus,-0.0009990853419536271,1.6009961172903793e-05,0.4034510215571756,1.4241179573731191e-05,-0.029681373360870785,-0.057597697873417175,-0.07971316093645667,-0.28625239015171333
39,plus,0.0023887715697287256,1.5135403595930436e-05,0.381412170617447,2.125834854189156e-05,0.057427608242552323,0.1038081828428119,-0.022285552693904344,-0.18244420730890143
40,plus,0.012340737597702059,1.4515139699283778e-05,0.3657815204219512,2.341195036073141e-05,0.33195566810708343,0.1513784108686025,0.30967011541317907,-0.031065796440298943
41,plus,0.0032085158450881504,2.2490394554920904e-05,0.5667579427840068,2.305742552301269e-05,0.05311091242743485,0.0936055192174905,0.36278102784061395,0.06253972277719155
42,plus,-8.728859138210034e-05,2.1684614138843175e-05,0.546452276298848,2.5227100103806833e-05,-0.005228293525097373,-0.010437185606640753,0.3575527343155166,0.0521025371705508
43,plus,-0.005139537119816669,2.038843480413201e-05,0.5137885570641266,3.231303768496826e-05,-0.103893902361923,-0.14171680291285105,0.2536588319535936,-0.08961426574230025
44,plus,0.0005008003048606509,2.0874751211600182e-05,0.5260437305323246,4.1022635633640924e-05,0.005748335906255444,0.011472722275340352,0.2594071678598491,-0.0781415434669599
45,plus,-0.006132060451797311,1.962775243477617e-05,0.49461936135635953,3.8944369238515365e-05,-0.12798676406136636,-0.15228454413811843,0.13142040379848272,-0.23042608760507832
46,plus,0.001940856595278477,2.0854580707021393e-05,0.5255354338169391,3.7253245470221715e-05,0.03315559303414597,0.06320656126579927,0.1645759968326287,-0.16721952633927906
47,plus,0.00038882682644677077,1.9785472508623595e-05,0.4985939072173146,3.8640513349971746e-05,0.0038190223602367333,0.007628329693195823,0.16839501919286542,-0.15959119664608323
48,plus,-0.00558005075910821,1.8600519610515478e-05,0.46873309418499004,3.740925193111012e-05,-0.12327833321793111,-0.1542198192340387,0.04511668597493432,-0.31381101588012195
49,plus,-0.0024121643628060223,1.948792682967882e-05,0.49109575610790623,4.1204660993823194e-05,-0.053158208531639405,-0.09516758163229078,-0.008041522556705087,-0.4089785975124127
50,plus,0.0003988781066370926,1.872755797545177e-05,0.47193446098138464,3.405967345941619e-05,0.004247738294159058,0.008483469760180107,-0.003793784262546029,-0.4004951277522326
51,plus,-0.009943479332034226,1.7606315679718335e-05,0.44367915512890205,4.566483970194014e-05,-0.22858617343653215,-0.15510734983989138,-0.23237995769907818,-0.555602477592124
52,plus,-0.005684365820746491,2.2721415176369807e-05,0.5725796624445191,3.394027596888341e-05,-0.10274166033148635,-0.13626036889535076,-0.3351216180305645,-0.6918628464874748
53,plus,-0.006715216483847401,2.3434555252116464e-05,0.5905507923533349,4.22224827290706e-05,-0.11707086455187715,-0.13935839163251318,-0.45219248258244166,-0.8312212381199879
54,plus,0.013447112235657647,2.4896378045177384e-05,0.6273887267384701,4.609059707526023e-05,0.21117210068659284,0.12606729248191506,-0.24102038189584882,-0.7051539456380729
55,plus,0.0019686226601195837,3.393427772815842e-05,0.8551437987495922,3.970801059013088e-05,0.020700728512506556,0.04015065153209996,-0.22031965338334225,-0.6650032941059729
56,plus,-0.008272694773856577,3.208623966298049e-05,0.8085732395071084,3.521746978329477e-05,-0.10476611218834188,-0.12003013379373906,-0.3250857655716841,-0.785033427899712
57,plus,-0.007491809753589157,3.4466644991605845e-05,0.8685594537884673,2.5681772370479738e-05,-0.08853996601451725,-0.11263585169399715,-0.41362573158620136,-0.8976692795937091
58,plus,-0.0011856976767927272,3.5947017573785905e-05,0.9058648428594048,2.4894627904987376e-05,-0.015279435846482533,-0.030014963431810315,-0.4289051674326839,-0.9276842430255194
59,plus,0.001198355143860881,3.3905142211203827e-05,0.8544095837223364,2.3715298942851894e-05,0.011703314949860641,0.023170012316247934,-0.41720185248282327,-0.9045142307092715
60,plus,0.005580278319497062,3.193082677218413e-05,0.80465683465904,2.2354950448940898e-05,0.06688398568521249,0.10268905624646507,-0.3503178667976108,-0.8018251744628064
61,plus,-0.005195133744297021,3.175284581965767e-05,0.8001717146553733,1.659471999421135e-05,-0.06740486253044661,-0.10324966374186628,-0.41772272932805743,-0.9050748382046727
62,plus,0.0025380261858407418,3.159309566425821e-05,0.796146010739307,1.172420272664204e-05,0.029386738812588676,0.05554423748977211,-0.38833599051546874,-0.8495306007149006
63,plus,0.007551716854734371,3.002593740063603e-05,0.756653622496028,1.2110599936237866e-05,0.0971819064589263,0.1214402442073057,-0.2911540840565424,-0.7280903565075949
64,plus,0.0022307929028156986,3.146864607752053e-05,0.7930098811535173,1.0352052179839902e-05,0.025628687015181787,0.04909019021648664,-0.26552539704136063,-0.6790001662911083
65,plus,0.001383013115563797,2.9828361470584245e-05,0.751674709058723,9.342525281796107e-06,0.015759482165290654,0.03101916551510797,-0.24976591487606997,-0.6479810007760003
66,plus,0.002318407834487628,2.8122856471248062e-05,0.7086959830754511,1.0069987317995336e-05,0.029914027830029687,0.05677870209690106,-0.21985188704604028,-0.5912022986790992
67,plus,0.0019700679756281233,2.6705147845592058e-05,0.6729697257089199,9.487187331383586e-06,0.02632592833725362,0.05064408748353877,-0.19352595870878667,-0.5405582111955605
68,plus,-0.0004360116280469065,2.5291164720133647e-05,0.6373373509473679,8.101213550849636e-06,-0.00995429383695412,-0.019793389818996587,-0.2034802525457408,-0.560351601014557
69,plus,0.0016640871650878738,2.379784449048585e-05,0.5997056811602435,6.185653477811721e-06,0.024439896314464662,0.04742758213869003,-0.17904035623127612,-0.512924018875867
70,plus,0.0015819218229827783,2.2498865919592514e-05,0.5669714211737313,5.986400406554106e-06,0.024401743595928886,0.04743174920144266,-0.15463861263534723,-0.46549226967442436
71,plus,0.00013308511653776226,2.1263779814283083e-05,0.5358472513199337,5.550623162307594e-06,-0.00121914560005705,-0.002436624605933524,-0.15585775823540426,-0.4679288942803579
72,plus,-0.0005647435425089098,1.9988209087003315e-05,0.5037028689924835,6.567675914296953e-06,-0.015150921066780669,-0.029991115706484273,-0.17100867930218494,-0.49792000998684216
73,plus,0.0019487059784653298,1.882386098866657e-05,0.4743612969143976,6.625207237654636e-06,0.03689789389306957,0.06995535647627094,-0.13411078540911536,-0.4279646535105712
74,plus,0.005325763085885919,1.7878240923318422e-05,0.4505316712676242,5.255150506709681e-06,0.1138066580990147,0.15270173357668293,-0.02030412731010066,-0.2752629199338883
75,plus,0.003279888314396424,1.8382929787674626e-05,0.46324983064940056,6.1978670539454135e-06,0.066518656070829,0.11344012005243442,0.046214528760728346,-0.16182279988145387
76,plus,-0.0008471717228549206,1.7849683518728282e-05,0.4498120246719527,5.437399244713585e-06,-0.023244919297792502,-0.04552777424000887,0.022969609462935844,-0.20735057412146274
77,plus,0.002028640212079636,1.6844297314524437e-05,0.4244762923260158,5.633746619804912e-06,0.04311730823970836,0.08081949346653783,0.0660869177026442,-0.1265310806549249
78,plus,0.002233879859373404,1.6034623440759978e-05,0.40407251070715144,6.6856761876993065e-06,0.05037380932938284,0.0926959830436278,0.11646072703202703,-0.033835097611297105
79,plus,0.0004533756204825873,1.5321133628115346e-05,0.3860925674285067,7.143699147209135e-06,0.006603673408375071,0.01317744471044957,0.12306440044040211,-0.020657652900847534
80,plus,0.0020393867186926443,1.440576597592625e-05,0.3630253025933415,6.8730309420136685e-06,0.05071200291353224,0.09397684529547234,0.17377640335393435,0.07331919239462481
81,plus,-0.0018559884414068328,1.3744771137971416e-05,0.3463682326768797,8.315801903170292e-06,-0.059312631644716764,-0.1075290939733824,0.1144637717092176,-0.034209901578757584
82,plus,-0.0009833025184068623,1.3173318712290638e-05,0.3319676315497241,9.592245531361538e-06,-0.035597302402736106,-0.06870168246720798,0.07886646930648149,-0.10291158404596557
83,plus,0.0005655127201942381,1.2466706640772973e-05,0.3141610073474789,7.745405267696295e-06,0.011685091822216734,0.023261995953038017,0.09055156112869822,-0.07964958809292755
84,plus,0.00262330391260473,1.1726789987886113e-05,0.29551510769473005,6.138096327924772e-06,0.08205642117955496,0.14050192161441455,0.1726079823082532,0.060852333521487
85,plus,-0.00021780652799170978,1.1375988432652887e-05,0.28667490850285277,5.561040501218105e-06,-0.014518857913937953,-0.02885816283844278,0.15808912439431524,0.03199417068304422
86,plus,0.00282979050078048,1.0703823433359436e-05,0.26973635052065775,6.29951172290248e-06,0.09755369631451498,0.1603756702339112,0.2556428207088302,0.19236984091695541
87,plus,-0.0011216919307560054,1.0477042975685503e-05,0.2640214829872747,5.002558145184079e-06,-0.049999894487083474,-0.09464217576352318,0.20564292622174674,0.09772766515343223
88,plus,0.0010406966214260732,9.95298097106153e-06,0.25081512047075055,4.968126943952835e-06,0.033581863861816094,0.06552319117406746,0.23922479008356284,0.1632508563274997
89,plus,0.002690094600983126,9.398368645215845e-06,0.2368388898594393,7.143839069532189e-06,0.10520577528670261,0.17229087725623948,0.34443056537026545,0.3355417335837392
90,plus,-0.002019670937494739,9.206975248718713e-06,0.23201577626771155,7.556402841594379e-06,-0.095600552323998,-0.16213647619078664,0.24883001304626745,0.17340525739295254
91,plus,0.0008735332814806813,8.94975043474841e-06,0.22553371095565994,8.106162263319943e-06,0.029934353503397636,0.05878647915960755,0.2787643665496651,0.2321917365525601
92,plus,0.0017251817343800404,8.440112676764427e-06,0.21269083945446357,1.1328757820081128e-05,0.07178348817858789,0.13129826105926412,0.35054785472825295,0.3634899976118242
93,plus,-0.0024425038415892947,8.07356733750988e-06,0.20345389690524895,1.4123796942156832e-05,-0.12980417579476994,-0.20138806976850532,0.220743678933483,0.1621019278433189
94,plus,-0.006701728900460052,8.007619707534654e-06,0.20179201662987328,1.8418088149247093e-05,-0.34194324008015553,-0.22932815951731733,-0.12119956114667252,-0.06722623167399844
95,plus,0.00302234229234525,1.0383879770152229e-05,0.26167377020783616,1.9214946881787834e-05,0.10791794652133556,0.17171906186128982,-0.01328161462533696,0.10449283018729139
96,plus,0.0005384133338114281,1.023932168503238e-05,0.25803090646281596,1.945579459129471e-05,0.013176740726899169,0.026221365938670083,-0.0001048738984377913,0.13071419612596147
97,plus,-0.006565411082010166,9.631898409854728e-06,0.24272383992833915,1.5454884737836793e-05,-0.27866334771317847,-0.21572492388493014,-0.27876822161161624,-0.08501072775896867
98,plus,-0.006210434774871095,1.1798943233220277e-05,0.297333369477151,1.775452501101383e-05,-0.2155441713304329,-0.19951482829053901,-0.49431239294204915,-0.2845255560495077
99,plus,5.238809699688611e-06,1.3555406195376025e-05,0.34159623612347584,2.0387403891714452e-05,-0.005655035632277394,-0.011288797474126255,-0.4999674285743265,-0.29581435352363394
100,plus,-0.0023149512101311854,1.2744320792730294e-05,0.3211568839768034,2.1030968031650157e-05,-0.07825969281497387,-0.134229384921154,-0.5782271213893004,-0.43004373844478794
101,plus,-0.0023347053966215705,1.2358681433372736e-05,0.31143877212099297,2.0485247685439824e-05,-0.08133599030663276,-0.13857144425109258,-0.6595631116959332,-0.5686151826958805
102,plus,0.0010601287117554682,1.2002161784373775e-05,0.30245447696621913,1.7178171214640024e-05,0.028490767337493044,0.05577202242437096,-0.6310723443584402,-0.5128431602715096
103,plus,-0.0015367992532509187,1.1326585346570429e-05,0.2854299507335748,2.0503419467810625e-05,-0.060792917744056,-0.11158314669608593,-0.6918652621024962,-0.6244263069675955
104,plus,-0.00328590094353674,1.0827647856807978e-05,0.2728567259915611,2.185234027489451e-05,-0.12769755369919678,-0.18580665419066822,-0.819562815801693,-0.8102329611582637
105,plus,-0.002655530437435324,1.0906415478727998e-05,0.27484167006394555,2.3503915939211004e-05,-0.10383953551090035,-0.1661672557442042,-0.9234023513125933,-0.9764002169024679
106,plus,0.0006389006849661625,1.074073003536356e-05,0.27066639689116173,1.5204967414056018e-05,0.01627420291594563,0.0323146535252441,-0.9071281483966477,-0.9440855633772238
107,plus,0.00310715763511904,1.0107928013219621e-05,0.25471978593313443,2.0146216547812183e-05,0.11419391414964149,0.17843689354170422,-0.7929342342470062,-0.7656486698355196
108,plus,-0.002724952899098947,1.000910015883533e-05,0.25222932400265036,1.811839158418587e-05,-0.11590109948837383,-0.1803158905734943,-0.90883533373538,-0.9459645604090139
109,plus,-0.0032101563792457494,9.921318134308089e-06,0.25001721698456386,1.6222506274243307e-05,-0.1363333741079477,-0.19599712139153702,-1.0451687078433276,-1.141961681800551
110,plus,0.0045866512853564335,1.0023139635679766e-05,0.2525831188191301,1.3902807004465105e-05,0.17373443670580646,0.21173775211376356,-0.8714342711375211,-0.9302239296867874
111,plus,0.001372677391345667,1.0577149531295497e-05,0.2665441681886465,1.440840453758578e-05,0.04405516357431175,0.08434620299737272,-0.8273791075632094,-0.8458777266894146
112,plus,-0.003596994927243563,1.0025254413561905e-05,0.25263641122176,1.7154594213499672e-05,-0.15023201158144683,-0.20305668971113233,-0.9776111191446563,-1.048934416400547
113,plus,-0.0049903543551222,1.0288046291441573e-05,0.25925876654432767,2.0223924325982053e-05,-0.20013853813686688,-0.21373187192410903,-1.1777496572815231,-1.262666288324656
114,plus,0.0032731300421361235,1.1286161726106033e-05,0.28441127549787204,1.3779897926211881e-05,0.10810813805961185,0.16891339485397427,-1.0696415192219113,-1.0937528934706817
115,plus,0.0037511627054555236,1.117622522716729e-05,0.2816408757246157,1.592906768331979e-05,0.12614468684285202,0.1831899316365977,-0.9434968323790593,-0.910562961834084
116,plus,0.0005027631010750077,1.126297367028982e-05,0.28382693649130347,1.6507308565201903e-05,0.010723097899893466,0.02136283230041336,-0.9327737344791659,-0.8892001295336707
117,plus,0.005275850387048664,1.0592753000128474e-05,0.26693737560323755,1.4014827553543486e-05,0.19021081919164504,0.20997382028849287,-0.7425629152875208,-0.6792263092451778
118,plus,0.004624013625921324,1.1504010229039623e-05,0.2899010577717985,1.0520247060331312e-05,0.15265901275159635,0.194705598833961,-0.5899039025359245,-0.4845207104112168
119,plus,-0.001892291539863272,1.1988926229471159e-05,0.30212094098267317,1.2545283698178288e-05,-0.06920090449459687,-0.12330149501792231,-0.6591048070305214,-0.6078222054291391
120,plus,0.0002597753378128627,1.1531853308419594e-05,0.29060270337217375,1.7721944070063568e-05,0.00211156464437901,0.004217871236646076,-0.6569932423861424,-0.603604334192493
121,plus,-0.004054876042401252,1.0840168032325267e-05,0.2731722344145967,1.9268589347081983e-05,-0.15569989204534906,-0.20001108434934034,-0.8126931344314915,-0.8036154185418334
122,plus,-0.003160087339358885,1.1275185857149835e-05,0.28413468360017585,2.031666211902892e-05,-0.11820098817987122,-0.17718132182385116,-0.9308941226113627,-0.9807967403656845
123,plus,0.0041890031016039875,1.127544605594355e-05,0.28414124060977747,1.7555126933317448e-05,0.14044390017539646,0.19089199710359583,-0.7904502224359663,-0.7899047432620887
124,plus,0.0004991361628398646,1.1554407998549482e-05,0.29117108156344695,2.287082498541046e-05,0.010328067705502469,0.02057915434774671,-0.7801221547304639,-0.769325588914342
125,plus,0.0019018012283262488,1.0866569594759938e-05,0.27383755378795044,2.5634337430834148e-05,0.062204343646474106,0.1141279292553179,-0.7179178110839898,-0.6551976596590241
126,plus,0.04597513544388154,1.0388667368104804e-05,0.26179441767624106,1.932987333914612e-05,1.7485752046126717,0.05125036198366395,1.0306573935286818,-0.6039472976753602
127,plus,-0.007301383889398425,0.00013549584804495012,3.414495370732743,1.6987025338721903e-05,-0.021964582679172544,-0.03858667535362459,1.0086928108495092,-0.6425339730289847
128,plus,0.005229360340348322,0.00013074091409376573,3.2946710351628963,1.6195545551470694e-05,0.015269954384647332,0.02868612461546638,1.0239627652341565,-0.6138478484135184
129,plus,-0.0008413368781746022,0.00012441508529869365,3.13526014952708,1.7626626452350776e-05,-0.00331631037617129,-0.006612772523298727,1.0206464548579852,-0.6204606209368171
130,plus,-0.008624202109978298,0.00011701504493169284,2.9487791322786596,1.853351551421891e-05,-0.029919551151914688,-0.04897543516279024,0.9907269037060705,-0.6694360560996073
131,plus,-0.004354883560236501,0.00011466445415922567,2.889544244812487,1.891063708892804e-05,-0.01575783539851863,-0.02972122654092857,0.9749690683075519,-0.6991572826405359
132,plus,-0.004529785038964579,0.00010902853731881386,2.7475191404341093,1.716009930074723e-05,-0.017208971059725613,-0.032212701661670895,0.9577600972478263,-0.7313699843022068
133,plus,0.0005868016259156375,0.0001038281763103094,2.616470043019797,1.7407719090936815e-05,0.0014844004369133931,0.0029669892711359225,0.9592444976847397,-0.7284029950310709
134,plus,0.009475642569100788,9.760753648923126e-05,2.4597099195286276,2.0843946573475537e-05,0.03771676406649592,0.058294137539257385,0.9969612617512357,-0.6701088574918135
135,plus,0.009504144589062026,9.691510394429263e-05,2.4422606193961744,3.051809896545411e-05,0.03810294371020109,0.058713058146230956,1.0350642054614367,-0.6113957993455825
136,plus,0.001647191461114834,9.629599646887395e-05,2.4266591110156237,3.050107787328045e-05,0.0059702607429511665,0.011852803445144389,1.041034466204388,-0.5995429959004381
137,plus,0.012113878802600585,9.064417427493691e-05,2.28423319172841,3.521772789050839e-05,0.05216396534003525,0.06853817144165042,1.0931984315444232,-0.5310048244587877
138,plus,-0.003917126236814114,9.372422376724372e-05,2.3618504389345416,3.076213085105794e-05,-0.017425061584692807,-0.0328660409311512,1.0757733699597305,-0.5638708653899389
139,plus,-0.0024214069904384856,8.911702998485116e-05,2.245749155618249,2.8189784029954997e-05,-0.011665682617745232,-0.02274423631887723,1.0641076873419852,-0.5866151017088161
140,plus,-0.00023788914102576737,8.418181549788562e-05,2.1213817505467176,2.599321524825157e-05,-0.0020566870593942983,-0.004109636448680121,1.062051000282591,-0.5907247381574963
141,plus,-0.003226879826417659,7.914232812571832e-05,1.9943866687681018,3.303797182941749e-05,-0.017174666169154158,-0.0327270169547651,1.0448763341134368,-0.6234517551122614
142,plus,0.001626160801307864,7.509774617101475e-05,1.8924632035095716,2.4393717167588386e-05,0.0075443902964528325,0.014950922601898675,1.0524207244098898,-0.6085008325103627
143,plus,0.009793642088326423,7.07141892794731e-05,1.7819975698427222,2.445118074136989e-05,0.05384535620192003,0.07509268646457734,1.1062660806118099,-0.5334081460457853
144,plus,-0.00920095147007291,7.199544354540856e-05,1.8142851773442958,2.7748168761504967e-05,-0.05180753437143855,-0.07352985991802807,1.0544585462403713,-0.6069380059638134
145,plus,0.0033172557869535183,7.297659973899272e-05,1.8390103134226166,3.1052257417232834e-05,0.016959356158999905,0.032470519981712354,1.071417902399371,-0.5744674859821011
146,plus,-0.004926742702173769,6.918163468730949e-05,1.7433771941201992,4.1030774978149286e-05,-0.029397857318954397,-0.05218294161990489,1.0420200450804167,-0.626650427602006
147,plus,0.006483747507186783,6.660676967888056e-05,1.67849059590779,3.105726869821655e-05,0.03744635104955558,0.06252216336580796,1.0794663961299722,-0.564128264236198
148,plus,0.0018901512769300428,6.498068951765095e-05,1.637513375844804,3.223839439117568e-05,0.010331143570931537,0.020359355625254594,1.0897975397009037,-0.5437689086109434
149,plus,-0.0028317647521278657,6.125356691167452e-05,1.543589886174198,2.4908532554180987e-05,-0.019630715889509275,-0.03738586993372284,1.0701668238113944,-0.5811547785446662
150,plus,-0.0008228726333196706,5.8129271419879924e-05,1.464857639780974,1.7512281633159225e-05,-0.006971908423026499,-0.013857828785619475,1.063194915388368,-0.5950126073302857
151,plus,-0.0003532745826698519,5.470409655841583e-05,1.3785432332720788,1.5558071869470484e-05,-0.004001958500591077,-0.007987192881400595,1.059192956887777,-0.6029998002116863
152,plus,-0.000861164966224217,5.144011229627737e-05,1.2962908298661897,1.4425094134136689e-05,-0.008173919310578561,-0.016225694754838926,1.0510190375771984,-0.6192254949665252
153,plus,-0.00040012621018328906,4.842106784814457e-05,1.2202109097732432,1.4255704389656481e-05,-0.004905208630753977,-0.009783646026939152,1.0461138289464444,-0.6290091409934644
154,plus,-0.00038807757159075706,4.553729870676209e-05,1.1475399274104048,1.3058643472766715e-05,-0.005110848485481097,-0.010193104546164733,1.0410029804609633,-0.6392022455396291
155,plus,0.002017084024954209,4.282569903456489e-05,1.0792076156710353,1.2654688095531162e-05,0.016851913386570088,0.03284843502533974,1.0578548938475334,-0.6063538105142894
156,plus,-0.0025741910098872407,4.045461101613005e-05,1.0194561976064773,1.2418812099541872e-05,-0.027196889035640538,-0.051139283054744133,1.030658004811893,-0.6574930935690335
157,plus,0.0008359739474005935,3.848857423455896e-05,0.9699120707108858,1.3712328399947173e-05,0.006573392251120269,0.013096236411872297,1.0372313970630131,-0.6443968571571612
158,plus,0.00019367328482289034,3.620364884125808e-05,0.9123319507997035,1.2569454219127233e-05,-5.194834605599136e-05,-0.0001038590254465177,1.0371794487169572,-0.6445007161826077
159,plus,-0.0009246355340147872,3.403143125850506e-05,0.8575920677143276,1.75840789818566e-05,-0.013095366371807256,-0.0258614395412069,1.02408408234515,-0.6703621557238146
160,plus,-0.0015747814662956114,3.2065219622936264e-05,0.8080435344979938,1.497701472991413e-05,-0.021944289991874345,-0.04248333204610333,1.0021397923532758,-0.712845487769918
161,plus,0.003163752766601134,3.0329959498305424e-05,0.7643149793572966,1.7975683211468807e-05,0.03879735643388743,0.07073216379647018,1.0409371487871633,-0.6421133239734478
162,plus,-0.0018538200219553338,2.9037756431607327e-05,0.7317514620765047,1.8350222148337095e-05,-0.02804548848518011,-0.05348257477404861,1.012891660301983,-0.6955958987474964
163,plus,0.002466308595197365,2.7548190594023838e-05,0.6942144029694007,1.56151312158494e-05,0.03266852267950755,0.061483635263548386,1.0455601829814907,-0.634112263483948
164,plus,-0.0010931421420503425,2.620390026630157e-05,0.6603382867107995,1.534959718922817e-05,-0.01955898766519179,-0.03828689763808324,1.0260011953162989,-0.6723991611220312
165,plus,0.003722519334927878,2.4731753084678884e-05,0.6232401777339078,1.2839730938628299e-05,0.05654492060073501,0.09683872713551622,1.0825461159170338,-0.575560433986515
166,plus,-0.0014974477132952521,2.399300755472997e-05,0.6046237903791952,1.2065020688997987e-05,-0.02804819192847798,-0.05391424700836822,1.0544979239885557,-0.6294746809948832
167,plus,-0.002373858552385457,2.2725983653606064e-05,0.5726947880708728,8.63052519089147e-06,-0.044915220190197176,-0.0818457329236173,1.0095827037983585,-0.7113204139185005
168,plus,0.002045220985388949,2.175941939765066e-05,0.5483373688207966,6.223924966530824e-06,0.033680146420584554,0.0639813228526025,1.043262850218943,-0.647339091065898
169,plus,0.00046427238110923456,2.0658496284722273e-05,0.5205941063750013,5.025367620846475e-06,0.0051068515651813496,0.010195608767613606,1.0483697017841243,-0.6371434822982844
170,plus,-0.0006949453598331007,1.9423227389891943e-05,0.489465330225277,4.8148887854309514e-06,-0.018251712697089906,-0.03598666014540797,1.0301179890870344,-0.6731301424436924
171,plus,-0.0015003494506090763,1.830571906371239e-05,0.46130412040555224,5.471436778750664e-06,-0.036825210828993246,-0.069928991155086,0.9932927782580412,-0.7430591335987784
172,plus,0.002168439308274313,1.738052349022659e-05,0.43798919195371006,9.091263053131354e-06,0.04497888637557571,0.08367251228480832,1.038271664633617,-0.6593866213139701
173,plus,-0.004296339658120159,1.6570552371426765e-05,0.4175779197599545,7.190774267992459e-06,-0.10763865003007522,-0.1530168162122214,0.9306330146035418,-0.8124034375261915
174,plus,0.0020778026410895314,1.678848715393462e-05,0.4230698762791524,9.737422264010596e-06,0.044422684006855714,0.08296769388218372,0.9750556986103974,-0.7294357436440078
175,plus,0.0005374774244026907,1.5993104318096632e-05,0.4030262288160351,1.098612899762119e-05,0.008412969225006976,0.016772032576236384,0.9834686678354044,-0.7126637110677714
176,plus,-0.0006114473585826053,1.5040415952315473e-05,0.3790184819983499,6.232683904095301e-06,-0.021367297254882404,-0.04208680995823766,0.962101370580522,-0.754750521026009
177,plus,-0.001420516727662109,1.4177343393891532e-05,0.3572690535260666,5.644966179206895e-06,-0.04531401222962876,-0.0852988444479621,0.9167873583508933,-0.8400493654739711
178,plus,7.607591981839543e-05,1.3483958739454694e-05,0.3397957602342583,6.781945737184399e-06,-0.0036003032677618726,-0.007190951288254865,0.9131870550831315,-0.847240316762226
179,plus,0.0007163036178424226,1.2675819192331221e-05,0.3194306436467468,5.259775662025077e-06,0.01621293791720407,0.03216601713526579,0.9293999930003355,-0.8150742996269602
180,plus,-0.0038707282878085373,1.1931362701057014e-05,0.30067034006663673,6.443928402632689e-06,-0.13533562989017817,-0.1849827843182945,0.7940643631101574,-1.0000570839452547
181,plus,-0.0001667826215627485,1.2208955440938325e-05,0.3076656771116458,6.104537729906174e-06,-0.01186987522962871,-0.02362843957698857,0.7821944878805287,-1.0236855235222433
182,plus,-5.250843910488786e-05,1.1484420171785943e-05,0.28940738832900575,6.1484339461529805e-06,-0.008670170411556068,-0.01728903894881384,0.7735243174689727,-1.0409745624710571
183,plus,0.001963306973315671,1.0799132646513974e-05,0.27213814269215214,6.245890578879533e-06,0.06485288160798006,0.11821326988309533,0.8383771990769527,-0.9227612925879618
184,plus,0.00021577645567622623,1.0338075795818252e-05,0.26051951005461993,6.423430348934432e-06,0.0006665050636663401,0.0013313073254890284,0.8390437041406191,-0.9214299852624728
185,plus,-0.0036158611536283203,9.717809338073135e-06,0.244888795319443,7.706181543766943e-06,-0.1557553438517072,-0.20770288582400998,0.6832883602889119,-1.1291328710864827
186,plus,0.0023471212931223625,1.0007661878890577e-05,0.2521930793480425,9.325461131280424e-06,0.08520093415189672,0.14755210897857296,0.7684892944408086,-0.9815807621079098
187,plus,-0.0005881614970533704,9.684219083655893e-06,0.2440423209081285,9.327130256163788e-06,-0.03223105699614209,-0.06303665370143996,0.7362582374446665,-1.0446174158093497
188,plus,0.0003606728482033105,9.140287876534924e-06,0.23033525448868009,9.459871506316253e-06,0.007044520829032988,0.014055392981070725,0.7433027582736994,-1.030562022828279
189,plus,-0.0018021664925964537,8.593450305315433e-06,0.21655494769394892,8.010407880799375e-06,-0.09238205879445041,-0.15976137598082474,0.650920699479249,-1.1903233988091038
190,plus,-0.0004738785110013125,8.317982312966436e-06,0.20961315428675417,7.3652546961886e-06,-0.032072949414916285,-0.06290956053242613,0.6188477500643328,-1.25323295934153
191,plus,0.005109681161075744,7.84602190240377e-06,0.197719751940575,6.563032445974318e-06,0.24839543922446022,0.24529356462947494,0.8672431892887931,-1.007939394712055
192,plus,-0.00236110998493753,8.822494063000463e-06,0.22232685038761169,6.279996075294757e-06,-0.1151243171433354,-0.18440374954312677,0.7521188721454577,-1.1923431442551817
193,plus,0.0008379426279845077,8.686213801215497e-06,0.21889258779063053,6.238139850509879e-06,0.029216609663526658,0.05744657651343754,0.7813354818089844,-1.1348965677417442
194,plus,0.0006545808523775152,8.189580884991654e-06,0.20637743830178967,4.760655058093662e-06,0.022103586405494258,0.04376713324849568,0.8034390682144786,-1.0911294344932485
195,plus,0.00520306226093915,7.710691394973655e-06,0.1943094231533361,7.5469183864453006e-06,0.25756082650593404,0.24726424365885435,1.0609998947204127,-0.8438651908343942
196,plus,0.002742497753163053,8.750840945897009e-06,0.22052119183660462,1.0719746284552805e-05,0.11536691932244755,0.18493515832955598,1.1763668140428603,-0.6589300325048382
197,plus,0.004796067572982713,8.614132615091435e-06,0.21707614190030416,1.0918240512979873e-05,0.2117991795100893,0.23292748681612885,1.3881659935529496,-0.4260025456887093
198,plus,0.008370906243135676,9.365590478925393e-06,0.2360128800689199,1.4170651747567141e-05,0.34627320095142544,0.20506433289497927,1.734439194504375,-0.22093821279373005
199,plus,0.0026196551327307928,1.2811034094502198e-05,0.3228380591814554,1.48916373598898e-05,0.07499866776727224,0.13005031428948488,1.8094378622716472,-0.09088789850424517
200,plus,0.00040465379077811805,1.2394116944376624e-05,0.3123317469982909,1.3648008040387726e-05,0.00660327021980728,0.013177535013048747,1.8160411324914545,-0.07771036349119642
201,plus,0.0012154114365100365,1.1653022051004831e-05,0.2936561556853217,1.5665449436602606e-05,0.03463229761773294,0.06720355310914528,1.8506734301091874,-0.010506810382051146
202,plus,0.001973945569328264,1.1015897913942036e-05,0.2776006274313393,1.3267587429412695e-05,0.06395997326608059,0.1166678033100137,1.9146334033752679,0.10616099292796255
203,plus,0.003421679022080754,1.0544095057647613e-05,0.2657111954527199,1.4846027875515923e-05,0.1213071326624473,0.18251569458828953,2.035940536037715,0.2886766875162521
204,plus,4.6601474199857126e-05,1.0534816101786311e-05,0.265477365765015,1.9526742818882897e-05,-0.005718424385271912,-0.011414320922868981,2.0302221116524435,0.2772623665933831
205,plus,-0.0021933874362248047,9.904109934546952e-06,0.24958357035058318,1.959656125666051e-05,-0.09583163392036613,-0.1605789562497657,1.9343904777320773,0.1166834103436174
206,plus,-0.004710485237100422,9.653105811517253e-06,0.2432582664502348,1.8238454173317604e-05,-0.20179778501041698,-0.22022578604619136,1.7325926927216604,-0.10354237570257396
207,plus,-0.0029261790793086244,1.0519756199303317e-05,0.2650978562224436,1.3810649888643738e-05,-0.11786559960332076,-0.1799184301757597,1.6147270931183397,-0.28346080587833367
208,plus,-0.0015600437322600014,1.047435525398934e-05,0.26395375240053137,1.0405449688509584e-05,-0.06661986862018028,-0.12118126114251027,1.5481072244981595,-0.40464206702084393
209,plus,-0.00175501943360824,1.003142407986443e-05,0.25279188681258363,1.2755585017974345e-05,-0.07727432065369985,-0.13702211657172736,1.4708329038444596,-0.5416641835925713
210,plus,0.003347301852862713,9.658492460737275e-06,0.24339401001057934,1.2723000086221696e-05,0.129374143361751,0.19264999706207497,1.6002070472062107,-0.3490141865304963
211,plus,0.0012557935139088506,9.673913087513814e-06,0.2437826098053481,9.944856601265233e-06,0.043373923034970945,0.08342629559215098,1.6435809702411817,-0.26558789093834534
212,plus,0.0017956499791307711,9.160561553601742e-06,0.2308461511507639,7.588084829204336e-06,0.0691905527883343,0.12647916532872916,1.712771523029516,-0.13910872560961618
213,plus,0.0013072267892606387,8.763997876240577e-06,0.22085274648126255,5.89179196161151e-06,0.05020603585484565,0.09579747370574943,1.7629775588843617,-0.043311251903866754
214,plus,0.0029206919611643135,8.311926124949918e-06,0.20946053834873793,6.057808576669123e-06,0.12996621149799586,0.20021097755042483,1.8929437703823575,0.15689972564655807
215,plus,-0.0013109309132629428,8.257858820517371e-06,0.20809804227703776,5.9393200523140116e-06,-0.07253040899184794,-0.13267331232323976,1.8204133613905096,0.02422641332331832
216,plus,0.0027205242999773583,7.899074379572693e-06,0.19905667436523186,6.448618023127955e-06,0.1267031919229724,0.19959182647563267,1.947116553313482,0.223818239798951
217,plus,-0.0015691302934764707,7.806792732643154e-06,0.1967311768626075,7.0156895994900734e-06,-0.08984559641624978,-0.15834411463647946,1.8572709568972323,0.06547412516247153
218,plus,-0.0019858560438659454,7.525837662375156e-06,0.18965110909185393,5.85171977646244e-06,-0.11517300124096479,-0.18995159262643035,1.7420979556562675,-0.12447746746395882
219,plus,-0.000979424177994743,7.3605491989423776e-06,0.1854858398133479,5.743127115715068e-06,-0.06350009669701386,-0.11930855686248965,1.6785978589592536,-0.24378602432644847
220,plus,0.0005622338681575581,7.002154229451349e-06,0.176454286582174,5.952473376636027e-06,0.0206184376017088,0.04090312008583297,1.6992162965609625,-0.2028829042406155
221,plus,-0.0016458732461485212,6.589966926297538e-06,0.16606716654269796,5.500493134253302e-06,-0.11105662744519883,-0.18924982384988986,1.5881596691157638,-0.39213272809050537
222,plus,-0.0001852066819516174,6.39865234943805e-06,0.16124603920583885,6.343591459736526e-06,-0.02379093354811686,-0.047124922041763995,1.564368735567647,-0.43925765013226936
223,plus,-0.0035979912066765236,6.0235630382112324e-06,0.15179378856292305,6.3327419006116005e-06,-0.2501027177087355,-0.27812940985864554,1.3142660178589116,-0.7173870599909149
224,plus,-7.008282274333983e-05,6.52691021255316e-06,0.16447813735633965,7.301770614584116e-06,-0.016324085709600804,-0.03246370011937749,1.2979419321493109,-0.7498507601102924
225,plus,-0.004527278046591482,6.139620990492821e-06,0.15471844896041909,5.357563254176101e-06,-0.3054380894299898,-0.2760352000931787,0.9925038427193211,-1.0258859602034711
226,plus,0.002315533949912548,7.111172912108343e-06,0.17920155738513024,4.6826444894104e-06,0.11814190023749893,0.1950308561458307,1.11064574295682,-0.8308551040576404
227,plus,-0.001671172132382731,6.95343468099498e-06,0.17522655396107348,4.8391593273710865e-06,-0.10669529181123752,-0.1825276521001502,1.0039504511455823,-1.0133827561577906
228,plus,0.0015141963317160177,6.745949446507703e-06,0.16999792605199412,6.568015513372279e-06,0.07739998150923824,0.14237252775525722,1.0813504326548207,-0.8710102284025334
229,plus,0.0005822128061547139,6.445069673897374e-06,0.16241575578221382,8.195486238956082e-06,0.023630718946791092,0.04681046911058484,1.1049811516016117,-0.8241997592919486
230,plus,0.0010060333637134456,6.067203644825697e-06,0.15289353184960758,6.82634541427449e-06,0.05282242195145027,0.101787298623921,1.157803573553062,-0.7224124606680276
231,plus,0.0033935071754800272,5.742306494477404e-06,0.14470612366083058,4.447653581524131e-06,0.2207988436312585,0.27708091737459295,1.3786024171843205,-0.4453315432934346
232,plus,3.347354264105775e-05,6.010285827851929e-06,0.15145920286186862,3.8937418489952415e-06,-0.010890005536478745,-0.021699986558374462,1.3677124116478419,-0.46703152985180907
233,plus,-0.0002234394273048372,5.651300973687213e-06,0.14241278453691775,4.233566871932177e-06,-0.029621787614733327,-0.058495615098495435,1.3380906240331085,-0.5255271449503045
234,plus,0.004199460350012432,5.322900468224324e-06,0.13413709179925296,5.939593890353594e-06,0.2982804828948898,0.29778830017617963,1.6363711069279983,-0.22773884477412487
235,plus,0.0018893135409315774,5.9640293787531695e-06,0.15029354034457987,6.479556509051193e-06,0.1125065547489353,0.19371027304809463,1.7488776616769335,-0.03402857172603024
236,plus,0.002181671036502824,5.777736355581843e-06,0.14559895616066243,6.548739358342247e-06,0.13621377449311392,0.22173178505518454,1.8850914361700475,0.1877032133291543
237,plus,-0.002548751953418973,5.6670709923831724e-06,0.14281018900805595,6.898513891398074e-06,-0.19236475148679366,-0.26619871243607474,1.6927266846832538,-0.07849549910692044
238,plus,0.003320212458351495,5.779861550296588e-06,0.145652511067474,7.292609733814626e-06,0.21433202469764578,0.27421730929994403,1.9070587093808995,0.1957218101930236
239,plus,0.0016982765389097847,6.017807881748029e-06,0.1516487586200503,6.0694325032851466e-06,0.0989037994208006,0.1756000738924346,2.0059625088017,0.3713218840854582
240,plus,-0.002432813124777948,5.791714901244987e-06,0.14595121551137366,6.74333475935016e-06,-0.180281186009417,-0.2575686940062809,1.825681322792283,0.11375319007917728
241,plus,0.002328351766410161,5.859612967127806e-06,0.1476622467716207,5.127976306159861e-06,0.14424398345310946,0.22901291016612824,1.9699253062453925,0.3427661002453055
242,plus,-0.000638324431251207,5.780234615103052e-06,0.1456619123005969,3.4301758824920467e-06,-0.057443783103517346,-0.11020095045367206,1.9124815231418753,0.23256514979163345
243,plus,-0.0006647392933608482,5.47542827964636e-06,0.13798079264708826,4.282412431083471e-06,-0.06255595255067273,-0.11942553858165361,1.8499255705912026,0.11313961120997984
244,plus,0.00020092257216091354,5.191604464521736e-06,0.13082843250594775,3.683952562468307e-06,0.00019184467016380543,0.00038272180121001753,1.8501174152613664,0.11352233301118986
245,plus,0.00031719718933496244,4.880108574618406e-06,0.12297873608038383,3.527794021429407e-06,0.009658945498075514,0.019247650532424387,1.859776360759442,0.13276998354361425
246,plus,0.0013494283706941734,4.588148645458321e-06,0.1156213458655497,3.555127438202274e-06,0.09955044751165013,0.1812023225922026,1.9593268082710922,0.31397230613581684
247,plus,0.003506169817710665,4.392349951401077e-06,0.11068721877530713,4.260580222778827e-06,0.2988382178083856,0.3263300951149155,2.2581650260794777,0.6403024012507323
248,plus,0.0035427277860383918,4.785284383932995e-06,0.12058916647511148,4.050452432399136e-06,0.27733130474170165,0.3115682360720813,2.5354963308211795,0.9518706373228136
249,plus,-0.002303957072193507,5.169233925216267e-06,0.13026469491544992,3.6637825399915146e-06,-0.19209884706139316,-0.2733810137889261,2.3433974837597864,0.6784896235338875
250,plus,0.0017979718550016899,5.234791157833916e-06,0.13191673717741467,3.4354054881507983e-06,0.12125520921865632,0.20817033065174861,2.4646526929784427,0.8866599541856361
251,plus,0.002673218978520595,5.074219058089542e-06,0.12787032026385647,5.4758271023430835e-06,0.1935403207719516,0.27571084976152527,2.6581930137503944,1.1623708039471614
252,plus,0.0007437516301517077,5.137245882047859e-06,0.12945859622760605,5.390937377030214e-06,0.04212458250205559,0.08245279093566804,2.70031759625245,1.2448235948828295
253,plus,0.0006184296829651343,4.8468548021532014e-06,0.12214074101426067,6.532791793907095e-06,0.034387951232701,0.06777307551776612,2.7347055474851514,1.3125966704005956
254,plus,-0.0032752295957668176,4.566628370062761e-06,0.11507903492558157,5.7590646479715585e-06,-0.301848403267009,-0.320802721869339,2.4328571442181426,0.9917939485312566
255,plus,-0.0038186237416173367,5.016602115133759e-06,0.12641837330137073,5.676193113069951e-06,-0.3177573271294798,-0.3065640437275947,2.115099817088663,0.6852299048036619
256,plus,0.00350835579601448,5.683800893857484e-06,0.1432317825252086,5.799371702441012e-06,0.2310899884960404,0.2811968608781834,2.3461898055847032,0.9664267656818453
257,plus,-0.0007453909734700615,6.000116238787736e-06,0.15120292921745093,6.135988298707947e-06,-0.06241966850559081,-0.11872095472423183,2.2837701370791126,0.8477058109576134
258,plus,0.0001238605072851708,5.6935551867240335e-06,0.14347759070544563,8.153298078067506e-06,-0.005196086075949003,-0.010364920637769615,2.278574051003164,0.8373408903198438
259,plus,0.003619435638109947,5.352275357272706e-06,0.1348773390032722,8.39636898793538e-06,0.25363956354553024,0.29323368491634394,2.532213614548694,1.1305745752361878
260,plus,0.002934321498796803,5.733342713072432e-06,0.1444802363694253,9.736886155868714e-06,0.1893621487016804,0.2636346827202507,2.7215757632503745,1.3942092579564385
261,plus,-0.004301056983611056,5.838453968129238e-06,0.14712903999685678,1.1389332445336517e-05,-0.3058179188907832,-0.28362469827007164,2.4157578443595913,1.1105845596863668
262,plus,-0.003641532598916313,6.702860375208541e-06,0.16891208145525524,9.836390161202383e-06,-0.22733396357715313,-0.2621875966991203,2.1884238807824383,0.8483969629872465
263,plus,-0.0014835505235333678,7.185399545884781e-06,0.18107206855629648,9.30370888025037e-06,-0.09288915929201598,-0.1640017487755756,2.0955347214904223,0.6843952142116709
264,plus,0.002918063432639145,6.924015589930446e-06,0.17448519286624725,1.172330179747607e-05,0.15586713631976853,0.22967033690663463,2.251401857810191,0.9140655511183056
265,plus,-0.006176374865100947,6.9523646615053265e-06,0.17519958946993422,1.0137392532677303e-05,-0.36385859023988265,-0.2467990293283746,1.887543267570308,0.667266521789931
266,plus,-0.001217748404795509,8.973497770610704e-06,0.22613214381938973,1.0346684308204893e-05,-0.06262537820979958,-0.116422988614036,1.8249178893605085,0.550843533175895
267,plus,0.0011124494310730485,8.555418640588455e-06,0.21559654974282907,1.0604102476671995e-05,0.04239570316643028,0.08200167006373338,1.8673135925269388,0.6328452032396283
268,plus,0.003395550897891956,8.092221311072292e-06,0.20392397703902176,1.5550996086711813e-05,0.1567808869708083,0.2205026732957318,2.024094479497747,0.8533478765353602
269,plus,-0.000582860479520506,8.219989592402123e-06,0.2071437377285335,1.4093809953538033e-05,-0.037716475839452146,-0.07350010093342263,1.986378003658295,0.7798477756019375
270,plus,0.004723009266271311,7.763413483571465e-06,0.19563801978600093,1.4212020508047468e-05,0.23127388903280927,0.24608446308485465,2.217651892691104,1.0259322386867922
271,plus,-0.0005274891958148869,8.525927120669853e-06,0.2148533634408803,1.4888006779103248e-05,-0.033785921830696716,-0.06611086028564994,2.1838659708604076,0.9598213784011422
272,plus,-0.0023047800435913503,8.045987507032254e-06,0.2027588851772128,1.5233213427087438e-05,-0.12345662385232783,-0.19584270980647744,2.0604093470080795,0.7639786685946648
273,plus,-0.0005873747551574437,7.939186690827622e-06,0.20006750460885608,1.500593014227189e-05,-0.039276116084238845,-0.07644822943163732,2.021133230923841,0.6875304391630275
274,plus,0.006424783902929566,7.499883204709259e-06,0.18899705675867334,1.380594859621662e-05,0.3294427601836784,0.24194294814118678,2.3505759911075192,0.9294733873042142
275,plus,0.0058443486250484905,9.375952115012915e-06,0.23627399329832546,1.3213460627071785e-05,0.23895714665079926,0.22398557225187066,2.5895331377583184,1.153458959556085
276,plus,0.000847225050732008,1.0725990537372748e-05,0.2702949615417933,1.3632851626845195e-05,0.0240038640978881,0.047331617033531614,2.6135370018562063,1.2007905765896165
277,plus,0.0027021831950754865,1.010768855324171e-05,0.25471375154169107,1.3238155653601547e-05,0.09829742138021061,0.16277939474509218,2.711834423236417,1.3635699713347087
278,plus,0.0009396683144706557,9.877359242044748e-06,0.24890945289952765,1.0628410269385277e-05,0.02978013118518104,0.05840162788961312,2.741614554421598,1.4219715992243218
279,plus,0.0033181494573586425,9.31768528082231e-06,0.2348056690767222,1.2825499679630833e-05,0.13286462678746386,0.19696692178741504,2.874479181209062,1.6189385210117369
280,plus,-0.004061912465178127,9.342589610680083e-06,0.2354332581891381,9.229728237563959e-06,-0.1809568111302373,-0.21957392058042746,2.6935223700788247,1.3993646004313094
281,plus,-0.000629455920905749,9.87105646401079e-06,0.24875062289307193,1.1524830730827729e-05,-0.033281067186485616,-0.06497458909651321,2.660241302892339,1.3343900113347962
282,plus,-0.0009635945065036502,9.319915063221275e-06,0.23486185959317613,1.093662556543449e-05,-0.04947619877187205,-0.0942749764780082,2.6107651041204667,1.240115034856788
283,plus,0.0018085759708200001,8.841735804084648e-06,0.22281174226293313,1.180906365478365e-05,0.07226563806979251,0.13150562600286353,2.683030742190259,1.3716206608596515
284,plus,2.490417781633947e-05,8.466789201668131e-06,0.2133630878820369,1.4672309476300934e-05,-0.00813207768591573,-0.016219831961995723,2.6748986645043433,1.3554008288976558
285,plus,-0.0033554702815896385,7.960588161971216e-06,0.20060682168167465,1.5175580739941717e-05,-0.17715663655953245,-0.23161551476340048,2.497742027944811,1.1237853141342553
286,plus,0.002826553735909044,8.24075792638596e-06,0.2076670997449262,1.2159738729018697e-05,0.12655548426902696,0.19766296225929647,2.624297512213838,1.3214482763935518
287,plus,0.001150468602367562,8.160739969581143e-06,0.2056506472334448,1.1806122855238185e-05,0.04629481680522674,0.0891523821858673,2.6705923290190645,1.410600658579419
288,plus,0.0009137044972409109,7.725480198061593e-06,0.19468210099115216,1.69634965162201e-05,0.03674152863496787,0.0717800235627557,2.7073338576540324,1.4823806821421748
289,plus,-0.0027143632969269965,7.292649927626151e-06,0.18377477817617902,1.3348193700129382e-05,-0.15849704862912745,-0.2282290969438101,2.548836809024905,1.2541515851983647
290,plus,0.0043639310934078315,7.3641467719102105e-06,0.1855764986521373,1.469030062461921e-05,0.22446368075967352,0.2513388826852143,2.7733004897845785,1.505490467883579
291,plus,-0.005489325200547183,7.963390575538168e-06,0.20067744250356181,1.3708407136098838e-05,-0.28342686791311533,-0.24075202253997752,2.489873621871463,1.2647384453436015
292,plus,-0.0020678127905632768,9.426608885441754e-06,0.23755054391313218,1.1443922770027567e-05,-0.09539971795664218,-0.16132355817416144,2.394473903914821,1.10341488716944
293,plus,0.0037606015570531203,9.169159030328313e-06,0.23106280756427347,1.4124657465683798e-05,0.15416539321887823,0.21087799018418085,2.548639297133699,1.3142928773536209
294,plus,-0.0036173350641215446,9.38036085638593e-06,0.23638509358092544,1.4213575559355287e-05,-0.16142082839195349,-0.21265410545335506,2.3872184687417457,1.1016387719002658
295,plus,0.00500106882258012,9.69113506423988e-06,0.24421660361884498,1.515117397610091e-05,0.19665559396866597,0.21924802685056477,2.5838740627104118,1.3208867987508306
296,plus,0.005633600784616492,1.0493597311205659e-05,0.2644386522423826,1.1821087611186476e-05,0.20553682451920602,0.21202107741565168,2.789410887229618,1.5329078761664823
297,plus,-0.0008513025032107026,1.163645764447802e-05,0.2932387326408461,1.1468200708878861e-05,-0.0357972902204933,-0.06933116777797821,2.7536135970091244,1.463576708388504
298,plus,-0.005253008031952209,1.1004384306080494e-05,0.27731048451322843,1.0899371577259247e-05,-0.19658184723646321,-0.20686012842253554,2.557031749772661,1.2567165799659685
299,plus,0.0038179992758561932,1.2127200526482801e-05,0.3056054532673666,8.891035665655181e-06,0.11843985566176428,0.17407244468520755,2.675471605434425,1.430789024651176
300,plus,0.0008803225918958765,1.2185652914390379e-05,0.30707845344263757,7.509592155082924e-06,0.022206373838292087,0.04380911178249125,2.6976779792727172,1.4745981364336673
301,plus,0.001549489633538458,1.148241380569677e-05,0.2893568279035586,4.703728999577228e-06,0.04669241589751143,0.08859556204386809,2.7443703951702285,1.5631936984775354
302,plus,0.0037130115721096474,1.0902993510432692e-05,0.27475543646290385,4.723161669261553e-06,0.12791735511924884,0.18560136719304188,2.8722877502894772,1.7487950656705773
303,plus,0.002375038541551698,1.0989958214386243e-05,0.2769469470025333,4.68069529369303e-06,0.07859360309608646,0.13731833540658034,2.950881353385564,1.8861134010771576
304,plus,-0.0040168080344899545,1.06148227251843e-05,0.2674935326746444,5.243309128185211e-06,-0.15758215500595588,-0.20220847249282858,2.793299198379608,1.683904928584329
305,plus,0.0016037083006258776,1.1044018511298784e-05,0.27830926648472937,6.06102957825422e-06,0.05049402845845548,0.0952084500836552,2.8437932268380637,1.7791133786679842
306,plus,-0.002093592987575402,1.0499868744396838e-05,0.26459669235880034,3.7897765124457088e-06,-0.08662261291158087,-0.14835369886043726,2.757170613926483,1.630759679807547
307,plus,-0.0013512981534549305,1.0185074023609135e-05,0.2566638653949502,4.25415281718986e-06,-0.06037900385716388,-0.1118375992238354,2.696791610069319,1.5189220805837116
308,plus,-0.0001688817437661941,9.718065805656364e-06,0.24489525830254036,4.565152884172191e-06,-0.014998021796124032,-0.02981804947237876,2.681793588273195,1.4891040311113328
309,plus,0.002347961088377492,9.143076169752313e-06,0.23040551947775828,5.029604277154678e-06,0.09329413613167785,0.15952986072146746,2.7750877244048726,1.6486338918328003
310,plus,-0.0004600895529509976,8.871725096415187e-06,0.2235674724296627,3.6983007085467037e-06,-0.029454296021120402,-0.057881770893144946,2.7456334283837522,1.5907521209396553
311,plus,0.001866842004204331,8.36543910353334e-06,0.21080906540904015,4.747309397801449e-06,0.07914409669974681,0.1423097907048101,2.824777525083499,1.7330619116444654
312,plus,0.002515799016956699,8.0305321382268e-06,0.20236940988331537,5.007038652669316e-06,0.11451267856541102,0.18708955834549013,2.93929020364891,1.9201514699899556
313,plus,0.00385036311040173,7.870916970895686e-06,0.1983471076665713,5.002581204988946e-06,0.18411916639228706,0.23519440829025484,3.123409370041197,2.1553458782802104
314,plus,0.00022049736045263337,8.198866461339557e-06,0.20661143482575683,5.100400458209002e-06,0.001068898343335149,0.0021343383815679573,3.1244782683845322,2.1574802166617784
315,plus,0.005062815054989199,7.706963737597029e-06,0.19421548618744514,3.978642083207406e-06,0.2504641855326445,0.24749718066178694,3.3749424539171766,2.4049773973235653
316,plus,-0.00045830645967324046,8.664290530541228e-06,0.21834012136963896,6.057177313071503e-06,-0.030077804938751777,-0.05908766615443639,3.344864648978425,2.345889731169129
317,plus,-0.005231300865170775,8.17030990186458e-06,0.2058918095269874,4.793567858636678e-06,-0.2637168314785135,-0.23939013612207383,3.0811478174999114,2.106499595047055
318,plus,0.004229108353748364,9.448998670706446e-06,0.23811476650180244,6.438120919637499e-06,0.16927533367844091,0.2151106487693566,3.250423151178352,2.3216102438164117
319,plus,0.0008556140119536947,9.856849198420567e-06,0.2483925998001983,7.0710435341909664e-06,0.02645816799975664,0.0520875194907493,3.2768813191781088,2.373697763307161
320,plus,-0.0002318918891253386,9.291353060506533e-06,0.23414209712476464,1.0204839460550864e-05,-0.018377924893563477,-0.036462590745339085,3.258503394284545,2.337235172561822
321,plus,-0.000127222792021182,8.744981599159517e-06,0.22037353629881984,9.689735558122136e-06,-0.014776524255268498,-0.029390389886040147,3.2437268700292767,2.3078447826757817
322,plus,-0.001531358011313808,8.226645011567754e-06,0.2073114542915074,9.152232758632399e-06,-0.08343826035266817,-0.14865156328064355,3.1602886096766087,2.159193219395138
323,plus,0.0007112031454833633,7.912572713367353e-06,0.1993968323768573,1.1152682637733386e-05,0.02571708090635552,0.05078855141567473,3.1860056905829643,2.209981770810813
324,plus,0.00518100602475141,7.453595593121728e-06,0.18783060894666753,1.3190841612804554e-05,0.2652705730062061,0.2513479444596669,3.4512762635891705,2.46132971527048
325,plus,-0.0017107560912284466,8.495954032874928e-06,0.2140980416284482,1.1059119929770591e-05,-0.08917264142725652,-0.15585623691004358,3.362103622161914,2.3054734783604363
326,plus,0.0007859827727455191,8.204892318942823e-06,0.20676328643735914,1.2295234022762903e-05,0.028417524428875362,0.055962282053017454,3.3905211465907894,2.3614357604134537
327,plus,0.004461739187301627,7.73331309534134e-06,0.1948794900026018,1.4747137688716493e-05,0.21876732583977973,0.24523398539788266,3.609288472430569,2.6066697458113364
328,plus,0.004047683853071644,8.359871474672581e-06,0.21066876116174904,1.1326791245296837e-05,0.18271675085721514,0.2296032220083699,3.7920052232877843,2.8362729678197063
329,plus,-0.002249060649087614,8.747292491517591e-06,0.2204317707862433,1.4560684035313985e-05,-0.11103087993035596,-0.1806269032270622,3.6809743433574282,2.655646064592644
330,plus,-0.0035544509955937865,8.581862489229999e-06,0.21626293472859598,1.381526886570236e-05,-0.17353245014991708,-0.22422338648308315,3.507441893207511,2.431422678109561
331,plus,-0.0025895336161287767,8.91198989422372e-06,0.22458214533443774,1.317053436737046e-05,-0.12413926807893787,-0.1922033487899748,3.3833026251285734,2.239219329319586
332,plus,0.0022760456321866424,8.843629179736221e-06,0.22285945532935278,1.1175457728136026e-05,0.09322615146409269,0.16019523704995553,3.4765287765926662,2.3994145663695416
333,plus,-0.0005113305071840606,8.572004945402175e-06,0.21601452462413478,1.1057925200880751e-05,-0.032856272365560234,-0.06435591586480616,3.443672504227106,2.3350586505047355
334,plus,0.0020986825226979628,8.08790877375149e-06,0.20381530109853754,9.61283306455175e-06,0.09323489522342342,0.16212415602114838,3.5369073994505293,2.497182806525884
335,plus,-0.0015115448420472788,7.81929577163175e-06,0.19704625344512008,1.2612171814040045e-05,-0.08677950027282413,-0.15412704386246467,3.4501278991777053,2.343055762663419
336,plus,0.0015878245634713224,7.5255753127444e-06,0.1896444978811589,1.3254888657485808e-05,0.07326402192429024,0.13479200951694725,3.5233919211019957,2.4778477721803664
337,plus,-0.0034907025346365968,7.189868713825677e-06,0.18118469158840705,1.9033830588821786e-05,-0.20361075765880765,-0.24954670381086785,3.319781163443188,2.2283010683694986
338,plus,0.0034935389891769765,7.575050863159118e-06,0.19089128175160977,2.2279353501029164e-05,0.17261795617528194,0.23346052091793368,3.49239911961847,2.4617615892874323
339,plus,0.0014887378473910366,7.772019247694729e-06,0.19585488504190718,1.9279028502946835e-05,0.06588169341307197,0.12280523518593789,3.558280813031542,2.58456682447337
340,plus,-0.0005412659348787898,7.405594432238203e-06,0.1866209796924027,2.1288904381184904e-05,-0.039635341884425884,-0.07723613604438473,3.5186454711471162,2.5073306884289854
341,plus,-0.0009289749991068689,6.994086235136788e-06,0.17625097312544705,1.708755217824434e-05,-0.06396490626563216,-0.12042621000819764,3.454680564881484,2.386904478420788
342,plus,-0.0016582101165361603,6.650701242259689e-06,0.16759767130494416,1.468706760445043e-05,-0.11077855679574039,-0.18866325073843448,3.3439020080857436,2.1982412276823533
343,plus,0.0009881273041244237,6.4584820643434255e-06,0.16275374802145431,1.4420162428627347e-05,0.04852205342807986,0.09384083931841669,3.3924240615138235,2.29208206700077
344,plus,-0.000868805333523333,6.108392089991285e-06,0.15393148066778037,1.568853404927068e-05,-0.06933071957121845,-0.1303045617726193,3.323093341942605,2.1617775052281507
345,plus,-0.005466746754308163,5.810225824253173e-06,0.14641769077117994,1.8327065754390084e-05,-0.3869176888996504,-0.2723290130155114,2.9361756530429544,1.8894484922126393
346,plus,0.00793092920787934,7.387254172283136e-06,0.18615880514153502,1.9433009970927125e-05,0.41537205310206377,0.224645625454424,3.351547706145018,2.1140941176670633
347,plus,-0.0043387273809788,1.05315276160966e-05,0.2653944959256343,2.6914861784145723e-05,-0.1709583336898909,-0.20695294716914603,3.180589372455127,1.9071411704979173
348,plus,0.002863384279034387,1.1134774365132047e-05,0.28059631400132756,3.230220705855869e-05,0.09497528825731756,0.15652954108749206,3.2755646607124445,2.0636707115854094
349,plus,-0.0033938693439063213,1.08928123147554e-05,0.27449887033183606,4.0958061131550935e-05,-0.13086691533471098,-0.18753632649946894,3.1446977453777336,1.8761343850859404
350,plus,-0.004681407852428688,1.1013512992164138e-05,0.27754052740253626,5.690986118335638e-05,-0.17582371109945483,-0.20429931761269238,2.968874034278279,1.671835067473248
351,plus,0.00925741778876178,1.1781461129139127e-05,0.296892820454306,7.03464497608288e-05,0.30512711881974697,0.18370304943389293,3.274001153098026,1.855538116907141
352,plus,-0.00983491882028487,1.5998507855009018e-05,0.40316239794622727,6.240271358455438e-05,-0.24886575657375135,-0.16068710538943343,3.0251353965242744,1.6948510115177076
353,plus,0.0008655467424962435,2.1078661865553884e-05,0.5311822790119579,6.900253850000597e-05,0.012559418309746113,0.024928013725936893,3.0376948148340204,1.7197790252436445
354,plus,0.00024134683215259895,1.9840646223587164e-05,0.49998428483439655,8.278669216623713e-05,0.000858709664327171,0.0017162311162230992,3.0385535244983477,1.7214952563598676
355,plus,-0.002525861129799754,1.8650318050562333e-05,0.4699880148741708,9.246310632144748e-05,-0.05796475105736086,-0.10229918358325563,2.980588773440987,1.619196072776612
356,plus,-0.0007124931854374604,1.7976599040993593e-05,0.45301029583303853,6.942555872812585e-05,-0.02010784064355752,-0.03957842996610328,2.9604809327974295,1.5796176428105086
357,plus,-0.000908454013996959,1.6947788070287947e-05,0.42708425937125627,5.450828317514696e-05,-0.025916822924805554,-0.05057697731859001,2.934564109872624,1.5290406654919186
358,plus,0.0038271426587626754,1.6004430021213104e-05,0.40331163653457025,7.070914365902358e-05,0.08997335141454409,0.14115287911344154,3.024537461287168,1.6701935446053602
359,plus,0.002858886345931204,1.583422508744881e-05,0.39902247220371,7.287119558351283e-05,0.06667478232053742,0.11598738938067221,3.0912122436077056,1.7861809339860324
360,plus,-0.008514578029163252,1.5308858783950308e-05,0.38578324135554776,5.715689073633403e-05,-0.22585197576132743,-0.17025284898369097,2.8653602678463783,1.6159280850023414
361,plus,-0.001900457909735192,1.894529970204276e-05,0.47742155249147755,6.575767744129085e-05,-0.04396262793740041,-0.08155313214092264,2.821397639908978,1.5343749528614188
362,plus,0.0038453796145048232,1.807289718970502e-05,0.45543700918056645,5.1336864037871725e-05,0.08007620906025704,0.12854922081861275,2.901473848969235,1.6629241736800315
363,plus,-0.014117966330416476,1.7786545419546948e-05,0.4482209445725831,6.933592117240531e-05,-0.3194045080263052,-0.13195701407078442,2.58206934094293,1.5309671596092471
364,plus,-0.012418145574213533,2.9016875204200126e-05,0.7312252551458431,6.249315919451755e-05,-0.1725399688241054,-0.12199563300626437,2.4095293721188247,1.4089715266029827
365,plus,0.002388400978092557,3.6826515250742527e-05,0.9280281843187117,4.790200410293708e-05,0.02359829492988495,0.045218386545761824,2.4331276670487094,1.4541899131487446
366,plus,0.0021545124510665035,3.490468725560608e-05,0.8795981188412731,3.3901598769470515e-05,0.02223856225648421,0.04289436536217206,2.4553662293051937,1.4970842785109166
367,plus,0.0058102870453329205,3.303998559480965e-05,0.8326076369892031,3.0461115307071127e-05,0.06740118751748843,0.10227821167386342,2.522767416822682,1.59936249018478
368,plus,-0.004349010919072138,3.294717448025835e-05,0.8302687969025103,3.088344273578292e-05,-0.054770498836641125,-0.09056562101630306,2.467996917986041,1.508796869168477
369,plus,-0.00200985524123584,3.221108770485438e-05,0.8117194101623304,5.1930621888545874e-05,-0.02720481870954548,-0.051777046370999,2.4407920992764955,1.457019822797478
370,plus,0.005572647526457952,3.0571009280159895e-05,0.7703894338600293,4.677578115187471e-05,0.06975997582310674,0.10608158635737341,2.510552075099602,1.5631014091548514
371,plus,0.012395710975096801,3.046969272256878e-05,0.7678362566087332,4.945210053784527e-05,0.15885285660454931,0.120909213640922,2.6694049317041517,1.6840106227957734
372,plus,0.0013769858881258405,3.756795627423872e-05,0.9467124981108157,4.2842844760097514e-05,0.012449114087592689,0.024586756399008536,2.6818540457917446,1.708597379194782
373,plus,-0.006989374338793357,3.539722098359503e-05,0.8920099687865948,4.098946795820352e-05,-0.08057967162613254,-0.10839866141842869,2.601274374165612,1.6001987177763533
374,plus,0.003702466143739886,3.637324467411297e-05,0.916605765787647,3.903149982075404e-05,0.038228577389714816,0.0687048858524939,2.6395029515553268,1.6689036036288472
375,plus,-0.006481975415471067,3.492755342652875e-05,0.8801743463485245,2.521381213458305e-05,-0.07589846422584234,-0.10643958281485988,2.5636044873294845,1.5624640208139873
376,plus,-0.0013508699171631503,3.55095553420642e-05,0.8948407946200179,1.804570311762565e-05,-0.017313500064933124,-0.03385211044009839,2.5462909872645514,1.5286119103738889
377,plus,-0.0014882421025044102,3.3522998618915874e-05,0.84477956519668,1.850488624776814e-05,-0.019965620268340947,-0.038818538647988454,2.5263253669962102,1.4897933717259004
378,plus,0.0012531622351429571,3.1682306966828325e-05,0.7983941355640738,1.6598662299970586e-05,0.013210887827790308,0.02610557155580384,2.5395362548240006,1.5158989432817043
379,plus,-0.000317783236051341,2.9848118343932587e-05,0.7521725822671012,1.526214372444075e-05,-0.006862732657818881,-0.013678771222784825,2.532673522166182,1.5022201720589194
380,plus,-0.0018817613237246474,2.8073218737862066e-05,0.7074451121941241,1.2464998506863704e-05,-0.029404034126205722,-0.055910983511958,2.503269488039976,1.4463091885469614
381,plus,0.00014875689224069967,2.6648453051332845e-05,0.6715410168935877,1.0639400724409992e-05,-0.0007394307260887267,-0.0014780880376061845,2.502530057313887,1.4448311005093553
382,plus,0.005334828034808368,2.504969381019807e-05,0.6312522840169913,9.657343666314291e-06,0.08136866141235877,0.12041997074757749,2.583898718726246,1.5652510712569327
383,plus,0.0019351717468976486,2.512967793206382e-05,0.6332678838880083,6.659274951209256e-06,0.027425345460785934,0.05271541902891741,2.611324064187032,1.6179664902858502
384,plus,0.0009062556804051544,2.3802877175689652e-05,0.5998325048273793,6.312307638586487e-06,0.011800677294008272,0.023424203806215793,2.6231247414810404,1.641390694092066
385,plus,-0.0007990257436474481,2.240476704637763e-05,0.5646001295687163,6.2775730286538246e-06,-0.01766628078569632,-0.03479751560508859,2.605458460695344,1.6065931784869774
386,plus,0.0031242555305297454,2.1120174030336933e-05,0.5322283855644907,6.992931878291679e-06,0.054973445826528904,0.09681564579603563,2.660431906521873,1.703408824283013
387,plus,-0.0006551246126470109,2.0366596965211758e-05,0.5132382435233364,5.958286791267427e-06,-0.016630430834620766,-0.03284836042057648,2.6438014756872525,1.6705604638624365
388,plus,-0.0041304508445660654,1.9188312703781316e-05,0.48354548013528914,5.91684349442199e-06,-0.08952339998644201,-0.13502886441726236,2.5542780757008106,1.5355315994451741
389,plus,-0.0023063341992042197,1.9161357515978277e-05,0.48286620940265257,4.4165230731373575e-06,-0.05187248245669349,-0.09348632770969978,2.502405593244117,1.4420452717354744
390,plus,0.004592013475271218,1.8388101486286877e-05,0.4633801574544293,5.668980453993792e-06,0.09481633397931166,0.14042718247463037,2.5972219272234285,1.5824724542101047
391,plus,0.0021837444806547812,1.8443039064294374e-05,0.46476458442021823,8.437088621391473e-06,0.04271693344962445,0.07970420371280351,2.6399388606730527,1.6621766579229083
392,plus,0.004466330438142812,1.757294925757154e-05,0.44283832129080286,8.420112091322202e-06,0.09637643208676738,0.14320361361795797,2.73631529275982,1.8053802715408662
393,plus,0.0020791880841089542,1.7611479612103428e-05,0.44380928622500637,9.280443493233461e-06,0.04237800884460817,0.07938679013581051,2.778693301604428,1.8847670616766767
394,plus,0.005458315604702014,1.6767029798463675e-05,0.4225291509212846,1.1259049708557645e-05,0.12448615426463708,0.1605825464392745,2.9031794558690653,2.0453496081159512
395,plus,0.0021806278561818724,1.7421002725571303e-05,0.4390092686843968,1.1750833320599004e-05,0.045152011567076634,0.08393628746144888,2.948331467436142,2.1292858955774
396,plus,0.003759149109385042,1.6611493177938416e-05,0.4186096280840481,1.2209984507637246e-05,0.08506102516728119,0.1355558988938892,3.033392492603423,2.2648417944712893
397,plus,-0.0014919444623337488,1.6375534214567563e-05,0.4126634622071026,9.989653738042111e-06,-0.040962123268817804,-0.07736696242800623,2.9924303693346053,2.187474832043283
398,plus,0.0061030220240961735,1.5564440601546718e-05,0.3922239031589773,1.1835474798561435e-05,0.1505418022238742,0.17234018809863905,3.1429721715584793,2.359815020141922
399,plus,-0.0017560554969963393,1.672243884279081e-05,0.4214054588383285,1.0644777953701365e-05,-0.04637975504154223,-0.0861392873420126,3.096592416516937,2.2736757327999095
400,plus,-0.00110978337778412,1.5948289267835292e-05,0.40189688954944935,1.1927153770386802e-05,-0.032550539957235926,-0.06280528000295948,3.0640418765597013,2.21087045279695
401,plus,0.0006833028509762763,1.509407453019178e-05,0.38037067816083286,2.027731663356086e-05,0.012747832059719149,0.025342199588405556,3.0767897086194202,2.2362126523853556
402,plus,0.008639720853319674,1.420253716598346e-05,0.3579039365827832,1.6137767198102835e-05,0.23585401813412302,0.1765028970847453,3.312643726753543,2.412715549470101
403,plus,0.00031744068507776025,1.7625725937990396e-05,0.444168293637358,1.455718774444344e-05,0.002679794761808065,0.005354170140804193,3.315323521515351,2.418069719610905
404,plus,-0.0027872027392180625,1.6569032441407545e-05,0.41753961752347013,1.3617410724950361e-05,-0.07150496174085655,-0.12119895729070418,3.2438185597744944,2.296870762320201
405,plus,-0.0038622227701265647,1.610972446740824e-05,0.4059650565786876,1.5141852791914401e-05,-0.1000242607765478,-0.14909916815658297,3.1437942989979466,2.147771594163618
406,plus,0.0020045406059513186,1.613246662386529e-05,0.4065381589214053,1.6891780861818194e-05,0.04442702038919286,0.08318519229932608,3.1882213193871394,2.230956786462944
407,plus,-0.003205996137412652,1.536024450753676e-05,0.38707816158992636,2.6169457853931742e-05,-0.08795145718998243,-0.140481759021716,3.100269862197157,2.090475027441228
408,plus,0.0011283542381214933,1.5134029808371298e-05,0.38137755117095673,1.987874314439657e-05,0.024383751399461327,0.04781629863985515,3.1246536135966183,2.138291326081083
409,plus,-0.0008678251572262205,1.4277875495905577e-05,0.3598024624968205,2.3308960684360145e-05,-0.02963397882937894,-0.057685708135926994,3.0950196347672394,2.080605617945156
410,plus,-0.0002583485892693418,1.3489414756039091e-05,0.3399332518521851,2.4473387532098294e-05,-0.013436793405567046,-0.02671007898120603,3.0815828413616724,2.05389553896395
411,plus,0.0033950025451256545,1.2692567723112243e-05,0.31985270662242854,2.0313658664405793e-05,0.09993943401224314,0.1574973758267859,3.1815222753739154,2.211392914790736
412,plus,0.008819642354495942,1.254410485861201e-05,0.31611144243702266,2.165617310654597e-05,0.2727275415789737,0.18333592320162495,3.4542498169528892,2.394728837992361
413,plus,0.0007332903399674103,1.6250994614071044e-05,0.4095250642745903,1.5659940232997515e-05,0.01306092564815695,0.0259487870949906,3.4673107426010463,2.4206776250873516
414,plus,-0.004761913981697085,1.5293100582712888e-05,0.3853861346843648,1.1176222833466364e-05,-0.12871056412479245,-0.16750966982790683,3.338600178476254,2.253167955259445
415,plus,0.002099052883915134,1.5851804994154653e-05,0.39946548585269726,1.1267796879354698e-05,0.04757958454020971,0.08837936208058927,3.3861797630164636,2.341547317340034
416,plus,-0.0022526041097626834,1.5117442681390178e-05,0.3809595555710325,1.1667280292475953e-05,-0.06433797951337576,-0.11355144417395913,3.321841783503088,2.227995873166075
417,plus,0.006101034258643304,1.4570845124144262e-05,0.3671852971284354,1.1996226056272173e-05,0.16075321115501978,0.17887155255466514,3.4825949946581076,2.40686742572074
418,plus,0.0030290090376176022,1.578705089369356e-05,0.3978336825210777,1.1832884400222513e-05,0.07115024352054292,0.12164046761084002,3.5537452381786507,2.52850789333158
419,plus,-0.000950304567439362,1.5320564378203157e-05,0.38607822233071953,9.017319843110391e-06,-0.029753485159493265,-0.05779988027259009,3.5239917530191573,2.47070801305899
420,plus,0.00431044819227807,1.4480503596922964e-05,0.3649086906424587,8.331950852409788e-06,0.11268669668090713,0.16216245727636736,3.6366784497000646,2.6328704703353574
421,plus,-0.0014126087567783905,1.4626203535276104e-05,0.3685803290889578,9.885112904060205e-06,-0.043708828932166495,-0.08247106299664253,3.592969620767898,2.550399407338715
422,plus,0.0016324142655423585,1.3904354730904697e-05,0.3503897392187984,1.0171032905045398e-05,0.04092590069351911,0.07794055280782963,3.633895521461417,2.6283399601465445
423,plus,-0.0013577890239527338,1.3193475076722233e-05,0.33247557193340027,9.518710387104446e-06,-0.04680649809295349,-0.08813918917439167,3.5870890233684634,2.540200770972153
424,plus,-0.004771677220824361,1.2547172400160486e-05,0.31618874448404427,7.489402045670734e-06,-0.15718743965245302,-0.1897560789591024,3.4299015837160103,2.3504446920130504
425,plus,0.006969885123568121,1.3276449684468967e-05,0.33456653204861797,8.514362666429779e-06,0.2023953915441673,0.18814214461498135,3.6322969752601777,2.5385868366280318
426,plus,-0.0013383163911814965,1.5231033031679246e-05,0.383822032398317,6.7989157813674325e-06,-0.040037542399323015,-0.07608172866899654,3.5922594328608546,2.462505107959035
427,plus,0.0015784839022566113,1.4458863227466792e-05,0.36436335333216313,6.2263016130873645e-06,0.03787623511593396,0.07250669930346554,3.6301356679767887,2.5350118072625007
428,plus,0.0014008952468911287,1.3705607225479536e-05,0.3453813020820843,4.211481337679796e-06,0.03481608706752298,0.06720724626775709,3.664951755044312,2.602219053530258
429,plus,-0.00148156099082159,1.2970028648714473e-05,0.3268447219476047,4.377108246750148e-06,-0.0513997496800208,-0.09576509385249032,3.613552005364291,2.5064539596777675
430,plus,0.00013347538119538708,1.2361165625582772e-05,0.31150137376468584,4.289857311040292e-06,-0.002084655885542458,-0.004164417975410117,3.611467349478749,2.5022895417023574
431,plus,-0.0002605147352325786,1.1619748699357848e-05,0.2928176672238178,4.5464724699364775e-06,-0.015672805469572018,-0.03112270549237728,3.595794544009177,2.47116683620998
432,plus,0.002756063289394761,1.093520064075751e-05,0.27556705614708926,5.131779766987759e-06,0.09281409130476276,0.15464653048506882,3.6886086353139396,2.625813366695049
433,plus,-0.00047386220236503046,1.0671583195045113e-05,0.2689238965151368,5.5233950308619715e-06,-0.024998704447222256,-0.04924281613280801,3.663609930866717,2.576570550562241
434,plus,-0.00032006485034465917,1.0058405415875348e-05,0.25347181648005873,6.840978739689756e-06,-0.02045503740642295,-0.040497089758646965,3.643154893460294,2.536073460803594
435,plus,0.004065062925269262,9.471030229036754e-06,0.2386699617717262,7.891574182728049e-06,0.16200824763003846,0.21219856381749835,3.8051631410903326,2.7482720246210923
436,plus,-0.0011160927796004974,9.799827453905544e-06,0.2469556518384197,7.537302114522959e-06,-0.05322840227496643,-0.10042961681011153,3.751934738815366,2.647842407810981
437,plus,0.00044274338519122115,9.315513285774813e-06,0.23475093480152529,5.68670799088849e-06,0.010408081526282177,0.020742717058198856,3.7623428203416482,2.6685851248691796
438,plus,0.0027337310740233652,8.760164337698424e-06,0.22075614131000026,4.536470670651305e-06,0.11484701447333263,0.18439073869639078,3.8771898348149807,2.8529758635655704
439,plus,0.0009571505534283713,8.620224833379064e-06,0.2172296658011524,5.974607966797109e-06,0.03492791153627267,0.06823596216604422,3.9121177463512535,2.9212118257316146
440,plus,-0.0007704180635096579,8.137552331334347e-06,0.20506631874962555,8.080505454746499e-06,-0.04724475320129212,-0.09085689134455954,3.8648729931499615,2.830354934387055
441,plus,0.0042445977833602926,7.70561717416911e-06,0.19418155278906157,1.0150459078049217e-05,0.20837123953493897,0.2438554594739033,4.0732442326849005,3.0742103938609584
442,plus,0.0020829779996331763,8.225576968218106e-06,0.20728453959909626,1.0843676603929545e-05,0.09091682886072293,0.15877166959271527,4.164161061545624,3.2329820634536737
443,plus,0.0050266560199509844,7.945137532598873e-06,0.2002174658214916,1.1937013413465935e-05,0.24114995670972156,0.2437580503486565,4.405311018255345,3.47674011380233
444,plus,-0.001057268303001535,8.867145294961685e-06,0.22345206143303448,9.940842795659223e-06,-0.056194648344765605,-0.10596344240452105,4.349116369910579,3.370776671397809
445,plus,0.005132662517775006,8.429720663902743e-06,0.21242896073034914,1.121107827305149e-05,0.23227764248330027,0.23662246199571468,4.581394012393879,3.607399133393524
446,plus,0.0016841166649288024,9.384746700861198e-06,0.23649561686170217,9.825838942384946e-06,0.06282162799596043,0.11637257987000016,4.64421564038984,3.723771713263524
447,plus,-0.003934618547648161,8.954100875376827e-06,0.22564334205949604,1.2188791849783685e-05,-0.18316654984533473,-0.2238359615218175,4.461049090544505,3.4999357517417065
448,plus,-0.01006320709225717,9.441771659709142e-06,0.23793264582467036,1.4703796685537565e-05,-0.43128254868529176,-0.18284438806671233,4.029766541859214,3.317091363674994
449,plus,0.004976670829230526,1.5193315803822649e-05,0.38287155825633074,1.7548376862373396e-05,0.12480055067498133,0.1662460061980835,4.1545670925341955,3.4833373698730776
450,plus,-0.002464556194788622,1.565162190147689e-05,0.39442087191721764,2.02423238748736e-05,-0.06751592227503198,-0.11724386548578991,4.087051170259164,3.3660935043872877
451,plus,0.0031224034974208564,1.5138008786957749e-05,0.38147782143133524,2.434990929672259e-05,0.07664903789261222,0.12893616084661552,4.163700208151776,3.4950296652339032
452,plus,-0.006050434937719972,1.4742711591301346e-05,0.37151633210079393,2.9130854431282427e-05,-0.16819846386826764,-0.17862926379036725,3.9955017442835086,3.316400401443536
453,plus,-0.0030804243237236664,1.6201034702599318e-05,0.4082660745055028,3.093714796790554e-05,-0.08031127803376108,-0.1314628317712927,3.9151904662497476,3.1849375696722433
454,plus,0.0050003828298306584,1.5874018953507283e-05,0.4000252776283835,3.538255734579492e-05,0.12004166736380359,0.16170779288684045,4.035232133613551,3.3466453625590837
455,plus,0.005951972982752375,1.6305112844878658e-05,0.4108888436909422,5.130669446127706e-05,0.1400271721338661,0.16698509200729772,4.175259305747417,3.5136304545663815
456,plus,0.0014321213741053428,1.731301343091779e-05,0.43628793845912833,6.208150846535957e-05,0.0282773958879044,0.0549057788543692,4.203536701635322,3.5685362334207507
457,plus,-0.0012693815573121543,1.6365554850851482e-05,0.41241198224145736,5.232490858202397e-05,-0.03559048521692792,-0.06813935776534574,4.167946216418394,3.500396875655405
458,plus,-0.00715717499975699,1.5512886758428724e-05,0.3909247463124038,6.467341786883586e-05,-0.18815866141898166,-0.17399427419663027,3.979787554999412,3.3264026014587746
459,plus,0.012784303650907967,1.7828393776050917e-05,0.4492755231564831,7.285191751569014e-05,0.2801374725262207,0.14142438322370587,4.259925027525632,3.4678269846824805
460,plus,-0.014959349910440036,2.6262969213574002e-05,0.6618268241820648,6.386537157542447e-05,-0.22902913655072582,-0.11696732101388818,4.030895890974906,3.3508596636685923
461,plus,0.0023069184579798756,3.8472657099139614e-05,0.9695109588983183,5.177976253731962e-05,0.021748137452341228,0.041869908408239453,4.052644028427248,3.392729572076832
462,plus,0.01037679654523697,3.643104546547891e-05,0.9180623457300686,6.811068487224275e-05,0.11086811145413158,0.11382579541768578,4.163512139881379,3.5065553674945176
463,plus,0.013799435441850689,4.0461152601547776e-05,1.019621045559004,5.519992634249277e-05,0.1333929188954831,0.1056971674612397,4.296905058776862,3.6122525349557573
464,plus,0.009982520899398774,4.913275262550596e-05,1.2381453661627502,5.5707030809592427e-05,0.07902228985687604,0.09580877856602932,4.375927348633739,3.7080613135217866
465,plus,0.0009760173737055793,5.1928513865291784e-05,1.308598549405353,7.815501983817674e-05,0.00594227065012594,0.01183562677530503,4.381869619283864,3.7198969402970916
466,plus,-0.006459353819191452,4.8849083175236514e-05,1.23099689601596,6.712279322103268e-05,-0.054084348540208105,-0.08303719971695545,4.327785270743656,3.636859740580136
467,plus,0.010188393368882777,4.857768948489818e-05,1.2241577750194341,7.875339330873178e-05,0.0816069699047697,0.09686658182273877,4.409392240648426,3.733726322402875
468,plus,-0.0027670211409450266,5.165101094358624e-05,1.3016054757783733,7.474491596738992e-05,-0.02278289308505226,-0.043109116198355224,4.386609347563374,3.6906172062045197
469,plus,0.0034548230557112708,4.9079578158307534e-05,1.23680536958935,6.270814333988235e-05,0.026329206173965603,0.04910956211053019,4.412938553737339,3.73972676831505
470,plus,-0.010315458203901824,4.677105597371637e-05,1.1786306105376525,6.026788723731823e-05,-0.08920412221025245,-0.09978449913263088,4.323734431527087,3.639942269182419
471,plus,-0.005273028188677888,5.059728149632555e-05,1.2750514937074038,6.425866437447616e-05,-0.04291152878211648,-0.07167305920307898,4.28082290274497,3.56826920997934
472,plus,-0.000417331535716521,4.935764452940161e-05,1.2438126421409206,6.323942625154908e-05,-0.004950458077587679,-0.009873020305389169,4.275872444667383,3.558396189673951
473,plus,0.0011377176192388875,4.641893431534932e-05,1.169757144746803,5.0952476014017946e-05,0.008029913944483786,0.015954273504941163,4.283902358611867,3.574350463178892
474,plus,0.002731481134010307,4.368673588048566e-05,1.1009057441882386,4.3991410955885776e-05,0.023008949212681113,0.043858331109985826,4.306911307824548,3.618208794288878
475,plus,-0.0026748682530480196,4.145051786962177e-05,1.0445530503144687,3.882876715912812e-05,-0.027507276443218473,-0.051575466577129525,4.279404031381329,3.5666333277117483
476,plus,0.01123801453459882,3.9458831403006086e-05,0.9943625513557534,3.2371036035508506e-05,0.11102189861368261,0.10940040996230849,4.390425929995011,3.676033737674057
477,plus,0.006628965108670296,4.440367004091716e-05,1.1189724850311125,3.213885877471932e-05,0.05746836938603365,0.08769599332398315,4.447894299381045,3.76372973099804
478,plus,0.004908059109794078,4.422057009652632e-05,1.1143583664324632,3.277590630399075e-05,0.04226330194351183,0.07240350195008993,4.490157601324557,3.83613323294813
479,plus,-0.007166314467030462,4.289818204994899e-05,1.0810341876587146,2.5247817586168957e-05,-0.06812668137159993,-0.09584225305422489,4.422030919952958,3.740290979893905
480,plus,0.002861336736148985,4.357864350023704e-05,1.0981818162059733,3.22243011308549e-05,0.024248480519703235,0.045989571195132584,4.446279400472661,3.7862805510890376
481,plus,-0.001459015420195912,4.138939475606804e-05,1.0430127478529145,2.9077122772599497e-05,-0.015890775275954158,-0.03108427827109228,4.430388625196707,3.7551962728179453
482,plus,-0.006066628337413213,3.9070855148805226e-05,0.9845855497498917,3.5238366246320974e-05,-0.06363125111289092,-0.09532117948634733,4.366757374083816,3.659875093331598
483,plus,-0.001122785971601135,3.908164819071187e-05,0.984857534405939,2.9688264189339253e-05,-0.01341512476533749,-0.026428082704017974,4.353342249318478,3.63344701062758
484,plus,-0.004643835100629355,3.684148325480793e-05,0.9284053780211599,2.0304965448644818e-05,-0.052156610826221333,-0.08603723613064718,4.301185638492257,3.547409774496933
485,plus,-0.004760181384035476,3.6037836084359116e-05,0.9081534693258497,2.0828256877758923e-05,-0.05460083840376771,-0.08894827497907443,4.246584800088489,3.4584614995178584
486,plus,-0.003969930212971047,3.535082523576697e-05,0.8908407959413276,2.4415425511182183e-05,-0.04679110936965083,-0.08038768064639923,4.199793690718838,3.378073818871459
487,plus,-0.0028738774014557887,3.427228067923394e-05,0.8636614731166952,2.1997035717626996e-05,-0.035572851117018266,-0.06514317094492572,4.16422083960182,3.3129306479265335
488,plus,-0.00031722009094027745,3.27822818259449e-05,0.8261135020138114,1.792300553169602e-05,-0.0062416700380277185,-0.012444732543462678,4.157979169563792,3.300485915383071
489,plus,0.00620429700364826,3.083129754679556e-05,0.7769486981792482,1.760550976589242e-05,0.07730091213628569,0.11120472362300049,4.235280081700078,3.4116906390060713
490,plus,-0.0016932037772785387,3.114565847126032e-05,0.78487059347576,1.5625248426992485e-05,-0.024100998195311515,-0.046406255913998606,4.211179083504767,3.3652843830920727
491,plus,-0.0012575902459720425,2.9491611736451093e-05,0.7431886157585675,1.0252464667468095e-05,-0.019591297734002675,-0.03824960832907287,4.191587785770764,3.327034774763
492,plus,0.007791575347851877,2.7849311706707446e-05,0.7018026550090276,1.2596606724063044e-05,0.10819512572721036,0.12801801174221072,4.299782911497974,3.4550527865052105
493,plus,-0.001001366581855285,2.9637720145555294e-05,0.7468705476679934,1.3839217244987832e-05,-0.016064086125957687,-0.03160283877629144,4.283718825372016,3.423449947728919
494,plus,-0.003898955322240808,2.79458251561036e-05,0.7042347939338107,1.0122420301610204e-05,-0.05818184582681395,-0.09692008834219124,4.225536979545202,3.326529859386728
495,plus,0.0029509967753743723,2.7276381128537822e-05,0.6873648044391532,1.1195230410307098e-05,0.040045461437432935,0.07327497981999631,4.2655824409826355,3.399804839206724
496,plus,0.0005557127446017813,2.6094401406870126e-05,0.6575789154531272,9.365795728327913e-06,0.005433569078821103,0.010844012391014068,4.271016010061457,3.4106488515977382
497,plus,0.0029945017344016754,2.453639712183832e-05,0.6183172074703257,9.04957767584317e-06,0.04522094811865909,0.08172380561508952,4.316236958180116,3.4923726572128277
498,plus,0.002156150972343069,2.3533300128358686e-05,0.5930391632346389,7.511237403932361e-06,0.0330119559600785,0.06259332708351639,4.349248914140194,3.554965984296344
499,plus,-0.00029255191285056537,2.2351266469609876e-05,0.5632519150341689,1.0817295955012145e-05,-0.008716607936139553,-0.01736066355861432,4.340532306204055,3.53760532073773
500,plus,-0.00014842679404004715,2.1024653256404056e-05,0.5298212620613822,1.4746605076639245e-05,-0.006546349066915375,-0.013059659626772913,4.3339859571371395,3.524545661110957
501,plus,-0.0010911749780055978,1.9770391919031305e-05,0.4982138763595889,1.3636943759087069e-05,-0.025884218357007955,-0.05032517128868097,4.308101738780132,3.474220489822276
502,plus,0.002624906697000597,1.868395058639962e-05,0.47083555477727046,1.2038500613968513e-05,0.051535912570064,0.09322226753073615,4.359637651350196,3.567442757353012
503,plus,-0.004792733984625894,1.7916185938726627e-05,0.451487885655911,1.2380498907764009e-05,-0.11054885062503,-0.1510326861381488,4.249088800725167,3.4164100712148633
504,plus,0.025438961924663266,1.833590749509946e-05,0.4620648688765064,1.3408970378516875e-05,0.5462555352373365,0.08683416657346399,4.795344335962503,3.5032442377883273
1,minus,-0.0015955070428441088,3.968253968253968e-05,1.0,2.612572098784745e-06,-0.01793919741256807,-0.03492319210141659,-0.01793919741256807,-0.03492319210141659
2,minus,-2.7058177416968213e-06,3.7494676183871554e-05,0.9448658398335632,2.839679009273539e-06,-0.002128540451730396,-0.004254063024831112,-0.02006773786429847,-0.0391772551262477
3,minus,0.0019257949007100172,3.524742253229167e-05,0.8882350478137501,2.686745206439993e-06,0.019447354690056384,0.03781410288819398,-0.0006203831742420847,-0.001363152238053722
4,minus,0.0011888957100312312,3.3311608136722986e-05,0.8394525250454192,2.9690499858642165e-06,0.011799154592630976,0.023359902857713166,0.011178771418388892,0.021996750619659444
5,minus,-0.0034814911824934476,3.13717750442979e-05,0.7905687311163071,4.6683409042502e-06,-0.04654755160515912,-0.0813603250794781,-0.03536878018677023,-0.05936357445981866
6,minus,-0.0010109526014659919,3.030197009600251e-05,0.7636096464192633,4.734331231895852e-06,-0.015837480649303935,-0.03116041891624466,-0.05120626083607416,-0.09052399337606332
7,minus,-0.002698108213148313,2.8571605755955397e-05,0.720004465050076,6.453438673968022e-06,-0.040229207625254934,-0.07325819724540672,-0.09143546846132909,-0.16378219062147004
8,minus,3.505492436395232e-05,2.7360699414064685e-05,0.68948962523443,5.49388058491878e-06,-0.002369256448103967,-0.004734703754253111,-0.09380472490943306,-0.16851689437572315
9,minus,0.00022475466364463488,2.572065859496133e-05,0.6481605965930255,6.637032589147421e-06,0.0004064110865486067,0.0008124003903073884,-0.09339831382288445,-0.16770449398541576
10,minus,-0.0002574253653337957,2.4177460713211585e-05,0.609272009972932,7.22043449481682e-06,-0.007481683981621699,-0.01491258376568183,-0.10087999780450616,-0.1826170777510976
11,minus,-0.0009274137435582578,2.27392803708405e-05,0.5730298653451806,9.596930572592404e-06,-0.019646906907596923,-0.03855574031719211,-0.12052690471210308,-0.2211728180682897
12,minus,-0.0008543108863229184,2.145097265923653e-05,0.5405645110127605,1.6339834879285524e-05,-0.019474522712623406,-0.03826716180458867,-0.1400014274247265,-0.25943997987287837
13,minus,0.0023466443244539504,2.0230407916433854e-05,0.5098062794941332,9.291654663010144e-06,0.04213819469177358,0.07827820037546473,-0.09786323273295292,-0.18116177949741363
14,minus,0.002123742349679331,1.9293477388595255e-05,0.4861956301926004,9.248072872777664e-06,0.039599896249662654,0.07438908040379566,-0.05826333648329026,-0.10677269909361797
15,minus,0.005201440304212267,1.835828240124233e-05,0.4626287165113067,9.732266628922531e-06,0.10814347288096403,0.14866157949191994,0.04988013639767377,0.041888880398301964
16,minus,0.002297736022849029,1.8758602570631347e-05,0.47271678477990997,1.1600917787400085e-05,0.04440974790886143,0.08232065849907144,0.0942898843065352,0.1242095388973734
17,minus,-0.0018654295127216113,1.789751592162481e-05,0.4510174012249452,1.4318784949401082e-05,-0.04575970251988054,-0.08474084327547882,0.048530181786654664,0.03946869562189459
18,minus,-0.0007157447833065637,1.7079231646674905e-05,0.4303966374962076,1.905281313689613e-05,-0.021239884378216528,-0.041767144099923215,0.027290297408438136,-0.002298448478028625
19,minus,-0.0038053348136580785,1.6104618781957406e-05,0.4058363933053266,2.1206650363639252e-05,-0.0986542256465058,-0.148092440418242,-0.07136392823806767,-0.1503908888962706
20,minus,0.005133034097198827,1.6100141303464736e-05,0.40572356084731137,1.730278253184708e-05,0.12162521172003632,0.1616714355131892,0.05026128348196865,0.011280546616918574
21,minus,0.003934585339246893,1.659516212621833e-05,0.41819808558070193,1.596493383743377e-05,0.08933978345802841,0.13949068856219693,0.13960106693999708,0.1507712351791155
22,minus,-0.0015737175155200347,1.6436991558772308e-05,0.4142121872810622,1.6980015391621056e-05,-0.04278314999771507,-0.0803876316847747,0.096817916942282,0.07038360349434081
23,minus,-0.0035397252018373507,1.5639198794953966e-05,0.3941078096328399,1.3299982875103535e-05,-0.09485064261306027,-0.1461019863679347,0.001967274329221738,-0.07571838287359389
24,minus,0.0014602629314217374,1.5539267364933878e-05,0.39158953759633375,1.3886528420636868e-05,0.032223798438399676,0.062270431592073905,0.034191072767621414,-0.013447951281519988
25,minus,-0.0032604307436834485,1.4702447283670543e-05,0.37050167154849767,1.6712153109491443e-05,-0.09335567711854152,-0.14679985041074506,-0.05916460435092011,-0.16024780169226505
26,minus,-0.0016742228821056858,1.45381163240662e-05,0.36636053136646823,1.753944133428924e-05,-0.05111455575014433,-0.0945500374040984,-0.11027916010106444,-0.25479783909636344
27,minus,-0.007945231851881979,1.3876235185667633e-05,0.34968112667882434,2.2668060190889403e-05,-0.2328877348240319,-0.17960881983859434,-0.34316689492509633,-0.4344066589349578
28,minus,-0.002279073883083451,1.702279786822023e-05,0.4289745062791498,2.2767844857392763e-05,-0.057753702031979395,-0.10305328626414312,-0.4009205969570757,-0.5374599451991009
29,minus,0.002992550215744305,1.636970638181662e-05,0.4125166008217789,1.558410209287145e-05,0.06773394117389153,0.11681973910706489,-0.3331866557831842,-0.420640206092036
30,minus,-0.0015191414736559555,1.5855956266853225e-05,0.3995700979247013,1.4168643771247843e-05,-0.04298505271013363,-0.08089174512114816,-0.3761717084933178,-0.5015319512131842
31,minus,0.0016363251383599668,1.5081598430881457e-05,0.3800562804582127,1.0208964176081424e-05,0.0378341975618363,0.07230496035976408,-0.3383375109314815,-0.4292269908534201
32,minus,0.0025339501034336385,1.4300758056125874e-05,0.36037910301437204,9.175824630085697e-06,0.06480779228000348,0.11491528171388232,-0.273529718651478,-0.31431170913953776
33,minus,0.010100858115828913,1.3769996670973439e-05,0.34700391610853065,1.033914451226577e-05,0.2853698462100087,0.16916916516042946,0.0118401275585307,-0.1451425439791083
34,minus,0.0004865148844867633,1.8827302385409482e-05,0.47444802011231896,9.442019261061698e-06,0.006072365651475597,0.012118492584600737,0.0179124932100063,-0.13302405139450757
35,minus,-0.0008575495278428294,1.770264441446215e-05,0.4461066392444462,1.070666945585516e-05,-0.023670623419637306,-0.046334989710150154,-0.005758130209631007,-0.17935904110465772
36,minus,-0.0039002983014706015,1.6707389122991134e-05,0.42102620589937656,1.0955783569721902e-05,-0.09735049606063889,-0.14576784185134972,-0.1031086262702699,-0.32512688295600745
37,minus,0.002433825363123622,1.6712911687245525e-05,0.42116537451858727,1.3193185798983513e-05,0.05307683869468401,0.09647219067771129,-0.050031787575585886,-0.22865469227829616
38,minus,-0.0009990853419536271,1.6009961172903793e-05,0.4034510215571756,1.4241179573731191e-05,-0.029681373360870785,-0.057597697873417175,-0.07971316093645667,-0.28625239015171333
39,minus,0.0023887715697287256,1.5135403595930436e-05,0.381412170617447,2.125834854189156e-05,0.057427608242552323,0.1038081828428119,-0.022285552693904344,-0.18244420730890143
40,minus,0.012340737597702059,1.4515139699283778e-05,0.3657815204219512,2.341195036073141e-05,0.33195566810708343,0.1513784108686025,0.30967011541317907,-0.031065796440298943
41,minus,0.0032085158450881504,2.2490394554920904e-05,0.5667579427840068,2.305742552301269e-05,0.05311091242743485,0.0936055192174905,0.36278102784061395,0.06253972277719155
42,minus,-8.728859138210034e-05,2.1684614138843175e-05,0.546452276298848,2.5227100103806833e-05,-0.005228293525097373,-0.010437185606640753,0.3575527343155166,0.0521025371705508
43,minus,-0.005139537119816669,2.038843480413201e-05,0.5137885570641266,3.231303768496826e-05,-0.103893902361923,-0.14171680291285105,0.2536588319535936,-0.08961426574230025
44,minus,0.0005008003048606509,2.0874751211600182e-05,0.5260437305323246,4.1022635633640924e-05,0.005748335906255444,0.011472722275340352,0.2594071678598491,-0.0781415434669599
45,minus,-0.006132060451797311,1.962775243477617e-05,0.49461936135635953,3.8944369238515365e-05,-0.12798676406136636,-0.15228454413811843,0.13142040379848272,-0.23042608760507832
46,minus,0.001940856595278477,2.0854580707021393e-05,0.5255354338169391,3.7253245470221715e-05,0.03315559303414597,0.06320656126579927,0.1645759968326287,-0.16721952633927906
47,minus,0.00038882682644677077,1.9785472508623595e-05,0.4985939072173146,3.8640513349971746e-05,0.0038190223602367333,0.007628329693195823,0.16839501919286542,-0.15959119664608323
48,minus,-0.00558005075910821,1.8600519610515478e-05,0.46873309418499004,3.740925193111012e-05,-0.12327833321793111,-0.1542198192340387,0.04511668597493432,-0.31381101588012195
49,minus,-0.0024121643628060223,1.948792682967882e-05,0.49109575610790623,4.1204660993823194e-05,-0.053158208531639405,-0.09516758163229078,-0.008041522556705087,-0.4089785975124127
50,minus,0.0003988781066370926,1.872755797545177e-05,0.47193446098138464,3.405967345941619e-05,0.004247738294159058,0.008483469760180107,-0.003793784262546029,-0.4004951277522326
51,minus,-0.009943479332034226,1.7606315679718335e-05,0.44367915512890205,4.566483970194014e-05,-0.22858617343653215,-0.15510734983989138,-0.23237995769907818,-0.555602477592124
52,minus,-0.005684365820746491,2.2721415176369807e-05,0.5725796624445191,3.394027596888341e-05,-0.10274166033148635,-0.13626036889535076,-0.3351216180305645,-0.6918628464874748
53,minus,-0.006715216483847401,2.3434555252116464e-05,0.5905507923533349,4.22224827290706e-05,-0.11707086455187715,-0.13935839163251318,-0.45219248258244166,-0.8312212381199879
54,minus,0.013447112235657647,2.4896378045177384e-05,0.6273887267384701,4.609059707526023e-05,0.21117210068659284,0.12606729248191506,-0.24102038189584882,-0.7051539456380729
55,minus,0.0019686226601195837,3.393427772815842e-05,0.8551437987495922,3.970801059013088e-05,0.020700728512506556,0.04015065153209996,-0.22031965338334225,-0.6650032941059729
56,minus,-0.008272694773856577,3.208623966298049e-05,0.8085732395071084,3.521746978329477e-05,-0.10476611218834188,-0.12003013379373906,-0.3250857655716841,-0.785033427899712
57,minus,-0.007491809753589157,3.4466644991605845e-05,0.8685594537884673,2.5681772370479738e-05,-0.08853996601451725,-0.11263585169399715,-0.41362573158620136,-0.8976692795937091
58,minus,-0.0011856976767927272,3.5947017573785905e-05,0.9058648428594048,2.4894627904987376e-05,-0.015279435846482533,-0.030014963431810315,-0.4289051674326839,-0.9276842430255194
59,minus,0.001198355143860881,3.3905142211203827e-05,0.8544095837223364,2.3715298942851894e-05,0.011703314949860641,0.023170012316247934,-0.41720185248282327,-0.9045142307092715
60,minus,0.005580278319497062,3.193082677218413e-05,0.80465683465904,2.2354950448940898e-05,0.06688398568521249,0.10268905624646507,-0.3503178667976108,-0.8018251744628064
61,minus,-0.005195133744297021,3.175284581965767e-05,0.8001717146553733,1.659471999421135e-05,-0.06740486253044661,-0.10324966374186628,-0.41772272932805743,-0.9050748382046727
62,minus,0.0025380261858407418,3.159309566425821e-05,0.796146010739307,1.172420272664204e-05,0.029386738812588676,0.05554423748977211,-0.38833599051546874,-0.8495306007149006
63,minus,0.007551716854734371,3.002593740063603e-05,0.756653622496028,1.2110599936237866e-05,0.0971819064589263,0.1214402442073057,-0.2911540840565424,-0.7280903565075949
64,minus,0.0022307929028156986,3.146864607752053e-05,0.7930098811535173,1.0352052179839902e-05,0.025628687015181787,0.04909019021648664,-0.26552539704136063,-0.6790001662911083
65,minus,0.001383013115563797,2.9828361470584245e-05,0.751674709058723,9.342525281796107e-06,0.015759482165290654,0.03101916551510797,-0.24976591487606997,-0.6479810007760003
66,minus,0.002318407834487628,2.8122856471248062e-05,0.7086959830754511,1.0069987317995336e-05,0.029914027830029687,0.05677870209690106,-0.21985188704604028,-0.5912022986790992
67,minus,0.0019700679756281233,2.6705147845592058e-05,0.6729697257089199,9.487187331383586e-06,0.02632592833725362,0.05064408748353877,-0.19352595870878667,-0.5405582111955605
68,minus,-0.0004360116280469065,2.5291164720133647e-05,0.6373373509473679,8.101213550849636e-06,-0.00995429383695412,-0.019793389818996587,-0.2034802525457408,-0.560351601014557
69,minus,0.0016640871650878738,2.379784449048585e-05,0.5997056811602435,6.185653477811721e-06,0.024439896314464662,0.04742758213869003,-0.17904035623127612,-0.512924018875867
70,minus,0.0015819218229827783,2.2498865919592514e-05,0.5669714211737313,5.986400406554106e-06,0.024401743595928886,0.04743174920144266,-0.15463861263534723,-0.46549226967442436
71,minus,0.00013308511653776226,2.1263779814283083e-05,0.5358472513199337,5.550623162307594e-06,-0.00121914560005705,-0.002436624605933524,-0.15585775823540426,-0.4679288942803579
72,minus,-0.0005647435425089098,1.9988209087003315e-05,0.5037028689924835,6.567675914296953e-06,-0.015150921066780669,-0.029991115706484273,-0.17100867930218494,-0.49792000998684216
73,minus,0.0019487059784653298,1.882386098866657e-05,0.4743612969143976,6.625207237654636e-06,0.03689789389306957,0.06995535647627094,-0.13411078540911536,-0.4279646535105712
74,minus,0.005325763085885919,1.7878240923318422e-05,0.4505316712676242,5.255150506709681e-06,0.1138066580990147,0.15270173357668293,-0.02030412731010066,-0.2752629199338883
75,minus,0.003279888314396424,1.8382929787674626e-05,0.46324983064940056,6.1978670539454135e-06,0.066518656070829,0.11344012005243442,0.046214528760728346,-0.16182279988145387
76,minus,-0.0008471717228549206,1.7849683518728282e-05,0.4498120246719527,5.437399244713585e-06,-0.023244919297792502,-0.04552777424000887,0.022969609462935844,-0.20735057412146274
77,minus,0.002028640212079636,1.6844297314524437e-05,0.4244762923260158,5.633746619804912e-06,0.04311730823970836,0.08081949346653783,0.0660869177026442,-0.1265310806549249
78,minus,0.002233879859373404,1.6034623440759978e-05,0.40407251070715144,6.6856761876993065e-06,0.05037380932938284,0.0926959830436278,0.11646072703202703,-0.033835097611297105
79,minus,0.0004533756204825873,1.5321133628115346e-05,0.3860925674285067,7.143699147209135e-06,0.006603673408375071,0.01317744471044957,0.12306440044040211,-0.020657652900847534
80,minus,0.0020393867186926443,1.440576597592625e-05,0.3630253025933415,6.8730309420136685e-06,0.05071200291353224,0.09397684529547234,0.17377640335393435,0.07331919239462481
81,minus,-0.0018559884414068328,1.3744771137971416e-05,0.3463682326768797,8.315801903170292e-06,-0.059312631644716764,-0.1075290939733824,0.1144637717092176,-0.034209901578757584
82,minus,-0.0009833025184068623,1.3173318712290638e-05,0.3319676315497241,9.592245531361538e-06,-0.035597302402736106,-0.06870168246720798,0.07886646930648149,-0.10291158404596557
83,minus,0.0005655127201942381,1.2466706640772973e-05,0.3141610073474789,7.745405267696295e-06,0.011685091822216734,0.023261995953038017,0.09055156112869822,-0.07964958809292755
84,minus,0.00262330391260473,1.1726789987886113e-05,0.29551510769473005,6.138096327924772e-06,0.08205642117955496,0.14050192161441455,0.1726079823082532,0.060852333521487
85,minus,-0.00021780652799170978,1.1375988432652887e-05,0.28667490850285277,5.561040501218105e-06,-0.014518857913937953,-0.02885816283844278,0.15808912439431524,0.03199417068304422
86,minus,0.00282979050078048,1.0703823433359436e-05,0.26973635052065775,6.29951172290248e-06,0.09755369631451498,0.1603756702339112,0.2556428207088302,0.19236984091695541
87,minus,-0.0011216919307560054,1.0477042975685503e-05,0.2640214829872747,5.002558145184079e-06,-0.049999894487083474,-0.09464217576352318,0.20564292622174674,0.09772766515343223
88,minus,0.0010406966214260732,9.95298097106153e-06,0.25081512047075055,4.968126943952835e-06,0.033581863861816094,0.06552319117406746,0.23922479008356284,0.1632508563274997
89,minus,0.002690094600983126,9.398368645215845e-06,0.2368388898594393,7.143839069532189e-06,0.10520577528670261,0.17229087725623948,0.34443056537026545,0.3355417335837392
90,minus,-0.002019670937494739,9.206975248718713e-06,0.23201577626771155,7.556402841594379e-06,-0.095600552323998,-0.16213647619078664,0.24883001304626745,0.17340525739295254
91,minus,0.0008735332814806813,8.94975043474841e-06,0.22553371095565994,8.106162263319943e-06,0.029934353503397636,0.05878647915960755,0.2787643665496651,0.2321917365525601
92,minus,0.0017251817343800404,8.440112676764427e-06,0.21269083945446357,1.1328757820081128e-05,0.07178348817858789,0.13129826105926412,0.35054785472825295,0.3634899976118242
93,minus,-0.0024425038415892947,8.07356733750988e-06,0.20345389690524895,1.4123796942156832e-05,-0.12980417579476994,-0.20138806976850532,0.220743678933483,0.1621019278433189
94,minus,-0.006701728900460052,8.007619707534654e-06,0.20179201662987328,1.8418088149247093e-05,-0.34194324008015553,-0.22932815951731733,-0.12119956114667252,-0.06722623167399844
95,minus,0.00302234229234525,1.0383879770152229e-05,0.26167377020783616,1.9214946881787834e-05,0.10791794652133556,0.17171906186128982,-0.01328161462533696,0.10449283018729139
96,minus,0.0005384133338114281,1.023932168503238e-05,0.25803090646281596,1.945579459129471e-05,0.013176740726899169,0.026221365938670083,-0.0001048738984377913,0.13071419612596147
97,minus,-0.006565411082010166,9.631898409854728e-06,0.24272383992833915,1.5454884737836793e-05,-0.27866334771317847,-0.21572492388493014,-0.27876822161161624,-0.08501072775896867
98,minus,-0.006210434774871095,1.1798943233220277e-05,0.297333369477151,1.775452501101383e-05,-0.2155441713304329,-0.19951482829053901,-0.49431239294204915,-0.2845255560495077
99,minus,5.238809699688611e-06,1.3555406195376025e-05,0.34159623612347584,2.0387403891714452e-05,-0.005655035632277394,-0.011288797474126255,-0.4999674285743265,-0.29581435352363394
100,minus,-0.0023149512101311854,1.2744320792730294e-05,0.3211568839768034,2.1030968031650157e-05,-0.07825969281497387,-0.134229384921154,-0.5782271213893004,-0.43004373844478794
101,minus,-0.0023347053966215705,1.2358681433372736e-05,0.31143877212099297,2.0485247685439824e-05,-0.08133599030663276,-0.13857144425109258,-0.6595631116959332,-0.5686151826958805
102,minus,0.0010601287117554682,1.2002161784373775e-05,0.30245447696621913,1.7178171214640024e-05,0.028490767337493044,0.05577202242437096,-0.6310723443584402,-0.5128431602715096
103,minus,-0.0015367992532509187,1.1326585346570429e-05,0.2854299507335748,2.0503419467810625e-05,-0.060792917744056,-0.11158314669608593,-0.6918652621024962,-0.6244263069675955
104,minus,-0.00328590094353674,1.0827647856807978e-05,0.2728567259915611,2.185234027489451e-05,-0.12769755369919678,-0.18580665419066822,-0.819562815801693,-0.8102329611582637
105,minus,-0.002655530437435324,1.0906415478727998e-05,0.27484167006394555,2.3503915939211004e-05,-0.10383953551090035,-0.1661672557442042,-0.9234023513125933,-0.9764002169024679
106,minus,0.0006389006849661625,1.074073003536356e-05,0.27066639689116173,1.5204967414056018e-05,0.01627420291594563,0.0323146535252441,-0.9071281483966477,-0.9440855633772238
107,minus,0.00310715763511904,1.0107928013219621e-05,0.25471978593313443,2.0146216547812183e-05,0.11419391414964149,0.17843689354170422,-0.7929342342470062,-0.7656486698355196
108,minus,-0.002724952899098947,1.000910015883533e-05,0.25222932400265036,1.811839158418587e-05,-0.11590109948837383,-0.1803158905734943,-0.90883533373538,-0.9459645604090139
109,minus,-0.0032101563792457494,9.921318134308089e-06,0.25001721698456386,1.6222506274243307e-05,-0.1363333741079477,-0.19599712139153702,-1.0451687078433276,-1.141961681800551
110,minus,0.0045866512853564335,1.0023139635679766e-05,0.2525831188191301,1.3902807004465105e-05,0.17373443670580646,0.21173775211376356,-0.8714342711375211,-0.9302239296867874
111,minus,0.001372677391345667,1.0577149531295497e-05,0.2665441681886465,1.440840453758578e-05,0.04405516357431175,0.08434620299737272,-0.8273791075632094,-0.8458777266894146
112,minus,-0.003596994927243563,1.0025254413561905e-05,0.25263641122176,1.7154594213499672e-05,-0.15023201158144683,-0.20305668971113233,-0.9776111191446563,-1.048934416400547
113,minus,-0.0049903543551222,1.0288046291441573e-05,0.25925876654432767,2.0223924325982053e-05,-0.20013853813686688,-0.21373187192410903,-1.1777496572815231,-1.262666288324656
114,minus,0.0032731300421361235,1.1286161726106033e-05,0.28441127549787204,1.3779897926211881e-05,0.10810813805961185,0.16891339485397427,-1.0696415192219113,-1.0937528934706817
115,minus,0.0037511627054555236,1.117622522716729e-05,0.2816408757246157,1.592906768331979e-05,0.12614468684285202,0.1831899316365977,-0.9434968323790593,-0.910562961834084
116,minus,0.0005027631010750077,1.126297367028982e-05,0.28382693649130347,1.6507308565201903e-05,0.010723097899893466,0.02136283230041336,-0.9327737344791659,-0.8892001295336707
117,minus,0.005275850387048664,1.0592753000128474e-05,0.26693737560323755,1.4014827553543486e-05,0.19021081919164504,0.20997382028849287,-0.7425629152875208,-0.6792263092451778
118,minus,0.004624013625921324,1.1504010229039623e-05,0.2899010577717985,1.0520247060331312e-05,0.15265901275159635,0.194705598833961,-0.5899039025359245,-0.4845207104112168
119,minus,-0.001892291539863272,1.1988926229471159e-05,0.30212094098267317,1.2545283698178288e-05,-0.06920090449459687,-0.12330149501792231,-0.6591048070305214,-0.6078222054291391
120,minus,0.0002597753378128627,1.1531853308419594e-05,0.29060270337217375,1.7721944070063568e-05,0.00211156464437901,0.004217871236646076,-0.6569932423861424,-0.603604334192493
121,minus,-0.004054876042401252,1.0840168032325267e-05,0.2731722344145967,1.9268589347081983e-05,-0.15569989204534906,-0.20001108434934034,-0.8126931344314915,-0.8036154185418334
122,minus,-0.003160087339358885,1.1275185857149835e-05,0.28413468360017585,2.031666211902892e-05,-0.11820098817987122,-0.17718132182385116,-0.9308941226113627,-0.9807967403656845
123,minus,0.0041890031016039875,1.127544605594355e-05,0.28414124060977747,1.7555126933317448e-05,0.14044390017539646,0.19089199710359583,-0.7904502224359663,-0.7899047432620887
124,minus,0.0004991361628398646,1.1554407998549482e-05,0.29117108156344695,2.287082498541046e-05,0.010328067705502469,0.02057915434774671,-0.7801221547304639,-0.769325588914342
125,minus,0.0019018012283262488,1.0866569594759938e-05,0.27383755378795044,2.5634337430834148e-05,0.062204343646474106,0.1141279292553179,-0.7179178110839898,-0.6551976596590241
126,minus,-0.05481539069191238,1.0388667368104804e-05,0.26179441767624106,1.932987333914612e-05,-2.1014123936882485,-0.042838226961258385,-2.819330204772238,-0.6980358866202825
127,minus,-0.007301383889398425,0.00019135646113417926,4.822182820581317,1.6987025338721903e-05,-0.015552700647933997,-0.028328118914681344,-2.834882905420172,-0.7263640055349638
128,minus,0.005229360340348322,0.0001832498903976411,4.617897238020556,1.6195545551470694e-05,0.010894455598782705,0.020828561746551788,-2.8239884498213894,-0.705535443788412
129,minus,-0.0008413368781746022,0.0001737735230243365,4.37909278021328,1.7626626452350776e-05,-0.0023743492745469086,-0.004738515295562795,-2.826362799095936,-0.7102739590839748
130,minus,-0.008624202109978298,0.0001634119763937971,4.117981805123687,1.853351551421891e-05,-0.021424608524043737,-0.03697584989693592,-2.84778740761998,-0.7472498089809108
131,minus,-0.004354883560236501,0.00015827756973360368,3.988594757286813,1.891063708892804e-05,-0.011415790612297042,-0.02187475652861659,-2.8592031982322768,-0.7691245655095273
132,minus,-0.004529785038964579,0.0001500248659587292,3.7806266221599754,1.716009930074723e-05,-0.012506386400770592,-0.023827284579033936,-2.8717095846330474,-0.7929518500885613
133,minus,0.0005868016259156375,0.0001423647252318298,3.587591075842111,1.7407719090936815e-05,0.0010825897358209173,0.002164215695766636,-2.8706269948972265,-0.7907876343927946
134,minus,0.009475642569100788,0.0001338318924754604,3.372563690381602,2.0843946573475537e-05,0.027507945653172772,0.04530141489424233,-2.843119049244054,-0.7454862194985523
135,minus,0.009504144589062026,0.000130965998571348,3.3003431639979697,3.051809896545411e-05,0.02819625544446884,0.04620515344612386,-2.814922793799585,-0.6992810660524285
136,minus,0.001647191461114834,0.000128303837418306,3.2332567029413113,3.050107787328045e-05,0.004480865256953379,0.008912226351992292,-2.8104419285426316,-0.6903688397004362
137,minus,0.012113878802600585,0.00012073154476740303,3.0424349281385563,3.521772789050839e-05,0.03916424306723987,0.056267939395131084,-2.7712776854753916,-0.6341009003053051
138,minus,-0.003917126236814114,0.00012200635203016188,3.0745600711600796,3.076213085105794e-05,-0.013385781510113595,-0.025585017750751504,-2.784663466985505,-0.6596859180560566
139,minus,-0.0024214069904384856,0.00011570223055199423,2.9156962099102546,2.8189784029954997e-05,-0.008985228570612376,-0.017620102292549067,-2.7936486955561173,-0.6773060203486057
140,minus,-0.00023788914102576737,0.0001091719040310001,2.7511319815812025,2.599321524825157e-05,-0.0015858993401970595,-0.003169575763637411,-2.795234594896314,-0.6804755961122431
141,minus,-0.003226879826417659,0.00010263301134684593,2.5863518859405175,3.303797182941749e-05,-0.013243721952338913,-0.02551218835417135,-2.808478316848653,-0.7059877844664144
142,minus,0.001626160801307864,9.717898839887469e-05,2.448910507651642,2.4393717167588386e-05,0.005830135884648108,0.011577769559980133,-2.802648180964005,-0.6944100149064343
143,minus,0.009793642088326423,9.147055697366145e-05,2.3050580357362684,2.445118074136989e-05,0.04162684514296349,0.06233395037965206,-2.7610213358210416,-0.6320760645267822
144,minus,-0.00920095147007291,9.150642917794561e-05,2.3059620152842295,2.7748168761504967e-05,-0.040761140496614195,-0.061669366927352254,-2.8017824763176558,-0.6937454314541345
145,minus,0.0033172557869535183,9.131692623357755e-05,2.3011865410861545,3.1052257417232834e-05,0.013553195418345935,0.02617345940330651,-2.78822928089931,-0.667571972050828
146,minus,-0.004926742702173769,8.642154159221922e-05,2.1778228481239243,4.1030774978149286e-05,-0.023533389802579716,-0.04273174897183196,-2.8117626707018895,-0.7103037210226599
147,minus,0.006483747507186783,8.28122821694957e-05,2.0868695106712916,3.105726869821655e-05,0.030118485016115144,0.051966704107483164,-2.7816441856857743,-0.6583370169151768
148,minus,0.0018901512769300428,8.021387125882919e-05,2.0213895557224957,3.223839439117568e-05,0.008369186304184076,0.016539008909138175,-2.77327499938159,-0.6417980080060386
149,minus,-0.0028317647521278657,7.557275774838207e-05,1.9044334952592281,2.4908532554180987e-05,-0.01591117494038878,-0.030578886225658852,-2.789186174321979,-0.6723768942316974
150,minus,-0.0008228726333196706,7.158931080638502e-05,1.8040506323209025,1.7512281633159225e-05,-0.005661068006824677,-0.011265373882102914,-2.7948472423288035,-0.6836422681138004
151,minus,-0.0003532745826698519,6.735653358173062e-05,1.6973846462596116,1.5558071869470484e-05,-0.003250219579270136,-0.006489403023959284,-2.798097461908074,-0.6901316711377596
152,minus,-0.000861164966224217,6.333340309819328e-05,1.5960017580744705,1.4425094134136689e-05,-0.006638950485338218,-0.013197206107346204,-2.804736412393412,-0.7033288772451058
153,minus,-0.00040012621018328906,5.960076120194552e-05,1.5019391822890271,1.4255704389656481e-05,-0.0039851074907293225,-0.007952534983473925,-2.8087215198841413,-0.7112814122285798
154,minus,-0.00038807757159075706,5.604621045933498e-05,1.4123645035752415,1.3058643472766715e-05,-0.004152541843970316,-0.00828619730756408,-2.812874061728112,-0.7195676095361438
155,minus,0.002017084024954209,5.270407608198341e-05,1.3281427172659819,1.2654688095531162e-05,0.013693342612195286,0.026819157428133344,-2.7991807191159164,-0.6927484521080105
156,minus,-0.0025741910098872407,4.974028544070346e-05,1.2534551931057272,1.2418812099541872e-05,-0.022119687433183533,-0.04206211133844029,-2.8213004065491,-0.7348105634464508
157,minus,0.0008359739474005935,4.7217108193657964e-05,1.1898711264801807,1.3712328399947173e-05,0.005358237836007484,0.010682862354937761,-2.8159421687130926,-0.724127701091513
158,minus,0.00019367328482289034,4.4408470762811145e-05,1.1190934632228409,1.2569454219127233e-05,-4.2350471569722025e-05,-8.467590746263909e-05,-2.815984519184662,-0.7242123769989757
159,minus,-0.0009246355340147872,4.174396386476494e-05,1.0519478893920766,1.75840789818566e-05,-0.010675892254287408,-0.02113240071107203,-2.8266604114389495,-0.7453447777100477
160,minus,-0.0015747814662956114,3.931500027282055e-05,0.9907380068750778,1.497701472991413e-05,-0.0178977101151212,-0.03485501234858113,-2.844558121554071,-0.7801997900586288
161,minus,0.003163752766601134,3.7144753309196654e-05,0.9360477833917557,1.7975683211468807e-05,0.031679366382809736,0.058707430002833405,-2.812878755171261,-0.7214923600557954
162,minus,-0.0018538200219553338,3.544366261384508e-05,0.893180297868896,1.8350222148337095e-05,-0.022976690431535537,-0.044187626166936944,-2.8358554456027965,-0.7656799862227324
163,minus,0.002466308595197365,3.356974240532732e-05,0.8459575086142485,1.56151312158494e-05,0.026808626599930246,0.05099426653356698,-2.8090468190028663,-0.7146857196891654
164,minus,-0.0010931421420503425,3.186415896892684e-05,0.8029768060169564,1.534959718922817e-05,-0.01608458464534737,-0.03160493656928054,-2.825131403648214,-0.7462906562584459
165,minus,0.003722519334927878,3.0052396265146638e-05,0.7573203858816953,1.2839730938628299e-05,0.04653389374184491,0.08177339874154921,-2.778597509906369,-0.6645172575168967
166,minus,-0.0014974477132952521,2.899441214436966e-05,0.7306591860381154,1.2065020688997987e-05,-0.023210006034461664,-0.04491550156134583,-2.8018075159408307,-0.7094327590782425
167,minus,-0.002373858552385457,2.7427303967867373e-05,0.6911680599902578,8.63052519089147e-06,-0.03721629224062253,-0.06886520954876119,-2.8390238081814534,-0.7782979686270037
168,minus,0.002045220985388949,2.617866049305629e-05,0.6597022444250186,6.223924966530824e-06,0.027994573348554954,0.05363448675650773,-2.8110292348328985,-0.724663481870496
169,minus,0.00046427238110923456,2.4812582914403564e-05,0.6252770894429698,5.025367620846475e-06,0.0042518698859313414,0.00849119204755322,-2.806777364946967,-0.7161722898229428
170,minus,-0.0006949453598331007,2.332806882179236e-05,0.5878673343091674,4.8148887854309514e-06,-0.015196592940406007,-0.0300340415739333,-2.8219739578873733,-0.7462063313968761
171,minus,-0.0015003494506090763,2.1976270009698778e-05,0.5538020042444092,5.471436778750664e-06,-0.030674539564722495,-0.058744630045440616,-2.852648497452096,-0.8049509614423167
172,minus,0.002168439308274313,2.0830841379453795e-05,0.5249372027622357,9.091263053131354e-06,0.03752880534081551,0.07063020056913238,-2.8151196921112804,-0.7343207608731843
173,minus,-0.004296339658120159,1.981385118730034e-05,0.49930904991996855,7.190774267992459e-06,-0.09001944501613371,-0.13432579719129656,-2.905139137127414,-0.8686465580644809
174,minus,0.0020778026410895314,1.983718804085578e-05,0.4998971386295657,9.737422264010596e-06,0.03759553310965239,0.07093739574582614,-2.8675436040177615,-0.7977091623186547
175,minus,0.0005374774244026907,1.8858883151802524e-05,0.47524385542542363,1.098612899762119e-05,0.0071345420276180535,0.0142302927375475,-2.8604090619901434,-0.7834788695811072
176,minus,-0.0006114473585826053,1.773424805599901e-05,0.44690305101117506,6.232683904095301e-06,-0.0181216050139486,-0.035776125583034,-2.878530667004092,-0.8192549951641412
177,minus,-0.001420516727662109,1.6709545571354056e-05,0.4210805483981222,5.644966179206895e-06,-0.03844702473751283,-0.07302257663722589,-2.916977691741605,-0.8922775718013671
178,minus,7.607591981839543e-05,1.5864228786269466e-05,0.39977856541399054,6.781945737184399e-06,-0.0030601135022738694,-0.00611324996959528,-2.920037805243879,-0.8983908217709624
179,minus,0.0007163036178424226,1.4913273036337106e-05,0.3758144805156951,5.259775662025077e-06,0.013780494001164375,0.027372994559032193,-2.9062573112427144,-0.8710178272119302
180,minus,-0.0038707282878085373,1.4034569314422546e-05,0.3536711467234482,6.443928402632689e-06,-0.11505436685800907,-0.16508881236502804,-3.0213116781007234,-1.0361066395769583
181,minus,-0.0001667826215627485,1.4185969657501925e-05,0.3574864353690485,6.104537729906174e-06,-0.010215641317926936,-0.020348768822450403,-3.0315273194186503,-1.0564554083994087
182,minus,-5.250843910488786e-05,1.3342813535355727e-05,0.3362389010909643,6.1484339461529805e-06,-0.0074625849865510765,-0.014887142993205593,-3.0389899044052013,-1.0713425513926143
183,minus,0.001963306973315671,1.254602240826957e-05,0.3161597646883932,6.245890578879533e-06,0.05582286147772317,0.10302296171550562,-2.9831670429274784,-0.9683195896771086
184,minus,0.00021577645567622623,1.1980152171868514e-05,0.30189983473108656,6.423430348934432e-06,0.000575149611426398,0.0011490309997004289,-2.982591893316052,-0.9671705586774082
185,minus,-0.0036158611536283203,1.1261361131560382e-05,0.2837863005153216,7.706181543766943e-06,-0.13440655328022383,-0.1878058499928672,-3.1169984465962757,-1.1549764086702754
186,minus,0.0023471212931223625,1.145860056476859e-05,0.28875673423216847,9.325461131280424e-06,0.07441241501858939,0.1310917046961535,-3.0425860315776863,-1.023884703974122
187,minus,-0.0005881614970533704,1.1048101448381225e-05,0.27841215649920686,9.327130256163788e-06,-0.028252149811149124,-0.05540584537241067,-3.0708381813888352,-1.0792905493465326
188,minus,0.0003606728482033105,1.0422337299376737e-05,0.2626428999442938,9.459871506316253e-06,0.006177975868566303,0.01233006210714116,-3.0646602055202687,-1.0669604872393914
189,minus,-0.0018021664925964537,9.798576762786736e-06,0.24692413442222574,8.010407880799375e-06,-0.08101999408402419,-0.14248048503905775,-3.145680199604293,-1.2094409722784492
190,minus,-0.0004738785110013125,9.450801182989461e-06,0.2381601898113344,7.3652546961886e-06,-0.028228530131193887,-0.05549691670491974,-3.173908729735487,-1.264937888983369
191,minus,0.005109681161075744,8.910871640225413e-06,0.2245539653336804,6.563032445974318e-06,0.21871216815811062,0.22988079181293664,-2.9551965615773765,-1.0350570971704323
192,minus,-0.00236110998493753,9.82345281655281e-06,0.24755101097713078,6.279996075294757e-06,-0.10339374794905128,-0.1690395102627491,-3.0585903095264277,-1.2040966074331814
193,minus,0.0008379426279845077,9.627115029554703e-06,0.2426032987447785,6.238139850509879e-06,0.02636113906450226,0.05191760327637418,-3.0322291704619255,-1.1521790041568072
194,minus,0.0006545808523775152,9.074028039630508e-06,0.2286655065986888,4.760655058093662e-06,0.019949145839708932,0.03953944372020679,-3.012280024622217,-1.1126395604366004
195,minus,0.00520306226093915,8.542071720334177e-06,0.21526020735242127,7.5469183864453006e-06,0.23249301968444652,0.23509043068093316,-2.7797870049377704,-0.8775491297556672
196,minus,0.002742497753163053,9.532338451735899e-06,0.24021492898374466,1.0719746284552805e-05,0.10590869874380342,0.17257850033593414,-2.673878306193967,-0.7049706294197331
197,minus,0.004796067572982713,9.348740270579991e-06,0.23558825481861578,1.0918240512979873e-05,0.19515637051218207,0.2224892352819574,-2.4787219356817847,-0.4824813941377757
198,minus,0.008370906243135676,1.0056121675084636e-05,0.25341426621213287,1.4170651747567141e-05,0.32249540118162845,0.20068142794002686,-2.1562265345001563,-0.28179996619774883
199,minus,0.0026196551327307928,1.3460133418891888e-05,0.33919536215607554,1.48916373598898e-05,0.07138194399026,0.12457690992588422,-2.0848445905098965,-0.15722305627186461
200,minus,0.00040465379077811805,1.3004270309302932e-05,0.32770761179443386,1.3648008040387726e-05,0.006293448334510814,0.012560545610222462,-2.0785511421753857,-0.14466251066164215
201,minus,0.0012154114365100365,1.222656621403556e-05,0.30810946859369615,1.5665449436602606e-05,0.03300770803114961,0.06414047052889948,-2.045543434144236,-0.08052204013274267
202,minus,0.001973945569328264,1.155502942719092e-05,0.2911867415652112,1.3267587429412695e-05,0.06097574571464256,0.11168213184077835,-1.9845676884295935,0.031160091708035687
203,minus,0.003421679022080754,1.1050878680101565e-05,0.2784821427385594,1.4846027875515923e-05,0.11574409374945363,0.17614485910990751,-1.86882359468014,0.2073049508179432
204,minus,4.6601474199857126e-05,1.1011192706893027e-05,0.27748205621370425,1.9526742818882897e-05,-0.005471028515657354,-0.010921433958898774,-1.8742946231957973,0.19638351685904443
205,minus,-0.0021933874362248047,1.0351903943347264e-05,0.26086797937235107,1.959656125666051e-05,-0.09168622919501963,-0.1547168968166881,-1.9659808523908169,0.04166662004235633
206,minus,-0.004710485237100422,1.0074032179789546e-05,0.25386561093069654,1.8238454173317604e-05,-0.19336600642822843,-0.21510540073168816,-2.1593468588190454,-0.17343878068933183
207,minus,-0.0029261790793086244,1.0915426985479273e-05,0.27506876003407765,1.3810649888643738e-05,-0.11359311676593968,-0.17489623156495426,-2.2729399755849853,-0.3483350122542861
208,minus,-0.0015600437322600014,1.0846285792994738e-05,0.2733264019834674,1.0405449688509584e-05,-0.06433540330944916,-0.11738965456408756,-2.3372753788944345,-0.46572466681837366
209,minus,-0.00175501943360824,1.0381038786529504e-05,0.2616021774205435,1.2755585017974345e-05,-0.07467186058167483,-0.13291442401583264,-2.4119472394761092,-0.5986390908342063
210,minus,0.003347301852862713,9.987130285002445e-06,0.2516756831820616,1.2723000086221696e-05,0.12511694076428176,0.18788847909572048,-2.2868302987118274,-0.4107506117384858
211,minus,0.0012557935139088506,9.982832642323073e-06,0.25156738258654143,9.944856601265233e-06,0.042031713516453344,0.08094041613660785,-2.2447985851953742,-0.32981019560187796
212,minus,0.0017956499791307711,9.450945935122445e-06,0.23816383756508563,7.588084829204336e-06,0.06706464327446766,0.12291736867569636,-2.1777339419209065,-0.2068928269261816
213,minus,0.0013072267892606387,9.03695919487004e-06,0.227731371710725,5.89179196161151e-06,0.048689562729917056,0.09303283078121627,-2.1290443791909897,-0.11385999614496534
214,minus,0.0029206919611643135,8.568509764461613e-06,0.21592644606443265,6.057808576669123e-06,0.12607437914016723,0.19555949848162868,-2.0029700000508224,0.08169950233666334
215,minus,-0.0013109309132629428,8.499047441658366e-06,0.2141759955297908,5.9393200523140116e-06,-0.07047211840627111,-0.12922088564594159,-2.0734421184570935,-0.04752138330927824
216,minus,0.0027205242999773583,8.125791683445227e-06,0.2047699504228197,6.448618023127955e-06,0.1231680525563869,0.19517794116696052,-1.9502740659007065,0.14765655785768228
217,minus,-0.0015691302934764707,8.019906998283337e-06,0.2021016563567401,7.0156895994900734e-06,-0.08745811507695847,-0.15462371524858476,-2.037732180977665,-0.006967157390902479
218,minus,-0.0019858560438659454,7.726165072076927e-06,0.19469935981633857,5.85171977646244e-06,-0.11218674495586847,-0.18587028137775086,-2.1499189259335334,-0.19283743876865334
219,minus,-0.000979424177994743,7.548856964062043e-06,0.1902311954943635,5.743127115715068e-06,-0.06191607393027926,-0.11650804743101961,-2.2118349998638127,-0.30934548619967295
220,minus,0.0005622338681575581,7.179163528663834e-06,0.1809149209223286,5.952473376636027e-06,0.020110069854385168,0.03990256169104178,-2.1917249300094275,-0.26944292450863117
221,minus,-0.0016458732461485212,6.7563556675572744e-06,0.17026016282244333,5.500493134253302e-06,-0.10832163637036707,-0.1852629610171208,-2.3000465663797947,-0.454705885525752
222,minus,-0.0001852066819516174,6.555057766222202e-06,0.16518745570879947,6.343591459736526e-06,-0.023223275564010066,-0.046011029965661976,-2.3232698419438047,-0.500716915491414
223,minus,-0.0035979912066765236,6.170584129988335e-06,0.15549872007570606,6.3327419006116005e-06,-0.24414373978389703,-0.2744027476879811,-2.5674135817277017,-0.7751196631793951
224,minus,-7.008282274333983e-05,6.665110038823637e-06,0.16796077297835565,7.301770614584116e-06,-0.015985608805851235,-0.03179428996506228,-2.583399190533553,-0.8069139531444574
225,minus,-0.004527278046591482,6.269528827187069e-06,0.15799212644511415,5.357563254176101e-06,-0.29910925634929453,-0.27341920122921604,-2.8825084468828477,-1.0803331543736734
226,minus,0.002315533949912548,7.233286278600936e-06,0.1822788142207436,4.6826444894104e-06,0.11614741189483327,0.19230419657101283,-2.7663610349880146,-0.8880289578026606
227,minus,-0.001671172132382731,7.0682212454980175e-06,0.17811917538655003,4.8391593273710865e-06,-0.10496258062828442,-0.17998542389272476,-2.871323615616299,-1.0680143816953853
228,minus,0.0015141963317160177,6.853848817140559e-06,0.1727169901919421,6.568015513372279e-06,0.0761814823105171,0.14030812551365823,-2.795142133305782,-0.9277062561817271
229,minus,0.0005822128061547139,6.546495082292258e-06,0.1649716760737649,8.195486238956082e-06,0.023264606196423943,0.04609203039608545,-2.7718775271093583,-0.8816142257856416
230,minus,0.0010060333637134456,6.162543528716889e-06,0.1552960969236656,6.82634541427449e-06,0.05200521335045052,0.10026906248600032,-2.719872313758908,-0.7813451632996413
231,minus,0.0033935071754800272,5.831925985335125e-06,0.14696453483044514,4.447653581524131e-06,0.2174058170397062,0.2743920268155797,-2.5024664967192014,-0.5069531364840616
232,minus,3.347354264105775e-05,6.094528149258187e-06,0.1535821093613063,3.8937418489952415e-06,-0.010739477173322094,-0.02140112161816976,-2.5132059738925236,-0.5283542581022314
233,minus,-0.0002234394273048372,5.730488755809095e-06,0.1444083166463892,4.233566871932177e-06,-0.02921245365324212,-0.05769732445130149,-2.542418427545766,-0.5860515825535328
234,minus,0.004199460350012432,5.397336983418893e-06,0.1360128919821561,5.939593890353594e-06,0.29416679502150733,0.29572230803642263,-2.2482516325242585,-0.2903292745171102
235,minus,0.0018893135409315774,6.033999703036065e-06,0.15205679251650883,6.479556509051193e-06,0.11120192755185848,0.19177271316165445,-2.1370497049724,-0.09855656135545576
236,minus,0.002181671036502824,5.843508460407764e-06,0.14725641320227564,6.548739358342247e-06,0.13468060880756783,0.21969531687277133,-2.0023690961648324,0.12113875551731557
237,minus,-0.002548751953418973,5.728896770919538e-06,0.14436819862717237,6.898513891398074e-06,-0.19028876705223444,-0.26420307306920154,-2.192657863217067,-0.14306431755188598
238,minus,0.003320212458351495,5.8379777821207716e-06,0.14711704010944343,7.292609733814626e-06,0.2121983801207817,0.2724635633928978,-1.9804594830962852,0.1293992458410118
239,minus,0.0016982765389097847,6.072437139662762e-06,0.15302541591950158,6.0694325032851466e-06,0.09801403456312667,0.17419587196084407,-1.8824454485331585,0.3035951178018559
240,minus,-0.002432813124777948,5.843066403684836e-06,0.14724527337285787,6.74333475935016e-06,-0.178696793650401,-0.2559466108453181,-2.0611422421835597,0.04764850695653777
241,minus,0.002328351766410161,5.907883379421263e-06,0.14887866116141582,5.127976306159861e-06,0.14306543673765038,0.2275242977300307,-1.9180768054459092,0.27517280468656846
242,minus,-0.000638324431251207,5.825608802658901e-06,0.1468053418270043,3.4301758824920467e-06,-0.05699636806472056,-0.10937728412735748,-1.9750731735106297,0.16579552055921098
243,minus,-0.0006647392933608482,5.518080015948858e-06,0.13905561640191122,4.282412431083471e-06,-0.06207242929899257,-0.11854397506854042,-2.0371456028096224,0.047251545490670566
244,minus,0.00020092257216091354,5.231697096646084e-06,0.13183876683548132,3.683952562468307e-06,0.00019037448608322761,0.0003797961871070399,-2.036955228323539,0.047631341677777606
245,minus,0.00031719718933496244,4.917795648815293e-06,0.12392845035014538,3.527794021429407e-06,0.009584925058503701,0.019100679667003462,-2.027370303265035,0.06673202134478107
246,minus,0.0013494283706941734,4.623574495203395e-06,0.11651407727912555,3.555127438202274e-06,0.09878769150993302,0.17993751006023295,-1.9285826117551021,0.24666953140501402
247,minus,0.003506169817710665,4.425650250161446e-06,0.11152638630406843,4.260580222778827e-06,0.2965896438426339,0.3249835219682824,-1.6319929679124683,0.5716530533732964
248,minus,0.0035427277860383918,4.816586664767743e-06,0.12137798395214712,4.050452432399136e-06,0.27552896981253033,0.31042656684759695,-1.356463998099938,0.8820796202208934
249,minus,-0.002303957072193507,5.198658069200929e-06,0.1310061833438634,3.6637825399915146e-06,-0.19101157721983367,-0.2722774378962365,-1.5474755753197718,0.6098021823246569
250,minus,0.0017979718550016899,5.262449853179498e-06,0.13261373630012335,3.4354054881507983e-06,0.12061790891472708,0.20723007271684946,-1.4268576664050447,0.8170322550415063
251,minus,0.002673218978520595,5.100218231714389e-06,0.1285254994392026,5.4758271023430835e-06,0.19255371820426756,0.27470757953005087,-1.2343039482007772,1.0917398345715572
252,minus,0.0007437516301517077,5.161685105255215e-06,0.13007446465243142,5.390937377030214e-06,0.041925133668333385,0.0820706602275223,-1.1923788145324439,1.1738104947990795
253,minus,0.0006184296829651343,4.869827671968116e-06,0.12271965733359652,6.532791793907095e-06,0.034225729901663386,0.06745799037767242,-1.1581530846307806,1.241268485176752
254,minus,-0.0032752295957668176,4.5882228676887805e-06,0.11562321626575726,5.7590646479715585e-06,-0.3004277520005524,-0.31999785059413455,-1.458580836631333,0.9212706345826174
255,minus,-0.0038186237416173367,5.036900942902218e-06,0.1269299037611359,5.676193113069951e-06,-0.3164767577220832,-0.3059663100708443,-1.7750575943534164,0.6153043245117731
256,minus,0.00350835579601448,5.702881791959836e-06,0.14371262115738787,5.799371702441012e-06,0.23031679966207522,0.280623272586646,-1.5447407946913412,0.8959275970984191
257,minus,-0.0007453909734700615,6.018052283003947e-06,0.15165491753169946,6.135988298707947e-06,-0.062233634572745236,-0.11838437045518369,-1.6069744292640864,0.7775432266432354
258,minus,0.0001238605072851708,5.7104150682872725e-06,0.14390245972083926,8.153298078067506e-06,-0.0051807447400241576,-0.010334398407489509,-1.6121551740041105,0.7672088282357459
259,minus,0.003619435638109947,5.368123645942151e-06,0.1352767158777422,8.39636898793538e-06,0.25289074453796134,0.29273223623653655,-1.3592644294661491,1.0599410644722824
260,minus,0.002934321498796803,5.74824010442171e-06,0.14485565063142708,9.736886155868714e-06,0.18887138944585546,0.2631583856836315,-1.1703930400202935,1.323099450155914
261,minus,-0.004301056983611056,5.852457515997559e-06,0.14748192940313848,1.1389332445336517e-05,-0.3050861688773108,-0.28330936095599935,-1.4754792088976043,1.0397900891999146
262,minus,-0.003641532598916313,6.716023710204762e-06,0.16924379749716,9.836390161202383e-06,-0.22688839142796047,-0.26189082671733477,-1.7023676003255648,0.7778992624825798
263,minus,-0.0014835505235333678,7.197773080781228e-06,0.18138388163568694,9.30370888025037e-06,-0.09272947556190918,-0.16375275246286236,-1.795097075887474,0.6141465100197174
264,minus,0.002918063432639145,6.935646712733106e-06,0.17477829716087429,1.172330179747607e-05,0.15560574615984213,0.22938630750961053,-1.639491329727632,0.843532817529328
265,minus,-0.006176374865100947,6.9632979169398275e-06,0.17547510750688367,1.0137392532677303e-05,-0.36328728638981295,-0.24666739950023064,-2.002778616117445,0.5968654180290973
266,minus,-0.001217748404795509,8.983775030719134e-06,0.22639113077412218,1.0346684308204893e-05,-0.06255373602162699,-0.11629916456059064,-2.065332352139072,0.4805662534685067
267,minus,0.0011124494310730485,8.565079265090378e-06,0.21583999748027755,1.0604102476671995e-05,0.042347884698426694,0.08191221385889946,-2.022984467440645,0.5624784673274061
268,minus,0.003395550897891956,8.1013022981041e-06,0.2041528179122233,1.5550996086711813e-05,0.15660514668251532,0.22032872405987858,-1.8663793207581296,0.7828071913872847
269,minus,-0.000582860479520506,8.228525720212023e-06,0.20735884814934297,1.4093809953538033e-05,-0.037677349430997986,-0.07342580126575449,-1.9040566701891275,0.7093813901215302
270,minus,0.004723009266271311,7.77143744371277e-06,0.19584022358156183,1.4212020508047468e-05,0.2310351002011723,0.24594914609473317,-1.6730215699879551,0.9553305362162634
271,minus,-0.0005274891958148869,8.53346964320268e-06,0.21504343500870754,1.4888006779103248e-05,-0.03375605929091451,-0.06605368653785249,-1.7067776292788697,0.8892768496784109
272,minus,-0.0023047800435913503,8.05307747821311e-06,0.2029375524509704,1.5233213427087438e-05,-0.1233479320003536,-0.19570587829530517,-1.8301255612792233,0.6935709713831057
273,minus,-0.0005873747551574437,7.945851263737629e-06,0.20023545184618824,1.500593014227189e-05,-0.039243173290499436,-0.07638582126216509,-1.8693687345697227,0.6171851501209407
274,minus,0.006424783902929566,7.506147903244666e-06,0.18915492716176557,1.380594859621662e-05,0.3291678042936764,0.2418687208360426,-1.5402009302760464,0.8590538709569833
275,minus,0.0058443486250484905,9.381840931636197e-06,0.23642239147723218,1.3213460627071785e-05,0.23880715745063022,0.22391962806544097,-1.3013937728254161,1.0829734990224242
276,minus,0.000847225050732008,1.0731526024998632e-05,0.27043445582996556,1.3632851626845195e-05,0.023991482532360723,0.047307545814508245,-1.2774022902930553,1.1302810448369325
277,minus,0.0027021831950754865,1.0112891911610041e-05,0.254844876172573,1.3238155653601547e-05,0.0982468446792437,0.16271002341751917,-1.1791554456138116,1.2929910682544516
278,minus,0.0009396683144706557,9.88225039891098e-06,0.2490327100525567,1.0628410269385277e-05,0.029765391699006945,0.05837328351203919,-1.1493900539148045,1.3513643517664908
279,minus,0.0033181494573586425,9.322282968276569e-06,0.23492153080056954,1.2825499679630833e-05,0.13279909884438656,0.1968948814547673,-1.016590955070418,1.5482592332212581
280,minus,-0.004061912465178127,9.346911436887087e-06,0.2355421682095546,9.229728237563959e-06,-0.18087314029480045,-0.21951228542487833,-1.1974640953652185,1.3287469477963798
281,minus,-0.000629455920905749,9.875118980645375e-06,0.24885299831226346,1.1524830730827729e-05,-0.03326737571711428,-0.06494849550356818,-1.2307314710823327,1.2637984522928116
282,minus,-0.0009635945065036502,9.323733828857786e-06,0.2349580924872162,1.093662556543449e-05,-0.04945593457180336,-0.09423818529073547,-1.280187405654136,1.1695602670020762
283,minus,0.0018085759708200001,8.845325443782968e-06,0.2229022011833308,1.180906365478365e-05,0.07223631098568595,0.13145705811179376,-1.20795109466845,1.30101732511387
284,minus,2.490417781633947e-05,8.470163462984553e-06,0.21344811926721072,1.4672309476300934e-05,-0.008128838107922032,-0.016213388049466815,-1.216079932776372,1.284803937064403
285,minus,-0.0033554702815896385,7.963759967608653e-06,0.20068675118373805,1.5175580739941717e-05,-0.17708607862950515,-0.2315551738638031,-1.3931660114058773,1.0532487632006
286,minus,0.002826553735909044,8.24373942368515e-06,0.2077422334768658,1.2159738729018697e-05,0.12650971319170956,0.19760710993815955,-1.2666562982141678,1.2508558731387596
287,minus,0.001150468602367562,8.163542577042383e-06,0.20572127294146805,1.1806122855238185e-05,0.04627892343567907,0.08912290916676113,-1.2203773747784887,1.3399787823055207
288,minus,0.0009137044972409109,7.728114649075159e-06,0.194748489156694,1.69634965162201e-05,0.0367290037486602,0.0717561201074659,-1.1836483710298284,1.4117349024129866
289,minus,-0.0027143632969269965,7.295126311578903e-06,0.18383718305178837,1.3348193700129382e-05,-0.15844324564738047,-0.22817328506459678,-1.342091616677209,1.1835616173483898
290,minus,0.0043639310934078315,7.366474572825797e-06,0.1856351592352101,1.469030062461921e-05,0.22439275039041442,0.2512943843509543,-1.1176988662867946,1.4348560016993441
291,minus,-0.005489325200547183,7.96557870839882e-06,0.20073258345165024,1.3708407136098838e-05,-0.2833490109656197,-0.24072391473847876,-1.4010478772524144,1.1941320869608654
292,minus,-0.0020678127905632768,9.428665730330766e-06,0.23760237640433532,1.1443922770027567e-05,-0.0953789066957592,-0.161293794328067,-1.4964267839481735,1.0328382926327984
293,minus,0.0037606015570531203,9.171092464523984e-06,0.23111153010600438,1.4124657465683798e-05,0.15413289233153124,0.21084757001371912,-1.3422938916166423,1.2436858626465175
294,minus,-0.0036173350641215446,9.38217828452986e-06,0.2364308927701525,1.4213575559355287e-05,-0.16138955945337238,-0.21262695844033308,-1.5036834510700146,1.0310589042061844
295,minus,0.00500106882258012,9.692843446695174e-06,0.24425965485671838,1.515117397610091e-05,0.196620933038845,0.2192264744265966,-1.3070625180311695,1.250285378632781
296,minus,0.005633600784616492,1.0495203190713634e-05,0.2644791204059836,1.1821087611186476e-05,0.20550537516385461,0.21200433672193242,-1.1015571428673148,1.4622897153547134
297,minus,-0.0008513025032107026,1.1637967171215517e-05,0.29327677271463104,1.1468200708878861e-05,-0.03579264705851125,-0.06932245891074906,-1.137349789925826,1.3929672564439644
298,minus,-0.005253008031952209,1.1005803261213742e-05,0.2773462421825863,1.0899371577259247e-05,-0.1965565023511678,-0.20684608976216046,-1.3339062922769938,1.186121166681804
299,minus,0.0038179992758561932,1.2128534344308055e-05,0.305639065476563,8.891035665655181e-06,0.11842683041186866,0.17405837271600166,-1.215479461865125,1.3601795393978056
300,minus,0.0008803225918958765,1.2186906703146119e-05,0.3071100489192822,7.509592155082924e-06,0.02220408924692675,0.043804665874595194,-1.1932753726181982,1.4039842052724008
301,minus,0.001549489633538458,1.1483592367127165e-05,0.28938652765160455,4.703728999577228e-06,0.046687623853462014,0.08858693512142679,-1.1465877487647362,1.4925711403938275
302,minus,0.0037130115721096474,1.0904101358177264e-05,0.27478335422606703,4.723161669261553e-06,0.1279043588210024,0.18558768222822586,-1.0186833899437338,1.6781588226220534
303,minus,0.002375038541551698,1.099099959126614e-05,0.27697318969990675,4.68069529369303e-06,0.07858615649757715,0.1373069672088567,-0.9400972334461566,1.8154657898309101
304,minus,-0.0040168080344899545,1.0615801619451405e-05,0.2675182008101754,5.243309128185211e-06,-0.15756762418919204,-0.20219650444252224,-1.0976648576353487,1.6132692853883879
305,minus,0.0016037083006258776,1.1044938671909863e-05,0.27833245453212857,6.06102957825422e-06,0.05048982176999279,0.09520097149200879,-1.047175035865356,1.7084702568803967
306,minus,-0.002093592987575402,1.0500733695371252e-05,0.26461848912335556,3.7897765124457088e-06,-0.0866154777612554,-0.14834323237295433,-1.1337905136266113,1.5601270245074423
307,minus,-0.0013512981534549305,1.0185887077525083e-05,0.25668435435363207,4.25415281718986e-06,-0.06037418430780569,-0.11182933060314681,-1.194164697934417,1.4482976939042955
308,minus,-0.0001688817437661941,9.718830076337355e-06,0.24491451792370134,4.565152884172191e-06,-0.01499684237964678,-0.029815718530343815,-1.2091615403140636,1.4184819753739517
309,minus,0.002347961088377492,9.143794584192443e-06,0.23042362352164955,5.029604277154678e-06,0.09328680614914606,0.15951914169131332,-1.1158747341649176,1.578001117065265
310,minus,-0.0004600895529509976,8.872400405988909e-06,0.2235844902309205,3.6983007085467037e-06,-0.029452054151143832,-0.057877441960814124,-1.1453267883160614,1.520123675104451
311,minus,0.001866842004204331,8.366073894532638e-06,0.21082506214222246,4.747309397801449e-06,0.07913809149815931,0.1423000808026469,-1.066188696817902,1.6624237559070978
312,minus,0.002515799016956699,8.031128841766139e-06,0.2023844468125067,5.007038652669316e-06,0.11450417040647777,0.18707819923846447,-0.9516845264114242,1.8495019551455623
313,minus,0.00385036311040173,7.871477872222665e-06,0.19836124238001115,5.002581204988946e-06,0.18410604653265866,0.23518369830759367,-0.7675784798787655,2.084685653453156
314,minus,0.00022049736045263337,8.199393708586917e-06,0.2066247214563903,5.100400458209002e-06,0.0010688296097520012,0.002134201358781951,-0.7665096502690135,2.086819854811938
315,minus,0.005062815054989199,7.707459350009548e-06,0.1942279756202406,3.978642083207406e-06,0.250448079945368,0.24748931280883646,-0.5160615703236455,2.3343091676207743
316,minus,-0.00045830645967324046,8.664756406208997e-06,0.21835186143646673,6.057177313071503e-06,-0.030076187753362606,-0.05908454550012987,-0.5461377580770082,2.2752246221206445
317,minus,-0.005231300865170775,8.170747824992282e-06,0.2059028451898055,4.793567858636678e-06,-0.2637026971909131,-0.23938430940581323,-0.8098404552679213,2.0358403127148312
318,minus,0.004229108353748364,9.449410318446487e-06,0.23812514002485147,6.438120919637499e-06,0.16926795948193496,0.2151046919541546,-0.6405724957859863,2.250945004668986
319,minus,0.0008556140119536947,9.857236147296207e-06,0.2484023509118644,7.0710435341909664e-06,0.026457129376129693,0.05208550675300572,-0.6141153664098566,2.3030305114219916
320,minus,-0.0002318918891253386,9.291716792449634e-06,0.23415126316973078,1.0204839460550864e-05,-0.018377205474485066,-0.03646117475745392,-0.6324925718843417,2.2665693366645376
321,minus,-0.000127222792021182,8.745323507186033e-06,0.22038215238108802,9.689735558122136e-06,-0.014775946550825349,-0.029389247151402564,-0.6472685184351671,2.237180089513135
322,minus,-0.001531358011313808,8.226966405112678e-06,0.2073195534088395,9.152232758632399e-06,-0.08343500076499558,-0.14864638921594775,-0.7307035192001626,2.0885337002971873
323,minus,0.0007112031454833633,7.912874823299583e-06,0.19940444554714948,1.1152682637733386e-05,0.02571609903999933,0.0507866366251335,-0.7049874201601634,2.139320336922321
324,minus,0.00518100602475141,7.453879576458023e-06,0.18783776532674218,1.3190841612804554e-05,0.26526046653459345,0.251343404993138,-0.4397269536255699,2.390663741915459
325,minus,-0.0017107560912284466,8.496220977211047e-06,0.2141047686257184,1.1059119929770591e-05,-0.0891698396955655,-0.15585195654261685,-0.5288967933211354,2.234811785372842
326,minus,0.0007859827727455191,8.205143246618774e-06,0.2067696098147931,1.2295234022762903e-05,0.02841665537112135,0.0559605968594683,-0.500480137950014,2.2907723822323103
327,minus,0.004461739187301627,7.733548967356735e-06,0.19488543397738972,1.4747137688716493e-05,0.2187606534710825,0.24522979076387985,-0.28171948447893147,2.53600217299619
328,minus,0.004047683853071644,8.360093194367052e-06,0.2106743484980497,1.1326791245296837e-05,0.1827119049899224,0.22959939413992192,-0.09900757948900907,2.765601567136112
329,minus,-0.002249060649087614,8.747500908030394e-06,0.22043702288236594,1.4560684035313985e-05,-0.11102823452693711,-0.18062340158022128,-0.21003581401594618,2.5849781655558908
330,minus,-0.0035544509955937865,8.582058400752033e-06,0.21626787169895123,1.381526886570236e-05,-0.17352848874522325,-0.22422007802756472,-0.38356430276116943,2.360758087528326
331,minus,-0.0025895336161287767,8.912174051054431e-06,0.22458678608657168,1.317053436737046e-05,-0.12413670292546966,-0.19220027313604593,-0.5077010056866391,2.16855781439228
332,minus,0.0022760456321866424,8.843802287157088e-06,0.22286381763635862,1.1175457728136026e-05,0.09322432666768574,0.16019254233709912,-0.41447667901895335,2.3287503567293792
333,minus,-0.0005113305071840606,8.572167666377791e-06,0.21601862519272033,1.1057925200880751e-05,-0.032855648672125565,-0.06435471940428972,-0.4473323276910789,2.2643956373250895
334,minus,0.0020986825226979628,8.08806173146857e-06,0.20381915563300795,9.61283306455175e-06,0.09323313200781021,0.16212148964957152,-0.3540991956832687,2.426517126974661
335,minus,-0.0015115448420472788,7.819439551885803e-06,0.19704987670752222,1.2612171814040045e-05,-0.08677790461133036,-0.15412452658788034,-0.44087710029459903,2.2723926003867807
336,minus,0.0015878245634713224,7.52571046618321e-06,0.1896479037478169,1.3254888657485808e-05,0.07326270618346437,0.13478978230872585,-0.36761439411113467,2.4071823826955066
337,minus,-0.0034907025346365968,7.189995758058158e-06,0.18118789310306557,1.9033830588821786e-05,-0.20360715994146508,-0.2495440001473037,-0.5712215540525998,2.157638382548203
338,minus,0.0034935389891769765,7.575170284737651e-06,0.1908942911753888,2.2279353501029164e-05,0.17261523487555738,0.233458030783944,-0.39860631917704237,2.391096413332147
339,minus,0.0014887378473910366,7.772131503978548e-06,0.1958577139002594,1.9279028502946835e-05,0.06588074185505079,0.1228035818138471,-0.3327255773219916,2.513899995145994
340,minus,-0.0005412659348787898,7.405699953144993e-06,0.1866236388192538,2.1288904381184904e-05,-0.03963477713602357,-0.07723506372286426,-0.3723603544580152,2.4366649314231297
341,minus,-0.0009289749991068689,6.994185424789171e-06,0.1762534727046871,1.708755217824434e-05,-0.0639639991325735,-0.12042460211137396,-0.4363243535905887,2.3162403293117557
342,minus,-0.0016582101165361603,6.650794480532929e-06,0.1676000209094298,1.468706760445043e-05,-0.11077700377807043,-0.1886609977775624,-0.5471013573686592,2.1275793315341933
343,minus,0.0009881273041244237,6.458569708320271e-06,0.16275595664967082,1.4420162428627347e-05,0.04852139497490536,0.09383960781412792,-0.4985799623937538,2.2214189393483212
344,minus,-0.000868805333523333,6.108474475329519e-06,0.1539335567783039,1.568853404927068e-05,-0.06932978450391072,-0.13030291000354666,-0.5679097468976645,2.0911160293447746
345,minus,-0.005466746754308163,5.810303266471114e-06,0.14641964231507207,1.8327065754390084e-05,-0.3869125318944796,-0.2723277347526203,-0.9548222787921441,1.8187882945921543
346,minus,0.00793092920787934,7.387326967968001e-06,0.1861606395927936,1.9433009970927125e-05,0.41536795997159714,0.22464502655620144,-0.539454318820547,2.0434333211483557
347,minus,-0.0043387273809788,1.0531596044040375e-05,0.26539622030981747,2.6914861784145723e-05,-0.17095722290599863,-0.2069521329607249,-0.7104115417265455,1.8364811881876308
348,minus,0.002863384279034387,1.1134838687399196e-05,0.28059793492245977,3.230220705855869e-05,0.09497473961660212,0.1565287957921857,-0.6154368021099434,1.9930099839798165
349,minus,-0.0033938693439063213,1.089287277768652e-05,0.27450039399770026,4.0958061131550935e-05,-0.13086618893337965,-0.1875355803946963,-0.7463029910433231,1.8054744035851202
350,minus,-0.004681407852428688,1.1013569827319391e-05,0.2775419596484487,5.690986118335638e-05,-0.1758228037671299,-0.20429870486158297,-0.922125794810453,1.6011756987235373
351,minus,0.00925741778876178,1.1781514554185064e-05,0.2968941667654636,7.03464497608288e-05,0.30512573517503266,0.18370279859043315,-0.6170000596354204,1.7848784973139704
352,minus,-0.00983491882028487,1.59985580745522e-05,0.4031636634787154,6.240271358455438e-05,-0.24886497538306215,-0.1606869425110009,-0.8658650350184826,1.6241915548029695
353,minus,0.0008655467424962435,2.107870907192447e-05,0.5311834686124967,6.900253850000597e-05,0.012559390182570341,0.024927958322726873,-0.8533056448359122,1.6491195131256964
354,minus,0.00024134683215259895,1.9840690597575518e-05,0.49998540305890304,8.278669216623713e-05,0.0008587077438107224,0.0017162272805029133,-0.8524469370921015,1.6508357404061993
355,minus,-0.002525861129799754,1.8650359762111387e-05,0.46998906600520696,9.246310632144748e-05,-0.057964621419134686,-0.10229898167147145,-0.9104115585112362,1.5485367587347278
356,minus,-0.0007124931854374604,1.7976638249849705e-05,0.4530112838962126,6.942555872812585e-05,-0.020107796786334634,-0.03957834500821633,-0.9305193552975709,1.5089584137265115
357,minus,-0.000908454013996959,1.6947824926612695e-05,0.4270851881506399,5.450828317514696e-05,-0.025916766563659134,-0.050576869993230744,-0.9564361218612301,1.4583815437332808
358,minus,0.0038271426587626754,1.6004464666158366e-05,0.40331250958719084,7.070914365902358e-05,0.08997315664877718,0.1411526393877196,-0.8664629652124529,1.5995341831210004
359,minus,0.002858886345931204,1.5834257653697356e-05,0.3990232928731734,7.287119558351283e-05,0.06667464519080388,0.11598718186343149,-0.799788320021649,1.7155213649844319
360,minus,-0.008514578029163252,1.530888939622394e-05,0.38578401278484326,5.715689073633403e-05,-0.22585152413859352,-0.17025272063132224,-1.0256398441602426,1.5452686443531096
361,minus,-0.001900457909735192,1.8945328477579974e-05,0.4774222776350153,6.575767744129085e-05,-0.04396256116377662,-0.08155301724205621,-1.0696024053240192,1.4637156271110534
362,minus,0.0038453796145048232,1.8072924238710002e-05,0.45543769081549207,5.1336864037871725e-05,0.08007608921347689,0.1285490663661486,-0.9895263161105423,1.592264693477202
363,minus,-0.014117966330416476,1.778657084561163e-05,0.4482215853094131,6.933592117240531e-05,-0.319404051434658,-0.13195697509890447,-1.3089303675452002,1.4603077183782975
364,minus,-0.012418145574213533,2.9016899104700927e-05,0.7312258574384634,6.249315919451755e-05,-0.17253982670720835,-0.12199559747710431,-1.4814701942524087,1.3383121209011932
365,minus,0.002388400978092557,3.682653771721328e-05,0.9280287504737746,4.790200410293708e-05,0.023598280533462267,0.04521836011548519,-1.4578719137189464,1.3835304810166784
366,minus,0.0021545124510665035,3.490470837408859e-05,0.8795986510270325,3.3901598769470515e-05,0.02223854880143158,0.04289434033280237,-1.4356333649175148,1.4264248213494808
367,minus,0.0058102870453329205,3.304000544618321e-05,0.832608137243817,3.0461115307071127e-05,0.06740114702094087,0.10227816504430676,-1.368232217896574,1.5287029863937875
368,minus,-0.004349010919072138,3.2947193140549494e-05,0.8302692671418472,3.088344273578292e-05,-0.05477046781629137,-0.09056557860485848,-1.4230026857128655,1.438137407788929
369,minus,-0.00200985524123584,3.221110524552806e-05,0.8117198521873071,5.1930621888545874e-05,-0.02720480389506321,-0.05177701953917868,-1.4502074896079287,1.3863603882497504
370,minus,0.005572647526457952,3.057102576839315e-05,0.7703898493635074,4.677578115187471e-05,0.06975993819863309,0.10608154285097626,-1.3804475514092955,1.4924419311007266
371,minus,0.012395710975096801,3.046970822150804e-05,0.7678366471820026,4.945210053784527e-05,0.15885277580132146,0.12090919023173186,-1.2215947756079741,1.6133511213324585
372,minus,0.0013769858881258405,3.756797084324162e-05,0.9467128652496889,4.2842844760097514e-05,0.01244910925977859,0.024586746983397134,-1.2091456663481956,1.6379378683158556
373,minus,-0.006989374338793357,3.5397234678457765e-05,0.8920103138971357,4.098946795820352e-05,-0.08057964045060281,-0.10839863320680987,-1.2897253067987984,1.5295392351090458
374,minus,0.003702466143739886,3.637325754728394e-05,0.9166060901915553,3.903149982075404e-05,0.03822856385991172,0.06870486400108433,-1.2514967429388866,1.59824409911013
375,minus,-0.006481975415471067,3.4927565527309463e-05,0.8801746512881985,2.521381213458305e-05,-0.0758984379305464,-0.10643955695453222,-1.3273951808694329,1.4918045421555979
376,minus,-0.0013508699171631503,3.550956671679807e-05,0.8948410812633114,1.804570311762565e-05,-0.017313494518921897,-0.03385209983884785,-1.3447086753883548,1.45795244231675
377,minus,-0.0014882421025044102,3.3523009311165714e-05,0.844779834641376,1.850488624776814e-05,-0.01996561390025513,-0.03881852661155705,-1.36467428928861,1.419133915705193
378,minus,0.0012531622351429571,3.168231701754318e-05,0.798394388842088,1.6598662299970586e-05,0.013210883636844728,0.026105563373282514,-1.3514634056517651,1.4452394790784755
379,minus,-0.000317783236051341,2.9848127791604548e-05,0.7521728203484346,1.526214372444075e-05,-0.006862730485593964,-0.013678766907836426,-1.358326136137359,1.431560712170639
380,minus,-0.0018817613237246474,2.8073227618673706e-05,0.7074453359905774,1.2464998506863704e-05,-0.02940402482440074,-0.05591096669566564,-1.3877301609617598,1.3756497454749734
381,minus,0.00014875689224069967,2.6648461399295787e-05,0.6715412272622538,1.0639400724409992e-05,-0.0007394304944528282,-0.0014780875748190425,-1.3884695914562126,1.3741716579001544
382,minus,0.005334828034808368,2.5049701657283236e-05,0.6312524817635375,9.657343666314291e-06,0.08136863592276113,0.12041994283023838,-1.3071009555334514,1.4945916007303928
383,minus,0.0019351717468976486,2.512968530832388e-05,0.6332680697697618,6.659274951209256e-06,0.02742533741068591,0.05271540415745779,-1.2796756181227655,1.5473070048878506
384,minus,0.0009062556804051544,2.3802884109374103e-05,0.5998326795562274,6.312307638586487e-06,0.011800673856518416,0.023424197034020544,-1.2678749442662471,1.570731201921871
385,minus,-0.0007990257436474481,2.2404773564041014e-05,0.5646002938138336,6.2775730286538246e-06,-0.017666275646484753,-0.03479750563549189,-1.2855412199127318,1.5359336962863792
386,minus,0.0031242555305297454,2.1120180156940514e-05,0.5322285399549009,6.992931878291679e-06,0.05497342987967108,0.09681562106353603,-1.2305677900330607,1.6327493173499152
387,minus,-0.0006551246126470109,2.0366602724219124e-05,0.5132383886503219,5.958286791267427e-06,-0.016630426132080288,-0.032848351247240615,-1.247198216165141,1.5999009661026746
388,minus,-0.0041304508445660654,1.918831811724824e-05,0.4835456165546556,5.91684349442199e-06,-0.08952337472982694,-0.1350288356830971,-1.336721590894968,1.4648721304195775
389,minus,-0.0023063341992042197,1.9161362604637182e-05,0.482866337636857,4.4165230731373575e-06,-0.05187246868098374,-0.09348630533582103,-1.3885940595759516,1.3713858250837565
390,minus,0.004592013475271218,1.8388106269626248e-05,0.4633802779945814,5.668980453993792e-06,0.09481630931452582,0.140427155418684,-1.2937777502614258,1.5118129805024405
391,minus,0.0021837444806547812,1.844304356063338e-05,0.4647646977279612,8.437088621391473e-06,0.04271692303540982,0.07970418558336334,-1.251060827226016,1.5915171660858038
392,minus,0.004466330438142812,1.757295348413021e-05,0.44283842780008126,8.420112091322202e-06,0.09637640890679113,0.14320358802433608,-1.1546844183192249,1.73472075411014
393,minus,0.0020791880841089542,1.7611483585068577e-05,0.44380938634372813,9.280443493233461e-06,0.042377999284575855,0.07938677336051736,-1.112306419034649,1.8141075274706573
394,minus,0.005458315604702014,1.6767033533050916e-05,0.4225292450328831,1.1259049708557645e-05,0.12448612653734695,0.16058252336459233,-0.9878202924973021,1.9746900508352496
395,minus,0.0021806278561818724,1.7421006236083306e-05,0.43900935714929934,1.1750833320599004e-05,0.04515200246848173,0.08393627173908058,-0.9426682900288204,2.05862632257433
396,minus,0.003759149109385042,1.66114964778197e-05,0.4186097112410564,1.2209984507637246e-05,0.0850610082698701,0.13555587743339625,-0.8576072817589503,2.1941822000077265
397,minus,-0.0014919444623337488,1.637553731645597e-05,0.4126635403746904,9.989653738042111e-06,-0.04096211550968705,-0.07736694858745707,-0.8985693972686374,2.1168152514202694
398,minus,0.0061030220240961735,1.556444351732182e-05,0.3922239766365098,1.1835474798561435e-05,0.15054177402202823,0.1723401696133644,-0.7480276232466092,2.289155421033634
399,minus,-0.0017560554969963393,1.6722441583619405e-05,0.42140552790720903,1.0644777953701365e-05,-0.046379747439843744,-0.08613927423039947,-0.794407370686453,2.2030161468032343
400,minus,-0.00110978337778412,1.594829184421417e-05,0.4018969544741971,1.1927153770386802e-05,-0.03255053469883431,-0.06280527021447302,-0.8269579053852872,2.1402108765887613
401,minus,0.0006833028509762763,1.5094076951987925e-05,0.38037073919009573,2.027731663356086e-05,0.012747830014370456,0.025342195546781632,-0.8142100753709168,2.165553072135543
402,minus,0.008639720853319674,1.4202539442471836e-05,0.35790399395029027,1.6137767198102835e-05,0.2358539803296914,0.17650288649574097,-0.5783560950412254,2.342055958631284
403,minus,0.00031744068507776025,1.762572807788947e-05,0.44416834756281465,1.455718774444344e-05,0.0026797944364603515,0.005354169491424088,-0.575676300604765,2.347410128122708
404,minus,-0.0027872027392180625,1.6569034452912674e-05,0.4175396682133994,1.3617410724950361e-05,-0.07150495306004913,-0.12119894481932114,-0.6471812536648142,2.226211183303387
405,minus,-0.0038622227701265647,1.610972635822306e-05,0.40596510422722115,1.5141852791914401e-05,-0.10002424903659948,-0.14909915511094463,-0.7472055027014136,2.0771120281924422
406,minus,0.0020045406059513186,1.6132468401231224e-05,0.40653820371102684,1.6891780861818194e-05,0.04442701549452513,0.08318518371870454,-0.7027784872068885,2.1602972119111468
407,minus,-0.003205996137412652,1.536024617826074e-05,0.38707820369217066,2.6169457853931742e-05,-0.08795144762355966,-0.1404817468162971,-0.7907299348304482,2.0198154650948497
408,minus,0.0011283542381214933,1.513403137885184e-05,0.38137759074706634,1.987874314439657e-05,0.02438374886912383,0.04781629377456742,-0.7663461859613243,2.067631758869417
409,minus,-0.0008678251572262205,1.4277876972157286e-05,0.35980249969836364,2.3308960684360145e-05,-0.029633975765393165,-0.057685702330600996,-0.7959801617267175,2.009946056538816
410,minus,-0.0002583485892693418,1.3489416143715698e-05,0.3399332868216356,2.4473387532098294e-05,-0.01343679202330382,-0.0267100762501995,-0.8094169537500213,1.9832359802886166
411,minus,0.0033950025451256545,1.2692569027528254e-05,0.319852739493712,2.0313658664405793e-05,0.09993942374146206,0.15749736306985795,-0.7094775300085593,2.1407333433584745
412,minus,0.008819642354495942,1.254410608476306e-05,0.3161114733360291,2.165617310654597e-05,0.2727275149206244,0.18333591717636644,-0.4367500150879349,2.324069260534841
413,minus,0.0007332903399674103,1.6250995766653034e-05,0.4095250933196565,1.5659940232997515e-05,0.013060924721826779,0.025948785266786345,-0.4236890903661081,2.3500180458016273
414,minus,-0.004761913981697085,1.5293101666139958e-05,0.3853861619867269,1.1176222833466364e-05,-0.12871055500639958,-0.16750966210372464,-0.5523996453725076,2.1825083836979027
415,minus,0.002099052883915134,1.5851806012576097e-05,0.39946551151691767,1.1267796879354698e-05,0.047579581483392766,0.08837935680669684,-0.5048200638891148,2.2708877405045995
416,minus,-0.0022526041097626834,1.5117443638706335e-05,0.3809595796953997,1.1667280292475953e-05,-0.06433797543915602,-0.11355143782771471,-0.5691580393282708,2.157336302676885
417,minus,0.006101034258643304,1.457084602402145e-05,0.3671853198053405,1.1996226056272173e-05,0.16075320122710293,0.17887154640686065,-0.4084048381011679,2.3362078490837455
418,minus,0.0030290090376176022,1.5787051739578116e-05,0.39783370383736855,1.1832884400222513e-05,0.07115023970824831,0.12164046203873369,-0.3372545983929196,2.457848311122479
419,minus,-0.000950304567439362,1.532056517333464e-05,0.38607824236803295,9.017319843110391e-06,-0.02975348361529874,-0.05779987735876446,-0.36700808200821833,2.4000484337637147
420,minus,0.00431044819227807,1.448050434434656e-05,0.3649087094775333,8.331950852409788e-06,0.11268669086448706,0.1621624512523412,-0.25432139114373126,2.562210885016056
421,minus,-0.0014126087567783905,1.4626204237854283e-05,0.3685803467939279,9.885112904060205e-06,-0.043708826832587616,-0.08247105925902876,-0.2980302179763189,2.479739825757027
422,minus,0.0016324142655423585,1.3904355391328187e-05,0.3503897558614703,1.0171032905045398e-05,0.04092589874963711,0.07794054928253935,-0.2571043192266818,2.5576803750395665
423,minus,-0.0013577890239527338,1.3193475697520314e-05,0.3324755875775119,9.518710387104446e-06,-0.04680649589054793,-0.08813918526936249,-0.3039108151172297,2.469541189770204
424,minus,-0.004771677220824361,1.2547172983710683e-05,0.31618875918950917,7.489402045670734e-06,-0.15718743234190097,-0.18975607363040936,-0.4610982474591307,2.2797851161397946
425,minus,0.006969885123568121,1.3276450233006152e-05,0.33456654587175505,8.514362666429779e-06,0.202395383181887,0.1881421410008155,-0.2587028642772437,2.46792725714061
426,minus,-0.0013383163911814965,1.52310335473042e-05,0.3838220453920658,6.7989157813674325e-06,-0.040037541043909025,-0.0760817262216742,-0.29874040532115276,2.391845530918936
427,minus,0.0015784839022566113,1.4458863712154248e-05,0.36436336554628707,6.2263016130873645e-06,0.03787623384625354,0.07250669697693723,-0.2608641714748992,2.464352227895873
428,minus,0.0014008952468911287,1.3705607681085744e-05,0.34538131356336077,4.211481337679796e-06,0.03481608591015545,0.06720724411134515,-0.22604808556474376,2.5315594720072183
429,minus,-0.00148156099082159,1.297002907698431e-05,0.3268447327400046,4.377108246750148e-06,-0.05139974798280314,-0.09576509090646201,-0.2774478335475469,2.4357943811007563
430,minus,0.00013347538119538708,1.2361166028156419e-05,0.31150138390954174,4.289857311040292e-06,-0.0020846558176501957,-0.004164417839944257,-0.2795324893651971,2.431629963260812
431,minus,-0.0002605147352325786,1.1619749077777076e-05,0.2928176767599823,4.5464724699364775e-06,-0.0156728049591573,-0.031122704486005404,-0.2952052943243544,2.4005072587748066
432,minus,0.002756063289394761,1.0935200996471585e-05,0.275567065111084,5.131779766987759e-06,0.09281408828558839,0.15464652629320685,-0.20239120603876598,2.5551537850680135
433,minus,-0.00047386220236503046,1.0671583529416342e-05,0.2689239049412918,5.5233950308619715e-06,-0.024998703663941357,-0.04924281461314273,-0.22738990970270734,2.5059109704548708
434,minus,-0.00032006485034465917,1.0058405730184304e-05,0.2534718244006445,6.840978739689756e-06,-0.020455036767236024,-0.040497088505933476,-0.24784494646994337,2.4654138819489373
435,minus,0.004065062925269262,9.471030524487172e-06,0.23866996921707673,7.891574182728049e-06,0.16200824257616345,0.21219855948053024,-0.08583670389377993,2.6776124414294675
436,minus,-0.0011160927796004974,9.799827731628936e-06,0.24695565883704917,7.537302114522959e-06,-0.05322840076649375,-0.10042961412486129,-0.13906510466027366,2.5771828273046062
437,minus,0.00044274338519122115,9.315513546834802e-06,0.23475094138023703,5.68670799088849e-06,0.010408081234603824,0.02074271647894932,-0.12865702342566984,2.5979255437835556
438,minus,0.0027337310740233652,8.760164583094814e-06,0.2207561474939893,4.536470670651305e-06,0.11484701125615075,0.18439073454855937,-0.01381001216951909,2.782316278332115
439,minus,0.0009571505534283713,8.620225064051672e-06,0.21722967161410214,5.974607966797109e-06,0.03492791060162046,0.06823596038235014,0.02111789843210137,2.850552238714465
440,minus,-0.0007704180635096579,8.137552548166598e-06,0.20506632421379828,8.080505454746499e-06,-0.04724475194241409,-0.0908568890164938,-0.02612685351031272,2.7596953496979713
441,minus,0.0042445977833602926,7.705617377991425e-06,0.1941815579253839,1.0150459078049217e-05,0.20837123402328345,0.24385545569748057,0.18224438051297073,3.003550805395452
442,minus,0.0020829779996331763,8.225577159811082e-06,0.20728454442723926,1.0843676603929545e-05,0.09091682674305683,0.1587716663628349,0.27316120725602755,3.1623224717582867
443,minus,0.0050266560199509844,7.94513771269627e-06,0.20021747035994603,1.1937013413465935e-05,0.24114995124342492,0.24375804755453245,0.5143111584994524,3.406080519312819
444,minus,-0.001057268303001535,8.867145464253239e-06,0.22345206569918163,9.940842795659223e-06,-0.0561946472718973,-0.10596344049693673,0.45811651122755515,3.3001170788158825
445,minus,0.005132662517775006,8.429720823036805e-06,0.2124289647405275,1.121107827305149e-05,0.23227763809842378,0.2366224597193094,0.6903941493259789,3.536739538535192
446,minus,0.0016841166649288024,9.384746850447216e-06,0.23649562063126983,9.825838942384946e-06,0.06282162699462951,0.11637257815175417,0.7532157763206084,3.653112116686946
447,minus,-0.003934618547648161,8.954101015987685e-06,0.22564334560288965,1.2188791849783685e-05,-0.1831665469689761,-0.22383595937308787,0.5700492293516324,3.429276157313858
448,minus,-0.01006320709225717,9.441771791883348e-06,0.23793264915546036,1.4703796685537565e-05,-0.43128254264782023,-0.18284438752396426,0.13876668670381215,3.246431769789894
449,minus,0.004976670829230526,1.5193315928066402e-05,0.38287156138727335,1.7548376862373396e-05,0.12480054965442144,0.16624600529237377,0.2635672363582336,3.4126777750822677
450,minus,-0.002464556194788622,1.565162201826602e-05,0.3944208748603037,2.02423238748736e-05,-0.06751592177124228,-0.11724386472608916,0.19605131458699132,3.2954339103561785
451,minus,0.0031224034974208564,1.513800889673953e-05,0.38147782419783616,2.434990929672259e-05,0.07664903733674863,0.1289361600600376,0.27270035192374,3.424370070416216
452,minus,-0.006050434937719972,1.474271169449622e-05,0.37151633470130474,2.9130854431282427e-05,-0.16819846269092525,-0.17862926312622385,0.10450188923281473,3.2457408072899923
453,minus,-0.0030804243237236664,1.62010347996025e-05,0.408266076949983,3.093714796790554e-05,-0.08031127755289985,-0.13146283112695656,0.024190611679914875,3.1142779761630357
454,minus,0.0050003828298306584,1.5874019044690274e-05,0.4000252799261949,3.538255734579492e-05,0.1200416666742644,0.16170779226104548,0.1442322783541793,3.275985768424081
455,minus,0.005951972982752375,1.630511293059067e-05,0.4108888458508849,5.130669446127706e-05,0.14002717139777732,0.16698509148376628,0.2842594497519566,3.4429708599078475
456,minus,0.0014321213741053428,1.7313013511487083e-05,0.4362879404894745,6.208150846535957e-05,0.028277395756310338,0.054905778606299194,0.31253684550826694,3.4978766385141467
457,minus,-0.0012693815573121543,1.6365554926586616e-05,0.4124119841499827,5.232490858202397e-05,-0.03559048505222527,-0.06813935746347788,0.27694636045604165,3.4297372810506688
458,minus,-0.00715717499975699,1.551288682961975e-05,0.3909247481064177,6.467341786883586e-05,-0.1881586605554926,-0.17399427382733812,0.08878769990054905,3.2557430072233307
459,minus,0.012784303650907967,1.7828393842970484e-05,0.4492755248428562,7.285191751569014e-05,0.2801374714747138,0.14142438308968597,0.3689251713752628,3.3971673903130166
460,minus,-0.014959349910440036,2.6262969276478396e-05,0.6618268257672556,6.386537157542447e-05,-0.2290291360021611,-0.11696732094234008,0.13989603537310172,3.2802000693706765
461,minus,0.0023069184579798756,3.8472657158269744e-05,0.9695109603883976,5.177976253731962e-05,0.021748137418915663,0.04186990834629434,0.16164417279201737,3.322069977716971
462,minus,0.01037679654523697,3.6431045521061236e-05,0.9180623471307431,6.811068487224275e-05,0.11086811128498171,0.11382579532852644,0.27251228407699907,3.4358957730454973
463,minus,0.013799435441850689,4.046115265379517e-05,1.0196210468756381,5.519992634249277e-05,0.13339291872323314,0.10569716740716029,0.40590520280023223,3.5415929404526576
464,minus,0.009982520899398774,4.913275267461852e-05,1.2381453674003866,5.5707030809592427e-05,0.07902228977788624,0.0958087785079682,0.48492749257811846,3.637401718960626
465,minus,0.0009760173737055793,5.192851391145759e-05,1.3085985505687312,7.815501983817674e-05,0.005942270644843107,0.011835626764825413,0.49086976322296155,3.649237345725451
466,minus,-0.006459353819191452,4.884908321863237e-05,1.2309968971095357,6.712279322103268e-05,-0.05408434849216142,-0.08303719966032386,0.4367854147308001,3.5662001460651274
467,minus,0.010188393368882777,4.857768952569028e-05,1.2241577760473952,7.875339330873178e-05,0.08160696983624195,0.09686658177445828,0.5183923845670421,3.6630667278395856
468,minus,-0.0027670211409450266,5.1651010981930816e-05,1.3016054767446565,7.474491596738992e-05,-0.022782893068138736,-0.04310911616807722,0.4956094914989033,3.6199576116715084
469,minus,0.0034548230557112708,4.907957819435144e-05,1.2368053704976563,6.270814333988235e-05,0.026329206154629508,0.049109562076894875,0.5219386976535328,3.6690671737484033
470,minus,-0.010315458203901824,4.677105600759764e-05,1.1786306113914604,6.026788723731823e-05,-0.08920412214563238,-0.09978449909219922,0.43273457550790045,3.569282674656204
471,minus,-0.005273028188677888,5.0597281528173946e-05,1.2750514945099833,6.425866437447616e-05,-0.04291152875510587,-0.07167305916540112,0.38982304675279456,3.497609615490803
472,minus,-0.000417331535716521,4.9357644559339105e-05,1.2438126428953455,6.323942625154908e-05,-0.0049504580745850174,-0.009873020299417057,0.38487258867820956,3.487736595191386
473,minus,0.0011377176192388875,4.641893434349056e-05,1.169757145455962,5.0952476014017946e-05,0.008029913939615692,0.01595427349533285,0.3929025026178253,3.5036908686867188
474,minus,0.002731481134010307,4.368673590693842e-05,1.1009057448548483,4.3991410955885776e-05,0.02300894919874896,0.043858331084675406,0.41591145181657424,3.547549199771394
475,minus,-0.0026748682530480196,4.145051789448737e-05,1.0445530509410816,3.882876715912812e-05,-0.02750727642671723,-0.051575466548123394,0.388404175389857,3.4959737332232708
476,minus,0.01123801453459882,3.945883142637975e-05,0.9943625519447697,3.2371036035508506e-05,0.11102189854791815,0.10940040993037581,0.49942607393777516,3.6053741431536466
477,minus,0.006628965108670296,4.440367006288841e-05,1.118972485584788,3.213885877471932e-05,0.057468369357597894,0.08769599329087274,0.5568944432953731,3.6930701364445193
478,minus,0.004908059109794078,4.422057011717929e-05,1.114358366952918,3.277590630399075e-05,0.042263301923772985,0.07240350192112288,0.5991577452191461,3.765473638365642
479,minus,-0.007166314467030462,4.289818206936278e-05,1.0810341881479422,2.5247817586168957e-05,-0.06812668134076885,-0.09584225302371241,0.5310310638783773,3.66963138534193
480,minus,0.002861336736148985,4.3578643518486005e-05,1.0981818166658472,3.22243011308549e-05,0.024248480509548958,0.04598957117686986,0.5552795443879263,3.7156209565187996
481,minus,-0.001459015420195912,4.138939477322207e-05,1.043012748285196,2.9077122772599497e-05,-0.015890775269368152,-0.031084278258491693,0.5393887691185582,3.684536678260308
482,minus,-0.006066628337413213,3.907085516493001e-05,0.9845855501562363,3.5238366246320974e-05,-0.06363125108662991,-0.09532117945687846,0.47575751803192823,3.5892154988034295
483,minus,-0.001122785971601135,3.908164820586916e-05,0.9848575347879029,2.9688264189339253e-05,-0.013415124760134614,-0.02642808269392205,0.4623423932717936,3.5627874161095074
484,minus,-0.004643835100629355,3.684148326905579e-05,0.9284053783802059,2.0304965448644818e-05,-0.05215661080605059,-0.08603723610320113,0.410185782465743,3.4767501800063063
485,minus,-0.004760181384035476,3.60378360977521e-05,0.908153469663353,2.0828256877758923e-05,-0.054600838383476034,-0.08894827495214663,0.355584944082267,3.3878019050541597
486,minus,-0.003969930212971047,3.535082524835638e-05,0.8908407962585807,2.4415425511182183e-05,-0.04679110935298722,-0.08038768062180601,0.3087938347292798,3.3074142244323537
487,minus,-0.0028738774014557887,3.4272280691067984e-05,0.8636614734149132,2.1997035717626996e-05,-0.03557285110473514,-0.06514317092432975,0.27322098362454467,3.242271053508024
488,minus,-0.00031722009094027745,3.27822818370689e-05,0.8261135022941363,1.792300553169602e-05,-0.006241670035909734,-0.0124447325392536,0.2669793135886349,3.2298263209687703
489,minus,0.00620429700364826,3.083129755725212e-05,0.7769486984427535,1.760550976589242e-05,0.07730091211006876,0.11120472359586886,0.34428022569870365,3.341031044564639
490,minus,-0.0016932037772785387,3.114565848108949e-05,0.784870593723455,1.5625248426992485e-05,-0.024100998187705554,-0.04640625589989966,0.3201792275109981,3.2946247886647395
491,minus,-0.0012575902459720425,2.9491611745690508e-05,0.7431886159914008,1.0252464667468095e-05,-0.019591297727864925,-0.03824960831737467,0.30058792978313315,3.256375180347365
492,minus,0.007791575347851877,2.78493117153925e-05,0.701802655227891,1.2596606724063044e-05,0.10819512569346877,0.12801801171858873,0.40878305547660193,3.3843931920659536
493,minus,-0.001001366581855285,2.963772015371924e-05,0.7468705478737249,1.3839217244987832e-05,-0.016064086121532706,-0.031602838767728514,0.3927189693550692,3.352790353298225
494,minus,-0.003898955322240808,2.7945825163777708e-05,0.7042347941271982,1.0122420301610204e-05,-0.05818184581083683,-0.09692008832002141,0.3345371235442324,3.2558702649782036
495,minus,0.0029509967753743723,2.7276381135751484e-05,0.6873648046209374,1.1195230410307098e-05,0.040045461426842295,0.0732749798022665,0.37458258497107466,3.32914524478047
496,minus,0.0005557127446017813,2.609440141365097e-05,0.6575789156240045,9.365795728327913e-06,0.005433569077409146,0.010844012388202096,0.3800161540484838,3.3399892571686722
497,minus,0.0029945017344016754,2.4536397128212314e-05,0.6183172076309503,9.04957767584317e-06,0.045220948106911726,0.08172380559590486,0.42523710215539556,3.421713062764577
498,minus,0.002156150972343069,2.3533300134350237e-05,0.593039163385626,7.511237403932361e-06,0.033011955951673694,0.06259332706840759,0.4582490581070693,3.4843063898329847
499,minus,-0.00029255191285056537,2.2351266475241934e-05,0.5632519151760967,1.0817295955012145e-05,-0.008716607933943148,-0.017360663554257805,0.44953245017312615,3.466945726278727
500,minus,-0.00014842679404004715,2.102465326169819e-05,0.5298212621947943,1.4746605076639245e-05,-0.006546349065266965,-0.01305965962349287,0.4429861011078592,3.453886066655234
501,minus,-0.0010911749780055978,1.977039192400779e-05,0.4982138764849963,1.3636943759087069e-05,-0.025884218350492535,-0.05032517127636549,0.41710188275736665,3.4035608953788685
502,minus,0.002624906697000597,1.8683950591077516e-05,0.47083555489515344,1.2038500613968513e-05,0.051535912557160966,0.09322226750962415,0.4686377953145276,3.4967831628884927
503,minus,-0.004792733984625894,1.791618594312385e-05,0.451487885766721,1.2380498907764009e-05,-0.11054885059789767,-0.1510326861128215,0.35808894471662994,3.345750476775671
504,minus,0.025438961924663266,1.8335907499232848e-05,0.4620648689806678,1.3408970378516875e-05,0.5462555351141963,0.08683416657190612,0.9043444798308262,3.4325846433475773
