day,variant,return,z_standardised,gaussian_increment,gaussian_log_odds,gaussian_prob_valid,student_t_increment,student_t_log_odds,student_t_prob_valid
1,base,-0.007050196629008118,-1.1191840184676831,-0.07248609327420816,-0.07248609327420816,0.4818864070745638,-0.10056678780453332,-0.10056678780453332,0.47487947122761537
2,base,0.00848705376524127,1.3472780175877654,0.0828864106682857,0.01040031739407754,0.5026000559119606,0.10510160159815252,0.004534813793619197,0.5011337015055684
3,base,-0.0027834500707732213,-0.44185900044186466,-0.029818627691859195,-0.019418310297781655,0.4951455749630801,-0.05547709976218207,-0.05094228596856287,0.4872671819842783
4,base,0.014398596447750501,2.285706325747551,0.14200183749337805,0.1225835271955964,0.530607563783959,0.10542577319486401,0.05448348722630114,0.5136175033996254
5,base,-0.005796489189760757,-0.920164132402875,-0.05994901888173455,0.06263450831386184,0.5156535099132726,-0.09207946816221368,-0.03759598093591254,0.4906021116998085
6,base,-0.007359553391979993,-1.1682928821408554,-0.07557966090392693,-0.012945152590065082,0.49676375704567466,-0.10213331780823198,-0.13972929874414453,0.46512440026358276
7,base,0.004617974229346799,0.7330806823054071,0.044195615309341005,0.03125046271927592,0.5078119799307854,0.07591519406653591,-0.06381410467760862,0.48405188550906847
8,base,0.00818893087468977,1.299952475875666,0.07990518176277073,0.11115564448204665,0.527760334091941,0.10400913267628242,0.040195027998673805,0.5100474042868403
9,base,0.0026733858061945524,0.4243868401032423,0.02474973107781854,0.1359053755598652,0.5339241442783744,0.047063312193831974,0.08725834019250578,0.5218007541920562
10,base,0.006976000067456876,1.1074056794676421,0.06777587369044177,0.20368124925030698,0.5507449993568492,0.09779590338466382,0.1850542435771696,0.5461319865346932
11,base,0.005688395310673266,0.9030047610640478,0.054899826122605674,0.25858107537291264,0.5642874567662814,0.08760026713848434,0.27265451071565394,0.5677444670510978
12,base,-0.0061930027306605516,-0.9831087056443046,-0.0639141542907325,0.19466692108218014,0.5485136241124204,-0.09515568425190568,0.17749882646374826,0.5442585673325725
13,base,-0.008910993140962921,-1.4145763071354134,-0.0910940583937562,0.10357286268842394,0.5258700933697429,-0.10734677228356748,0.07015205418018078,0.5175308245817853
14,base,-0.003529994778250054,-0.5603692987563744,-0.037284074766627526,0.06628878792179642,0.5165661311788396,-0.0667543412520506,0.003397712928130181,0.5008494274148514
15,base,-0.00443799313087304,-0.7045095686701797,-0.04636405829285739,0.019924729628939028,0.5049810176217961,-0.07852779149214895,-0.07513007856401877,0.4812263102475784
16,base,0.008180764483063924,1.298656101394621,0.07982351784651226,0.09974824747545129,0.5249164060367854,0.10397696784788835,0.02884688928386958,0.5072112222638792
17,base,0.0003631630992782369,0.057650354762740524,0.0016475040086553852,0.10139575148410668,0.5253272422657964,0.003293168499514998,0.03214005778338458,0.5080343228476326
18,base,0.0037506779871984914,0.5954016721206905,0.03552265288785793,0.13691840437196462,0.5341762269549923,0.0642197374630209,0.09635979524640548,0.5240713260832569
19,base,8.406787562352384e-06,0.0013345361528961188,-0.00190005910850346,0.13501834526346115,0.5337034009128512,-0.0037977111780220785,0.0925620840683834,0.5231240133308221
20,base,-0.005975212840068489,-0.9485356323300709,-0.061736255384811874,0.07328208987864929,0.5183123280323432,-0.09351296967046419,-0.0009508856020807865,0.4997622786173917
21,base,-0.0011766082583794012,-0.18678077053300352,-0.013750209567920996,0.05953188031072829,0.514878576142213,-0.02706186720555981,-0.028012752807640595,0.4929972697206616
22,base,0.0009972104477814626,0.15830225097750675,0.007987977493687643,0.06751985780441594,0.5168735544902988,0.015885594677357284,-0.012127158130283311,0.4969682476234757
23,base,-0.012403786985791818,-1.9690401407894766,-0.12602199684204515,-0.058502139037629214,0.4853786351381753,-0.10798206212741235,-0.12010922025769566,0.47000874132286746
24,base,-0.004432094087435978,-0.7035731245557215,-0.04630506785848676,-0.10480720689611597,0.47382215654400966,-0.07845837883687135,-0.198567599094567,0.45052057089964115
25,base,-0.004042399048258702,-0.6417109549066029,-0.042408117466714,-0.14721532436282997,0.46326249396869096,-0.0736672490841519,-0.2722348481787189,0.4323585255470257
26,base,0.004287321776469393,0.68059123266298,0.04088909078056695,-0.10632623358226302,0.47344345596209086,0.071690126553132,-0.2005447216255869,0.4500311787208936
27,base,-0.011147428313061153,-1.769599384456805,-0.1134584101147385,-0.2197846436970015,0.44527395836228534,-0.10902031614746832,-0.3095650377730552,0.4232209117625889
28,base,-0.0007668281564680686,-0.12173019602019815,-0.00965240854880767,-0.22943705224580918,0.44289104185445255,-0.019148689022564058,-0.3287137267956193,0.4185536261166941
29,base,0.002107343813649146,0.33453045946956494,0.019089311152364476,-0.2103477410934447,0.4476061081776215,0.037033281145654184,-0.2916804456499651,0.42759251601484566
30,base,0.002341195197344215,0.3716532157698948,0.021427824989315166,-0.18891991610412953,0.4529099941416116,0.041251659230122195,-0.2504287864198429,0.43771796297732024
31,base,0.012765331386090659,2.0264335350554,0.1256691868767796,-0.06325072922734992,0.4841925873418469,0.10802494179224631,-0.1424038446275966,0.4644590793181564
32,base,0.004880797276251803,0.7748025475610214,0.04682384577839104,-0.01642688344895888,0.49589337148258705,0.07906563119253329,-0.0633382134350633,0.4841707381802024
33,base,-0.0036240708436427967,-0.5753034111575333,-0.03822483542055495,-0.05465171886951383,0.48634046998221925,-0.06807519054004252,-0.1314134039751058,0.46719384752999654
34,base,0.005123322019216128,0.8133021569608294,0.0492490932080343,-0.005402625661479532,0.4986493468699081,0.08180940866822684,-0.04960399530687898,0.4876015433274719
35,base,0.013906370880912578,2.2075679394194943,0.13707958182499883,0.1316769561635193,0.5328717563031411,0.10632551335118112,0.056721518044302144,0.5141765788197913
36,base,0.0021577303687429356,0.34252907712153025,0.01959317670330237,0.15127013286682167,0.5377455840598477,0.03795053616280564,0.09467205420710778,0.5236503517464501
37,base,0.004673852222022977,0.7419510386483665,0.044754395236102786,0.19602452810292445,0.5488498084485549,0.07660043072391476,0.17127248493102254,0.5427137575256336
38,base,0.00121656838738093,0.19312424435476983,0.010181556889682315,0.20620608499260676,0.5513696263408503,0.02018078708305948,0.19145327201408202,0.5477176519873698
39,base,0.008361007179721219,1.3272687424540723,0.08162594481308522,0.287832029805692,0.5714652952850819,0.10465889448724663,0.29611216650132866,0.5734918296479442
40,base,0.00365563094192385,0.5803134214417986,0.034572182435111516,0.3224042122408035,0.5799100650914283,0.06281909300745037,0.358931259508779,0.588781697526014
41,base,0.003567915978843917,0.5663891027276757,0.033695032804312186,0.3560992450451157,0.5880958443992843,0.06150624593895926,0.4204375054477383,0.6035879363344627
42,base,-0.00026978671881316366,-0.04282731390046451,-0.004681994172258621,0.3514172508728571,0.5869612163200434,-0.009343700857106452,0.41109380459063183,0.6013501236475948
43,base,0.0033847792088620232,0.537317041770652,0.03186366510449325,0.3832809159773503,0.5946641756218222,0.05870344944201489,0.4697972540326467,0.6153357680173283
44,base,-0.00200652954762937,-0.3185266908798148,-0.022049422460420687,0.3612314935169296,0.5893385111897157,-0.042355807561249126,0.4274414464713976,0.6052625442639186
45,base,0.004212816729610111,0.6687639231384476,0.040144040311974126,0.40137553382890373,0.5990181019869802,0.0706980446676615,0.4981394911390591,0.6220220052001993
46,base,-0.0005786464166101291,-0.09185727092334459,-0.0077705911502282754,0.39360494267867546,0.5971502138083579,-0.015457702072058543,0.48268178906700054,0.6183809399196335
47,base,-0.010043676402674331,-1.594384200617046,-0.10242089101087029,0.29118405166780514,0.5722859836411468,-0.10888382993737844,0.3737979591296221,0.592376379487693
48,base,-0.005277623571226904,-0.8377967689727381,-0.054760362696396024,0.2364236889714091,0.5588321363218968,-0.08746735644022796,0.28633060268939414,0.571097567339244
49,base,-0.009816308236878214,-1.5582906232520806,-0.10014720935290913,0.13627647961849998,0.5340164920451692,-0.108701823638226,0.17762877905116814,0.5442908007401622
50,base,-0.0004939554324342417,-0.0784129939782223,-0.0069236813084694,0.12935279831003058,0.5322931842720564,-0.013787309803064973,0.16384146924810317,0.5408689841793246
51,base,-0.0010598872311521224,-0.1682518818840808,-0.012582999295648208,0.11676979901438236,0.529159324546276,-0.024827726290027385,0.13901374295807578,0.5346975766906915
52,base,-0.0012919312732809448,-0.20508773160530436,-0.014903439716936433,0.10186635929744593,0.5254445909378455,-0.029251680606048547,0.10976206235202723,0.5274129991233077
53,base,0.014280105373298985,2.266896450812778,0.14081692674886287,0.2426832860463088,0.5603747966007591,0.10564998829246441,0.21541205064449165,0.5536457322357499
54,base,-0.0015695224172366591,-0.2491539595889494,-0.017679351156493574,0.2250039348898152,0.5560148619209228,-0.03444338970262706,0.1809686609418646,0.545119096153508
55,base,0.006125316307218653,0.972363819030544,0.05926903608805954,0.28427297097787474,0.5705934868946022,0.09151349530612096,0.27248215624798555,0.5677021689289773
56,base,0.0018954313437760171,0.300890397769699,0.016970186453633188,0.3012431574315079,0.574746388817936,0.03312835699025407,0.3056105132382396,0.5758134772130414
57,base,0.010777020342464626,1.7107989420267329,0.10578607644051927,0.40702923387202716,0.6003753314002553,0.10905020218445571,0.41466071542269534,0.6022049026765252
58,base,0.004009147496103839,0.6364324346440832,0.038107347976911406,0.44513658184893856,0.6094822924557242,0.06791149430876242,0.48257220973145776,0.6183550804002729
59,base,-0.0013329995683081363,-0.2116071213299871,-0.015314122667208347,0.42982245918173023,0.6058312725269104,-0.030027042390694536,0.4525451673407632,0.6112441996068622
60,base,-0.0028719603440530224,-0.45590957073622784,-0.03070373042465721,0.399118728757073,0.5984759068238206,-0.05688579424644513,0.3956593730943181,0.5976443325668478
61,base,0.001264269618860879,0.20069658009841804,0.010658569204481804,0.4097772979615548,0.6010344778753064,0.02110880820229033,0.4167681812966084,0.6027096459840243
62,base,0.0006617023188599553,0.1050419866594924,0.004632896204472569,0.41441019416602737,0.602144887731517,0.009246071946048096,0.4260142532426565,0.6049215083718176
63,base,-0.0017733785824734687,-0.2815151225755827,-0.01971791280886167,0.3946922813571657,0.5974117583430884,-0.03817691811576518,0.38783733512689134,0.5957619735301997
64,base,-0.006582848055365769,-1.0449947323813784,-0.06781260753778467,0.32687967381938104,0.5809999602925686,-0.09781938826772962,0.2900179468591617,0.5720005266141075
65,base,0.004633890605358386,0.7356073286674103,0.04435477906945687,0.37123445288883794,0.5917572320604393,0.07611122666526482,0.36612917352442653,0.5905233202141026
66,base,0.007202004602003357,1.1432827870826159,0.07003591903590659,0.4412703719247445,0.608561693280558,0.0991852438682046,0.46531441739263113,0.6142741439565823
67,base,-0.006081073140713552,-0.9653404340833529,-0.0627948583912625,0.37847551353348197,0.5935053627799041,-0.09432557072672276,0.37098884666590837,0.5916978970223098
68,base,-0.0007531552885242735,-0.1195596955228996,-0.00951567986936972,0.3689598336641122,0.5912076136843848,-0.018881564614747104,0.35210728205116126,0.5871284958797655
69,base,-0.002670627640900892,-0.42394899493673216,-0.028690403393135902,0.34026943027097634,0.5842559692845483,-0.05365470846070952,0.29845257359045174,0.5740641920587463
70,base,0.014638977854178704,2.323865691020329,0.14440565155766008,0.4846750818286364,0.6188512178855234,0.1049573572617577,0.40340993085220944,0.5995066562413305
71,base,0.00760281965934096,1.2069102048893394,0.07404406960928261,0.5587191514379191,0.6361561248737431,0.10137997869278426,0.5047899095449937,0.6235843156939774
72,base,-0.002098453224700537,-0.3331191222275498,-0.022968659231132352,0.5357504922067867,0.6308233213762864,-0.043974854176693556,0.46081505536830014,0.6132075121085458
73,base,0.00671420894032584,1.0658476263977212,0.06515796241913141,0.6009084546259181,0.6458641188148758,0.09604356261406033,0.5568586179823605,0.6357253739964889
74,base,-0.0012517081840481615,-0.1987025141409421,-0.0145012088246086,0.5864072458013095,0.6425403771205741,-0.028489969089739553,0.5283686488926209,0.6291025449176957
75,base,-0.004639654198530077,-0.736522270718837,-0.048380668969427755,0.5380265768318818,0.6313532299158023,-0.08084490484532791,0.447523744047293,0.6100503208652166
76,base,0.004571428213900214,0.7256917314218491,0.043730155154875154,0.5817567319867569,0.6414715300889842,0.07533803595927324,0.5228617800065662,0.6278167023308823
77,base,-0.007911018662913546,-1.2558352799555976,-0.08109431361326244,0.5006624183734945,0.622614989346083,-0.10446380890040885,0.4183979711061574,0.6030998349393198
78,base,0.009432674218837768,1.4973906108801112,0.09234261520425069,0.5930050335777451,0.6440543424994843,0.10759858782863496,0.5259965589347924,0.6285488898662872
79,base,-0.0007622409826808493,-0.12100200475650114,-0.009606536810935477,0.5833984967668097,0.6418490249226085,-0.019059089833735943,0.5069374691010564,0.6240882717814713
80,base,-0.003100795950185134,-0.4922360970327655,-0.032992086485978324,0.5504064102808314,0.6342298761610722,-0.0604402381001361,0.4464972310009203,0.6098060972101549
81,base,0.011360788158718878,1.803469209939453,0.11162375460306179,0.6620301648838931,0.6597162892708168,0.10907501610905612,0.5555722471099764,0.6354274260227886
82,base,0.002688447814493741,0.42677785979553295,0.02490035116081043,0.6869305160447036,0.6652837572697463,0.047321474610029224,0.6028937217200057,0.6463180647659993
83,base,-0.017471010457820752,-2.773436929464146,-0.1766942315623345,0.5102362844823691,0.6248618634332362,-0.09755205406994705,0.5053416676500586,0.6237138193388979
84,base,-0.0036516739943901447,-0.5796852754942917,-0.03850086692802843,0.4717354175543407,0.6157944241174353,-0.06845836984641895,0.43688329780363966,0.6075161329418064
85,base,-0.00806361104361825,-1.2800585694340738,-0.0826202374203095,0.3891151801340312,0.5960696787934565,-0.10501041472091233,0.33187288308272733,0.5822150082442273
86,base,0.0018294901952561437,0.2904225649607254,0.016310774968434454,0.40542595510246565,0.5999906032418424,0.03189845880474507,0.3637713418874724,0.5899530620380193
87,base,-0.007186196756831648,-1.1407733694573265,-0.07384609455244345,0.3315798605500222,0.5821437315238709,-0.10127940170502292,0.2624919401824495,0.5652487669276339
88,base,-0.0011643143968457373,-0.18482918051675926,-0.013627270952584357,0.31795258959743783,0.5788252016681876,-0.026827371574692283,0.2356645686077572,0.5586449753640229
89,base,-0.0019046852645947148,-0.30235941215801243,-0.021030979630074133,0.2969216099673637,0.5736898068826334,-0.040542887224727986,0.1951216813830292,0.548626241390136
90,base,0.008820802382044649,1.4002589680161777,0.08622389683631951,0.3831455068036832,0.5946315363531324,0.1061436481293141,0.3012653295123433,0.5747518079532461
91,base,-0.005567364149521128,-0.8837916598661715,-0.05765776847933826,0.32548773832434497,0.58066107074467,-0.09012648337220819,0.21113884614013512,0.5525894882883512
92,base,-0.005219989352203713,-0.8286476203401706,-0.05418402050616411,0.27130371781818086,0.5674129377504656,-0.08691277447938028,0.12422607166075483,0.5310166404688695
93,base,0.004834071617559629,0.7673850791963109,0.04635658919146931,0.31766030700965014,0.57875394545232,0.07851900790982147,0.2027450795705763,0.5505133566378085
94,base,0.007498629236836637,1.1903704880728683,0.0730021653842394,0.3906624723938895,0.596442165861534,0.10084168452794451,0.3035867640985208,0.5753190961143951
95,base,-0.0003885575505489093,-0.06168159892732936,-0.005869702489616077,0.3847927699042734,0.5950285387012004,-0.011701684574507265,0.29188507952401355,0.5724575688479582
96,base,0.005174778214409329,0.8214705747145179,0.04976365515996631,0.43455642506423975,0.606961174164435,0.08237146202877477,0.3742565415527883,0.5924871071356986
97,base,0.005183241151242545,0.8228140242878341,0.04984828452829847,0.48440470959253823,0.6187874419508078,0.08246323080526885,0.45671977235805716,0.6122357270829077
98,base,0.0032580094583498057,0.5171929677533901,0.03059596759937107,0.5150006771919093,0.6259780163172471,0.05671528094539391,0.5134350533034511,0.6256113852800748
99,base,-0.0027099176271011276,-0.43018608688679116,-0.02908330325513826,0.4859173739367711,0.6191441994804501,-0.0542927187707507,0.45914233453270037,0.6128106943401469
100,base,0.005389966254322765,0.8556306170381013,0.05191553555910066,0.5378329094958717,0.6313081534077479,0.08464618108877886,0.5437885156214792,0.6326932820919694
101,base,0.008150674268347147,1.2938794278923933,0.07952261569934449,0.6173555251952162,0.6496168653984102,0.10385739900940827,0.6476459146308875,0.6564797790114549
102,base,-0.013402116224770041,-2.1275199943635217,-0.1360052892318274,0.4813502359633888,0.6180666625981643,-0.10651011904665886,0.5411357955842286,0.6320765931578618
103,base,-0.003600065756491404,-0.5714927217093522,-0.03798478454904102,0.44336545141434774,0.6090606576280632,-0.06774034212606139,0.47339545345816725,0.6161870991818955
104,base,0.004535554644576695,0.719996978837633,0.043371419461639964,0.4867368708759877,0.6193374218006382,0.07488927068614082,0.5482847241443081,0.6337375424167985
105,base,-0.0032418763696150416,-0.5146319193130987,-0.0344028906802774,0.4523339801957103,0.611194015140136,-0.06256721819592648,0.4857175059483816,0.6190970685552799
106,base,-0.011422714875315172,-1.813299771436927,-0.11621127573727869,0.3361227044584316,0.5832483751255534,-0.10888742827361497,0.3768300776747666,0.5931083292801826
107,base,-0.0004498584254684694,-0.07141281113859932,-0.006482711238811677,0.32963999321961995,0.5816717790691173,-0.012915577607315765,0.36391450006745085,0.5899876927649433
108,base,0.0004694077901188448,0.07451617656785195,0.002709950917061464,0.3323499441366814,0.5823310443519975,0.00541477243022781,0.36932927249767866,0.5912968970848937
109,base,0.005911974822718193,0.9384969082912505,0.05713562124305494,0.38948556537973633,0.5961588535034201,0.08966303624651761,0.4589923087441963,0.6127750965567171
110,base,-0.002468824153751048,-0.3919136844944858,-0.026672368521637464,0.3628131968580989,0.5897212587013668,-0.050322151479124555,0.4086701572650717,0.6007689646824416
111,base,0.005232532590463784,0.8306387976844652,0.05034119892051085,0.41315439577860974,0.6018440020491197,0.0829939634534298,0.4916641207185015,0.6204983782283107
112,base,-0.00036900577418951127,-0.05857785065113823,-0.005674184726022097,0.40748021105258764,0.6004835271073526,-0.011314042711475736,0.4803500780070258,0.6178305371845009
113,base,-0.006583822951264673,-1.045149492307539,-0.0678223564967737,0.33965785455581393,0.5841074093230654,-0.0978256159604316,0.3825244620465942,0.5944818279053338
114,base,-0.0015110140198434365,-0.23986603944226498,-0.01709426718256135,0.3225635873732526,0.5799488906711936,-0.0333590254612266,0.3491654365853676,0.5864151848444129
115,base,0.0008624184303680066,0.1369046815699452,0.006640057319553083,0.32920364469280566,0.5815655987217427,0.013226775659031409,0.362392212244399,0.5896193975878591
116,base,0.002514345566147604,0.3991399846862678,0.023159328677349055,0.3523629733701547,0.5871904762797427,0.04430857817345335,0.40670079041785234,0.6002965270752681
117,base,-0.0076132677340905765,-1.2085687853373532,-0.07811680432503273,0.274246169045122,0.5681350348196622,-0.10327657726787898,0.30342421314997337,0.5752793800371375
118,base,0.002619267846238484,0.4157958802928878,0.02420855147825786,0.29845472052337985,0.5740647170148845,0.04613180090334246,0.3495560140533158,0.5865099093429538
119,base,0.006644607321508925,1.054798711943497,0.06446194623096227,0.3629166667543421,0.5897462930202415,0.09555117377096556,0.4451071878242814,0.6094752962547705
120,base,0.0010258256288292653,0.1628447701439212,0.008274129304165668,0.37119079605850774,0.5917466853744751,0.016448271054294583,0.46155545887857596,0.6133831092921164
121,base,-0.0009170045862651981,-0.14556996518180343,-0.011154172846778965,0.3600366232117288,0.5890492994765798,-0.02207049119290394,0.439484967685672,0.6081363020155315
122,base,0.006203600875394832,0.9847911089638391,0.06005188176982133,0.42008850498155015,0.6035044281354908,0.09216409113896029,0.5316490588246323,0.6298676465623185
123,base,0.001167850313236643,0.18539048984238246,0.009694376148239446,0.4297828811297896,0.6058218212587415,0.019230644982042966,0.5508797038066753,0.634339664923924
124,base,-0.0014578378437131523,-0.2314245831794189,-0.016562505421258505,0.4132203757085311,0.6018598125682743,-0.03236876788778864,0.5185109359188866,0.626799507456599
125,base,0.0034989300889240065,0.5554379322056421,0.03300517390511308,0.4462255496136442,0.6097414507006306,0.06046019718894424,0.5789711331078309,0.6408306297316673
126,base,0.006749021730575242,1.0713739855243716,0.06550609032162544,0.5117316399352696,0.6252123234790875,0.09628562375961836,0.6752567568674492,0.6626792338334089
127,base,0.005215195798300214,0.8278866672486801,0.05016783099887515,0.5618994709341447,0.636891927188251,0.08280802627567119,0.7580647831431204,0.6809334298858964
128,base,-0.005510447097964141,-0.8747563580394417,-0.057088597963768396,0.5048108729703763,0.6235892363614369,-0.08962096145522458,0.6684438216878958,0.6611546173167852
129,base,-0.003908940273977096,-0.6205250312848849,-0.04107352972389794,0.46373734324647836,0.6139004024911365,-0.07193345156960484,0.596510370118291,0.6448575287065191
130,base,0.0049328472432864775,0.783065223672393,0.047344345448737786,0.5110816886952162,0.6250600132965468,0.07966768694469462,0.6761780570629856,0.662885146226779
131,base,-0.010435293592553284,-1.6565515022305064,-0.10633706290965983,0.40474462578555637,0.5998270717908829,-0.10906634578681551,0.5671117112761701,0.6380964508474749
132,base,-0.0023279079774406485,-0.3695439350010789,-0.02526320675853347,0.3794814190270229,0.5937480214228569,-0.047941433164857106,0.519170278111313,0.6269537291258747
133,base,-0.0025051750252670524,-0.3976842064527944,-0.02703587723679751,0.3524455417902254,0.5872104905407409,-0.05092921624160329,0.4682410618697097,0.6149673549227586
134,base,-0.00389749247854299,-0.6187077500981698,-0.04095905176955688,0.3114864900206685,0.5772480549540613,-0.0717825301156163,0.3964585317540934,0.5978364877162032
135,base,0.002925173743394319,0.46435693600063416,0.027267610449816206,0.3387541004704847,0.5838878473345241,0.05131467722209937,0.44777320897619277,0.6101096641799452
136,base,-0.014163708850282277,-2.248419075610289,-0.14362121548694975,0.19513288498353495,0.5486290157977104,-0.10511214084176324,0.34266106813442954,0.5848367830332323
137,base,0.004642959493217567,0.7370469699840099,0.044445467948048684,0.23957835293158364,0.5596097383606969,0.07622262047197292,0.41888368860640246,0.6032160955190025
138,base,0.009829500287783193,1.5603847964107291,0.09631087589370493,0.3358892288252886,0.5831916231687714,0.10825682510802315,0.5271405137144256,0.6288159356184082
139,base,-0.00438201453588915,-0.6956232422059687,-0.04580427234301848,0.2900849564822701,0.5720169315577615,-0.07786536428745183,0.4492751494269738,0.6104668804162134
140,base,-0.003439504478383874,-0.5460044089857999,-0.03637917176796572,0.2537057847143044,0.5630884096483009,-0.06546219592076552,0.38381295350620825,0.5947924107912838
141,base,-0.009161621558274461,-1.4543623349569366,-0.09360034256687161,0.16010544214743277,0.5399410769919438,-0.10783015970918353,0.27598279379702473,0.5685610784117875
142,base,-0.01394261006970544,-2.213320732295132,-0.1414102276811814,0.018695214466251386,0.5046736674924888,-0.10553829324656405,0.17044450055046068,0.5425082648033015
143,base,-0.00612623029337476,-0.972508909834793,-0.06324642991787457,-0.04455121545162319,0.4888640379743065,-0.09466404888125268,0.075780451669208,0.5189360518156418
144,base,0.008213506806539069,1.3038537841103208,0.0801509410812637,0.035599725629640505,0.508898991589583,0.10410519634551463,0.17988564801472262,0.5448505345498061
145,base,-0.004234537523874439,-0.6722119923325801,-0.044329502222871374,-0.008729776593230869,0.49781756971174373,-0.07608013981983808,0.10380550819488454,0.5259280986962536
146,base,-0.00865633494281471,-1.374150571437975,-0.08854747641227409,-0.09727725300550497,0.47569984614794164,-0.10676276924071582,-0.002957261045831272,0.4992606852773419
147,base,-0.005483025857167651,-0.8704033710121418,-0.056814385555803495,-0.15409163856130847,0.4615531345491136,-0.08937449095898731,-0.09233175200481858,0.4769334468277001
148,base,-0.002447717949784692,-0.3885631784855509,-0.026461306481973906,-0.18055294504328237,0.4549839884666771,-0.049968332046701036,-0.14230008405151962,0.4644848884914277
149,base,0.01329467321099848,2.1104639446904714,0.13096260512585783,-0.049590339917424536,0.48760495507628304,0.10731246374194736,-0.034987620309572254,0.491253987095075
150,base,-0.002418071349107769,-0.38385692652897624,-0.026164840475204676,-0.07575518039262921,0.4810702569448973,-0.04946968865935708,-0.08445730896892933,0.4788982145848999
151,base,0.005330775371012839,0.8462343556108829,0.0513236267260014,-0.02443155366662781,0.49389241538217354,0.08403264093286378,-0.00042466803606555636,0.4998938329925792
152,base,0.0003674733048319153,0.05833457868241667,0.0016906060641921688,-0.02274094760243564,0.49431500809707357,0.003379283684262324,0.002954615648196768,0.5007386533746941
153,base,-0.0076851882051863895,-1.2199858061790012,-0.07883600903599089,-0.10157695663842653,0.47462757289064533,-0.10357831910975435,-0.10062370346155758,0.47486527824976676
154,base,-0.003351116565210143,-0.5319732627561002,-0.035495292636228415,-0.13707224927465494,0.465785491713763,-0.06417973961392942,-0.164803443075487,0.4588921385334312
155,base,-0.0006578617094121481,-0.10443230881058302,-0.008562744078248464,-0.14563499335290342,0.4636554665695446,-0.01701511250004173,-0.18181855557552873,0.4546701684401358
156,base,0.005391092728243955,0.8558094392293335,0.051926800298312564,-0.09370819305459085,0.47659007987859553,0.0846577683411498,-0.09716078723437893,0.47572889390015544
157,base,0.002640632748931733,0.4191874534515736,0.024422200505190346,-0.06928599254940052,0.48268542792914904,0.04650027812755031,-0.05066050910682862,0.48733758076884737
158,base,0.00014476199045003425,0.022980253561529874,-0.0005365070796266415,-0.06982249962902716,0.4825514632487272,-0.001072633529109135,-0.05173314263593776,0.48706959803473454
159,base,-0.0061989874753978,-0.9840587544184023,-0.06397400173810497,-0.13379650136713211,0.4666006846297508,-0.09519923520361684,-0.1469323778395546,0.4633328494531918
160,base,0.006376428982119399,1.0122267203611592,0.061780162837067006,-0.07201633853006512,0.48200369262883136,0.09354720958505891,-0.053385168254495685,0.4866568767511578
161,base,0.002608689070434829,0.41411655169576905,0.024102763720221305,-0.04791357480984381,0.48802389734874857,0.04594899923981721,-0.007436169014678473,0.4981409663128442
162,base,0.003550056162885541,0.563553944838441,0.03351643464472843,-0.014397140165115382,0.49640077712837644,0.06123657085029399,0.05380040183561552,0.5134468571401468
163,base,0.01134263604703812,1.8005876515427754,0.1114422334862542,0.09704509332113882,0.5242422506942732,0.10907888777686203,0.16287928961247755,0.5406300369961615
164,base,0.013514692483182605,2.145390921360909,0.13316279784769908,0.23020789116883789,0.5572991454549194,0.10697599980843897,0.2698552894209165,0.567057378384395
165,base,-0.0005712736576560116,-0.09068688172320341,-0.0076968635606871,0.22251102760815078,0.5553993713795646,-0.015312497251194213,0.2545427921697223,0.5632943192139085
166,base,-0.010772636024264837,-1.71010295308922,-0.10971048722677534,0.11280054038137544,0.5281702716391813,-0.10910138083313914,0.14544141133658317,0.5362963932951749
167,base,-0.008098579074566879,-1.2856095722577348,-0.08296991772979578,0.029830622651579652,0.5074571026858882,-0.10512995835710326,0.04031145297947991,0.5100764987448345
168,base,-0.0019259922050545975,-0.305741784097403,-0.02124404903467296,0.008586573616906693,0.5021466302151238,-0.040923802255412145,-0.0006123492759322335,0.4998469126858005
169,base,-0.011476558882154753,-1.8218472425382548,-0.11674971580567453,-0.10816314218876784,0.4729855467567758,-0.10885465013745677,-0.109466999413389,0.4726605454739978
170,base,-0.005181645083155981,-0.8225606563338795,-0.05380057781568679,-0.16196372000445464,0.4595973524265384,-0.08653905171333998,-0.19600605112672898,0.45115476670794513
171,base,-0.0043229331788610095,-0.686244367536968,-0.045213458772737074,-0.20717717877719172,0.4483901747738109,-0.07715714860421552,-0.2731631997309445,0.43213069953265637
172,base,0.0034005816512189765,0.5398256017256878,0.03202168952806278,-0.17515548924912894,0.4563227368160908,0.05894855157482226,-0.21421464815612223,0.44665019139757983
173,base,0.003289698288186943,0.5222234135386526,0.030912855897742446,-0.14424263335138648,0.4640017348334866,0.05721589967369556,-0.15699874848242668,0.4608307354974653
174,base,0.0003278479017148389,0.052044240947508605,0.001294352033021405,-0.14294828131836507,0.4643236604781745,0.002587484442381882,-0.1544112640400448,0.4614737016142904
175,base,-0.001728204158633808,-0.2743439051095605,-0.019266168570465064,-0.16221444988883013,0.4595350798715281,-0.03735574614940962,-0.1917670101894544,0.45220462900670994
176,base,0.013149698305731414,2.087449891949563,0.12951285607318716,-0.03270159381564297,0.4918253300285192,0.10752177543374142,-0.084245234755713,0.4789511389413101
177,base,-0.003808664720762913,-0.6046067807018358,-0.040070774191756114,-0.07277236800739909,0.4818149326897658,-0.07059969447067993,-0.15484492922639292,0.4613659307986587
178,base,0.011125248947100316,1.7660785192626371,0.10926836248687619,0.0364959944794771,0.509122986023124,0.10910284105054302,-0.045742088175849904,0.48856647145430904
179,base,-0.007840406064812932,-1.244625877515455,-0.0803881876322563,-0.0438921931527792,0.4890287130264578,-0.10419689222134387,-0.14993898039719378,0.46258532410353753
180,base,-0.00213423935405885,-0.33879999414761086,-0.023326520524715483,-0.06721871367749468,0.4832016461821812,-0.0446006079242629,-0.19453958832145668,0.45151790958572807
181,base,-0.0024728957225265023,-0.3925600260000307,-0.026713084209392005,-0.09393179788688669,0.476534301503625,-0.05039029307170151,-0.2449298813931582,0.4390718189558847
182,base,0.004794548394378737,0.7611109620234103,0.04596135695966039,-0.0479704409272263,0.48800968898522173,0.07805209569171456,-0.16687778570144363,0.4583771023205821
183,base,-0.009321572782397435,-1.4797538046127212,-0.09519985480810134,-0.14317029573532764,0.46426843989176103,-0.10809363272804795,-0.2749714184294916,0.43168702852015667
184,base,0.012072579678646925,1.9164626107627103,0.11874166980234227,-0.024428625932985365,0.4938931472063852,0.10871505897984513,-0.16625635944964645,0.45853138626959616
185,base,-0.003086133323461687,-0.48990847720013286,-0.03284546021874385,-0.057274086151729214,0.48568539129071386,-0.060216334384857406,-0.22647269383450386,0.44362258670920296
186,base,0.005166816987959742,0.8202067691955173,0.04968404289547044,-0.007590043256258776,0.49810249829531944,0.08228496055656631,-0.14418773327793755,0.4640153887351918
187,base,0.007086272057145417,1.1249108151451717,0.06887859358732717,0.0612885503310684,0.5153173431889168,0.0984878285562445,-0.04569990472169305,0.4885770118084742
188,base,-0.00021167633978524893,-0.03360257721049057,-0.0041008903819794735,0.05718765994908893,0.5142930198413529,-0.00818751222745595,-0.053887416949149,0.48653140484081453
189,base,-0.007793626840986017,-1.2371999059492162,-0.07992039539398715,-0.022732735444898226,0.494317060871144,-0.10401511139535424,-0.15790252834450325,0.46060618510373913
190,base,-0.011260257096532644,-1.7875103985645362,-0.11458669794945342,-0.13731943339435165,0.46572398556611005,-0.1089730178841295,-0.26687554622863274,0.43367430408516805
191,base,0.005785979779086527,0.9184958151786834,0.05587567080673829,-0.08144376258761336,0.4796503065494437,0.08851628520301169,-0.17835926102562105,0.45552801760441497
192,base,-0.0035055832289804527,-0.5564940854472644,-0.03703995927393151,-0.11848372186154488,0.4704136734773474,-0.06640784311952741,-0.24476710414514846,0.43911190939666506
193,base,-0.004789441008896729,-0.7603001897133022,-0.04987853707309427,-0.16836225893463913,0.4580085786491548,-0.08249598949699477,-0.32726309364214323,0.418906703266624
194,base,0.0059957190115106215,0.9517908861287471,0.057973063130979226,-0.11038919580365991,0.472430691479673,0.09040300753506392,-0.23686008610707932,0.44106027762468564
195,base,-0.005146718226358853,-0.8170161897041377,-0.05345130924771552,-0.16384050505137543,0.4591312552593942,-0.08619531911787082,-0.32305540522495013,0.41993130319280786
196,base,-0.002616878793064442,-0.41541662985884226,-0.028152914914771402,-0.19199341996614683,0.4521485443796123,-0.05277613801980441,-0.37583154324475454,0.407132670257755
197,base,-0.0016839033644067965,-0.2673113720451214,-0.018823160628194946,-0.21081658059434177,0.4474901881726613,-0.036546984171293095,-0.41237852741604764,0.3983419322618505
198,base,0.004761351949629218,0.7558411897902869,0.0456293925121652,-0.16518718808217658,0.4587968522599703,0.07765670441928108,-0.33472182299676656,0.41709217638213053
199,base,0.0002720651113394789,0.04318899750128161,0.0007365241292678053,-0.16445066395290878,0.4589797384375269,0.0014724942545987219,-0.33324932874216784,0.41745022209738536
200,base,-0.012088580485936652,-1.9190026601746033,-0.12286993184349349,-0.28732059579640223,0.42865995575140997,-0.10833973807213138,-0.4415890668142992,0.3913623916478457
201,base,0.006041783950365541,0.9591034684709179,0.05843371251952842,-0.22888688327687381,0.44302679401925166,0.09080252929950205,-0.35078653751479716,0.413191700787464
202,base,-0.0009919978112466754,-0.15747477058074574,-0.011904105096593738,-0.24079098837346755,0.44009143329909045,-0.023520578191833952,-0.3743071157066311,0.4075006819874429
203,base,0.007746151209756879,1.2296633831351298,0.07547738511344182,-0.16531360326002573,0.45876546324401546,0.10208460403175712,-0.272222511674874,0.43236155323145536
204,base,0.00464331080264073,0.7371027386260254,0.044448981042280324,-0.12086462221774541,0.46982057457043536,0.07622693121521351,-0.19599558045966048,0.4511573593945259
205,base,0.00029931784688688636,0.0475152351495606,0.0010090514847418798,-0.11985557073300353,0.4700719260328072,0.002017263429495264,-0.19397831703016521,0.4516569119118605
206,base,-0.001080682179167989,-0.17155297754267074,-0.012790948775806874,-0.1326465195088104,0.46688690823506784,-0.025227008649328475,-0.2192053256794937,0.44541705737694914
207,base,0.011460318787031624,1.8192692073604249,0.11261906088618925,-0.020027458622621147,0.49499330269170755,0.10904881844472847,-0.11015650723476522,0.4724886871348311
208,base,0.0008657175371775947,0.13742839853995378,0.006673048387648962,-0.013354410234972185,0.4966614470576463,0.01329200456986901,-0.09686450266489621,0.4758027910361241
209,base,-0.0009335980550429383,-0.14820409668823237,-0.011320107534556367,-0.024674517769528552,0.4938316835100589,-0.02239188547883142,-0.11925638814372763,0.47022118767065646
210,base,-0.0021591747511205514,-0.34275836571568563,-0.0235758744953325,-0.04825039226486105,0.4879397416339826,-0.045035096650938744,-0.16429148479466638,0.45901926564040146
211,base,-0.0036992054307196025,-0.5872306570934185,-0.038976181291323006,-0.08722657355618406,0.4782071723746921,-0.06911351829236634,-0.23340500308703271,0.4419122184414356
212,base,0.004157039066906874,0.659909493684935,0.03958626368494175,-0.047640309871242306,0.48809217461284166,0.06994574102029993,-0.16345926206673278,0.45922593070680573
213,base,-0.014821273946116586,-2.352804298475125,-0.15019686644529284,-0.19783717631653513,0.4507013948900508,-0.10376271894751898,-0.26722198101425176,0.43358922134515654
214,base,-0.003054124249266992,-0.48482719419913817,-0.032525369476796906,-0.23036254579333204,0.44266269898798827,-0.0597256981156733,-0.32694767912992506,0.4189834846533991
215,base,0.005725663823433712,0.9089209540538904,0.055272511250210134,-0.17509003454312191,0.45633897567085174,0.08795298684503483,-0.23899469228489023,0.44053410786799163
216,base,0.0056032976867642316,0.8894959320624992,0.05404884988351533,-0.12104118465960659,0.46977659500710117,0.08678146480528537,-0.15221322747960486,0.46201999430354657
217,base,-0.0019164590180955642,-0.30422843758367385,-0.021148717165082626,-0.1421899018246892,0.46451229517996073,-0.040753478249959674,-0.19296670572956454,0.4519074627782828
218,base,0.008698645042966278,1.380867091614812,0.0850023234455358,-0.05718757837915342,0.4857070005344671,0.10578366419302032,-0.08718304153654421,0.4782180347153593
219,base,0.010255629018474134,1.6280306352852,0.10057216320061435,0.04338458482146093,0.5108444452874172,0.10874029894822712,0.021557257411682906,0.5053891056545284
220,base,-0.005385453996080952,-0.8549143182485531,-0.055838666944936506,-0.012454082123475575,0.49688651971183956,-0.08848199488068031,-0.06692473746899741,0.4832750576407203
221,base,-0.004301847124943386,-0.6828970602491041,-0.045002598233560835,-0.05745668035703641,0.4856397802737479,-0.07690213124972534,-0.14382686871872274,0.46410513875875653
222,base,-0.003804006092067978,-0.6038672463231926,-0.04002418790480676,-0.09748086826184317,0.4756490628195977,-0.07053708483209609,-0.21436395355081883,0.44661329029623137
223,base,-0.0008645096196694988,-0.13723664758011164,-0.010629223180821972,-0.10811009144266515,0.4729987707468404,-0.02105178318642853,-0.23541573673724736,0.4414163777077831
224,base,-0.0068777518027251135,-1.0918092509542092,-0.0707616450113781,-0.17887173645404325,0.45540091519883413,-0.09960776217599121,-0.33502349891323857,0.4170188328699091
225,base,0.0026506111951311285,0.4207714826784399,0.0245219849671843,-0.15434975148685895,0.4614889884872238,0.046672048614842865,-0.2883514502983957,0.42840750714651693
226,base,0.0032014625827145276,0.5082164295324715,0.03003049884301829,-0.12431925264384067,0.46896015399552976,0.05581599896337086,-0.23253545133502485,0.44212668316546394
227,base,-0.004564664079830932,-0.7246179584269279,-0.0476307677824363,-0.17195002042627697,0.4571180996129069,-0.0799959089420923,-0.31253136027711714,0.42249698309864137
228,base,-0.009128225911185452,-1.4490609403327606,-0.09326638609598151,-0.2652164065222585,0.4340818350463861,-0.10777079805219447,-0.4203021583293116,0.396444448562226
229,base,0.0007151189595797599,0.11352161549251774,0.005167062611670614,-0.26004934391058787,0.43535157840948074,0.01030761014799042,-0.4099945481813212,0.3989134283961978
230,base,-0.0018365099821428589,-0.29153692158226063,-0.020349226805555575,-0.28039857071614344,0.4303560638494431,-0.03931839683833127,-0.44931294501965247,0.3895241319401776
231,base,0.005347374277010136,0.8488693502491582,0.051489615785974385,-0.22890895493016905,0.4430213477561758,0.08420562442869506,-0.3651073205909574,0.40972379231130324
232,base,-0.0025490508691091212,-0.4046492807349475,-0.027474635675218195,-0.25638359060538723,0.4362529086114818,-0.05165802125501928,-0.4167653418459767,0.3972910339246966
233,base,-0.007822965806009125,-1.2418573222597262,-0.08021378504421822,-0.33659737564960546,0.41663625124781845,-0.10412958486061985,-0.5208949267065965,0.3726429937144603
234,base,0.0023763706466903827,0.37723714524338936,0.021779579482776843,-0.3148177961668286,0.42193920718503364,0.04187739604999319,-0.47901753065660335,0.3824841478820334
235,base,-0.006546611000000646,-1.0392422781768949,-0.06745023698413344,-0.382268033150962,0.4055799917224752,-0.09758639437529948,-0.5766039250319028,0.3597144042656399
236,base,0.007921374751399772,1.2574792580369936,0.07722962052987073,-0.3050384126210913,0.4243262657453181,0.10289090299415449,-0.47371302203774834,0.383737798443547
237,base,-0.0026910671540436235,-0.42719366705842643,-0.02889479852456322,-0.33393321114565455,0.41728392118467506,-0.053987062154076115,-0.5277000841918245,0.37105346643740583
238,base,0.006419290979546255,1.0190308515143762,0.062208782811335565,-0.271724428334319,0.4324837994713904,0.09387901474972349,-0.43382106944210097,0.39321426555456157
239,base,-0.009008180378901604,-1.4300043028671143,-0.09206593077314301,-0.363790359107462,0.4100423375437036,-0.10754469157691737,-0.5413657610190183,0.36786992867709395
240,base,0.00020995210859255472,0.03332886399417162,0.0001153941017985635,-0.36367496500566343,0.41007025254585544,0.00023071165211785427,-0.5411350493669005,0.3679235803793032
241,base,-0.013205815501676866,-2.0963582206343196,-0.13404228200089563,-0.49771724700655906,0.37807727399760543,-0.1068354787450021,-0.6479705281119026,0.34344701979735065
242,base,4.413832110909048e-05,0.0070067412565539625,-0.0015427437730360792,-0.49925999077959515,0.3777145894649379,-0.003083851486907818,-0.6510543795988104,0.3427519746437616
243,base,-0.002330965981888558,-0.37002937815771675,-0.02529378680301256,-0.5245537775826077,0.3717880262025046,-0.04799355269093386,-0.6990479322897443,0.33202334728924243
244,base,0.001745624615217824,0.2771093168603508,0.015472119168051256,-0.5090816584145564,0.37540883089898897,0.030324690867316484,-0.6687232414224278,0.33878278732567074
245,base,-0.0010328630342236948,-0.1639619236168495,-0.012312757326363931,-0.5213944157409204,0.37252623050177547,-0.02430805436343153,-0.6930312957858593,0.333359086002714
246,base,-0.008861434164762367,-1.4067090635599553,-0.09059846863175064,-0.611992884372671,0.35160472819320976,-0.10724062037325188,-0.8002719161591112,0.30996735637417927
247,base,0.002768677050299758,0.43951385614470173,0.025702643518870597,-0.5862902408538003,0.35748649728614385,0.048688466346154424,-0.7515834498129568,0.32047637297265574
248,base,0.005952553551407693,0.9449385817691454,0.05754140852994995,-0.5287488323238504,0.37080875027426585,0.09002380001142463,-0.6615596498015321,0.3403893449289966
249,base,-0.013071218125397882,-2.0749915495489613,-0.1326963082381058,-0.6614451405619561,0.34041505552163004,-0.10704916453363644,-0.7686088143351686,0.31678012446506937
250,base,-0.00010523034548321018,-0.01670479947155899,-0.0030364304389590858,-0.6644815710009152,0.3397336084937005,-0.006066158869410865,-0.7746749732045795,0.31546868441577014
251,base,0.005819736976075117,0.9238546040701091,0.05621324277662419,-0.608268328224291,0.3524543167867534,0.08882748866579582,-0.6858474845387836,0.3349574567273612
252,base,-0.003770711605577025,-0.5985819104461129,-0.03969124303989723,-0.6479595712641882,0.34344949047393775,-0.07008795839750559,-0.7559354429362892,0.3195293752850499
253,base,-0.008418216475252031,-1.336350436573416,-0.0861662917366473,-0.7341258630008356,0.3242899889830384,-0.10612721567189176,-0.862062658608181,0.29690857738028514
254,base,-0.0012714673406490598,-0.20183918300988352,-0.014698800390617581,-0.7488246633914531,0.32107745470290533,-0.02886443346207712,-0.8909270920702581,0.2909185452328918
255,base,-0.0015579782598341084,-0.2473213814139733,-0.01756390958246807,-0.7663885729739213,0.3172608477194676,-0.03422987401365818,-0.9251569660839163,0.2839082932104272
256,base,0.007865602155268641,1.2486256328768686,0.07667189456855941,-0.6897166784053619,0.33409610251097016,0.10264073920229677,-0.8225162268816195,0.3052297959687093
257,base,-0.004633262427278069,-0.7355076084886355,-0.048316751256907674,-0.7380334296622696,0.3234343281462133,-0.08077312398587111,-0.9032893508674906,0.28837500408579453
258,base,-0.002764694241163113,-0.4388816047950018,-0.029631069395758117,-0.7676644990580277,0.31698453842310326,-0.055176206382580695,-0.9584655572500713,0.2771855210363127
259,base,0.00448939753903461,0.7126697654874581,0.04290984840621912,-0.7247546506518086,0.32634683697136313,0.0743068164098315,-0.8841587408402398,0.2923167274773745
260,base,0.004467138212936581,0.7091362070150216,0.04268725514523883,-0.6820673955065697,0.33580003764723376,0.07402389887492133,-0.8101348419653185,0.30786176243712843
261,base,0.00023528175633482265,0.0373498209175462,0.00036869057922124266,-0.6816987049273484,0.33588227477154897,0.0007371289857700525,-0.8093977129795484,0.30801885425927605
262,base,-0.005109582151798462,-0.8111210206267808,-0.053079948502111604,-0.73477865342946,0.3241469620433078,-0.08582636701218482,-0.8952240799917333,0.2900329383247236
263,base,0.002473232984039992,0.39261356460551994,0.022748202856272937,-0.7120304505731871,0.3291503401692318,0.04358808836810746,-0.8516359916236258,0.29908978359547006
264,base,0.0037569798091079414,0.5964020553354319,0.03558567110695243,-0.6764447794662347,0.337055252326496,0.0643117908976163,-0.7873242007260095,0.31274350397664125
265,base,-0.007366431081512282,-1.1693846815066842,-0.07564843779924979,-0.7520932172654845,0.32036537042930574,-0.10216595993803246,-0.889490160664042,0.29121505157945965
266,base,-0.0031459939336807015,-0.4994110544782179,-0.033444066320933996,-0.7855372835864185,0.31312770347590335,-0.06112707133178774,-0.9506172319958297,0.27876070857960367
267,base,-0.003838910133728633,-0.6094080911623004,-0.04037322832141332,-0.8259105119078318,0.3045104646268383,-0.07100478497672391,-1.0216220169725536,0.26471157173106
268,base,0.0024073107407659947,0.3821487329112901,0.022088980423532963,-0.8038215314842989,0.30920865026773964,0.0424258223220062,-0.9791961946505474,0.2730513053220539
269,base,0.0027061877419985066,0.4295939859827684,0.02507775043585808,-0.7787437810484408,0.31459069313876037,0.047624920688230876,-0.9315712739623165,0.28260604584320326
270,base,0.0028523219145608998,0.45279206670166583,0.026539092161482012,-0.7522046888869588,0.3203411000431369,0.05009884447749302,-0.8814724294848235,0.2928727482876914
271,base,0.003382863683553177,0.5370129615548165,0.03184450985140478,-0.720360179035554,0.3273136739844821,0.05867369746567985,-0.8227987320191437,0.30516988993551236
272,base,-0.0020196716159839286,-0.32061292955456516,-0.022180843143966268,-0.7425410221795203,0.3224487422639851,-0.042588295282098176,-0.8653870273012418,0.2962150713965933
273,base,0.004890503079271624,0.776343296024899,0.04692090380858926,-0.6956201183709311,0.3327840182811602,0.07917844483676095,-0.7862085824644809,0.3129833394713057
274,base,-0.002567113196777829,-0.40751658636156923,-0.027655258951905275,-0.7232753773228363,0.32667213069584633,-0.05195679021051247,-0.8381653726749934,0.3019213183492901
275,base,-0.0030210220264849114,-0.4795723792396477,-0.0321943472489761,-0.7554697245718124,0.31963064510346745,-0.0592156525320533,-0.8973810252070467,0.28958899469645744
276,base,0.002188377334122231,0.3473941320514756,0.01989964635709533,-0.7355700782147171,0.32397360423335164,0.038506246951217626,-0.858874778255829,0.2975744903227096
277,base,0.001027200246906704,0.16306298399875702,0.008287875484940057,-0.7272822027297771,0.3257914124301548,0.016475284272143398,-0.8423994939836856,0.3010296636198643
278,base,-0.005450649205423679,-0.8652637368841721,-0.056490619038363776,-0.7837728217681408,0.3135073267833464,-0.08908102506516702,-0.9314805190488527,0.282624445845454
279,base,-0.006745241871524542,-1.0707739515020298,-0.06943654569937241,-0.8532093674675132,0.29876005311501413,-0.09882770455438772,-1.0303082236032404,0.26302435295576077
280,base,-0.004668061611834686,-0.7410318077785144,-0.048664743102473845,-0.901874110569987,0.2886655193877839,-0.08116261204176767,-1.111470835645008,0.24759678103054264
281,base,-0.000914209330857447,-0.14512623214221437,-0.011126220292701456,-0.9130003308626885,0.2863862693246962,-0.022016321156928864,-1.133487156801937,0.24351813274575437
282,base,-0.006063995298443543,-0.9626294106687912,-0.06262407996856242,-0.975624410831251,0.2737608584329257,-0.09419629606071811,-1.227683452862655,0.22658713282398707
283,base,-0.003489523711241782,-0.5539447160405353,-0.036879364096544805,-1.0125037749277959,0.2664901439420527,-0.06617905322497153,-1.2938625060876265,0.2151997591434813
284,base,0.00019968188058321054,0.03169851584093234,1.2691821705121484e-05,-1.0124910831060907,0.26649262485973674,2.5375251780035413e-05,-1.2938371308358465,0.2152040447708544
285,base,-0.00120872194241708,-0.19187865983175167,-0.014071346408297783,-1.0265624295143885,0.2637510914548006,-0.02767346946560778,-1.3215106003014543,0.21056707874081051
286,base,0.004796999415155601,0.7615000495094403,0.04598586716742902,-0.9805765623469594,0.2727773960680073,0.07808117234912082,-1.2434294279523335,0.22383960833534525
287,base,-0.005371998483703329,-0.8527783218777046,-0.05570411182116028,-1.0362806741681196,0.26186827761124143,-0.0883570118191559,-1.3317864397714894,0.2088640206590751
288,base,0.011189926755405451,1.776345803029843,0.10991514056992754,-0.9263655335981921,0.28366265033053245,0.10910010681233917,-1.2226863329591502,0.22746405140940634
289,base,0.006823811824346138,1.083246544843311,0.0662539912593344,-0.8601115423388577,0.2973160417907828,0.09679621796378268,-1.1258901149953675,0.24492036289570124
290,base,0.0030916578798386384,0.490785473336775,0.0289324518142594,-0.8311790905245983,0.3033958154213444,0.05404818216334384,-1.0718419328320237,0.2550529573216076
291,base,-0.002844111250896005,-0.45148866425229944,-0.03042523949308703,-0.8616043300176853,0.29700426415424197,-0.056444569316893345,-1.128286502148917,0.24447745947158933
292,base,-0.0027486199041570096,-0.43632988290249825,-0.029470326025697078,-0.8910746560433824,0.29088810594596687,-0.05491767293481975,-1.1832041750837368,0.23447656619633428
293,base,-0.003481529152436988,-0.5526756191741853,-0.03679941850849686,-0.9278740745518793,0.2833562176613908,-0.06606491133698711,-1.2492690864207239,0.22282668910861955
294,base,0.006192626711483742,0.983049014450503,0.05994214013071044,-0.8679319344211689,0.2956848055649701,0.09207379987844266,-1.1571952865422812,0.23917728969127494
295,base,-0.00921069544300714,-1.4621525726491673,-0.09409108141419836,-0.9620230158353673,0.27647333628448845,-0.10791463832543613,-1.2651099248677173,0.2200955014335377
296,base,-0.015467509345218745,-2.4553909877409783,-0.15665922043631444,-1.1186822362716817,0.24625579699430872,-0.10233910152730807,-1.3674490263950254,0.2030323072673304
297,base,-0.006634548085551189,-1.0532018577400877,-0.06832960783963887,-1.1870118441113207,0.23379379099132794,-0.09814672779110167,-1.465595754186127,0.18761296081062617
298,base,-0.005068242327721704,-0.804558527001765,-0.052666550261344015,-1.2396783943726646,0.22449197080637623,-0.08541142466417373,-1.5510071788503008,0.1749408478487118
299,base,0.00961523768844686,1.5263716632243567,0.09416824990034162,-1.145510144472323,0.24131012877523733,0.10792762669753664,-1.4430795521527642,0.1910689152125254
300,base,0.00891713672716669,1.415551571210609,0.08718724028753991,-1.058322904184783,0.25763008031089873,0.10641060744061992,-1.3366689447121443,0.20805838310876273
301,base,-0.0017244549348272614,-0.2737487342814618,-0.019228676332399598,-1.0775515805171827,0.2539696368915555,-0.03728743197719986,-1.3739563766893441,0.2019813862679764
302,base,0.0013766564464304052,0.2185374358817259,0.011782437480177066,-1.0657691430370055,0.25620850847405724,0.02328574921976201,-1.350670627469582,0.20576075404329874
303,base,-0.006135181688800857,-0.9739298998058602,-0.06333594387213555,-1.129105086909141,0.24432629175609127,-0.09473056899536814,-1.4454011964649502,0.19071033553265518
304,base,0.004853259323167927,0.7704310330324794,0.04654846624755228,-1.0825566206615886,0.25302250490576034,0.07874418127372129,-1.366657015191229,0.20316049289306295
305,base,0.013761506552284438,2.1845714401758305,0.1356309385387174,-0.9469256821228712,0.2795035122216527,0.10657337945651513,-1.2600836357347138,0.22095949513019625
306,base,-0.010944391712237978,-1.7373683232874844,-0.11142804410650678,-1.058353726229378,0.25762418542863824,-0.10907917851003646,-1.3691628142447503,0.2027551400598623
307,base,0.0042732562160459845,0.6783583941671145,0.04074843517633286,-1.0176052910530453,0.2654941232040883,0.07150395842800927,-1.297658855816741,0.21455929135060084
308,base,0.0024431349618258993,0.38783565170151674,0.02244722263413201,-0.9951580684189133,0.2698944672758234,0.04305849459287403,-1.254600361223867,0.22190481026257805
309,base,-0.006946460901034358,-1.1027164821702342,-0.07144873599447057,-1.0666068044133838,0.2560489115416254,-0.09999740387944134,-1.3545977651033083,0.20511970994649167
310,base,-0.0013241331919077361,-0.21019962771084205,-0.015225458903204345,-1.0818322633165882,0.2531594344680762,-0.029859851157844064,-1.3844576162611524,0.20029404111828625
311,base,0.0009290227422465515,0.1474777882984581,0.00730610043833853,-1.0745261628782496,0.25454328648442714,0.014542215519244284,-1.369915400741908,0.20263351505787774
312,base,-0.0008961035667292863,-0.1422520311914199,-0.010945162651419846,-1.0854713255296695,0.25247201618362175,-0.02166524057476371,-1.3915806413166718,0.1991555363564725
313,base,0.0012993729960276584,0.20626906846812615,0.0110096029761496,-1.07446172255352,0.2545555142940071,0.021790234187703206,-1.3697904071289686,0.20265371142325492
314,base,0.004131923633263344,0.6559225421955155,0.03933510934850645,-1.0351266132050136,0.26209141113980455,0.06960432152125473,-1.3001860856077139,0.21413370072017812
315,base,-0.0012932002477522991,-0.20528917505758193,-0.014916129461649975,-1.0500427426666636,0.2592168931371186,-0.029275674532862395,-1.3294617601405763,0.2092484103339123
316,base,-0.003405984708101754,-0.5406833104155697,-0.03604397406514452,-1.0860867167318082,0.2523558911578758,-0.06497820019662592,-1.3944399603372022,0.19869988837032324
317,base,0.008185740856377301,1.2994460761677138,0.07987328157964602,-1.006213435152162,0.26772154113968644,0.10399658269427237,-1.2904433776429298,0.21577777401116296
318,base,-0.00025659729026938135,-0.04073355702875022,-0.0045500998868207975,-1.010763535038983,0.2668304523127728,-0.00908141025431597,-1.2995247878972458,0.21424500523964293
319,base,0.0005847044294695183,0.0928189506512551,0.003862917310568199,-1.0069006177284148,0.26758684275680283,0.00771361937233217,-1.2918111685249136,0.21554640952865595
320,base,2.7614735837066596e-05,0.004383703412737277,-0.001707979625756318,-1.0086085973541712,0.26725223877017384,-0.003413994073978799,-1.2952251625988924,0.21496971100320872
321,base,0.011745660639526739,1.8645658221808576,0.11547247941114039,-0.8931361179430308,0.29046306700690405,0.10892886047027961,-1.1862963021286128,0.23392199348557155
322,base,0.0025115266282904145,0.3986924921743797,0.02313113929877716,-0.8700049786442536,0.2952532660506558,0.04425928499521836,-1.1420370171333944,0.24194655853612235
323,base,-0.00033599423429803285,-0.05333743115424982,-0.0053440693271073125,-0.8753490479713609,0.294142496677892,-0.010659054407057056,-1.1526960715404515,0.23999697917679094
324,base,0.006589238687432087,1.046009213771458,0.06390825989019389,-0.811440788081167,0.3075835575018975,0.09515139033985642,-1.057544681200595,0.25777894883743213
325,base,0.004592044708853278,0.7289644985349466,0.0439363201044058,-0.7675044679767612,0.3170191870216151,0.07559438797142404,-0.981950293229171,0.2725049743037092
326,base,0.013606855028443308,2.160021271858182,0.13408442330030612,-0.6334200446764551,0.34673545803608957,0.10682866217739484,-0.8751216310517762,0.2941897158004893
327,base,0.013924326594024036,2.2104183205098384,0.13725913895611339,-0.49616090572034166,0.3784432934502968,0.10629422355187401,-0.7688274074999022,0.31673281613702736
328,base,-0.00025006638970544355,-0.03969680870498197,-0.00448479088118142,-0.500645696601523,0.37738893970256165,-0.008951504505780417,-0.7777789120056826,0.3147987786810981
329,base,0.0015494452862867343,0.24596681385695865,0.01351032587874036,-0.4871353707227827,0.3805686329103478,0.026604125339382945,-0.7511747866662997,0.3205653745923556
330,base,0.0001920989697038597,0.030494766056888632,-6.313728708838714e-05,-0.4871985080098711,0.38055374928169544,-0.00012623278827916806,-0.7513010194545788,0.3205378813079782
331,base,0.002370196625134963,0.3762570497059018,0.021717839267222646,-0.46548066874264843,0.3856864649609155,0.041767737757018475,-0.7095332816975604,0.3297019760754164
332,base,-0.004081047604100604,-0.6478462229439708,-0.04279460302513302,-0.5082752717677814,0.3755979290416789,-0.07416050344901803,-0.7836937851465784,0.3135243373339232
333,base,0.0011349040831209805,0.18016043795099349,0.009364913847082821,-0.4989103579206986,0.377796772880132,0.018586813321801676,-0.7651069718247767,0.3175385157249519
334,base,0.0008811578238542307,0.13987946806302917,0.006827451254415324,-0.4920829066662833,0.3794030109753626,0.013597188531065285,-0.7515097832937114,0.32049241563606734
335,base,-0.004605365717605408,-0.7310791431171857,-0.04803778416018106,-0.5401206908264644,0.36815950694834393,-0.08045856657760275,-0.8319683498713142,0.303229033876735
336,base,0.00930000383579594,1.4763298404877698,0.09101591137383241,-0.449104779452632,0.38957363382660637,0.10733027003132722,-0.724638079839987,0.3263724649511636
337,base,-0.003747600300167638,-0.5949131044508749,-0.03946012998580336,-0.48856490943843534,0.38023169654242933,-0.06977448202158354,-0.7944125618615705,0.3112219929782934
338,base,0.0015230062294282563,0.24176974369616086,0.013245935310155579,-0.4753189741282798,0.3833580888916991,0.026098758351134066,-0.7683138035104364,0.31684397724954577
339,base,-0.0015256181153740882,-0.24218436773609303,-0.017240308137867866,-0.49255928226614765,0.3792908517532621,-0.03363020518179316,-0.8019440086922296,0.3096098302127411
340,base,0.0074558688268201905,1.183582483421108,0.07257456128407494,-0.41998472098207273,0.39652040627584884,0.10061430445900843,-0.7013297042332212,0.33151748124620944
341,base,0.0031108493577009094,0.4938320259996973,0.02912436659288211,-0.39086035438919065,0.40351020506727336,0.0543591925404463,-0.6469705116927749,0.3436725499533115
342,base,0.008139824600043023,1.2921570964439781,0.07941411901630324,-0.3114462353728874,0.4227617685284,0.10381387832752997,-0.5431566333652449,0.3674535749093321
343,base,-0.002636372592713261,-0.4185111746175519,-0.028347852911259595,-0.339794088284147,0.4158594963491708,-0.053095547408446464,-0.5962521807736914,0.35520160307218474
344,base,0.007229824117992983,1.14769899833678,0.07031411419580286,-0.2694799740883441,0.4330347650892505,0.09934854886533961,-0.49690363190835174,0.37826860222962844
345,base,-0.01817182368856212,-2.884687580906869,-0.18370236386974817,-0.45318233795809226,0.38860440363482796,-0.09581016151169042,-0.5927137934200422,0.35601242662586363
346,base,-0.005936921881638276,-0.9424571311219515,-0.061353345800509745,-0.514535683758602,0.3741308587569452,-0.0932123927663362,-0.6859261861863784,0.33493992530060207
347,base,0.003084830312418535,0.48970163060958777,0.028864176140058363,-0.48567150761854366,0.3809137786411513,0.053937330687299445,-0.6319888554990789,0.3470597077372907
348,base,-0.0004750376357536255,-0.07540988685601069,-0.006734503341663239,-0.4924060109602069,0.37932693697731534,-0.01341349210318965,-0.6454023476022686,0.34402635441755275
349,base,0.008607682783252277,1.366427280541069,0.08409270084839579,-0.40831331011181116,0.39931662661964273,0.10549967625230039,-0.5399026713499682,0.368210223678917
350,base,-0.0015799326215305345,-0.25080652828848765,-0.01778345319943233,-0.42609676331124346,0.39505877259573713,-0.03463574574653738,-0.5745384170965055,0.36019026967146905
351,base,0.008145452591619863,1.2930505124095633,0.07947039893207164,-0.3466263643791718,0.4142007572873787,0.10383648060948181,-0.47070193648702374,0.38445011811784546
352,base,0.009141341428315372,1.4511429641312672,0.08942928729902674,-0.25719707708014505,0.4360528531363843,0.10697592114936771,-0.36372601533765603,0.4100579028819428
353,base,-0.013924179417699259,-2.2103949569925843,-0.14122592116111957,-0.3984229982412646,0.40169129040390344,-0.1055731150014827,-0.4692991303391387,0.38478214346737355
354,base,-0.0020191527690985997,-0.3205305651649391,-0.02217565467511298,-0.42059865291637755,0.3963735066286466,-0.042579123080974224,-0.511878253420113,0.37475332240511117
355,base,-0.00251873120445162,-0.39983618318383013,-0.027171439028643184,-0.4477700919450207,0.3898910772867858,-0.05115485315777879,-0.5630331065778917,0.36284594825830746
356,base,-0.001636435809859912,-0.2597761313645945,-0.018348485082726105,-0.46611857702774684,0.3855353348356958,-0.03567666793064905,-0.5987097745085408,0.3546389324763849
357,base,-0.0031503988234794257,-0.5001103090558221,-0.03348811521892124,-0.4996066922466681,0.37763310203099765,-0.061193736668878174,-0.659903511177419,0.340761286757242
358,base,-0.005216013467796086,-0.8280164682571234,-0.05414426166208784,-0.553750953908756,0.3649945976665693,-0.08687420036505089,-0.7467777115424699,0.32152382635406224
359,base,0.006549709399775861,1.0397341338929433,0.06351296701363163,-0.4902379868951243,0.37983750562892316,0.09486156030351056,-0.6519161512389593,0.3425578670265408
360,base,0.0036148083770293333,0.5738330401663574,0.03416395678616634,-0.456074030108958,0.38791758526170905,0.062210499536821784,-0.5897056517021375,0.356702394322844
361,base,0.0019243650109593597,0.3054834750427531,0.01725952312546661,-0.43881450698349134,0.39202348473347215,0.033665859668783105,-0.5560397920333544,0.3644642696546767
362,base,0.015666337396598614,2.4869539623978607,0.15467924698185917,-0.28413526000163214,0.42944025490298443,0.1027839935759749,-0.4532557984573795,0.3885869502226232
363,base,-0.004452390630070429,-0.7067951008128321,-0.046508033284831274,-0.3306432932864634,0.41808410822942604,-0.07869681367767134,-0.5319526121350509,0.37006158751075646
364,base,0.004712895601165302,0.7481489829416185,0.04514482902752604,-0.2854984642589374,0.4291062729697527,0.07707427722176785,-0.454878334913283,0.3882015261972752
365,base,0.0017303215099300235,0.2746800242076373,0.015319088115173251,-0.27017937614376414,0.43286305898284955,0.030036402269057794,-0.4248419326442252,0.3953587006936983
366,base,-0.001170627444036878,-0.18583134568972565,-0.013690401424495765,-0.28386977756825993,0.4295053049780361,-0.026947812630385704,-0.4517897452746109,0.3889353224340082
367,base,0.004285345622236804,0.6802775279038757,0.04086932923824106,-0.24300044833001888,0.43954707041844165,0.07166400229793934,-0.38012574297667157,0.4060965697468702
368,base,0.003252471706698626,0.5163138769319026,0.030540590082859274,-0.2124598582471596,0.44708393488290354,0.05662754896288513,-0.32349819401378643,0.4198234485384347
369,base,-0.0066796023544861615,-1.0603540012063133,-0.06878015052898859,-0.2812400087761482,0.4301497976424082,-0.09842715262880253,-0.42192534664258896,0.39605612351208813
370,base,-0.0022074330124568164,-0.35041912720769286,-0.02405845710869515,-0.30529846588484333,0.4242627428784876,-0.04587236837734432,-0.4677977150199333,0.38513762720519895
371,base,-0.0027966603923687485,-0.44395607398272174,-0.029950730907814468,-0.3352491967926578,0.4169639635550986,-0.05568853046034561,-0.5234862454802789,0.3720373949117257
372,base,0.0020742519932079855,0.3292772958305021,0.01875839294795287,-0.3164908038447049,0.42153120309572006,0.03642845918930915,-0.48705778629096974,0.380586922534954
373,base,-0.01307244631799252,-2.0751865190790113,-0.13270859016405218,-0.4491993940087571,0.3895511341508943,-0.1070472505765645,-0.5941050368675342,0.35569352354392275
374,base,-5.895422630522305e-05,-0.009358693292390547,-0.0025736692471792144,-0.4517730632559363,0.3889392871672733,-0.005142777675008592,-0.5992478145425428,0.3545158008007982
375,base,0.0034764178133330857,0.5518642192460586,0.032780051149203876,-0.41899301210673245,0.3967577385859254,0.06011628076071407,-0.5391315337818288,0.3683896327573922
376,base,0.009807298632615268,1.5568603929146287,0.09608885934202568,-0.32290415276470674,0.41996814707505037,0.1082254873696975,-0.43090604641213126,0.3939099968181792
377,base,0.006118009877831661,0.971203959322754,0.05919597179418963,-0.2637081809705171,0.4344523746545187,0.09145200075448279,-0.3394540456576485,0.415942101994399
378,base,-0.0035259999809178683,-0.5597351443396303,-0.03724412679330567,-0.3009523077638228,0.4253247001602771,-0.06669774460201339,-0.40615179025966186,0.3998352076061156
379,base,-0.00045817856018998354,-0.07273359157946013,-0.00656591258602682,-0.30751822034984966,0.42372062842896935,-0.013080152827740443,-0.4192319430874023,0.3967005540084972
380,base,-0.003687746127729316,-0.5854115491387923,-0.038861588261420145,-0.3463798086112698,0.41426058247184766,-0.06895611049936612,-0.4881880535867684,0.38032050872425965
381,base,0.0030658131645492654,0.48668275197511807,0.02867400466136567,-0.31770580394990416,0.4212349625327532,0.05362800167530679,-0.43456005191146163,0.39303796061774005
382,base,-0.010007455109977283,-1.588634248658546,-0.10205867808389982,-0.419764482033804,0.3965731088893538,-0.10885871464936159,-0.5434187665608232,0.3673926490290575
383,base,-0.00871206386611599,-1.3829972637512897,-0.08910476564528688,-0.5088692476790909,0.3754586376575526,-0.10689884374635916,-0.6503176103071824,0.3429179681392648
384,base,0.0016397577746444549,0.2603034769256353,0.014413450762317565,-0.4944557969167733,0.3788444589587375,0.028323482130194755,-0.6219941281769876,0.34932805407302425
385,base,0.004652140807889103,0.7385044585037807,0.04453728109476404,-0.44991851582200926,0.3893801398188368,0.07633517163831849,-0.5456589565386691,0.36687214946487295
386,base,-0.0017151523700425753,-0.27227199790294104,-0.019135650684552738,-0.469054166506562,0.3848401341292526,-0.03711782497019023,-0.5827767815088594,0.35829390686899165
387,base,0.004705252846484056,0.7469357332485352,0.045068401480713574,-0.42398576502584845,0.3955633860581622,0.076981841914042,-0.5057949395948174,0.37617980601836287
388,base,0.002354312174429671,0.3737354713291578,0.021558994760169727,-0.40242677026567875,0.40072942214414875,0.041485274054008814,-0.46430966554080855,0.3859639506912799
389,base,-0.0027824192533123003,-0.4416953632429427,-0.029808319517249986,-0.43223508978292874,0.3935927392560533,-0.05546058423761924,-0.5197702497784278,0.3729059585419104
390,base,-0.004360904393161287,-0.6922721109380285,-0.045593170915739854,-0.47782826069866857,0.38276508081206934,-0.07761338415956431,-0.5973836339379921,0.35494250495595003
391,base,0.005766808905555359,0.9154525333519229,0.055683962071426604,-0.42214429862724195,0.396003752337413,0.088338255633446,-0.5090453783045461,0.37541733779026804
392,base,-0.005586195387026141,-0.8867810261452428,-0.05784608085438839,-0.47999037948163037,0.3822543969786433,-0.0902919402228124,-0.5993373185273585,0.35449531948151836
393,base,0.0016425503345200683,0.2607467820627632,0.014441376361073701,-0.4655490031205567,0.385670274458161,0.028376471618299703,-0.5709608469090588,0.3610151440151371
394,base,0.005520716589000128,0.8763865892017875,0.0532230389058743,-0.41232596421468237,0.3983545299223146,0.08596895428404605,-0.48499189262501274,0.3810740573760289
395,base,-0.00793582983887759,-1.259773932035753,-0.0813424253729029,-0.4936683895875853,0.379029770371437,-0.10455547895918471,-0.5895473715841975,0.35673871501985066
396,base,0.00792069788468584,1.2573718087772454,0.07722285186273142,-0.4164455377248539,0.39736761381392927,0.10288790283466653,-0.4866594687495309,0.38068082658331615
397,base,-0.0048644575729928025,-0.7722087000818271,-0.05062870271405501,-0.4670742404389089,0.385308965017168,-0.08330056200216474,-0.5699600307516957,0.3612460475977642
398,base,0.00012440094177008037,0.019748037287151597,-0.0007401175664261803,-0.46781435800533505,0.3851336860433586,-0.0014796777669916494,-0.5714397085186873,0.3609046860355624
399,base,0.007566398657581068,1.2011285500999482,0.07367985959168369,-0.39413449841365134,0.4027224018482442,0.10119433381322285,-0.47024537470546446,0.3845581683513461
400,base,-0.0032297276257123573,-0.5127033660065998,-0.034281403241250556,-0.4284159016549019,0.3945046629984897,-0.06238602197006293,-0.5326313966755274,0.3699033659289849
401,base,-0.0006790457501393679,-0.10779517102224427,-0.008774584485520664,-0.43719048614042255,0.3924106234044485,-0.017430722064927684,-0.5500621187404551,0.3658499970867157
402,base,0.012877445231574379,2.0442310562760224,0.1267903253316168,-0.3104001608088057,0.4230170671600169,0.10788630130729526,-0.4421758174331598,0.39122263781254557
403,base,-0.004530265953931542,-0.7191574252251393,-0.0472867865234424,-0.35768694733224815,0.4115196058601096,-0.07960146431136184,-0.5217772817445216,0.37243673977442543
404,base,-0.009643626691592615,-1.5308782777619185,-0.09842039390005314,-0.4561073412323013,0.3879096759803148,-0.10852367047983602,-0.6303009522243577,0.34744230093614187
405,base,-0.005079724868329567,-0.8063813238138214,-0.05278137566742266,-0.5088887168997239,0.3754540723418024,-0.08552712608485358,-0.7158280783092112,0.3283123292218441
406,base,-0.002300190088899753,-0.36514385660425797,-0.024986027873124515,-0.5338747447728485,0.3696136196434089,-0.047468110194887725,-0.763296188504099,0.31793105619429635
407,base,0.002903437611540732,0.4609064320396882,0.02705024913128034,-0.5068244956415682,0.37593823240098545,0.050953157103725166,-0.7123430314003738,0.3290813227600968
408,base,-0.0018048284759853606,-0.2865076383950985,-0.020032411743980592,-0.5268569073855488,0.37125026234732156,-0.038746463228862105,-0.7510894946292359,0.3205839517565595
409,base,0.00955718106176309,1.5171554594544825,0.09358768363350392,-0.4332692237520449,0.393345941930369,0.10782793731116946,-0.6432615573180664,0.34450963250287486
410,base,-0.011941935032169717,-1.8957234160806717,-0.12140347730582415,-0.554672701057869,0.3647809876625318,-0.10848573598106981,-0.7517472932991363,0.3204406936185696
411,base,-0.0006642385135457257,-0.10544459508439193,-0.008626512119584241,-0.5632992131774532,0.36278442964755075,-0.017140259271722913,-0.7688875525708592,0.3167198000968818
412,base,-0.00922378922411933,-1.4642311459618298,-0.09422201922532028,-0.6575212324027735,0.34129665192285563,-0.10793662941514581,-0.876824181986005,0.29383631842000846
413,base,-0.008052851988479007,-1.2783506223796457,-0.08251264686891704,-0.7400338792716905,0.32299673534198575,-0.10497320845910618,-0.9817973904451112,0.2725352877254508
414,base,0.0006824402462883813,0.10833403058044362,0.004840275478756829,-0.7351936037929336,0.3240560631324363,0.009658358016169988,-0.9721390324289412,0.2744543530440059
415,base,-0.001384238472020679,-0.21974104513048542,-0.015826511704333773,-0.7510201154972674,0.3205990634051811,-0.030990999970748723,-1.00313003239969,0.2683264649001825
416,base,0.0010484944558626407,0.16644333487455218,0.008500817574499423,-0.742519297922768,0.32245348850125327,0.016893546925320857,-0.986236485474369,0.2716560828219459
417,base,-0.0011816492732913031,-0.18758100684173917,-0.013800619717040016,-0.7563199176398081,0.3194457846153923,-0.027157963248699124,-1.0133944487230682,0.26631607734630114
418,base,-0.004240957108178584,-0.673231069747931,-0.04439369806591282,-0.800713615705721,0.3098728902514967,-0.07615905803491851,-1.0895535067579867,0.2517023653056143
419,base,0.0015577773053046815,0.24728948087139158,0.01359364606891983,-0.7871199696368011,0.3127874020654278,0.026763200415158783,-1.062790306342828,0.25677658472511494
420,base,-0.004357050728135551,-0.6916603605803738,-0.045554634265482494,-0.8326746039022835,0.30307983642703945,-0.07756725669498898,-1.1403575630378169,0.24225471804099932
421,base,0.007293300389427903,1.1577755440390058,0.07094887691015203,-0.7617257269921315,0.3182717095198771,0.09971493563728973,-1.0406426274005272,0.26102601755889776
422,base,0.008579512199475892,1.3619553390034795,0.08381099501063194,-0.6779147319814995,0.33672687160660225,0.10540892192945517,-0.935233705471072,0.28186411650639176
423,base,-0.00034294732045388394,-0.054441199363017105,-0.005413600188665824,-0.6833283321701653,0.33551885864030656,-0.010797061470376512,-0.9460307669414485,0.27968376696012687
424,base,0.000539337013037924,0.08561709656104487,0.003409243146252256,-0.6799190890239131,0.33627936132642594,0.006809588987209958,-0.9392211779542385,0.28105768784902935
425,base,0.004228332169444886,0.6712269228555234,0.04029919471032187,-0.6396198943135912,0.34533246785698846,0.07090585160143004,-0.8683153263528085,0.2956049684175667
426,base,0.011389524342143747,1.8080309376377333,0.11191111643731047,-0.5277087778762808,0.37105143757027037,0.10906831158756347,-0.759247014765245,0.3188097697749594
427,base,0.002700158169915161,0.4286368210880882,0.025017454715024628,-0.5026913231612562,0.37690840662562164,0.04752185818808985,-0.7117251565771552,0.32921775577253287
428,base,0.005049272546737937,0.8015471676272604,0.04850859848325238,-0.4541827246780038,0.3883667472364731,0.08098824603151056,-0.6307369105456446,0.34734346436013624
429,base,0.0070645533897595375,1.1214630835825257,0.06866140691346839,-0.3855213177645354,0.4047959155905025,0.09835368011659118,-0.5323832304290534,0.36996120911078334
430,base,0.0007511879307967269,0.11924738716568023,0.005527752323840285,-0.3799935654406951,0.4061284490042584,0.011023577421558794,-0.5213596530074947,0.3725343563419505
431,base,0.01078318705813709,1.711777877791256,0.10584774359724392,-0.2741458218434512,0.4318895862989333,0.10905215951907543,-0.4123074934884192,0.39835895677631267
432,base,0.006285980820104408,0.9978685197670866,0.0608756812169171,-0.2132701406265341,0.44688364176672823,0.09283244751895792,-0.3194750459694613,0.4208036884959398
433,base,-0.008899096321087296,-1.4126877455284073,-0.09097509019499994,-0.30424523082153404,0.42452003064868093,-0.10732161477313529,-0.4267966607425966,0.39489151826253127
434,base,0.006952397662837147,1.1036589138896267,0.06753984964424448,-0.23670538117728956,0.4410984167767762,0.09764428672256131,-0.3291523740200353,0.4184468778975602
435,base,0.0029662868815876625,0.47088344435725527,0.02767874183174964,-0.20902663934553992,0.44793277959581906,0.05199557911309993,-0.27715679490693534,0.43115096305664286
436,base,0.006712393251935942,1.065559394801438,0.06513980553523244,-0.14388683381030748,0.46409022477945266,0.09603086077665934,-0.181125934130276,0.4548419059923935
437,base,0.006859499767228422,1.0889118301435112,0.06661087068815724,-0.07727596312215024,0.48069061721470535,0.09703535025674248,-0.08409058387353352,0.47898973326863387
438,base,0.0021056816173947207,0.3342665939944014,0.019072689189820222,-0.05820327393233002,0.48545328784749253,0.03700294622722744,-0.04708763764630608,0.4882302652074725
439,base,0.004659693712296354,0.7397034449080505,0.044612810138836556,-0.013590463793493462,0.4966024363458328,0.0764275919171169,0.02933995427081082,0.5073344624296942
440,base,-0.0006478542380503463,-0.1028436719820273,-0.008462669364630446,-0.02205313315812391,0.49448694014409883,-0.016818643592221738,0.012521310678589082,0.5031302867717172
441,base,0.010572460176570916,1.6783260224004406,0.10374047478158219,0.08168734162345828,0.5204104870393577,0.10896326987146532,0.1214845805500544,0.5303338474618267
442,base,0.008734012015892724,1.3864814245141237,0.08535599317480025,0.16704333479825853,0.5416639978622043,0.10589038720868826,0.22737496775874266,0.5566001026300906
443,base,0.010052894527229888,1.5958475325247514,0.09854481828817188,0.2655881530864304,0.5660094840410119,0.10853769722208817,0.33591266498083083,0.5831973199985224
444,base,-0.0008816705396438943,-0.1399608591713915,-0.010800832380565926,0.25478732070586446,0.5633544707935702,-0.0213851258031883,0.31452753917764253,0.5779899956413656
445,base,0.0072022198081211665,1.1433169499947164,0.07003807109708468,0.3248253918029491,0.5804997848678832,0.09918651357777675,0.4137140527554193,0.6019781037718148
446,base,-0.003317696244749569,-0.5266679513556145,-0.035161089431622675,0.28966430237132645,0.5719139466083426,-0.06368962976390447,0.3500244229915148,0.586623501416622
447,base,-0.004389094777932535,-0.6967471957861051,-0.04587507476345233,0.24378922760787414,0.5606472324872139,-0.07794961086409624,0.2720748121274186,0.5676021972390528
448,base,0.005312018133761352,0.8432567365078786,0.05113605435348653,0.2949252819613607,0.5732014936436822,0.08383629269237236,0.35591110481979094,0.5880502687209974
449,base,-0.0015166125400428374,-0.24075477697172015,-0.017150252384555358,0.27777502957680533,0.5690006586025098,-0.03346302310439686,0.3224480817153941,0.5799207522888803
450,base,-0.007623817192447303,-1.210243459934053,-0.0782222989086,0.19955273066820534,0.5497232882746207,-0.10332144504081864,0.21912663667457544,0.5545635047263096
451,base,-0.013560523574438843,-2.1526663815476317,-0.1375893627285154,0.06196336793968993,0.5154858875161488,-0.1062363593828195,0.11289027729175594,0.52819263459823
452,base,0.014243079481782793,2.2610187727514397,0.14044666783370094,0.20241003577339087,0.5504304491836309,0.10571910007925833,0.21860937737101427,0.5544357262689247
453,base,9.194025754264009e-05,0.01459506341598337,-0.001064724408700583,0.20134531136469028,0.5501669617977921,-0.0021285423319716834,0.21648083503904259,0.5539098373498295
454,base,0.0030403241753500215,0.4826365003796214,0.02841911476937323,0.2297644261340635,0.5571897323987003,0.05321209382108294,0.2696929288601255,0.5670175178957388
455,base,-0.0020604855551339995,-0.3270919415355258,-0.022588982535466977,0.20717544359859652,0.5516093960532786,-0.04330815328525972,0.2263847755748658,0.5563557130588577
456,base,0.0067895296899438675,1.0778044247208571,0.06591116991531171,0.2730866135139082,0.5678505065900513,0.09656376641404196,0.32294854198890777,0.5800426658752763
457,base,0.008050570308646338,1.2779884169351228,0.0785215761023364,0.3516081896162446,0.5870075063100259,0.10344759119479718,0.42639613318370495,0.6050127707652387
458,base,-0.0012006837862783945,-0.19060264210320355,-0.013990964846910928,0.3376172247693337,0.5836116024821387,-0.02752051215454343,0.3988756210291615,0.5984174860317403
459,base,0.003010408304091874,0.4778875030434484,0.028119956056791757,0.36573718082612544,0.5904285308501852,0.052722048431332214,0.45159766946049373,0.6110190269635603
460,base,0.0029133039693556703,0.46247266778714646,0.02714891270942972,0.39288609353555515,0.5969772740686801,0.051117387494838296,0.502715056955332,0.6230971672030746
461,base,-0.007372492182813828,-1.1703468515095878,-0.07570904881226526,0.3171770447232899,0.578636122680412,-0.10219464912317644,0.4005204078321556,0.5988126872623505
462,base,-0.0004790539976954584,-0.07604746454840955,-0.006774666961081568,0.3104023777622083,0.5769834739397509,-0.013492876105663631,0.38702753172649196,0.5955669337508682
463,base,9.09682961309483e-05,0.014440769325226104,-0.001074444022817501,0.3093279337393908,0.5767212089106043,-0.0021479695368971097,0.38487956218959485,0.5950494528289592
464,base,0.01262641153962956,2.004380693100959,0.12427998841216861,0.4336079221515594,0.6067348770251341,0.10818691410743853,0.4930664762970334,0.6208285492705256
465,base,-0.002116871065985621,-0.3360428638911692,-0.023152837643983192,0.41045508450757623,0.6011969945546519,-0.04429722908601996,0.4487692472110134,0.6103465716314526
466,base,-0.01324323177387022,-2.102297869706963,-0.13441644472282918,0.2760386397847471,0.5685747773454141,-0.10677469319228017,0.34199455401873324,0.5846749424475893
467,base,-0.00080702834890399,-0.12811177873074142,-0.010054410473166884,0.26598422931158017,0.5661067747484652,-0.019933038758616517,0.3220615152601167,0.5798265768929352
468,base,0.005038026518506784,0.7997619159910498,0.048396138200940846,0.314380367512521,0.5779540974758511,0.08086226077577896,0.4029237760358957,0.5993899255908297
469,base,-0.004594180084644561,-0.7293034789329108,-0.0479259278305726,0.26645443968194843,0.5662222688798946,-0.08033185827375378,0.3225919177621419,0.5799557921698923
470,base,0.0003120591614070386,0.04953785612534335,0.0011364646299434024,0.2675909043118918,0.566501380162261,0.0022719315857238076,0.3248638493478657,0.580509150011945
471,base,0.0022563651297021615,0.35818686000899513,0.02057952431289463,0.2881704286247864,0.5715481646845967,0.03973299340832681,0.36459684275619253,0.5901527428319606
472,base,0.0012451025267054454,0.197653898546446,0.01046689828292747,0.2986373269077139,0.5741093663046252,0.020736193721751617,0.38533303647794415,0.5951587198220725
473,base,-0.004551738702799689,-0.722566118433343,-0.04750151401212387,0.25113581289559,0.5624560433794287,-0.07984806279419288,0.30548497368375127,0.57578281359422
474,base,0.00882020143858168,1.400163571198876,0.08621788740168981,0.33735370029727985,0.5835475622267018,0.10614193636527602,0.4116269100490273,0.6014779171264427
475,base,-0.0031821404117933004,-0.5051491299896245,-0.033805531102059985,0.3035481691952199,0.5753096663087427,-0.06167269410446674,0.34995421594456055,0.5866064763591249
476,base,-0.010895292494236713,-1.7295740640635386,-0.11093705192649411,0.19261111726872576,0.5480044610389864,-0.10908816782421926,0.2408660481203413,0.5599270621622894
477,base,-0.009943620397214572,-1.5785008021595437,-0.1014203309562727,0.09119078631245306,0.5227819113577524,-0.10881091257051079,0.1320551355498305,0.5329658913357355
478,base,0.011539793018990708,1.8318853505645205,0.1134138032057801,0.20460458951823315,0.5509734460518166,0.10902197596311858,0.24107711151294908,0.5599790693704445
479,base,0.010541779070522417,1.6734555478072768,0.10343366372109719,0.3080382532393303,0.5764063489201464,0.10894646794307494,0.350023579456024,0.5866232968623134
480,base,0.004027441163988668,0.6393364643915112,0.0382902846557597,0.34632853789509,0.5857269766981565,0.06816622531216687,0.4181898047681909,0.603050005005465
481,base,-0.002740283599216739,-0.435006535518989,-0.029386962976294374,0.3169415749187956,0.5785787102269323,-0.0547833563586857,0.3634064484095052,0.5898647883271252
482,base,0.0067202650177452,1.0668089988840521,0.06521852319332502,0.3821600981121206,0.5943939865084082,0.09608587330870533,0.45949232171821053,0.6128937338317022
483,base,0.003627351158889163,0.57582414505936,0.03428938460476465,0.41644948271688526,0.6026333308794906,0.06239793743318023,0.5218902591513908,0.6275896657848116
484,base,0.004474933548961639,0.7103736782455307,0.042765208505489406,0.4592146912223747,0.6128278625428992,0.07412312822018707,0.5960133873715778,0.6447437033663675
485,base,0.0016247693384118527,0.2579241364368424,0.014263566399991542,0.4734782576223662,0.6162066822245166,0.028038890890062174,0.62405227826164,0.6511396140607497
486,base,-0.005667537091268787,-0.8996936213838954,-0.058659497896814856,0.4148187597255514,0.6022427622347813,-0.09099641515592793,0.5330558631057121,0.630195561062871
487,base,0.002020692609515422,0.32077500725303737,0.018222799111027234,0.43304155883657863,0.6065997302303151,0.03544558467910819,0.5685014477848203,0.6384173201921064
488,base,0.0060743227469660715,0.964268842296897,0.05875910048553373,0.49180065932211237,0.6205305298288897,0.09108154136640834,0.6595829891512286,0.659166706528335
489,base,-0.007216661650415078,-1.1456095213857147,-0.07415074348827777,0.4176499158338346,0.6029207588287996,-0.10143384241862297,0.5581491467326056,0.6360241804875554
490,base,0.009526885056162634,1.5123461176622368,0.09328472357749937,0.510934639411334,0.6250255501936807,0.10777409718573461,0.6659232439183402,0.6605897051526763
491,base,0.0038397374684042357,0.6095394264704603,0.03641324769991537,0.5473478871112494,0.6335200619407129,0.06551123686968952,0.7314344807880298,0.6751199805487524
492,base,-0.0055910809735700675,-0.8875565889654776,-0.05789493671982766,0.4894529503914217,0.6199775529705122,-0.09033472080480776,0.641099759983222,0.6550020205253937
493,base,-0.01243085516175017,-1.9733370805112729,-0.12629267860162868,0.36316027178979304,0.589805230898581,-0.10794869534671925,0.5331510646365027,0.6302177474204396
494,base,-0.007487540342163637,-1.1886101806157074,-0.07685953040576335,0.2863007413840297,0.5710902529422143,-0.10272557134477278,0.43042549329172997,0.6059752677225301
495,base,-0.0006167345493810434,-0.09790357455622352,-0.008151472477937419,0.2781492689060923,0.5690924342763988,-0.016207164703046395,0.41421832858868357,0.6020989222809711
496,base,0.00022845251321848187,0.03626571218182795,0.00030039814805783455,0.27844966705415014,0.5691660982539385,0.0006005931367367712,0.41481892172542034,0.602242801041269
497,base,-0.0026438959664356015,-0.41970547317092255,-0.028423086648483,0.25002658040566716,0.562183043218753,-0.05321858626699161,0.36160033545842873,0.5894277748688281
498,base,0.004422810773955741,0.7020994442270398,0.04224398075543042,0.29227056116109756,0.5725519128040674,0.0734565664058846,0.43505690186431334,0.6070805611696732
499,base,0.009609296449785,1.5254285208256189,0.09410883751372301,0.3863793986748206,0.5954108102474377,0.10791763398111165,0.542974535845425,0.6325040988794852
500,base,-0.0017736491234642219,-0.28155806962644164,-0.019720618218769203,0.3666587804560514,0.590651375955887,-0.03818182505981471,0.5047927107856103,0.6235849732203232
501,base,0.005248068056184315,0.8331049764123509,0.050496553577716166,0.41715533403376753,0.602802346301702,0.08315990702468734,0.5879526178102976,0.6428952433867852
502,base,0.003471849207604417,0.5511389755702768,0.032734365091917184,0.4498896991256847,0.6106130086080505,0.060046333922456174,0.6479989517327538,0.6565593894494909
503,base,0.00265943751087376,0.42217261686531615,0.024610248124610618,0.4744999472502953,0.616448279036802,0.046823812368289586,0.6948227641010434,0.6670389145221989
504,base,0.0047988119354569125,0.761787778187252,0.04600399237044214,0.5205039396207375,0.6272655966985958,0.0781026641121303,0.7729254282131737,0.6841533825860743
1,shock_plus,-0.007050196629008118,-1.1191840184676831,-0.07248609327420816,-0.07248609327420816,0.4818864070745638,-0.10056678780453332,-0.10056678780453332,0.47487947122761537
2,shock_plus,0.00848705376524127,1.3472780175877654,0.0828864106682857,0.01040031739407754,0.5026000559119606,0.10510160159815252,0.004534813793619197,0.5011337015055684
3,shock_plus,-0.0027834500707732213,-0.44185900044186466,-0.029818627691859195,-0.019418310297781655,0.4951455749630801,-0.05547709976218207,-0.05094228596856287,0.4872671819842783
4,shock_plus,0.014398596447750501,2.285706325747551,0.14200183749337805,0.1225835271955964,0.530607563783959,0.10542577319486401,0.05448348722630114,0.5136175033996254
5,shock_plus,-0.005796489189760757,-0.920164132402875,-0.05994901888173455,0.06263450831386184,0.5156535099132726,-0.09207946816221368,-0.03759598093591254,0.4906021116998085
6,shock_plus,-0.007359553391979993,-1.1682928821408554,-0.07557966090392693,-0.012945152590065082,0.49676375704567466,-0.10213331780823198,-0.13972929874414453,0.46512440026358276
7,shock_plus,0.004617974229346799,0.7330806823054071,0.044195615309341005,0.03125046271927592,0.5078119799307854,0.07591519406653591,-0.06381410467760862,0.48405188550906847
8,shock_plus,0.00818893087468977,1.299952475875666,0.07990518176277073,0.11115564448204665,0.527760334091941,0.10400913267628242,0.040195027998673805,0.5100474042868403
9,shock_plus,0.0026733858061945524,0.4243868401032423,0.02474973107781854,0.1359053755598652,0.5339241442783744,0.047063312193831974,0.08725834019250578,0.5218007541920562
10,shock_plus,0.006976000067456876,1.1074056794676421,0.06777587369044177,0.20368124925030698,0.5507449993568492,0.09779590338466382,0.1850542435771696,0.5461319865346932
11,shock_plus,0.005688395310673266,0.9030047610640478,0.054899826122605674,0.25858107537291264,0.5642874567662814,0.08760026713848434,0.27265451071565394,0.5677444670510978
12,shock_plus,-0.0061930027306605516,-0.9831087056443046,-0.0639141542907325,0.19466692108218014,0.5485136241124204,-0.09515568425190568,0.17749882646374826,0.5442585673325725
13,shock_plus,-0.008910993140962921,-1.4145763071354134,-0.0910940583937562,0.10357286268842394,0.5258700933697429,-0.10734677228356748,0.07015205418018078,0.5175308245817853
14,shock_plus,-0.003529994778250054,-0.5603692987563744,-0.037284074766627526,0.06628878792179642,0.5165661311788396,-0.0667543412520506,0.003397712928130181,0.5008494274148514
15,shock_plus,-0.00443799313087304,-0.7045095686701797,-0.04636405829285739,0.019924729628939028,0.5049810176217961,-0.07852779149214895,-0.07513007856401877,0.4812263102475784
16,shock_plus,0.008180764483063924,1.298656101394621,0.07982351784651226,0.09974824747545129,0.5249164060367854,0.10397696784788835,0.02884688928386958,0.5072112222638792
17,shock_plus,0.0003631630992782369,0.057650354762740524,0.0016475040086553852,0.10139575148410668,0.5253272422657964,0.003293168499514998,0.03214005778338458,0.5080343228476326
18,shock_plus,0.0037506779871984914,0.5954016721206905,0.03552265288785793,0.13691840437196462,0.5341762269549923,0.0642197374630209,0.09635979524640548,0.5240713260832569
19,shock_plus,8.406787562352384e-06,0.0013345361528961188,-0.00190005910850346,0.13501834526346115,0.5337034009128512,-0.0037977111780220785,0.0925620840683834,0.5231240133308221
20,shock_plus,-0.005975212840068489,-0.9485356323300709,-0.061736255384811874,0.07328208987864929,0.5183123280323432,-0.09351296967046419,-0.0009508856020807865,0.4997622786173917
21,shock_plus,-0.0011766082583794012,-0.18678077053300352,-0.013750209567920996,0.05953188031072829,0.514878576142213,-0.02706186720555981,-0.028012752807640595,0.4929972697206616
22,shock_plus,0.0009972104477814626,0.15830225097750675,0.007987977493687643,0.06751985780441594,0.5168735544902988,0.015885594677357284,-0.012127158130283311,0.4969682476234757
23,shock_plus,-0.012403786985791818,-1.9690401407894766,-0.12602199684204515,-0.058502139037629214,0.4853786351381753,-0.10798206212741235,-0.12010922025769566,0.47000874132286746
24,shock_plus,-0.004432094087435978,-0.7035731245557215,-0.04630506785848676,-0.10480720689611597,0.47382215654400966,-0.07845837883687135,-0.198567599094567,0.45052057089964115
25,shock_plus,-0.004042399048258702,-0.6417109549066029,-0.042408117466714,-0.14721532436282997,0.46326249396869096,-0.0736672490841519,-0.2722348481787189,0.4323585255470257
26,shock_plus,0.004287321776469393,0.68059123266298,0.04088909078056695,-0.10632623358226302,0.47344345596209086,0.071690126553132,-0.2005447216255869,0.4500311787208936
27,shock_plus,-0.011147428313061153,-1.769599384456805,-0.1134584101147385,-0.2197846436970015,0.44527395836228534,-0.10902031614746832,-0.3095650377730552,0.4232209117625889
28,shock_plus,-0.0007668281564680686,-0.12173019602019815,-0.00965240854880767,-0.22943705224580918,0.44289104185445255,-0.019148689022564058,-0.3287137267956193,0.4185536261166941
29,shock_plus,0.002107343813649146,0.33453045946956494,0.019089311152364476,-0.2103477410934447,0.4476061081776215,0.037033281145654184,-0.2916804456499651,0.42759251601484566
30,shock_plus,0.002341195197344215,0.3716532157698948,0.021427824989315166,-0.18891991610412953,0.4529099941416116,0.041251659230122195,-0.2504287864198429,0.43771796297732024
31,shock_plus,0.012765331386090659,2.0264335350554,0.1256691868767796,-0.06325072922734992,0.4841925873418469,0.10802494179224631,-0.1424038446275966,0.4644590793181564
32,shock_plus,0.004880797276251803,0.7748025475610214,0.04682384577839104,-0.01642688344895888,0.49589337148258705,0.07906563119253329,-0.0633382134350633,0.4841707381802024
33,shock_plus,-0.0036240708436427967,-0.5753034111575333,-0.03822483542055495,-0.05465171886951383,0.48634046998221925,-0.06807519054004252,-0.1314134039751058,0.46719384752999654
34,shock_plus,0.005123322019216128,0.8133021569608294,0.0492490932080343,-0.005402625661479532,0.4986493468699081,0.08180940866822684,-0.04960399530687898,0.4876015433274719
35,shock_plus,0.013906370880912578,2.2075679394194943,0.13707958182499883,0.1316769561635193,0.5328717563031411,0.10632551335118112,0.056721518044302144,0.5141765788197913
36,shock_plus,0.0021577303687429356,0.34252907712153025,0.01959317670330237,0.15127013286682167,0.5377455840598477,0.03795053616280564,0.09467205420710778,0.5236503517464501
37,shock_plus,0.004673852222022977,0.7419510386483665,0.044754395236102786,0.19602452810292445,0.5488498084485549,0.07660043072391476,0.17127248493102254,0.5427137575256336
38,shock_plus,0.00121656838738093,0.19312424435476983,0.010181556889682315,0.20620608499260676,0.5513696263408503,0.02018078708305948,0.19145327201408202,0.5477176519873698
39,shock_plus,0.008361007179721219,1.3272687424540723,0.08162594481308522,0.287832029805692,0.5714652952850819,0.10465889448724663,0.29611216650132866,0.5734918296479442
40,shock_plus,0.00365563094192385,0.5803134214417986,0.034572182435111516,0.3224042122408035,0.5799100650914283,0.06281909300745037,0.358931259508779,0.588781697526014
41,shock_plus,0.003567915978843917,0.5663891027276757,0.033695032804312186,0.3560992450451157,0.5880958443992843,0.06150624593895926,0.4204375054477383,0.6035879363344627
42,shock_plus,-0.00026978671881316366,-0.04282731390046451,-0.004681994172258621,0.3514172508728571,0.5869612163200434,-0.009343700857106452,0.41109380459063183,0.6013501236475948
43,shock_plus,0.0033847792088620232,0.537317041770652,0.03186366510449325,0.3832809159773503,0.5946641756218222,0.05870344944201489,0.4697972540326467,0.6153357680173283
44,shock_plus,-0.00200652954762937,-0.3185266908798148,-0.022049422460420687,0.3612314935169296,0.5893385111897157,-0.042355807561249126,0.4274414464713976,0.6052625442639186
45,shock_plus,0.004212816729610111,0.6687639231384476,0.040144040311974126,0.40137553382890373,0.5990181019869802,0.0706980446676615,0.4981394911390591,0.6220220052001993
46,shock_plus,-0.0005786464166101291,-0.09185727092334459,-0.0077705911502282754,0.39360494267867546,0.5971502138083579,-0.015457702072058543,0.48268178906700054,0.6183809399196335
47,shock_plus,-0.010043676402674331,-1.594384200617046,-0.10242089101087029,0.29118405166780514,0.5722859836411468,-0.10888382993737844,0.3737979591296221,0.592376379487693
48,shock_plus,-0.005277623571226904,-0.8377967689727381,-0.054760362696396024,0.2364236889714091,0.5588321363218968,-0.08746735644022796,0.28633060268939414,0.571097567339244
49,shock_plus,-0.009816308236878214,-1.5582906232520806,-0.10014720935290913,0.13627647961849998,0.5340164920451692,-0.108701823638226,0.17762877905116814,0.5442908007401622
50,shock_plus,-0.0004939554324342417,-0.0784129939782223,-0.0069236813084694,0.12935279831003058,0.5322931842720564,-0.013787309803064973,0.16384146924810317,0.5408689841793246
51,shock_plus,-0.0010598872311521224,-0.1682518818840808,-0.012582999295648208,0.11676979901438236,0.529159324546276,-0.024827726290027385,0.13901374295807578,0.5346975766906915
52,shock_plus,-0.0012919312732809448,-0.20508773160530436,-0.014903439716936433,0.10186635929744593,0.5254445909378455,-0.029251680606048547,0.10976206235202723,0.5274129991233077
53,shock_plus,0.014280105373298985,2.266896450812778,0.14081692674886287,0.2426832860463088,0.5603747966007591,0.10564998829246441,0.21541205064449165,0.5536457322357499
54,shock_plus,-0.0015695224172366591,-0.2491539595889494,-0.017679351156493574,0.2250039348898152,0.5560148619209228,-0.03444338970262706,0.1809686609418646,0.545119096153508
55,shock_plus,0.006125316307218653,0.972363819030544,0.05926903608805954,0.28427297097787474,0.5705934868946022,0.09151349530612096,0.27248215624798555,0.5677021689289773
56,shock_plus,0.0018954313437760171,0.300890397769699,0.016970186453633188,0.3012431574315079,0.574746388817936,0.03312835699025407,0.3056105132382396,0.5758134772130414
57,shock_plus,0.010777020342464626,1.7107989420267329,0.10578607644051927,0.40702923387202716,0.6003753314002553,0.10905020218445571,0.41466071542269534,0.6022049026765252
58,shock_plus,0.004009147496103839,0.6364324346440832,0.038107347976911406,0.44513658184893856,0.6094822924557242,0.06791149430876242,0.48257220973145776,0.6183550804002729
59,shock_plus,-0.0013329995683081363,-0.2116071213299871,-0.015314122667208347,0.42982245918173023,0.6058312725269104,-0.030027042390694536,0.4525451673407632,0.6112441996068622
60,shock_plus,-0.0028719603440530224,-0.45590957073622784,-0.03070373042465721,0.399118728757073,0.5984759068238206,-0.05688579424644513,0.3956593730943181,0.5976443325668478
61,shock_plus,0.001264269618860879,0.20069658009841804,0.010658569204481804,0.4097772979615548,0.6010344778753064,0.02110880820229033,0.4167681812966084,0.6027096459840243
62,shock_plus,0.0006617023188599553,0.1050419866594924,0.004632896204472569,0.41441019416602737,0.602144887731517,0.009246071946048096,0.4260142532426565,0.6049215083718176
63,shock_plus,-0.0017733785824734687,-0.2815151225755827,-0.01971791280886167,0.3946922813571657,0.5974117583430884,-0.03817691811576518,0.38783733512689134,0.5957619735301997
64,shock_plus,-0.006582848055365769,-1.0449947323813784,-0.06781260753778467,0.32687967381938104,0.5809999602925686,-0.09781938826772962,0.2900179468591617,0.5720005266141075
65,shock_plus,0.004633890605358386,0.7356073286674103,0.04435477906945687,0.37123445288883794,0.5917572320604393,0.07611122666526482,0.36612917352442653,0.5905233202141026
66,shock_plus,0.007202004602003357,1.1432827870826159,0.07003591903590659,0.4412703719247445,0.608561693280558,0.0991852438682046,0.46531441739263113,0.6142741439565823
67,shock_plus,-0.006081073140713552,-0.9653404340833529,-0.0627948583912625,0.37847551353348197,0.5935053627799041,-0.09432557072672276,0.37098884666590837,0.5916978970223098
68,shock_plus,-0.0007531552885242735,-0.1195596955228996,-0.00951567986936972,0.3689598336641122,0.5912076136843848,-0.018881564614747104,0.35210728205116126,0.5871284958797655
69,shock_plus,-0.002670627640900892,-0.42394899493673216,-0.028690403393135902,0.34026943027097634,0.5842559692845483,-0.05365470846070952,0.29845257359045174,0.5740641920587463
70,shock_plus,0.014638977854178704,2.323865691020329,0.14440565155766008,0.4846750818286364,0.6188512178855234,0.1049573572617577,0.40340993085220944,0.5995066562413305
71,shock_plus,0.00760281965934096,1.2069102048893394,0.07404406960928261,0.5587191514379191,0.6361561248737431,0.10137997869278426,0.5047899095449937,0.6235843156939774
72,shock_plus,-0.002098453224700537,-0.3331191222275498,-0.022968659231132352,0.5357504922067867,0.6308233213762864,-0.043974854176693556,0.46081505536830014,0.6132075121085458
73,shock_plus,0.00671420894032584,1.0658476263977212,0.06515796241913141,0.6009084546259181,0.6458641188148758,0.09604356261406033,0.5568586179823605,0.6357253739964889
74,shock_plus,-0.0012517081840481615,-0.1987025141409421,-0.0145012088246086,0.5864072458013095,0.6425403771205741,-0.028489969089739553,0.5283686488926209,0.6291025449176957
75,shock_plus,-0.004639654198530077,-0.736522270718837,-0.048380668969427755,0.5380265768318818,0.6313532299158023,-0.08084490484532791,0.447523744047293,0.6100503208652166
76,shock_plus,0.004571428213900214,0.7256917314218491,0.043730155154875154,0.5817567319867569,0.6414715300889842,0.07533803595927324,0.5228617800065662,0.6278167023308823
77,shock_plus,-0.007911018662913546,-1.2558352799555976,-0.08109431361326244,0.5006624183734945,0.622614989346083,-0.10446380890040885,0.4183979711061574,0.6030998349393198
78,shock_plus,0.009432674218837768,1.4973906108801112,0.09234261520425069,0.5930050335777451,0.6440543424994843,0.10759858782863496,0.5259965589347924,0.6285488898662872
79,shock_plus,-0.0007622409826808493,-0.12100200475650114,-0.009606536810935477,0.5833984967668097,0.6418490249226085,-0.019059089833735943,0.5069374691010564,0.6240882717814713
80,shock_plus,-0.003100795950185134,-0.4922360970327655,-0.032992086485978324,0.5504064102808314,0.6342298761610722,-0.0604402381001361,0.4464972310009203,0.6098060972101549
81,shock_plus,0.011360788158718878,1.803469209939453,0.11162375460306179,0.6620301648838931,0.6597162892708168,0.10907501610905612,0.5555722471099764,0.6354274260227886
82,shock_plus,0.002688447814493741,0.42677785979553295,0.02490035116081043,0.6869305160447036,0.6652837572697463,0.047321474610029224,0.6028937217200057,0.6463180647659993
83,shock_plus,-0.017471010457820752,-2.773436929464146,-0.1766942315623345,0.5102362844823691,0.6248618634332362,-0.09755205406994705,0.5053416676500586,0.6237138193388979
84,shock_plus,-0.0036516739943901447,-0.5796852754942917,-0.03850086692802843,0.4717354175543407,0.6157944241174353,-0.06845836984641895,0.43688329780363966,0.6075161329418064
85,shock_plus,-0.00806361104361825,-1.2800585694340738,-0.0826202374203095,0.3891151801340312,0.5960696787934565,-0.10501041472091233,0.33187288308272733,0.5822150082442273
86,shock_plus,0.0018294901952561437,0.2904225649607254,0.016310774968434454,0.40542595510246565,0.5999906032418424,0.03189845880474507,0.3637713418874724,0.5899530620380193
87,shock_plus,-0.007186196756831648,-1.1407733694573265,-0.07384609455244345,0.3315798605500222,0.5821437315238709,-0.10127940170502292,0.2624919401824495,0.5652487669276339
88,shock_plus,-0.0011643143968457373,-0.18482918051675926,-0.013627270952584357,0.31795258959743783,0.5788252016681876,-0.026827371574692283,0.2356645686077572,0.5586449753640229
89,shock_plus,-0.0019046852645947148,-0.30235941215801243,-0.021030979630074133,0.2969216099673637,0.5736898068826334,-0.040542887224727986,0.1951216813830292,0.548626241390136
90,shock_plus,0.008820802382044649,1.4002589680161777,0.08622389683631951,0.3831455068036832,0.5946315363531324,0.1061436481293141,0.3012653295123433,0.5747518079532461
91,shock_plus,-0.005567364149521128,-0.8837916598661715,-0.05765776847933826,0.32548773832434497,0.58066107074467,-0.09012648337220819,0.21113884614013512,0.5525894882883512
92,shock_plus,-0.005219989352203713,-0.8286476203401706,-0.05418402050616411,0.27130371781818086,0.5674129377504656,-0.08691277447938028,0.12422607166075483,0.5310166404688695
93,shock_plus,0.004834071617559629,0.7673850791963109,0.04635658919146931,0.31766030700965014,0.57875394545232,0.07851900790982147,0.2027450795705763,0.5505133566378085
94,shock_plus,0.007498629236836637,1.1903704880728683,0.0730021653842394,0.3906624723938895,0.596442165861534,0.10084168452794451,0.3035867640985208,0.5753190961143951
95,shock_plus,-0.0003885575505489093,-0.06168159892732936,-0.005869702489616077,0.3847927699042734,0.5950285387012004,-0.011701684574507265,0.29188507952401355,0.5724575688479582
96,shock_plus,0.005174778214409329,0.8214705747145179,0.04976365515996631,0.43455642506423975,0.606961174164435,0.08237146202877477,0.3742565415527883,0.5924871071356986
97,shock_plus,0.005183241151242545,0.8228140242878341,0.04984828452829847,0.48440470959253823,0.6187874419508078,0.08246323080526885,0.45671977235805716,0.6122357270829077
98,shock_plus,0.0032580094583498057,0.5171929677533901,0.03059596759937107,0.5150006771919093,0.6259780163172471,0.05671528094539391,0.5134350533034511,0.6256113852800748
99,shock_plus,-0.0027099176271011276,-0.43018608688679116,-0.02908330325513826,0.4859173739367711,0.6191441994804501,-0.0542927187707507,0.45914233453270037,0.6128106943401469
100,shock_plus,0.005389966254322765,0.8556306170381013,0.05191553555910066,0.5378329094958717,0.6313081534077479,0.08464618108877886,0.5437885156214792,0.6326932820919694
101,shock_plus,0.008150674268347147,1.2938794278923933,0.07952261569934449,0.6173555251952162,0.6496168653984102,0.10385739900940827,0.6476459146308875,0.6564797790114549
102,shock_plus,-0.013402116224770041,-2.1275199943635217,-0.1360052892318274,0.4813502359633888,0.6180666625981643,-0.10651011904665886,0.5411357955842286,0.6320765931578618
103,shock_plus,-0.003600065756491404,-0.5714927217093522,-0.03798478454904102,0.44336545141434774,0.6090606576280632,-0.06774034212606139,0.47339545345816725,0.6161870991818955
104,shock_plus,0.004535554644576695,0.719996978837633,0.043371419461639964,0.4867368708759877,0.6193374218006382,0.07488927068614082,0.5482847241443081,0.6337375424167985
105,shock_plus,-0.0032418763696150416,-0.5146319193130987,-0.0344028906802774,0.4523339801957103,0.611194015140136,-0.06256721819592648,0.4857175059483816,0.6190970685552799
106,shock_plus,-0.011422714875315172,-1.813299771436927,-0.11621127573727869,0.3361227044584316,0.5832483751255534,-0.10888742827361497,0.3768300776747666,0.5931083292801826
107,shock_plus,-0.0004498584254684694,-0.07141281113859932,-0.006482711238811677,0.32963999321961995,0.5816717790691173,-0.012915577607315765,0.36391450006745085,0.5899876927649433
108,shock_plus,0.0004694077901188448,0.07451617656785195,0.002709950917061464,0.3323499441366814,0.5823310443519975,0.00541477243022781,0.36932927249767866,0.5912968970848937
109,shock_plus,0.005911974822718193,0.9384969082912505,0.05713562124305494,0.38948556537973633,0.5961588535034201,0.08966303624651761,0.4589923087441963,0.6127750965567171
110,shock_plus,-0.002468824153751048,-0.3919136844944858,-0.026672368521637464,0.3628131968580989,0.5897212587013668,-0.050322151479124555,0.4086701572650717,0.6007689646824416
111,shock_plus,0.005232532590463784,0.8306387976844652,0.05034119892051085,0.41315439577860974,0.6018440020491197,0.0829939634534298,0.4916641207185015,0.6204983782283107
112,shock_plus,-0.00036900577418951127,-0.05857785065113823,-0.005674184726022097,0.40748021105258764,0.6004835271073526,-0.011314042711475736,0.4803500780070258,0.6178305371845009
113,shock_plus,-0.006583822951264673,-1.045149492307539,-0.0678223564967737,0.33965785455581393,0.5841074093230654,-0.0978256159604316,0.3825244620465942,0.5944818279053338
114,shock_plus,-0.0015110140198434365,-0.23986603944226498,-0.01709426718256135,0.3225635873732526,0.5799488906711936,-0.0333590254612266,0.3491654365853676,0.5864151848444129
115,shock_plus,0.0008624184303680066,0.1369046815699452,0.006640057319553083,0.32920364469280566,0.5815655987217427,0.013226775659031409,0.362392212244399,0.5896193975878591
116,shock_plus,0.002514345566147604,0.3991399846862678,0.023159328677349055,0.3523629733701547,0.5871904762797427,0.04430857817345335,0.40670079041785234,0.6002965270752681
117,shock_plus,-0.0076132677340905765,-1.2085687853373532,-0.07811680432503273,0.274246169045122,0.5681350348196622,-0.10327657726787898,0.30342421314997337,0.5752793800371375
118,shock_plus,0.002619267846238484,0.4157958802928878,0.02420855147825786,0.29845472052337985,0.5740647170148845,0.04613180090334246,0.3495560140533158,0.5865099093429538
119,shock_plus,0.006644607321508925,1.054798711943497,0.06446194623096227,0.3629166667543421,0.5897462930202415,0.09555117377096556,0.4451071878242814,0.6094752962547705
120,shock_plus,0.0010258256288292653,0.1628447701439212,0.008274129304165668,0.37119079605850774,0.5917466853744751,0.016448271054294583,0.46155545887857596,0.6133831092921164
121,shock_plus,-0.0009170045862651981,-0.14556996518180343,-0.011154172846778965,0.3600366232117288,0.5890492994765798,-0.02207049119290394,0.439484967685672,0.6081363020155315
122,shock_plus,0.006203600875394832,0.9847911089638391,0.06005188176982133,0.42008850498155015,0.6035044281354908,0.09216409113896029,0.5316490588246323,0.6298676465623185
123,shock_plus,0.001167850313236643,0.18539048984238246,0.009694376148239446,0.4297828811297896,0.6058218212587415,0.019230644982042966,0.5508797038066753,0.634339664923924
124,shock_plus,-0.0014578378437131523,-0.2314245831794189,-0.016562505421258505,0.4132203757085311,0.6018598125682743,-0.03236876788778864,0.5185109359188866,0.626799507456599
125,shock_plus,0.0034989300889240065,0.5554379322056421,0.03300517390511308,0.4462255496136442,0.6097414507006306,0.06046019718894424,0.5789711331078309,0.6408306297316673
126,shock_plus,0.006749021730575242,1.0713739855243716,0.06550609032162544,0.5117316399352696,0.6252123234790875,0.09628562375961836,0.6752567568674492,0.6626792338334089
127,shock_plus,0.005215195798300214,0.8278866672486801,0.05016783099887515,0.5618994709341447,0.636891927188251,0.08280802627567119,0.7580647831431204,0.6809334298858964
128,shock_plus,-0.005510447097964141,-0.8747563580394417,-0.057088597963768396,0.5048108729703763,0.6235892363614369,-0.08962096145522458,0.6684438216878958,0.6611546173167852
129,shock_plus,-0.003908940273977096,-0.6205250312848849,-0.04107352972389794,0.46373734324647836,0.6139004024911365,-0.07193345156960484,0.596510370118291,0.6448575287065191
130,shock_plus,0.0049328472432864775,0.783065223672393,0.047344345448737786,0.5110816886952162,0.6250600132965468,0.07966768694469462,0.6761780570629856,0.662885146226779
131,shock_plus,-0.010435293592553284,-1.6565515022305064,-0.10633706290965983,0.40474462578555637,0.5998270717908829,-0.10906634578681551,0.5671117112761701,0.6380964508474749
132,shock_plus,-0.0023279079774406485,-0.3695439350010789,-0.02526320675853347,0.3794814190270229,0.5937480214228569,-0.047941433164857106,0.519170278111313,0.6269537291258747
133,shock_plus,-0.0025051750252670524,-0.3976842064527944,-0.02703587723679751,0.3524455417902254,0.5872104905407409,-0.05092921624160329,0.4682410618697097,0.6149673549227586
134,shock_plus,-0.00389749247854299,-0.6187077500981698,-0.04095905176955688,0.3114864900206685,0.5772480549540613,-0.0717825301156163,0.3964585317540934,0.5978364877162032
135,shock_plus,0.002925173743394319,0.46435693600063416,0.027267610449816206,0.3387541004704847,0.5838878473345241,0.05131467722209937,0.44777320897619277,0.6101096641799452
136,shock_plus,-0.014163708850282277,-2.248419075610289,-0.14362121548694975,0.19513288498353495,0.5486290157977104,-0.10511214084176324,0.34266106813442954,0.5848367830332323
137,shock_plus,0.004642959493217567,0.7370469699840099,0.044445467948048684,0.23957835293158364,0.5596097383606969,0.07622262047197292,0.41888368860640246,0.6032160955190025
138,shock_plus,0.009829500287783193,1.5603847964107291,0.09631087589370493,0.3358892288252886,0.5831916231687714,0.10825682510802315,0.5271405137144256,0.6288159356184082
139,shock_plus,-0.00438201453588915,-0.6956232422059687,-0.04580427234301848,0.2900849564822701,0.5720169315577615,-0.07786536428745183,0.4492751494269738,0.6104668804162134
140,shock_plus,-0.003439504478383874,-0.5460044089857999,-0.03637917176796572,0.2537057847143044,0.5630884096483009,-0.06546219592076552,0.38381295350620825,0.5947924107912838
141,shock_plus,-0.009161621558274461,-1.4543623349569366,-0.09360034256687161,0.16010544214743277,0.5399410769919438,-0.10783015970918353,0.27598279379702473,0.5685610784117875
142,shock_plus,-0.01394261006970544,-2.213320732295132,-0.1414102276811814,0.018695214466251386,0.5046736674924888,-0.10553829324656405,0.17044450055046068,0.5425082648033015
143,shock_plus,-0.00612623029337476,-0.972508909834793,-0.06324642991787457,-0.04455121545162319,0.4888640379743065,-0.09466404888125268,0.075780451669208,0.5189360518156418
144,shock_plus,0.008213506806539069,1.3038537841103208,0.0801509410812637,0.035599725629640505,0.508898991589583,0.10410519634551463,0.17988564801472262,0.5448505345498061
145,shock_plus,-0.004234537523874439,-0.6722119923325801,-0.044329502222871374,-0.008729776593230869,0.49781756971174373,-0.07608013981983808,0.10380550819488454,0.5259280986962536
146,shock_plus,-0.00865633494281471,-1.374150571437975,-0.08854747641227409,-0.09727725300550497,0.47569984614794164,-0.10676276924071582,-0.002957261045831272,0.4992606852773419
147,shock_plus,-0.005483025857167651,-0.8704033710121418,-0.056814385555803495,-0.15409163856130847,0.4615531345491136,-0.08937449095898731,-0.09233175200481858,0.4769334468277001
148,shock_plus,-0.002447717949784692,-0.3885631784855509,-0.026461306481973906,-0.18055294504328237,0.4549839884666771,-0.049968332046701036,-0.14230008405151962,0.4644848884914277
149,shock_plus,0.01329467321099848,2.1104639446904714,0.13096260512585783,-0.049590339917424536,0.48760495507628304,0.10731246374194736,-0.034987620309572254,0.491253987095075
150,shock_plus,-0.002418071349107769,-0.38385692652897624,-0.026164840475204676,-0.07575518039262921,0.4810702569448973,-0.04946968865935708,-0.08445730896892933,0.4788982145848999
151,shock_plus,0.005330775371012839,0.8462343556108829,0.0513236267260014,-0.02443155366662781,0.49389241538217354,0.08403264093286378,-0.00042466803606555636,0.4998938329925792
152,shock_plus,0.0003674733048319153,0.05833457868241667,0.0016906060641921688,-0.02274094760243564,0.49431500809707357,0.003379283684262324,0.002954615648196768,0.5007386533746941
153,shock_plus,-0.0076851882051863895,-1.2199858061790012,-0.07883600903599089,-0.10157695663842653,0.47462757289064533,-0.10357831910975435,-0.10062370346155758,0.47486527824976676
154,shock_plus,-0.003351116565210143,-0.5319732627561002,-0.035495292636228415,-0.13707224927465494,0.465785491713763,-0.06417973961392942,-0.164803443075487,0.4588921385334312
155,shock_plus,-0.0006578617094121481,-0.10443230881058302,-0.008562744078248464,-0.14563499335290342,0.4636554665695446,-0.01701511250004173,-0.18181855557552873,0.4546701684401358
156,shock_plus,0.005391092728243955,0.8558094392293335,0.051926800298312564,-0.09370819305459085,0.47659007987859553,0.0846577683411498,-0.09716078723437893,0.47572889390015544
157,shock_plus,0.002640632748931733,0.4191874534515736,0.024422200505190346,-0.06928599254940052,0.48268542792914904,0.04650027812755031,-0.05066050910682862,0.48733758076884737
158,shock_plus,0.00014476199045003425,0.022980253561529874,-0.0005365070796266415,-0.06982249962902716,0.4825514632487272,-0.001072633529109135,-0.05173314263593776,0.48706959803473454
159,shock_plus,-0.0061989874753978,-0.9840587544184023,-0.06397400173810497,-0.13379650136713211,0.4666006846297508,-0.09519923520361684,-0.1469323778395546,0.4633328494531918
160,shock_plus,0.006376428982119399,1.0122267203611592,0.061780162837067006,-0.07201633853006512,0.48200369262883136,0.09354720958505891,-0.053385168254495685,0.4866568767511578
161,shock_plus,0.002608689070434829,0.41411655169576905,0.024102763720221305,-0.04791357480984381,0.48802389734874857,0.04594899923981721,-0.007436169014678473,0.4981409663128442
162,shock_plus,0.003550056162885541,0.563553944838441,0.03351643464472843,-0.014397140165115382,0.49640077712837644,0.06123657085029399,0.05380040183561552,0.5134468571401468
163,shock_plus,0.01134263604703812,1.8005876515427754,0.1114422334862542,0.09704509332113882,0.5242422506942732,0.10907888777686203,0.16287928961247755,0.5406300369961615
164,shock_plus,0.013514692483182605,2.145390921360909,0.13316279784769908,0.23020789116883789,0.5572991454549194,0.10697599980843897,0.2698552894209165,0.567057378384395
165,shock_plus,-0.0005712736576560116,-0.09068688172320341,-0.0076968635606871,0.22251102760815078,0.5553993713795646,-0.015312497251194213,0.2545427921697223,0.5632943192139085
166,shock_plus,-0.010772636024264837,-1.71010295308922,-0.10971048722677534,0.11280054038137544,0.5281702716391813,-0.10910138083313914,0.14544141133658317,0.5362963932951749
167,shock_plus,-0.008098579074566879,-1.2856095722577348,-0.08296991772979578,0.029830622651579652,0.5074571026858882,-0.10512995835710326,0.04031145297947991,0.5100764987448345
168,shock_plus,-0.0019259922050545975,-0.305741784097403,-0.02124404903467296,0.008586573616906693,0.5021466302151238,-0.040923802255412145,-0.0006123492759322335,0.4998469126858005
169,shock_plus,-0.011476558882154753,-1.8218472425382548,-0.11674971580567453,-0.10816314218876784,0.4729855467567758,-0.10885465013745677,-0.109466999413389,0.4726605454739978
170,shock_plus,-0.005181645083155981,-0.8225606563338795,-0.05380057781568679,-0.16196372000445464,0.4595973524265384,-0.08653905171333998,-0.19600605112672898,0.45115476670794513
171,shock_plus,-0.0043229331788610095,-0.686244367536968,-0.045213458772737074,-0.20717717877719172,0.4483901747738109,-0.07715714860421552,-0.2731631997309445,0.43213069953265637
172,shock_plus,0.0034005816512189765,0.5398256017256878,0.03202168952806278,-0.17515548924912894,0.4563227368160908,0.05894855157482226,-0.21421464815612223,0.44665019139757983
173,shock_plus,0.003289698288186943,0.5222234135386526,0.030912855897742446,-0.14424263335138648,0.4640017348334866,0.05721589967369556,-0.15699874848242668,0.4608307354974653
174,shock_plus,0.0003278479017148389,0.052044240947508605,0.001294352033021405,-0.14294828131836507,0.4643236604781745,0.002587484442381882,-0.1544112640400448,0.4614737016142904
175,shock_plus,-0.001728204158633808,-0.2743439051095605,-0.019266168570465064,-0.16221444988883013,0.4595350798715281,-0.03735574614940962,-0.1917670101894544,0.45220462900670994
176,shock_plus,0.013149698305731414,2.087449891949563,0.12951285607318716,-0.03270159381564297,0.4918253300285192,0.10752177543374142,-0.084245234755713,0.4789511389413101
177,shock_plus,-0.003808664720762913,-0.6046067807018358,-0.040070774191756114,-0.07277236800739909,0.4818149326897658,-0.07059969447067993,-0.15484492922639292,0.4613659307986587
178,shock_plus,0.011125248947100316,1.7660785192626371,0.10926836248687619,0.0364959944794771,0.509122986023124,0.10910284105054302,-0.045742088175849904,0.48856647145430904
179,shock_plus,-0.007840406064812932,-1.244625877515455,-0.0803881876322563,-0.0438921931527792,0.4890287130264578,-0.10419689222134387,-0.14993898039719378,0.46258532410353753
180,shock_plus,-0.00213423935405885,-0.33879999414761086,-0.023326520524715483,-0.06721871367749468,0.4832016461821812,-0.0446006079242629,-0.19453958832145668,0.45151790958572807
181,shock_plus,-0.0024728957225265023,-0.3925600260000307,-0.026713084209392005,-0.09393179788688669,0.476534301503625,-0.05039029307170151,-0.2449298813931582,0.4390718189558847
182,shock_plus,0.004794548394378737,0.7611109620234103,0.04596135695966039,-0.0479704409272263,0.48800968898522173,0.07805209569171456,-0.16687778570144363,0.4583771023205821
183,shock_plus,-0.009321572782397435,-1.4797538046127212,-0.09519985480810134,-0.14317029573532764,0.46426843989176103,-0.10809363272804795,-0.2749714184294916,0.43168702852015667
184,shock_plus,0.012072579678646925,1.9164626107627103,0.11874166980234227,-0.024428625932985365,0.4938931472063852,0.10871505897984513,-0.16625635944964645,0.45853138626959616
185,shock_plus,-0.003086133323461687,-0.48990847720013286,-0.03284546021874385,-0.057274086151729214,0.48568539129071386,-0.060216334384857406,-0.22647269383450386,0.44362258670920296
186,shock_plus,0.005166816987959742,0.8202067691955173,0.04968404289547044,-0.007590043256258776,0.49810249829531944,0.08228496055656631,-0.14418773327793755,0.4640153887351918
187,shock_plus,0.007086272057145417,1.1249108151451717,0.06887859358732717,0.0612885503310684,0.5153173431889168,0.0984878285562445,-0.04569990472169305,0.4885770118084742
188,shock_plus,-0.00021167633978524893,-0.03360257721049057,-0.0041008903819794735,0.05718765994908893,0.5142930198413529,-0.00818751222745595,-0.053887416949149,0.48653140484081453
189,shock_plus,-0.007793626840986017,-1.2371999059492162,-0.07992039539398715,-0.022732735444898226,0.494317060871144,-0.10401511139535424,-0.15790252834450325,0.46060618510373913
190,shock_plus,-0.011260257096532644,-1.7875103985645362,-0.11458669794945342,-0.13731943339435165,0.46572398556611005,-0.1089730178841295,-0.26687554622863274,0.43367430408516805
191,shock_plus,0.005785979779086527,0.9184958151786834,0.05587567080673829,-0.08144376258761336,0.4796503065494437,0.08851628520301169,-0.17835926102562105,0.45552801760441497
192,shock_plus,-0.0035055832289804527,-0.5564940854472644,-0.03703995927393151,-0.11848372186154488,0.4704136734773474,-0.06640784311952741,-0.24476710414514846,0.43911190939666506
193,shock_plus,-0.004789441008896729,-0.7603001897133022,-0.04987853707309427,-0.16836225893463913,0.4580085786491548,-0.08249598949699477,-0.32726309364214323,0.418906703266624
194,shock_plus,0.0059957190115106215,0.9517908861287471,0.057973063130979226,-0.11038919580365991,0.472430691479673,0.09040300753506392,-0.23686008610707932,0.44106027762468564
195,shock_plus,-0.005146718226358853,-0.8170161897041377,-0.05345130924771552,-0.16384050505137543,0.4591312552593942,-0.08619531911787082,-0.32305540522495013,0.41993130319280786
196,shock_plus,-0.002616878793064442,-0.41541662985884226,-0.028152914914771402,-0.19199341996614683,0.4521485443796123,-0.05277613801980441,-0.37583154324475454,0.407132670257755
197,shock_plus,-0.0016839033644067965,-0.2673113720451214,-0.018823160628194946,-0.21081658059434177,0.4474901881726613,-0.036546984171293095,-0.41237852741604764,0.3983419322618505
198,shock_plus,0.004761351949629218,0.7558411897902869,0.0456293925121652,-0.16518718808217658,0.4587968522599703,0.07765670441928108,-0.33472182299676656,0.41709217638213053
199,shock_plus,0.0002720651113394789,0.04318899750128161,0.0007365241292678053,-0.16445066395290878,0.4589797384375269,0.0014724942545987219,-0.33324932874216784,0.41745022209738536
200,shock_plus,-0.012088580485936652,-1.9190026601746033,-0.12286993184349349,-0.28732059579640223,0.42865995575140997,-0.10833973807213138,-0.4415890668142992,0.3913623916478457
201,shock_plus,0.006041783950365541,0.9591034684709179,0.05843371251952842,-0.22888688327687381,0.44302679401925166,0.09080252929950205,-0.35078653751479716,0.413191700787464
202,shock_plus,-0.0009919978112466754,-0.15747477058074574,-0.011904105096593738,-0.24079098837346755,0.44009143329909045,-0.023520578191833952,-0.3743071157066311,0.4075006819874429
203,shock_plus,0.007746151209756879,1.2296633831351298,0.07547738511344182,-0.16531360326002573,0.45876546324401546,0.10208460403175712,-0.272222511674874,0.43236155323145536
204,shock_plus,0.00464331080264073,0.7371027386260254,0.044448981042280324,-0.12086462221774541,0.46982057457043536,0.07622693121521351,-0.19599558045966048,0.4511573593945259
205,shock_plus,0.00029931784688688636,0.0475152351495606,0.0010090514847418798,-0.11985557073300353,0.4700719260328072,0.002017263429495264,-0.19397831703016521,0.4516569119118605
206,shock_plus,-0.001080682179167989,-0.17155297754267074,-0.012790948775806874,-0.1326465195088104,0.46688690823506784,-0.025227008649328475,-0.2192053256794937,0.44541705737694914
207,shock_plus,0.011460318787031624,1.8192692073604249,0.11261906088618925,-0.020027458622621147,0.49499330269170755,0.10904881844472847,-0.11015650723476522,0.4724886871348311
208,shock_plus,0.0008657175371775947,0.13742839853995378,0.006673048387648962,-0.013354410234972185,0.4966614470576463,0.01329200456986901,-0.09686450266489621,0.4758027910361241
209,shock_plus,-0.0009335980550429383,-0.14820409668823237,-0.011320107534556367,-0.024674517769528552,0.4938316835100589,-0.02239188547883142,-0.11925638814372763,0.47022118767065646
210,shock_plus,-0.0021591747511205514,-0.34275836571568563,-0.0235758744953325,-0.04825039226486105,0.4879397416339826,-0.045035096650938744,-0.16429148479466638,0.45901926564040146
211,shock_plus,-0.0036992054307196025,-0.5872306570934185,-0.038976181291323006,-0.08722657355618406,0.4782071723746921,-0.06911351829236634,-0.23340500308703271,0.4419122184414356
212,shock_plus,0.004157039066906874,0.659909493684935,0.03958626368494175,-0.047640309871242306,0.48809217461284166,0.06994574102029993,-0.16345926206673278,0.45922593070680573
213,shock_plus,-0.014821273946116586,-2.352804298475125,-0.15019686644529284,-0.19783717631653513,0.4507013948900508,-0.10376271894751898,-0.26722198101425176,0.43358922134515654
214,shock_plus,-0.003054124249266992,-0.48482719419913817,-0.032525369476796906,-0.23036254579333204,0.44266269898798827,-0.0597256981156733,-0.32694767912992506,0.4189834846533991
215,shock_plus,0.005725663823433712,0.9089209540538904,0.055272511250210134,-0.17509003454312191,0.45633897567085174,0.08795298684503483,-0.23899469228489023,0.44053410786799163
216,shock_plus,0.0056032976867642316,0.8894959320624992,0.05404884988351533,-0.12104118465960659,0.46977659500710117,0.08678146480528537,-0.15221322747960486,0.46201999430354657
217,shock_plus,-0.0019164590180955642,-0.30422843758367385,-0.021148717165082626,-0.1421899018246892,0.46451229517996073,-0.040753478249959674,-0.19296670572956454,0.4519074627782828
218,shock_plus,0.008698645042966278,1.380867091614812,0.0850023234455358,-0.05718757837915342,0.4857070005344671,0.10578366419302032,-0.08718304153654421,0.4782180347153593
219,shock_plus,0.010255629018474134,1.6280306352852,0.10057216320061435,0.04338458482146093,0.5108444452874172,0.10874029894822712,0.021557257411682906,0.5053891056545284
220,shock_plus,-0.005385453996080952,-0.8549143182485531,-0.055838666944936506,-0.012454082123475575,0.49688651971183956,-0.08848199488068031,-0.06692473746899741,0.4832750576407203
221,shock_plus,-0.004301847124943386,-0.6828970602491041,-0.045002598233560835,-0.05745668035703641,0.4856397802737479,-0.07690213124972534,-0.14382686871872274,0.46410513875875653
222,shock_plus,-0.003804006092067978,-0.6038672463231926,-0.04002418790480676,-0.09748086826184317,0.4756490628195977,-0.07053708483209609,-0.21436395355081883,0.44661329029623137
223,shock_plus,-0.0008645096196694988,-0.13723664758011164,-0.010629223180821972,-0.10811009144266515,0.4729987707468404,-0.02105178318642853,-0.23541573673724736,0.4414163777077831
224,shock_plus,-0.0068777518027251135,-1.0918092509542092,-0.0707616450113781,-0.17887173645404325,0.45540091519883413,-0.09960776217599121,-0.33502349891323857,0.4170188328699091
225,shock_plus,0.0026506111951311285,0.4207714826784399,0.0245219849671843,-0.15434975148685895,0.4614889884872238,0.046672048614842865,-0.2883514502983957,0.42840750714651693
226,shock_plus,0.0032014625827145276,0.5082164295324715,0.03003049884301829,-0.12431925264384067,0.46896015399552976,0.05581599896337086,-0.23253545133502485,0.44212668316546394
227,shock_plus,-0.004564664079830932,-0.7246179584269279,-0.0476307677824363,-0.17195002042627697,0.4571180996129069,-0.0799959089420923,-0.31253136027711714,0.42249698309864137
228,shock_plus,-0.009128225911185452,-1.4490609403327606,-0.09326638609598151,-0.2652164065222585,0.4340818350463861,-0.10777079805219447,-0.4203021583293116,0.396444448562226
229,shock_plus,0.0007151189595797599,0.11352161549251774,0.005167062611670614,-0.26004934391058787,0.43535157840948074,0.01030761014799042,-0.4099945481813212,0.3989134283961978
230,shock_plus,-0.0018365099821428589,-0.29153692158226063,-0.020349226805555575,-0.28039857071614344,0.4303560638494431,-0.03931839683833127,-0.44931294501965247,0.3895241319401776
231,shock_plus,0.005347374277010136,0.8488693502491582,0.051489615785974385,-0.22890895493016905,0.4430213477561758,0.08420562442869506,-0.3651073205909574,0.40972379231130324
232,shock_plus,-0.0025490508691091212,-0.4046492807349475,-0.027474635675218195,-0.25638359060538723,0.4362529086114818,-0.05165802125501928,-0.4167653418459767,0.3972910339246966
233,shock_plus,-0.007822965806009125,-1.2418573222597262,-0.08021378504421822,-0.33659737564960546,0.41663625124781845,-0.10412958486061985,-0.5208949267065965,0.3726429937144603
234,shock_plus,0.0023763706466903827,0.37723714524338936,0.021779579482776843,-0.3148177961668286,0.42193920718503364,0.04187739604999319,-0.47901753065660335,0.3824841478820334
235,shock_plus,-0.006546611000000646,-1.0392422781768949,-0.06745023698413344,-0.382268033150962,0.4055799917224752,-0.09758639437529948,-0.5766039250319028,0.3597144042656399
236,shock_plus,0.007921374751399772,1.2574792580369936,0.07722962052987073,-0.3050384126210913,0.4243262657453181,0.10289090299415449,-0.47371302203774834,0.383737798443547
237,shock_plus,-0.0026910671540436235,-0.42719366705842643,-0.02889479852456322,-0.33393321114565455,0.41728392118467506,-0.053987062154076115,-0.5277000841918245,0.37105346643740583
238,shock_plus,0.006419290979546255,1.0190308515143762,0.062208782811335565,-0.271724428334319,0.4324837994713904,0.09387901474972349,-0.43382106944210097,0.39321426555456157
239,shock_plus,-0.009008180378901604,-1.4300043028671143,-0.09206593077314301,-0.363790359107462,0.4100423375437036,-0.10754469157691737,-0.5413657610190183,0.36786992867709395
240,shock_plus,0.00020995210859255472,0.03332886399417162,0.0001153941017985635,-0.36367496500566343,0.41007025254585544,0.00023071165211785427,-0.5411350493669005,0.3679235803793032
241,shock_plus,-0.013205815501676866,-2.0963582206343196,-0.13404228200089563,-0.49771724700655906,0.37807727399760543,-0.1068354787450021,-0.6479705281119026,0.34344701979735065
242,shock_plus,4.413832110909048e-05,0.0070067412565539625,-0.0015427437730360792,-0.49925999077959515,0.3777145894649379,-0.003083851486907818,-0.6510543795988104,0.3427519746437616
243,shock_plus,-0.002330965981888558,-0.37002937815771675,-0.02529378680301256,-0.5245537775826077,0.3717880262025046,-0.04799355269093386,-0.6990479322897443,0.33202334728924243
244,shock_plus,0.001745624615217824,0.2771093168603508,0.015472119168051256,-0.5090816584145564,0.37540883089898897,0.030324690867316484,-0.6687232414224278,0.33878278732567074
245,shock_plus,-0.0010328630342236948,-0.1639619236168495,-0.012312757326363931,-0.5213944157409204,0.37252623050177547,-0.02430805436343153,-0.6930312957858593,0.333359086002714
246,shock_plus,-0.008861434164762367,-1.4067090635599553,-0.09059846863175064,-0.611992884372671,0.35160472819320976,-0.10724062037325188,-0.8002719161591112,0.30996735637417927
247,shock_plus,0.002768677050299758,0.43951385614470173,0.025702643518870597,-0.5862902408538003,0.35748649728614385,0.048688466346154424,-0.7515834498129568,0.32047637297265574
248,shock_plus,0.005952553551407693,0.9449385817691454,0.05754140852994995,-0.5287488323238504,0.37080875027426585,0.09002380001142463,-0.6615596498015321,0.3403893449289966
249,shock_plus,-0.013071218125397882,-2.0749915495489613,-0.1326963082381058,-0.6614451405619561,0.34041505552163004,-0.10704916453363644,-0.7686088143351686,0.31678012446506937
250,shock_plus,-0.00010523034548321018,-0.01670479947155899,-0.0030364304389590858,-0.6644815710009152,0.3397336084937005,-0.006066158869410865,-0.7746749732045795,0.31546868441577014
251,shock_plus,0.005819736976075117,0.9238546040701091,0.05621324277662419,-0.608268328224291,0.3524543167867534,0.08882748866579582,-0.6858474845387836,0.3349574567273612
252,shock_plus,0.04662455146231994,7.4014180895538875,0.46426138763907243,-0.14400694058521857,0.4640603530937198,0.048600632446847314,-0.6372468520919363,0.3458691571189948
253,shock_plus,-0.008418216475252031,-1.336350436573416,-0.0861662917366473,-0.23017323232186587,0.44270940548215276,-0.10612721567189176,-0.7433740677638281,0.32226676909691215
254,shock_plus,-0.0012714673406490598,-0.20183918300988352,-0.014698800390617581,-0.24487203271248345,0.4390860664278922,-0.02886443346207712,-0.7722385012259052,0.31599507254477627
255,shock_plus,-0.0015579782598341084,-0.2473213814139733,-0.01756390958246807,-0.26243594229495154,0.43476499418902226,-0.03422987401365818,-0.8064683752395634,0.30864357367678263
256,shock_plus,0.007865602155268641,1.2486256328768686,0.07667189456855941,-0.18576404772639213,0.4536920787732393,0.10264073920229677,-0.7038276360372666,0.33096413865075225
257,shock_plus,-0.004633262427278069,-0.7355076084886355,-0.048316751256907674,-0.2340807989832998,0.44174555628011847,-0.08077312398587111,-0.7846007600231377,0.313329165031486
258,shock_plus,-0.002764694241163113,-0.4388816047950018,-0.029631069395758117,-0.2637118683790579,0.43445146864552076,-0.055176206382580695,-0.8397769664057184,0.301581759529397
259,shock_plus,0.00448939753903461,0.7126697654874581,0.04290984840621912,-0.2208020199728388,0.4450226752862127,0.0743068164098315,-0.7654701499958869,0.31745981739591955
260,shock_plus,0.004467138212936581,0.7091362070150216,0.04268725514523883,-0.17811476482759997,0.4555886587588629,0.07402389887492133,-0.6914462511209656,0.3337114247464192
261,shock_plus,0.00023528175633482265,0.0373498209175462,0.00036869057922124266,-0.17774607424837874,0.4556801057067718,0.0007371289857700525,-0.6907091221351955,0.33387534406821345
262,shock_plus,-0.005109582151798462,-0.8111210206267808,-0.053079948502111604,-0.23082602275049036,0.44254835650046864,-0.08582636701218482,-0.7765354891473804,0.31506704736609203
263,shock_plus,0.002473232984039992,0.39261356460551994,0.022748202856272937,-0.20807781989421742,0.4481674237878241,0.04358808836810746,-0.7329474007792729,0.32454827413900467
264,shock_plus,0.0037569798091079414,0.5964020553354319,0.03558567110695243,-0.172492148787265,0.45698356755022623,0.0643117908976163,-0.6686356098816566,0.3388024178577152
265,shock_plus,-0.007366431081512282,-1.1693846815066842,-0.07564843779924979,-0.24814058658651478,0.4382812169148711,-0.10216595993803246,-0.7708015698196891,0.316305736127775
266,shock_plus,-0.0031459939336807015,-0.4994110544782179,-0.033444066320933996,-0.2815846529074488,0.43006532018029825,-0.06112707133178774,-0.8319286411514768,0.30323742364774475
267,shock_plus,-0.003838910133728633,-0.6094080911623004,-0.04037322832141332,-0.3219578812288621,0.42019867143841777,-0.07100478497672391,-0.9029334261282007,0.28844805063301415
268,shock_plus,0.0024073107407659947,0.3821487329112901,0.022088980423532963,-0.29986890080532913,0.425589531788862,0.0424258223220062,-0.8605076038061945,0.2972333035836101
269,shock_plus,0.0027061877419985066,0.4295939859827684,0.02507775043585808,-0.27479115036947105,0.4317312548295547,0.047624920688230876,-0.8128826831179636,0.3072765538200967
270,shock_plus,0.0028523219145608998,0.45279206670166583,0.026539092161482012,-0.24825205820798904,0.4382537738169496,0.05009884447749302,-0.7627838386404706,0.31804217008579244
271,shock_plus,0.003382863683553177,0.5370129615548165,0.03184450985140478,-0.21640754835658427,0.4461082714013945,0.05867369746567985,-0.7041101411747908,0.3309015874077073
272,shock_plus,-0.0020196716159839286,-0.32061292955456516,-0.022180843143966268,-0.23858839150055053,0.44063424872449,-0.042588295282098176,-0.7466984364568889,0.3215411201618075
273,shock_plus,0.004890503079271624,0.776343296024899,0.04692090380858926,-0.19166748769196126,0.45222928239938875,0.07917844483676095,-0.667519991620128,0.33905237838705493
274,shock_plus,-0.002567113196777829,-0.40751658636156923,-0.027655258951905275,-0.21932274664386653,0.44538805215378935,-0.05195679021051247,-0.7194767818306405,0.3275082095438721
275,shock_plus,-0.0030210220264849114,-0.4795723792396477,-0.0321943472489761,-0.2515170938928426,0.4374501258914686,-0.0592156525320533,-0.7786924343626938,0.31460176479055285
276,shock_plus,0.002188377334122231,0.3473941320514756,0.01989964635709533,-0.23161744753574728,0.44235312144035605,0.038506246951217626,-0.7401861874114761,0.32296343104268943
277,shock_plus,0.001027200246906704,0.16306298399875702,0.008287875484940057,-0.22332957205080722,0.44439851387317225,0.016475284272143398,-0.7237109031393327,0.3265763407805377
278,shock_plus,-0.005450649205423679,-0.8652637368841721,-0.056490619038363776,-0.279820191089171,0.43049785916194916,-0.08908102506516702,-0.8127919282044997,0.30729587203769043
279,shock_plus,-0.006745241871524542,-1.0707739515020298,-0.06943654569937241,-0.3492567367885434,0.4135626720714634,-0.09882770455438772,-0.9116196327588875,0.2866685246582462
280,shock_plus,-0.004668061611834686,-0.7410318077785144,-0.048664743102473845,-0.3979214798910172,0.4018118289564833,-0.08116261204176767,-0.9927822448006551,0.27036288260775854
281,shock_plus,-0.000914209330857447,-0.14512623214221437,-0.011126220292701456,-0.40904770018371867,0.39914048674972136,-0.022016321156928864,-1.014798565957584,0.2660418143544573
282,shock_plus,-0.006063995298443543,-0.9626294106687912,-0.06262407996856242,-0.47167178015228106,0.3842206320715469,-0.09419629606071811,-1.108994862018302,0.24805832483537632
283,shock_plus,-0.003489523711241782,-0.5539447160405353,-0.036879364096544805,-0.5085511442488259,0.3755332325102593,-0.06617905322497153,-1.1751739152432736,0.23592104839967667
284,shock_plus,0.00019968188058321054,0.03169851584093234,1.2691821705121484e-05,-0.5085384524271207,0.3755362088489873,2.5375251780035413e-05,-1.1751485399914936,0.23592562263176348
285,shock_plus,-0.00120872194241708,-0.19187865983175167,-0.014071346408297783,-0.5226097988354185,0.3722421782140241,-0.02767346946560778,-1.2028220094571014,0.2309735771720107
286,shock_plus,0.004796999415155601,0.7615000495094403,0.04598586716742902,-0.47662393166798944,0.3830496508837824,0.07808117234912082,-1.1247408371079806,0.24513296619062377
287,shock_plus,-0.005371998483703329,-0.8527783218777046,-0.05570411182116028,-0.5323280434891497,0.36997407272210847,-0.0883570118191559,-1.2130978489271365,0.22915338130530405
288,shock_plus,0.011189926755405451,1.776345803029843,0.10991514056992754,-0.4224129029192222,0.3959395080737769,0.10910010681233917,-1.1039977421147973,0.24899158760550416
289,shock_plus,0.006823811824346138,1.083246544843311,0.0662539912593344,-0.3561589116598878,0.4118897020883061,0.09679621796378268,-1.0072015241510146,0.2675278739994634
290,shock_plus,0.0030916578798386384,0.490785473336775,0.0289324518142594,-0.32722645984562837,0.4189156208339,0.05404818216334384,-0.9531533419876708,0.278251101818194
291,shock_plus,-0.002844111250896005,-0.45148866425229944,-0.03042523949308703,-0.3576516993387154,0.4115281419363218,-0.056444569316893345,-1.009597911304564,0.2670585475386376
292,shock_plus,-0.0027486199041570096,-0.43632988290249825,-0.029470326025697078,-0.3871220253644125,0.40441030605926775,-0.05491767293481975,-1.0645155842393839,0.2564474667907075
293,shock_plus,-0.003481529152436988,-0.5526756191741853,-0.03679941850849686,-0.42392144387290936,0.39557876489847643,-0.06606491133698711,-1.130580495576371,0.2440539884135101
294,shock_plus,0.006192626711483742,0.983049014450503,0.05994214013071044,-0.36397930374219895,0.4099966311740061,0.09207379987844266,-1.0385066956979283,0.26143823074172984
295,shock_plus,-0.00921069544300714,-1.4621525726491673,-0.09409108141419836,-0.4580703851563973,0.3874436818419032,-0.10791463832543613,-1.1464213340233644,0.24114334792616085
296,shock_plus,-0.015467509345218745,-2.4553909877409783,-0.15665922043631444,-0.6147296055927117,0.35098106732322837,-0.10233910152730807,-1.2487604355506725,0.22291478711907223
297,shock_plus,-0.006634548085551189,-1.0532018577400877,-0.06832960783963887,-0.6830592134323505,0.33557886022969047,-0.09814672779110167,-1.3469071633417742,0.20637647273786944
298,shock_plus,-0.005068242327721704,-0.804558527001765,-0.052666550261344015,-0.7357257636936946,0.323939507758109,-0.08541142466417373,-1.432318588005948,0.19273767841254213
299,shock_plus,0.00961523768844686,1.5263716632243567,0.09416824990034162,-0.6415575137933529,0.34489454618476784,0.10792762669753664,-1.3243909613084113,0.21008867956736554
300,shock_plus,0.00891713672716669,1.415551571210609,0.08718724028753991,-0.554370273505813,0.36485106777567355,0.10641060744061992,-1.2179803538677914,0.2282920660576127
301,shock_plus,-0.0017244549348272614,-0.2737487342814618,-0.019228676332399598,-0.5735989498382126,0.3604068013691544,-0.03728743197719986,-1.2552677858449912,0.22178959207118767
302,shock_plus,0.0013766564464304052,0.2185374358817259,0.011782437480177066,-0.5618165123580355,0.36312725807972135,0.02328574921976201,-1.2319820366252292,0.22583471124634505
303,shock_plus,-0.006135181688800857,-0.9739298998058602,-0.06333594387213555,-0.6251524562301711,0.3486105145876477,-0.09473056899536814,-1.3267126056205973,0.2097036587017381
304,shock_plus,0.004853259323167927,0.7704310330324794,0.04654846624755228,-0.5786039899826189,0.3592538787708366,0.07874418127372129,-1.247968424346876,0.223052012404946
305,shock_plus,0.013761506552284438,2.1845714401758305,0.1356309385387174,-0.4429730514439014,0.3910327790676702,0.10657337945651513,-1.141395044890361,0.24206432115664858
306,shock_plus,-0.010944391712237978,-1.7373683232874844,-0.11142804410650678,-0.5544010955504082,0.36484392526613113,-0.10907917851003646,-1.2504742234003974,0.22261805927976566
307,shock_plus,0.0042732562160459845,0.6783583941671145,0.04074843517633286,-0.5136526603740753,0.37433764779785456,0.07150395842800927,-1.178970264972388,0.23523739584552403
308,shock_plus,0.0024431349618258993,0.38783565170151674,0.02244722263413201,-0.4912054377399433,0.3796096384723323,0.04305849459287403,-1.135911770379514,0.24307175538791817
309,shock_plus,-0.006946460901034358,-1.1027164821702342,-0.07144873599447057,-0.5626541737344138,0.36293355782703396,-0.09999740387944134,-1.2359091742589554,0.22514885577503607
310,shock_plus,-0.0013241331919077361,-0.21019962771084205,-0.015225458903204345,-0.5778796326376182,0.3594206359652131,-0.029859851157844064,-1.2657690254167995,0.2199823854084285
311,shock_plus,0.0009290227422465515,0.1474777882984581,0.00730610043833853,-0.5705735321992796,0.3611044958243639,0.014542215519244284,-1.2512268098975552,0.22248784440727137
312,shock_plus,-0.0008961035667292863,-0.1422520311914199,-0.010945162651419846,-0.5815186948506995,0.3585832169170245,-0.02166524057476371,-1.272892050472319,0.21876258271620977
313,shock_plus,0.0012993729960276584,0.20626906846812615,0.0110096029761496,-0.5705090918745499,0.36111936285837143,0.021790234187703206,-1.2511018162846157,0.2225094674278451
314,shock_plus,0.004131923633263344,0.6559225421955155,0.03933510934850645,-0.5311739825260434,0.3702431168945299,0.06960432152125473,-1.181497494763361,0.23478304952892107
315,shock_plus,-0.0012932002477522991,-0.20528917505758193,-0.014916129461649975,-0.5460901119876934,0.36677200773080765,-0.029275674532862395,-1.2107731692962234,0.22956427614572597
316,shock_plus,-0.003405984708101754,-0.5406833104155697,-0.03604397406514452,-0.5821340860528379,0.3584416884657599,-0.06497820019662592,-1.2757513694928493,0.21827430230825226
317,shock_plus,0.008185740856377301,1.2994460761677138,0.07987328157964602,-0.5022608044731919,0.3770095186330504,0.10399658269427237,-1.171754786798577,0.2365379447891631
318,shock_plus,-0.00025659729026938135,-0.04073355702875022,-0.0045500998868207975,-0.5068109043600126,0.3759414210389576,-0.00908141025431597,-1.1808361970528929,0.23490187909207755
319,shock_plus,0.0005847044294695183,0.0928189506512551,0.003862917310568199,-0.5029479870494444,0.3768481314114511,0.00771361937233217,-1.1731225776805607,0.23629102753536252
320,shock_plus,2.7614735837066596e-05,0.004383703412737277,-0.001707979625756318,-0.5046559666752007,0.3764471248232872,-0.003413994073978799,-1.1765365717545395,0.23567550119075772
321,shock_plus,0.011745660639526739,1.8645658221808576,0.11547247941114039,-0.3891834872640604,0.403913874964644,0.10892886047027961,-1.06760771128426,0.25585829748587674
322,shock_plus,0.0025115266282904145,0.3986924921743797,0.02313113929877716,-0.36605234796528324,0.4094952567600127,0.04425928499521836,-1.0233484262890415,0.26437568105793713
323,shock_plus,-0.00033599423429803285,-0.05333743115424982,-0.0053440693271073125,-0.37139641729239053,0.4082036410616591,-0.010659054407057056,-1.0340074806960986,0.26230790843128293
324,shock_plus,0.006589238687432087,1.046009213771458,0.06390825989019389,-0.30748815740219665,0.4237279692601765,0.09515139033985642,-0.9388560903562422,0.28113146490220653
325,shock_plus,0.004592044708853278,0.7289644985349466,0.0439363201044058,-0.26355183729779086,0.4344907892370808,0.07559438797142404,-0.8632617023848181,0.2966583333150384
326,shock_plus,0.013606855028443308,2.160021271858182,0.13408442330030612,-0.12946741399748474,0.4676782814386665,0.10682866217739484,-0.7564330402074233,0.3194211922516808
327,shock_plus,0.013924326594024036,2.2104183205098384,0.13725913895611339,0.0077917249586286486,0.5019479213846495,0.10629422355187401,-0.6501388166555493,0.34295825599227103
328,shock_plus,-0.00025006638970544355,-0.03969680870498197,-0.00448479088118142,0.0033069340774472284,0.5008267327659457,-0.008951504505780417,-0.6590903211613297,0.3409439878763581
329,shock_plus,0.0015494452862867343,0.24596681385695865,0.01351032587874036,0.01681725995618759,0.5042042159030707,0.026604125339382945,-0.6324861958219468,0.3469470143854343
330,shock_plus,0.0001920989697038597,0.030494766056888632,-6.313728708838714e-05,0.016754122669099203,0.5041884326930931,-0.00012623278827916806,-0.6326124286102259,0.34691841377135796
331,shock_plus,0.002370196625134963,0.3762570497059018,0.021717839267222646,0.03847196193632185,0.509616804367188,0.041767737757018475,-0.5908446908532075,0.356441066479731
332,shock_plus,-0.004081047604100604,-0.6478462229439708,-0.04279460302513302,-0.004322641088811169,0.49891934141049255,-0.07416050344901803,-0.6650051943022255,0.339616161957166
333,shock_plus,0.0011349040831209805,0.18016043795099349,0.009364913847082821,0.0050422727582716525,0.5012605655187968,0.018586813321801676,-0.6464183809804238,0.34379710025824073
334,shock_plus,0.0008811578238542307,0.13987946806302917,0.006827451254415324,0.011869724012686976,0.5029673961634636,0.013597188531065285,-0.6328211924493585,0.346871116489238
335,shock_plus,-0.004605365717605408,-0.7310791431171857,-0.04803778416018106,-0.03616806014749409,0.4909589705107247,-0.08045856657760275,-0.7132797590269613,0.328874538781659
336,shock_plus,0.00930000383579594,1.4763298404877698,0.09101591137383241,0.054847851226338326,0.5137085263806483,0.10733027003132722,-0.6059494889956341,0.3529837269855505
337,shock_plus,-0.003747600300167638,-0.5949131044508749,-0.03946012998580336,0.015387721240534967,0.5038468544049545,-0.06977448202158354,-0.6757239710172176,0.33721633517277605
338,shock_plus,0.0015230062294282563,0.24176974369616086,0.013245935310155579,0.028633656550690546,0.5071579250873032,0.026098758351134066,-0.6496252126660835,0.343073999764913
339,shock_plus,-0.0015256181153740882,-0.24218436773609303,-0.017240308137867866,0.01139334841282268,0.5028483062921016,-0.03363020518179316,-0.6832554178478767,0.33553511478841275
340,shock_plus,0.0074558688268201905,1.183582483421108,0.07257456128407494,0.08396790969689762,0.5209796522605614,0.10061430445900843,-0.5826411133888683,0.35832510019909974
341,shock_plus,0.0031108493577009094,0.4938320259996973,0.02912436659288211,0.11309227628977972,0.5282429735071084,0.0543591925404463,-0.528281920848422,0.37091769178310413
342,shock_plus,0.008139824600043023,1.2921570964439781,0.07941411901630324,0.19250639530608296,0.5479785217422016,0.10381387832752997,-0.424468042520892,0.395448082697862
343,shock_plus,-0.002636372592713261,-0.4185111746175519,-0.028347852911259595,0.16415854239482336,0.5409477218460351,-0.053095547408446464,-0.47756358992933845,0.382827612802312
344,shock_plus,0.007229824117992983,1.14769899833678,0.07031411419580286,0.23447265659062622,0.5583510761143832,0.09934854886533961,-0.37821504106399884,0.40655747949100496
345,shock_plus,-0.01817182368856212,-2.884687580906869,-0.18370236386974817,0.050770292720878046,0.5126898474941487,-0.09581016151169042,-0.47402520257568925,0.38366397570200317
346,shock_plus,-0.005936921881638276,-0.9424571311219515,-0.061353345800509745,-0.010583053079631699,0.4973542614238293,-0.0932123927663362,-0.5672375953420254,0.3618744793298632
347,shock_plus,0.003084830312418535,0.48970163060958777,0.028864176140058363,0.018281123060426663,0.5045701534872465,0.053937330687299445,-0.513300264654726,0.3744201856916182
348,shock_plus,-0.0004750376357536255,-0.07540988685601069,-0.006734503341663239,0.011546619718763425,0.5028866228583172,-0.01341349210318965,-0.5267137567579157,0.37128367768438225
349,shock_plus,0.008607682783252277,1.366427280541069,0.08409270084839579,0.09563932056715921,0.5238916217683814,0.10549967625230039,-0.42121408050561526,0.3962262678645529
350,shock_plus,-0.0015799326215305345,-0.25080652828848765,-0.01778345319943233,0.07785586736772687,0.519454141003078,-0.03463574574653738,-0.45584982625215265,0.38797082100975705
351,shock_plus,0.008145452591619863,1.2930505124095633,0.07947039893207164,0.1573262662997985,0.5392506404241277,0.10383648060948181,-0.35201334564267084,0.4128942753022283
352,shock_plus,0.009141341428315372,1.4511429641312672,0.08942928729902674,0.24675555359882526,0.5613777716211846,0.10697592114936771,-0.24503742449330312,0.43904533258057066
353,shock_plus,-0.013924179417699259,-2.2103949569925843,-0.14122592116111957,0.10552963243770569,0.526357951364031,-0.1055731150014827,-0.3506105394947858,0.4132343746794298
354,shock_plus,-0.0020191527690985997,-0.3205305651649391,-0.02217565467511298,0.08335397776259271,0.5208264375279478,-0.042579123080974224,-0.39318966257576005,0.4029496907648052
355,shock_plus,-0.00251873120445162,-0.39983618318383013,-0.027171439028643184,0.05618253873394952,0.5140419412882884,-0.05115485315777879,-0.44434451573353884,0.39070624641344026
356,shock_plus,-0.001636435809859912,-0.2597761313645945,-0.018348485082726105,0.037834053651223415,0.509457385318966,-0.03567666793064905,-0.4800211836641879,0.38224712302940717
357,shock_plus,-0.0031503988234794257,-0.5001103090558221,-0.03348811521892124,0.004345938432302174,0.5010864828980262,-0.061193736668878174,-0.5412149203330661,0.367905006117273
358,shock_plus,-0.005216013467796086,-0.8280164682571234,-0.05414426166208784,-0.04979832322978567,0.48755299133630164,-0.08687420036505089,-0.628089120698117,0.34794395004703366
359,shock_plus,0.006549709399775861,1.0397341338929433,0.06351296701363163,0.013714643783845959,0.5034286072051537,0.09486156030351056,-0.5332275603946064,0.36976442593031134
360,shock_plus,0.0036148083770293333,0.5738330401663574,0.03416395678616634,0.0478786005700123,0.5119673641038858,0.062210499536821784,-0.4710170608577846,0.3843755472108511
361,shock_plus,0.0019243650109593597,0.3054834750427531,0.01725952312546661,0.06513812369547892,0.5162787754608711,0.033665859668783105,-0.4373512011890015,0.3923723056578064
362,shock_plus,0.015666337396598614,2.4869539623978607,0.15467924698185917,0.2198173706773381,0.5547341253529895,0.1027839935759749,-0.3345672076130266,0.4171297679289909
363,shock_plus,-0.004452390630070429,-0.7067951008128321,-0.046508033284831274,0.1733093373925068,0.5432192103248475,-0.07869681367767134,-0.41326402129069795,0.39812972892398935
364,shock_plus,0.004712895601165302,0.7481489829416185,0.04514482902752604,0.21845416642003285,0.55439738313588,0.07707427722176785,-0.3361897440689301,0.41673532966684435
365,shock_plus,0.0017303215099300235,0.2746800242076373,0.015319088115173251,0.2337732545352061,0.5581785999264051,0.030036402269057794,-0.3061533417998723,0.4240539411127084
366,shock_plus,-0.001170627444036878,-0.18583134568972565,-0.013690401424495765,0.22008285311071032,0.5547996996693181,-0.026947812630385704,-0.333101154430258,0.41748625638727394
367,shock_plus,0.004285345622236804,0.6802775279038757,0.04086932923824106,0.2609521823489514,0.5648703448924262,0.07166400229793934,-0.26143715213231866,0.4350104572452937
368,shock_plus,0.003252471706698626,0.5163138769319026,0.030540590082859274,0.29149277243181065,0.5723615489978989,0.05662754896288513,-0.20480960316943353,0.4489758337509711
369,shock_plus,-0.0066796023544861615,-1.0603540012063133,-0.06878015052898859,0.22271262190282207,0.5554491506860145,-0.09842715262880253,-0.30323675579823606,0.42476642262900355
370,shock_plus,-0.0022074330124568164,-0.35041912720769286,-0.02405845710869515,0.19865416479412693,0.5495008585020994,-0.04587236837734432,-0.3491091241755804,0.41359847280683176
371,shock_plus,-0.0027966603923687485,-0.44395607398272174,-0.029950730907814468,0.16870343388631245,0.5420761122878371,-0.05568853046034561,-0.404797654635926,0.40016019951996246
372,shock_plus,0.0020742519932079855,0.3292772958305021,0.01875839294795287,0.18746182683426532,0.5467286920638605,0.03642845918930915,-0.36836919544661684,0.4089351401378772
373,shock_plus,-0.01307244631799252,-2.0751865190790113,-0.13270859016405218,0.054753236670213146,0.5136848904912954,-0.1070472505765645,-0.47541644602318134,0.3833350473177836
374,shock_plus,-5.895422630522305e-05,-0.009358693292390547,-0.0025736692471792144,0.05217956742303393,0.5130419328762564,-0.005142777675008592,-0.48055922369818993,0.3821200813960307
375,shock_plus,0.0034764178133330857,0.5518642192460586,0.032780051149203876,0.0849596185722378,0.5212271378134962,0.06011628076071407,-0.42044294293747586,0.3964107626406049
376,shock_plus,0.009807298632615268,1.5568603929146287,0.09608885934202568,0.18104847791426348,0.5451388878392902,0.1082254873696975,-0.31221745556777836,0.42257357560178127
377,shock_plus,0.006118009877831661,0.971203959322754,0.05919597179418963,0.2402444497084531,0.5597738891754931,0.09145200075448279,-0.22076545481329557,0.44503170607582904
378,shock_plus,-0.0035259999809178683,-0.5597351443396303,-0.03724412679330567,0.20300032291514744,0.5505765153805768,-0.06669774460201339,-0.28746319941530896,0.4286250309691754
379,shock_plus,-0.00045817856018998354,-0.07273359157946013,-0.00656591258602682,0.19643441032912062,0.548951298868066,-0.013080152827740443,-0.3005433522430494,0.425424661592055
380,shock_plus,-0.003687746127729316,-0.5854115491387923,-0.038861588261420145,0.15757282206770049,0.5393118989260001,-0.06895611049936612,-0.3694994627424155,0.4086619745497616
381,shock_plus,0.0030658131645492654,0.48668275197511807,0.02867400466136567,0.18624682672906615,0.5464275780173273,0.05362800167530679,-0.3158714610671087,0.42168223261364285
382,shock_plus,-0.010007455109977283,-1.588634248658546,-0.10205867808389982,0.08418814864516633,0.5210346148062001,-0.10885871464936159,-0.4247301757164703,0.395385416521857
383,shock_plus,-0.00871206386611599,-1.3829972637512897,-0.08910476564528688,-0.0049166170001205545,0.49877084822600526,-0.10689884374635916,-0.5316290194628295,0.3701370253143173
384,shock_plus,0.0016397577746444549,0.2603034769256353,0.014413450762317565,0.00949683376219701,0.5023741905965846,0.028323482130194755,-0.5033055373326347,0.3767641702830497
385,shock_plus,0.004652140807889103,0.7385044585037807,0.04453728109476404,0.05403411485696105,0.5135052429522147,0.07633517163831849,-0.42697036569431623,0.3948500118388625
386,shock_plus,-0.0017151523700425753,-0.27227199790294104,-0.019135650684552738,0.034898464172408314,0.5087237306730712,-0.03711782497019023,-0.46408819066450646,0.386016440627697
387,shock_plus,0.004705252846484056,0.7469357332485352,0.045068401480713574,0.07996686565312189,0.5199810698029995,0.076981841914042,-0.38710634875046446,0.404414081975084
388,shock_plus,0.002354312174429671,0.3737354713291578,0.021558994760169727,0.10152586041329162,0.5253596859302645,0.041485274054008814,-0.34562107469645564,0.4144447002782486
389,shock_plus,-0.0027824192533123003,-0.4416953632429427,-0.029808319517249986,0.07171754089604163,0.5179217043327752,-0.05546058423761924,-0.4010816589340749,0.40105248746905187
390,shock_plus,-0.004360904393161287,-0.6922721109380285,-0.045593170915739854,0.026124369980301772,0.5065307210739506,-0.07761338415956431,-0.4786950430936392,0.3825603191134627
391,shock_plus,0.005766808905555359,0.9154525333519229,0.055683962071426604,0.08180833205172838,0.520440684168659,0.088338255633446,-0.3903567874601932,0.40363141433703437
392,shock_plus,-0.005586195387026141,-0.8867810261452428,-0.05784608085438839,0.023962251197339995,0.5059902761726134,-0.0902919402228124,-0.4806487276830056,0.38209894934110233
393,shock_plus,0.0016425503345200683,0.2607467820627632,0.014441376361073701,0.0384036275584137,0.5095997270812584,0.028376471618299703,-0.4522722560647059,0.3888206528293981
394,shock_plus,0.005520716589000128,0.8763865892017875,0.0532230389058743,0.09162666646428799,0.5228906540856059,0.08596895428404605,-0.36630330178065984,0.4094345752746583
395,shock_plus,-0.00793582983887759,-1.259773932035753,-0.0813424253729029,0.010284241091385093,0.5025710376122717,-0.10455547895918471,-0.47085878073984455,0.384413001876592
396,shock_plus,0.00792069788468584,1.2573718087772454,0.07722285186273142,0.08750709295411652,0.5218628238200932,0.10288790283466653,-0.367970877905178,0.40903141984311814
397,shock_plus,-0.0048644575729928025,-0.7722087000818271,-0.05062870271405501,0.03687839024006151,0.5092185528023436,-0.08330056200216474,-0.45127143990734275,0.38905851237990396
398,shock_plus,0.00012440094177008037,0.019748037287151597,-0.0007401175664261803,0.03613827267363533,0.5090335850536408,-0.0014796777669916494,-0.4527511176743344,0.38870686262250587
399,shock_plus,0.007566398657581068,1.2011285500999482,0.07367985959168369,0.10981813226531902,0.5274269744451473,0.10119433381322285,-0.35155678386111155,0.41300495602719034
400,shock_plus,-0.0032297276257123573,-0.5127033660065998,-0.034281403241250556,0.07553672902406847,0.5188752082664744,-0.06238602197006293,-0.4139428058311745,0.3979670881633458
401,shock_plus,-0.0006790457501393679,-0.10779517102224427,-0.008774584485520664,0.0667621445385478,0.5166843394974386,-0.017430722064927684,-0.43137352789610217,0.39379839352979934
402,shock_plus,0.012877445231574379,2.0442310562760224,0.1267903253316168,0.1935524698701646,0.5482376193563524,0.10788630130729526,-0.3234872265888069,0.41982611989535634
403,shock_plus,-0.004530265953931542,-0.7191574252251393,-0.0472867865234424,0.14626568334672221,0.5365013692344505,-0.07960146431136184,-0.40308869090016874,0.4005704754302086
404,shock_plus,-0.009643626691592615,-1.5308782777619185,-0.09842039390005314,0.047845289446669076,0.5119590410904787,-0.10852367047983602,-0.5116123613800048,0.37481562651292005
405,shock_plus,-0.005079724868329567,-0.8063813238138214,-0.05278137566742266,-0.004936086220753581,0.498765980950378,-0.08552712608485358,-0.5971394874648583,0.3549984063025211
406,shock_plus,-0.002300190088899753,-0.36514385660425797,-0.024986027873124515,-0.029922114093878096,0.4925200295568459,-0.047468110194887725,-0.6446075976597461,0.3442057296288416
407,shock_plus,0.002903437611540732,0.4609064320396882,0.02705024913128034,-0.0028718649625977567,0.49928203425280887,0.050953157103725166,-0.5936544405560209,0.35579679595581426
408,shock_plus,-0.0018048284759853606,-0.2865076383950985,-0.020032411743980592,-0.02290427670657835,0.49427418113769256,-0.038746463228862105,-0.632400903784883,0.34696633966253865
409,shock_plus,0.00955718106176309,1.5171554594544825,0.09358768363350392,0.07068340692692557,0.5176634982289491,0.10782793731116946,-0.5245729664737135,0.37178354442369943
410,shock_plus,-0.011941935032169717,-1.8957234160806717,-0.12140347730582415,-0.050720070378898585,0.4873227000119246,-0.10848573598106981,-0.6330587024547834,0.34681731018771667
411,shock_plus,-0.0006642385135457257,-0.10544459508439193,-0.008626512119584241,-0.059346582498482826,0.4851677074185658,-0.017140259271722913,-0.6501989617265063,0.34294470315686376
412,shock_plus,-0.00922378922411933,-1.4642311459618298,-0.09422201922532028,-0.1535686017238031,0.46168312323658867,-0.10793662941514581,-0.7581355911416521,0.31905118634636226
413,shock_plus,-0.008052851988479007,-1.2783506223796457,-0.08251264686891704,-0.23608124859272014,0.4412522902112715,-0.10497320845910618,-0.8631087996007583,0.2966902378041066
414,shock_plus,0.0006824402462883813,0.10833403058044362,0.004840275478756829,-0.23124097311396333,0.44244599097449194,0.009658358016169988,-0.8534504415845883,0.298709549939055
415,shock_plus,-0.001384238472020679,-0.21974104513048542,-0.015826511704333773,-0.2470674848182971,0.4385454221619874,-0.030990999970748723,-0.884441441555337,0.29225824927621247
416,shock_plus,0.0010484944558626407,0.16644333487455218,0.008500817574499423,-0.2385666672437977,0.4406396032329501,0.016893546925320857,-0.8675478946300161,0.2957647901624182
417,shock_plus,-0.0011816492732913031,-0.18758100684173917,-0.013800619717040016,-0.2523672869608377,0.43724091513190333,-0.027157963248699124,-0.8947058578787153,0.29013965903621325
418,shock_plus,-0.004240957108178584,-0.673231069747931,-0.04439369806591282,-0.2967609850267505,0.4263494775938562,-0.07615905803491851,-0.9708649159136338,0.2747081396935935
419,shock_plus,0.0015577773053046815,0.24728948087139158,0.01359364606891983,-0.2831673389578307,0.42967743237690614,0.026763200415158783,-0.944101715498475,0.28007256024210847
420,shock_plus,-0.004357050728135551,-0.6916603605803738,-0.045554634265482494,-0.3287219732233132,0.4185516192138941,-0.07756725669498898,-1.021668972193464,0.2647024324980957
421,shock_plus,0.007293300389427903,1.1577755440390058,0.07094887691015203,-0.25777309631316114,0.4359112090289785,0.09971493563728973,-0.9219540365561743,0.28455991324028185
422,shock_plus,0.008579512199475892,1.3619553390034795,0.08381099501063194,-0.1739621013025292,0.45661882257060404,0.10540892192945517,-0.8165451146267191,0.3064975279061955
423,shock_plus,-0.00034294732045388394,-0.054441199363017105,-0.005413600188665824,-0.17937570149119503,0.45527592917737697,-0.010797061470376512,-0.8273421760970956,0.30420734617217576
424,shock_plus,0.000539337013037924,0.08561709656104487,0.003409243146252256,-0.17596645834494276,0.45612154876786326,0.006809588987209958,-0.8205325871098856,0.30565061812752253
425,shock_plus,0.004228332169444886,0.6712269228555234,0.04029919471032187,-0.1356672636346209,0.4661351101507693,0.07090585160143004,-0.7496267355084556,0.32090263872768326
426,shock_plus,0.011389524342143747,1.8080309376377333,0.11191111643731047,-0.023756147197310423,0.4940612424951036,0.10906831158756347,-0.6405584239208921,0.34512031781441654
427,shock_plus,0.002700158169915161,0.4286368210880882,0.025017454715024628,0.0012613075177142045,0.5003153268376241,0.04752185818808985,-0.5930365657328023,0.3559384288389458
428,shock_plus,0.005049272546737937,0.8015471676272604,0.04850859848325238,0.04976990600096659,0.5124399087566079,0.08098824603151056,-0.5120483197012917,0.3747134744675602
429,shock_plus,0.0070645533897595375,1.1214630835825257,0.06866140691346839,0.11843131291443498,0.5295732701418425,0.09835368011659118,-0.41369463958470054,0.39802654764215106
430,shock_plus,0.0007511879307967269,0.11924738716568023,0.005527752323840285,0.12395906523827527,0.5309501451816734,0.011023577421558794,-0.40267106216314175,0.4006707580033066
431,shock_plus,0.01078318705813709,1.711777877791256,0.10584774359724392,0.22980680883551918,0.5572001894290771,0.10905215951907543,-0.2936189026440663,0.42711813152601225
432,shock_plus,0.006285980820104408,0.9978685197670866,0.0608756812169171,0.2906824900524363,0.5721632095801644,0.09283244751895792,-0.2007864551251084,0.4499713496492779
433,shock_plus,-0.008899096321087296,-1.4126877455284073,-0.09097509019499994,0.19970739985743635,0.5497615728724801,-0.10732161477313529,-0.3081080698982437,0.423576604590844
434,shock_plus,0.006952397662837147,1.1036589138896267,0.06753984964424448,0.26724724950168083,0.566416984322364,0.09764428672256131,-0.21046378317568237,0.44757741638096654
435,shock_plus,0.0029662868815876625,0.47088344435725527,0.02767874183174964,0.29492599133343045,0.5732016671855498,0.05199557911309993,-0.15846820406258244,0.4604656471664086
436,shock_plus,0.006712393251935942,1.065559394801438,0.06513980553523244,0.3600657968686629,0.5890563615318511,0.09603086077665934,-0.0624373432859231,0.4843957331837181
437,shock_plus,0.006859499767228422,1.0889118301435112,0.06661087068815724,0.42667666755682016,0.6050798087392963,0.09703535025674248,0.034598006970819384,0.5086486390422533
438,shock_plus,0.0021056816173947207,0.3342665939944014,0.019072689189820222,0.4457493567466404,0.6096281314434425,0.03700294622722744,0.07160095319804682,0.5178925947939962
439,shock_plus,0.004659693712296354,0.7397034449080505,0.044612810138836556,0.49036216688547696,0.6201917458941509,0.0764275919171169,0.14802854511516372,0.5369397076085416
440,shock_plus,-0.0006478542380503463,-0.1028436719820273,-0.008462669364630446,0.4818994975208465,0.6181963130149526,-0.016818643592221738,0.13120990152294199,0.5327554955371648
441,shock_plus,0.010572460176570916,1.6783260224004406,0.10374047478158219,0.5856399723024287,0.6423641287567872,0.10896326987146532,0.2401731713944073,0.559756324193711
442,shock_plus,0.008734012015892724,1.3864814245141237,0.08535599317480025,0.670995965477229,0.661726136650671,0.10589038720868826,0.34606355860309557,0.585662677778094
443,shock_plus,0.010052894527229888,1.5958475325247514,0.09854481828817188,0.7695407837654008,0.6834215476722719,0.10853769722208817,0.45460125582518374,0.6117326651760323
444,shock_plus,-0.0008816705396438943,-0.1399608591713915,-0.010800832380565926,0.7587399513848349,0.6810801011040261,-0.0213851258031883,0.43321613002199544,0.6066413885112352
445,shock_plus,0.0072022198081211665,1.1433169499947164,0.07003807109708468,0.8287780224819196,0.6960964871244432,0.09918651357777675,0.5324026435997722,0.6300433158920645
446,shock_plus,-0.003317696244749569,-0.5266679513556145,-0.035161089431622675,0.7936169330502969,0.6886074281395137,-0.06368962976390447,0.4687130138358677,0.6150790988274372
447,shock_plus,-0.004389094777932535,-0.6967471957861051,-0.04587507476345233,0.7477418582868446,0.678686462445716,-0.07794961086409624,0.3907634029717715,0.5964664595049849
448,shock_plus,0.005312018133761352,0.8432567365078786,0.05113605435348653,0.7988779126403311,0.6897344046096036,0.08383629269237236,0.47459969566414384,0.6164718632576911
449,shock_plus,-0.0015166125400428374,-0.24075477697172015,-0.017150252384555358,0.7817276602557758,0.6860523447773336,-0.03346302310439686,0.441136672559747,0.6085298437098222
450,shock_plus,-0.007623817192447303,-1.210243459934053,-0.0782222989086,0.7035053613471758,0.6689644971838834,-0.10332144504081864,0.33781522751892834,0.5836597181553735
451,shock_plus,-0.013560523574438843,-2.1526663815476317,-0.1375893627285154,0.5659159986186604,0.6378202801070371,-0.1062363593828195,0.23157886813610884,0.557637361894189
452,shock_plus,0.014243079481782793,2.2610187727514397,0.14044666783370094,0.7063626664523613,0.6695969444878248,0.10571910007925833,0.33729796821536717,0.5835340181639704
453,shock_plus,9.194025754264009e-05,0.01459506341598337,-0.001064724408700583,0.7052979420436608,0.6693613456646289,-0.0021285423319716834,0.3351694258833955,0.5830166436082317
454,shock_plus,0.0030403241753500215,0.4826365003796214,0.02841911476937323,0.733717056813034,0.675620424521642,0.05321209382108294,0.38838151970447843,0.5958930224760404
455,shock_plus,-0.0020604855551339995,-0.3270919415355258,-0.022588982535466977,0.7111280742775671,0.6706503750552875,-0.04330815328525972,0.3450733664192187,0.5854223754923991
456,shock_plus,0.0067895296899438675,1.0778044247208571,0.06591116991531171,0.7770392441928788,0.6850416527446023,0.09656376641404196,0.44163713283326067,0.6086490575157056
457,shock_plus,0.008050570308646338,1.2779884169351228,0.0785215761023364,0.8555608202952152,0.7017323488583005,0.10344759119479718,0.5450847240280579,0.6329944593507767
458,shock_plus,-0.0012006837862783945,-0.19060264210320355,-0.013990964846910928,0.8415698554483042,0.6987957426570721,-0.02752051215454343,0.5175642118735144,0.6265780214118576
459,shock_plus,0.003010408304091874,0.4778875030434484,0.028119956056791757,0.8696898115050959,0.7046811501255831,0.052722048431332214,0.5702862603048466,0.6388292255961239
460,shock_plus,0.0029133039693556703,0.46247266778714646,0.02714891270942972,0.8968387242145257,0.7102994265049095,0.051117387494838296,0.6214036477996849,0.6505377190009011
461,shock_plus,-0.007372492182813828,-1.1703468515095878,-0.07570904881226526,0.8211296754022605,0.6944760862093162,-0.10219464912317644,0.5192089986765085,0.6269627851536518
462,shock_plus,-0.0004790539976954584,-0.07604746454840955,-0.006774666961081568,0.8143550084411789,0.6930367529646306,-0.013492876105663631,0.5057161225708449,0.6238016979236564
463,shock_plus,9.09682961309483e-05,0.014440769325226104,-0.001074444022817501,0.8132805644183614,0.6928081317728547,-0.0021479695368971097,0.5035681530339478,0.6232974932832982
464,shock_plus,0.01262641153962956,2.004380693100959,0.12427998841216861,0.93756055283053,0.7186066371897187,0.10818691410743853,0.6117550671413863,0.6483410525962918
465,shock_plus,-0.002116871065985621,-0.3360428638911692,-0.023152837643983192,0.9144077151865467,0.713901270154808,-0.04429722908601996,0.5674578380553663,0.6381763778654062
466,shock_plus,-0.01324323177387022,-2.102297869706963,-0.13441644472282918,0.7799912704637175,0.6856782325202702,-0.10677469319228017,0.46068314486308615,0.6131762245722882
467,shock_plus,-0.00080702834890399,-0.12811177873074142,-0.010054410473166884,0.7699368599905506,0.6835072351260569,-0.019933038758616517,0.44075010610446963,0.608437751494248
468,shock_plus,0.005038026518506784,0.7997619159910498,0.048396138200940846,0.8183329981914914,0.6938823673613945,0.08086226077577896,0.5216123668802486,0.627524714256922
469,shock_plus,-0.004594180084644561,-0.7293034789329108,-0.0479259278305726,0.7704070703609188,0.683608944650851,-0.08033185827375378,0.4412805086064948,0.6085641079810438
470,shock_plus,0.0003120591614070386,0.04953785612534335,0.0011364646299434024,0.7715435349908623,0.6838546967284783,0.0022719315857238076,0.4435524401922186,0.6091051798274764
471,shock_plus,0.0022563651297021615,0.35818686000899513,0.02057952431289463,0.7921230593037569,0.6882870106981996,0.03973299340832681,0.48328543360054543,0.6185233813670017
472,shock_plus,0.0012451025267054454,0.197653898546446,0.01046689828292747,0.8025899575866844,0.690528225402946,0.020736193721751617,0.504021627322297,0.6234039620612445
473,shock_plus,-0.004551738702799689,-0.722566118433343,-0.04750151401212387,0.7550884435745605,0.68028643319999,-0.07984806279419288,0.4241735645281042,0.6044815146062664
474,shock_plus,0.00882020143858168,1.400163571198876,0.08621788740168981,0.8413063309762503,0.6987402730540059,0.10614193636527602,0.5303155008933802,0.6295566945351856
475,shock_plus,-0.0031821404117933004,-0.5051491299896245,-0.033805531102059985,0.8075007998741903,0.6915766843640097,-0.06167269410446674,0.46864280678891346,0.6150624766973023
476,shock_plus,-0.010895292494236713,-1.7295740640635386,-0.11093705192649411,0.6965637479476963,0.667425471041442,-0.10908816782421926,0.3595546389646942,0.5889326204371255
477,shock_plus,-0.009943620397214572,-1.5785008021595437,-0.1014203309562727,0.5951434169914236,0.6445444122115614,-0.10881091257051079,0.2507437263941834,0.5623595488266421
478,shock_plus,0.011539793018990708,1.8318853505645205,0.1134138032057801,0.7085572201972037,0.6700822798718994,0.10902197596311858,0.359765702357302,0.5889837160233129
479,shock_plus,0.010541779070522417,1.6734555478072768,0.10343366372109719,0.8119908839183009,0.6925335872586323,0.10894646794307494,0.46871217030037693,0.6150788991146534
480,shock_plus,0.004027441163988668,0.6393364643915112,0.0382902846557597,0.8502811685740606,0.7006261206726748,0.06816622531216687,0.5368783956125438,0.6310859546716144
481,shock_plus,-0.002740283599216739,-0.435006535518989,-0.029386962976294374,0.8208942055977662,0.6944261221616642,-0.0547833563586857,0.4820950392538581,0.6182424655913159
482,shock_plus,0.0067202650177452,1.0668089988840521,0.06521852319332502,0.8861127287910912,0.708087325336914,0.09608587330870533,0.5781809125625634,0.6406487270158486
483,shock_plus,0.003627351158889163,0.57582414505936,0.03428938460476465,0.9204021133958558,0.715124031991695,0.06239793743318023,0.6405788499957437,0.6548842987148099
484,shock_plus,0.004474933548961639,0.7103736782455307,0.042765208505489406,0.9631673219013451,0.7237555073706204,0.07412312822018707,0.7147019782159307,0.6714392914254456
485,shock_plus,0.0016247693384118527,0.2579241364368424,0.014263566399991542,0.9774308883013366,0.7265981510989223,0.028038890890062174,0.7427408691059929,0.6775949178540265
486,shock_plus,-0.005667537091268787,-0.8996936213838954,-0.058659497896814856,0.9187713904045217,0.7147917019014955,-0.09099641515592793,0.651744453950065,0.6574034636427362
487,shock_plus,0.002020692609515422,0.32077500725303737,0.018222799111027234,0.9369941895155489,0.7184920980410554,0.03544558467910819,0.6871900386291732,0.6653415456117889
488,shock_plus,0.0060743227469660715,0.964268842296897,0.05875910048553373,0.9957532900010826,0.7302228059306858,0.09108154136640834,0.7782715799955815,0.6853074803568999
489,shock_plus,-0.007216661650415078,-1.1456095213857147,-0.07415074348827777,0.9216025465128048,0.7153685230408059,-0.10143384241862297,0.6768377375769585,0.6630325481509698
490,shock_plus,0.009526885056162634,1.5123461176622368,0.09328472357749937,1.0148872700903042,0.733975505971477,0.10777409718573461,0.7846118347626931,0.6866732177380953
491,shock_plus,0.0038397374684042357,0.6095394264704603,0.03641324769991537,1.0513005177902195,0.7410245560836265,0.06551123686968952,0.8501230716323827,0.7005929589202382
492,shock_plus,-0.0055910809735700675,-0.8875565889654776,-0.05789493671982766,0.9934055810703918,0.7297600633373491,-0.09033472080480776,0.7597883508275749,0.6813077806992993
493,shock_plus,-0.01243085516175017,-1.9733370805112729,-0.12629267860162868,0.8671129024687632,0.7041445981508281,-0.10794869534671925,0.6518396554808557,0.6574249050052362
494,shock_plus,-0.007487540342163637,-1.1886101806157074,-0.07685953040576335,0.7902533720629998,0.6878857318886528,-0.10272557134477278,0.5491140841360829,0.633930027344847
495,shock_plus,-0.0006167345493810434,-0.09790357455622352,-0.008151472477937419,0.7821018995850624,0.686132944524561,-0.016207164703046395,0.5329069194330365,0.6301608491985765
496,shock_plus,0.00022845251321848187,0.03626571218182795,0.00030039814805783455,0.7824022977331202,0.6861976330081587,0.0006005931367367712,0.5335075125697732,0.6303008113803601
497,shock_plus,-0.0026438959664356015,-0.41970547317092255,-0.028423086648483,0.7539792110846372,0.6800451304498742,-0.05321858626699161,0.48028892630278164,0.6178160981868358
498,shock_plus,0.004422810773955741,0.7020994442270398,0.04224398075543042,0.7962231918400676,0.6891660061228034,0.0734565664058846,0.5537454927086662,0.6350041365708128
499,shock_plus,0.009609296449785,1.5254285208256189,0.09410883751372301,0.8903320293537906,0.7089586870164872,0.10791763398111165,0.6616631266897779,0.6596338877775318
500,shock_plus,-0.0017736491234642219,-0.28155806962644164,-0.019720618218769203,0.8706114111350214,0.7048729040093239,-0.03818182505981471,0.6234813016299632,0.6510099016361881
501,shock_plus,0.005248068056184315,0.8331049764123509,0.050496553577716166,0.9211079647127376,0.7152678073496095,0.08315990702468734,0.7066412086546505,0.6696585653832469
502,shock_plus,0.003471849207604417,0.5511389755702768,0.032734365091917184,0.9538423298046548,0.7218872446893742,0.060046333922456174,0.7666875425771067,0.6828039074723707
503,shock_plus,0.00265943751087376,0.42217261686531615,0.024610248124610618,0.9784525779292654,0.7268010660974187,0.046823812368289586,0.8135113549453963,0.6928572475865966
504,shock_plus,0.0047988119354569125,0.761787778187252,0.04600399237044214,1.0244565702997075,0.7358397758181634,0.0781026641121303,0.8916140190575266,0.7092231371085707
1,shock_minus,-0.007050196629008118,-1.1191840184676831,-0.07248609327420816,-0.07248609327420816,0.4818864070745638,-0.10056678780453332,-0.10056678780453332,0.47487947122761537
2,shock_minus,0.00848705376524127,1.3472780175877654,0.0828864106682857,0.01040031739407754,0.5026000559119606,0.10510160159815252,0.004534813793619197,0.5011337015055684
3,shock_minus,-0.0027834500707732213,-0.44185900044186466,-0.029818627691859195,-0.019418310297781655,0.4951455749630801,-0.05547709976218207,-0.05094228596856287,0.4872671819842783
4,shock_minus,0.014398596447750501,2.285706325747551,0.14200183749337805,0.1225835271955964,0.530607563783959,0.10542577319486401,0.05448348722630114,0.5136175033996254
5,shock_minus,-0.005796489189760757,-0.920164132402875,-0.05994901888173455,0.06263450831386184,0.5156535099132726,-0.09207946816221368,-0.03759598093591254,0.4906021116998085
6,shock_minus,-0.007359553391979993,-1.1682928821408554,-0.07557966090392693,-0.012945152590065082,0.49676375704567466,-0.10213331780823198,-0.13972929874414453,0.46512440026358276
7,shock_minus,0.004617974229346799,0.7330806823054071,0.044195615309341005,0.03125046271927592,0.5078119799307854,0.07591519406653591,-0.06381410467760862,0.48405188550906847
8,shock_minus,0.00818893087468977,1.299952475875666,0.07990518176277073,0.11115564448204665,0.527760334091941,0.10400913267628242,0.040195027998673805,0.5100474042868403
9,shock_minus,0.0026733858061945524,0.4243868401032423,0.02474973107781854,0.1359053755598652,0.5339241442783744,0.047063312193831974,0.08725834019250578,0.5218007541920562
10,shock_minus,0.006976000067456876,1.1074056794676421,0.06777587369044177,0.20368124925030698,0.5507449993568492,0.09779590338466382,0.1850542435771696,0.5461319865346932
11,shock_minus,0.005688395310673266,0.9030047610640478,0.054899826122605674,0.25858107537291264,0.5642874567662814,0.08760026713848434,0.27265451071565394,0.5677444670510978
12,shock_minus,-0.0061930027306605516,-0.9831087056443046,-0.0639141542907325,0.19466692108218014,0.5485136241124204,-0.09515568425190568,0.17749882646374826,0.5442585673325725
13,shock_minus,-0.008910993140962921,-1.4145763071354134,-0.0910940583937562,0.10357286268842394,0.5258700933697429,-0.10734677228356748,0.07015205418018078,0.5175308245817853
14,shock_minus,-0.003529994778250054,-0.5603692987563744,-0.037284074766627526,0.06628878792179642,0.5165661311788396,-0.0667543412520506,0.003397712928130181,0.5008494274148514
15,shock_minus,-0.00443799313087304,-0.7045095686701797,-0.04636405829285739,0.019924729628939028,0.5049810176217961,-0.07852779149214895,-0.07513007856401877,0.4812263102475784
16,shock_minus,0.008180764483063924,1.298656101394621,0.07982351784651226,0.09974824747545129,0.5249164060367854,0.10397696784788835,0.02884688928386958,0.5072112222638792
17,shock_minus,0.0003631630992782369,0.057650354762740524,0.0016475040086553852,0.10139575148410668,0.5253272422657964,0.003293168499514998,0.03214005778338458,0.5080343228476326
18,shock_minus,0.0037506779871984914,0.5954016721206905,0.03552265288785793,0.13691840437196462,0.5341762269549923,0.0642197374630209,0.09635979524640548,0.5240713260832569
19,shock_minus,8.406787562352384e-06,0.0013345361528961188,-0.00190005910850346,0.13501834526346115,0.5337034009128512,-0.0037977111780220785,0.0925620840683834,0.5231240133308221
20,shock_minus,-0.005975212840068489,-0.9485356323300709,-0.061736255384811874,0.07328208987864929,0.5183123280323432,-0.09351296967046419,-0.0009508856020807865,0.4997622786173917
21,shock_minus,-0.0011766082583794012,-0.18678077053300352,-0.013750209567920996,0.05953188031072829,0.514878576142213,-0.02706186720555981,-0.028012752807640595,0.4929972697206616
22,shock_minus,0.0009972104477814626,0.15830225097750675,0.007987977493687643,0.06751985780441594,0.5168735544902988,0.015885594677357284,-0.012127158130283311,0.4969682476234757
23,shock_minus,-0.012403786985791818,-1.9690401407894766,-0.12602199684204515,-0.058502139037629214,0.4853786351381753,-0.10798206212741235,-0.12010922025769566,0.47000874132286746
24,shock_minus,-0.004432094087435978,-0.7035731245557215,-0.04630506785848676,-0.10480720689611597,0.47382215654400966,-0.07845837883687135,-0.198567599094567,0.45052057089964115
25,shock_minus,-0.004042399048258702,-0.6417109549066029,-0.042408117466714,-0.14721532436282997,0.46326249396869096,-0.0736672490841519,-0.2722348481787189,0.4323585255470257
26,shock_minus,0.004287321776469393,0.68059123266298,0.04088909078056695,-0.10632623358226302,0.47344345596209086,0.071690126553132,-0.2005447216255869,0.4500311787208936
27,shock_minus,-0.011147428313061153,-1.769599384456805,-0.1134584101147385,-0.2197846436970015,0.44527395836228534,-0.10902031614746832,-0.3095650377730552,0.4232209117625889
28,shock_minus,-0.0007668281564680686,-0.12173019602019815,-0.00965240854880767,-0.22943705224580918,0.44289104185445255,-0.019148689022564058,-0.3287137267956193,0.4185536261166941
29,shock_minus,0.002107343813649146,0.33453045946956494,0.019089311152364476,-0.2103477410934447,0.4476061081776215,0.037033281145654184,-0.2916804456499651,0.42759251601484566
30,shock_minus,0.002341195197344215,0.3716532157698948,0.021427824989315166,-0.18891991610412953,0.4529099941416116,0.041251659230122195,-0.2504287864198429,0.43771796297732024
31,shock_minus,0.012765331386090659,2.0264335350554,0.1256691868767796,-0.06325072922734992,0.4841925873418469,0.10802494179224631,-0.1424038446275966,0.4644590793181564
32,shock_minus,0.004880797276251803,0.7748025475610214,0.04682384577839104,-0.01642688344895888,0.49589337148258705,0.07906563119253329,-0.0633382134350633,0.4841707381802024
33,shock_minus,-0.0036240708436427967,-0.5753034111575333,-0.03822483542055495,-0.05465171886951383,0.48634046998221925,-0.06807519054004252,-0.1314134039751058,0.46719384752999654
34,shock_minus,0.005123322019216128,0.8133021569608294,0.0492490932080343,-0.005402625661479532,0.4986493468699081,0.08180940866822684,-0.04960399530687898,0.4876015433274719
35,shock_minus,0.013906370880912578,2.2075679394194943,0.13707958182499883,0.1316769561635193,0.5328717563031411,0.10632551335118112,0.056721518044302144,0.5141765788197913
36,shock_minus,0.0021577303687429356,0.34252907712153025,0.01959317670330237,0.15127013286682167,0.5377455840598477,0.03795053616280564,0.09467205420710778,0.5236503517464501
37,shock_minus,0.004673852222022977,0.7419510386483665,0.044754395236102786,0.19602452810292445,0.5488498084485549,0.07660043072391476,0.17127248493102254,0.5427137575256336
38,shock_minus,0.00121656838738093,0.19312424435476983,0.010181556889682315,0.20620608499260676,0.5513696263408503,0.02018078708305948,0.19145327201408202,0.5477176519873698
39,shock_minus,0.008361007179721219,1.3272687424540723,0.08162594481308522,0.287832029805692,0.5714652952850819,0.10465889448724663,0.29611216650132866,0.5734918296479442
40,shock_minus,0.00365563094192385,0.5803134214417986,0.034572182435111516,0.3224042122408035,0.5799100650914283,0.06281909300745037,0.358931259508779,0.588781697526014
41,shock_minus,0.003567915978843917,0.5663891027276757,0.033695032804312186,0.3560992450451157,0.5880958443992843,0.06150624593895926,0.4204375054477383,0.6035879363344627
42,shock_minus,-0.00026978671881316366,-0.04282731390046451,-0.004681994172258621,0.3514172508728571,0.5869612163200434,-0.009343700857106452,0.41109380459063183,0.6013501236475948
43,shock_minus,0.0033847792088620232,0.537317041770652,0.03186366510449325,0.3832809159773503,0.5946641756218222,0.05870344944201489,0.4697972540326467,0.6153357680173283
44,shock_minus,-0.00200652954762937,-0.3185266908798148,-0.022049422460420687,0.3612314935169296,0.5893385111897157,-0.042355807561249126,0.4274414464713976,0.6052625442639186
45,shock_minus,0.004212816729610111,0.6687639231384476,0.040144040311974126,0.40137553382890373,0.5990181019869802,0.0706980446676615,0.4981394911390591,0.6220220052001993
46,shock_minus,-0.0005786464166101291,-0.09185727092334459,-0.0077705911502282754,0.39360494267867546,0.5971502138083579,-0.015457702072058543,0.48268178906700054,0.6183809399196335
47,shock_minus,-0.010043676402674331,-1.594384200617046,-0.10242089101087029,0.29118405166780514,0.5722859836411468,-0.10888382993737844,0.3737979591296221,0.592376379487693
48,shock_minus,-0.005277623571226904,-0.8377967689727381,-0.054760362696396024,0.2364236889714091,0.5588321363218968,-0.08746735644022796,0.28633060268939414,0.571097567339244
49,shock_minus,-0.009816308236878214,-1.5582906232520806,-0.10014720935290913,0.13627647961849998,0.5340164920451692,-0.108701823638226,0.17762877905116814,0.5442908007401622
50,shock_minus,-0.0004939554324342417,-0.0784129939782223,-0.0069236813084694,0.12935279831003058,0.5322931842720564,-0.013787309803064973,0.16384146924810317,0.5408689841793246
51,shock_minus,-0.0010598872311521224,-0.1682518818840808,-0.012582999295648208,0.11676979901438236,0.529159324546276,-0.024827726290027385,0.13901374295807578,0.5346975766906915
52,shock_minus,-0.0012919312732809448,-0.20508773160530436,-0.014903439716936433,0.10186635929744593,0.5254445909378455,-0.029251680606048547,0.10976206235202723,0.5274129991233077
53,shock_minus,0.014280105373298985,2.266896450812778,0.14081692674886287,0.2426832860463088,0.5603747966007591,0.10564998829246441,0.21541205064449165,0.5536457322357499
54,shock_minus,-0.0015695224172366591,-0.2491539595889494,-0.017679351156493574,0.2250039348898152,0.5560148619209228,-0.03444338970262706,0.1809686609418646,0.545119096153508
55,shock_minus,0.006125316307218653,0.972363819030544,0.05926903608805954,0.28427297097787474,0.5705934868946022,0.09151349530612096,0.27248215624798555,0.5677021689289773
56,shock_minus,0.0018954313437760171,0.300890397769699,0.016970186453633188,0.3012431574315079,0.574746388817936,0.03312835699025407,0.3056105132382396,0.5758134772130414
57,shock_minus,0.010777020342464626,1.7107989420267329,0.10578607644051927,0.40702923387202716,0.6003753314002553,0.10905020218445571,0.41466071542269534,0.6022049026765252
58,shock_minus,0.004009147496103839,0.6364324346440832,0.038107347976911406,0.44513658184893856,0.6094822924557242,0.06791149430876242,0.48257220973145776,0.6183550804002729
59,shock_minus,-0.0013329995683081363,-0.2116071213299871,-0.015314122667208347,0.42982245918173023,0.6058312725269104,-0.030027042390694536,0.4525451673407632,0.6112441996068622
60,shock_minus,-0.0028719603440530224,-0.45590957073622784,-0.03070373042465721,0.399118728757073,0.5984759068238206,-0.05688579424644513,0.3956593730943181,0.5976443325668478
61,shock_minus,0.001264269618860879,0.20069658009841804,0.010658569204481804,0.4097772979615548,0.6010344778753064,0.02110880820229033,0.4167681812966084,0.6027096459840243
62,shock_minus,0.0006617023188599553,0.1050419866594924,0.004632896204472569,0.41441019416602737,0.602144887731517,0.009246071946048096,0.4260142532426565,0.6049215083718176
63,shock_minus,-0.0017733785824734687,-0.2815151225755827,-0.01971791280886167,0.3946922813571657,0.5974117583430884,-0.03817691811576518,0.38783733512689134,0.5957619735301997
64,shock_minus,-0.006582848055365769,-1.0449947323813784,-0.06781260753778467,0.32687967381938104,0.5809999602925686,-0.09781938826772962,0.2900179468591617,0.5720005266141075
65,shock_minus,0.004633890605358386,0.7356073286674103,0.04435477906945687,0.37123445288883794,0.5917572320604393,0.07611122666526482,0.36612917352442653,0.5905233202141026
66,shock_minus,0.007202004602003357,1.1432827870826159,0.07003591903590659,0.4412703719247445,0.608561693280558,0.0991852438682046,0.46531441739263113,0.6142741439565823
67,shock_minus,-0.006081073140713552,-0.9653404340833529,-0.0627948583912625,0.37847551353348197,0.5935053627799041,-0.09432557072672276,0.37098884666590837,0.5916978970223098
68,shock_minus,-0.0007531552885242735,-0.1195596955228996,-0.00951567986936972,0.3689598336641122,0.5912076136843848,-0.018881564614747104,0.35210728205116126,0.5871284958797655
69,shock_minus,-0.002670627640900892,-0.42394899493673216,-0.028690403393135902,0.34026943027097634,0.5842559692845483,-0.05365470846070952,0.29845257359045174,0.5740641920587463
70,shock_minus,0.014638977854178704,2.323865691020329,0.14440565155766008,0.4846750818286364,0.6188512178855234,0.1049573572617577,0.40340993085220944,0.5995066562413305
71,shock_minus,0.00760281965934096,1.2069102048893394,0.07404406960928261,0.5587191514379191,0.6361561248737431,0.10137997869278426,0.5047899095449937,0.6235843156939774
72,shock_minus,-0.002098453224700537,-0.3331191222275498,-0.022968659231132352,0.5357504922067867,0.6308233213762864,-0.043974854176693556,0.46081505536830014,0.6132075121085458
73,shock_minus,0.00671420894032584,1.0658476263977212,0.06515796241913141,0.6009084546259181,0.6458641188148758,0.09604356261406033,0.5568586179823605,0.6357253739964889
74,shock_minus,-0.0012517081840481615,-0.1987025141409421,-0.0145012088246086,0.5864072458013095,0.6425403771205741,-0.028489969089739553,0.5283686488926209,0.6291025449176957
75,shock_minus,-0.004639654198530077,-0.736522270718837,-0.048380668969427755,0.5380265768318818,0.6313532299158023,-0.08084490484532791,0.447523744047293,0.6100503208652166
76,shock_minus,0.004571428213900214,0.7256917314218491,0.043730155154875154,0.5817567319867569,0.6414715300889842,0.07533803595927324,0.5228617800065662,0.6278167023308823
77,shock_minus,-0.007911018662913546,-1.2558352799555976,-0.08109431361326244,0.5006624183734945,0.622614989346083,-0.10446380890040885,0.4183979711061574,0.6030998349393198
78,shock_minus,0.009432674218837768,1.4973906108801112,0.09234261520425069,0.5930050335777451,0.6440543424994843,0.10759858782863496,0.5259965589347924,0.6285488898662872
79,shock_minus,-0.0007622409826808493,-0.12100200475650114,-0.009606536810935477,0.5833984967668097,0.6418490249226085,-0.019059089833735943,0.5069374691010564,0.6240882717814713
80,shock_minus,-0.003100795950185134,-0.4922360970327655,-0.032992086485978324,0.5504064102808314,0.6342298761610722,-0.0604402381001361,0.4464972310009203,0.6098060972101549
81,shock_minus,0.011360788158718878,1.803469209939453,0.11162375460306179,0.6620301648838931,0.6597162892708168,0.10907501610905612,0.5555722471099764,0.6354274260227886
82,shock_minus,0.002688447814493741,0.42677785979553295,0.02490035116081043,0.6869305160447036,0.6652837572697463,0.047321474610029224,0.6028937217200057,0.6463180647659993
83,shock_minus,-0.017471010457820752,-2.773436929464146,-0.1766942315623345,0.5102362844823691,0.6248618634332362,-0.09755205406994705,0.5053416676500586,0.6237138193388979
84,shock_minus,-0.0036516739943901447,-0.5796852754942917,-0.03850086692802843,0.4717354175543407,0.6157944241174353,-0.06845836984641895,0.43688329780363966,0.6075161329418064
85,shock_minus,-0.00806361104361825,-1.2800585694340738,-0.0826202374203095,0.3891151801340312,0.5960696787934565,-0.10501041472091233,0.33187288308272733,0.5822150082442273
86,shock_minus,0.0018294901952561437,0.2904225649607254,0.016310774968434454,0.40542595510246565,0.5999906032418424,0.03189845880474507,0.3637713418874724,0.5899530620380193
87,shock_minus,-0.007186196756831648,-1.1407733694573265,-0.07384609455244345,0.3315798605500222,0.5821437315238709,-0.10127940170502292,0.2624919401824495,0.5652487669276339
88,shock_minus,-0.0011643143968457373,-0.18482918051675926,-0.013627270952584357,0.31795258959743783,0.5788252016681876,-0.026827371574692283,0.2356645686077572,0.5586449753640229
89,shock_minus,-0.0019046852645947148,-0.30235941215801243,-0.021030979630074133,0.2969216099673637,0.5736898068826334,-0.040542887224727986,0.1951216813830292,0.548626241390136
90,shock_minus,0.008820802382044649,1.4002589680161777,0.08622389683631951,0.3831455068036832,0.5946315363531324,0.1061436481293141,0.3012653295123433,0.5747518079532461
91,shock_minus,-0.005567364149521128,-0.8837916598661715,-0.05765776847933826,0.32548773832434497,0.58066107074467,-0.09012648337220819,0.21113884614013512,0.5525894882883512
92,shock_minus,-0.005219989352203713,-0.8286476203401706,-0.05418402050616411,0.27130371781818086,0.5674129377504656,-0.08691277447938028,0.12422607166075483,0.5310166404688695
93,shock_minus,0.004834071617559629,0.7673850791963109,0.04635658919146931,0.31766030700965014,0.57875394545232,0.07851900790982147,0.2027450795705763,0.5505133566378085
94,shock_minus,0.007498629236836637,1.1903704880728683,0.0730021653842394,0.3906624723938895,0.596442165861534,0.10084168452794451,0.3035867640985208,0.5753190961143951
95,shock_minus,-0.0003885575505489093,-0.06168159892732936,-0.005869702489616077,0.3847927699042734,0.5950285387012004,-0.011701684574507265,0.29188507952401355,0.5724575688479582
96,shock_minus,0.005174778214409329,0.8214705747145179,0.04976365515996631,0.43455642506423975,0.606961174164435,0.08237146202877477,0.3742565415527883,0.5924871071356986
97,shock_minus,0.005183241151242545,0.8228140242878341,0.04984828452829847,0.48440470959253823,0.6187874419508078,0.08246323080526885,0.45671977235805716,0.6122357270829077
98,shock_minus,0.0032580094583498057,0.5171929677533901,0.03059596759937107,0.5150006771919093,0.6259780163172471,0.05671528094539391,0.5134350533034511,0.6256113852800748
99,shock_minus,-0.0027099176271011276,-0.43018608688679116,-0.02908330325513826,0.4859173739367711,0.6191441994804501,-0.0542927187707507,0.45914233453270037,0.6128106943401469
100,shock_minus,0.005389966254322765,0.8556306170381013,0.05191553555910066,0.5378329094958717,0.6313081534077479,0.08464618108877886,0.5437885156214792,0.6326932820919694
101,shock_minus,0.008150674268347147,1.2938794278923933,0.07952261569934449,0.6173555251952162,0.6496168653984102,0.10385739900940827,0.6476459146308875,0.6564797790114549
102,shock_minus,-0.013402116224770041,-2.1275199943635217,-0.1360052892318274,0.4813502359633888,0.6180666625981643,-0.10651011904665886,0.5411357955842286,0.6320765931578618
103,shock_minus,-0.003600065756491404,-0.5714927217093522,-0.03798478454904102,0.44336545141434774,0.6090606576280632,-0.06774034212606139,0.47339545345816725,0.6161870991818955
104,shock_minus,0.004535554644576695,0.719996978837633,0.043371419461639964,0.4867368708759877,0.6193374218006382,0.07488927068614082,0.5482847241443081,0.6337375424167985
105,shock_minus,-0.0032418763696150416,-0.5146319193130987,-0.0344028906802774,0.4523339801957103,0.611194015140136,-0.06256721819592648,0.4857175059483816,0.6190970685552799
106,shock_minus,-0.011422714875315172,-1.813299771436927,-0.11621127573727869,0.3361227044584316,0.5832483751255534,-0.10888742827361497,0.3768300776747666,0.5931083292801826
107,shock_minus,-0.0004498584254684694,-0.07141281113859932,-0.006482711238811677,0.32963999321961995,0.5816717790691173,-0.012915577607315765,0.36391450006745085,0.5899876927649433
108,shock_minus,0.0004694077901188448,0.07451617656785195,0.002709950917061464,0.3323499441366814,0.5823310443519975,0.00541477243022781,0.36932927249767866,0.5912968970848937
109,shock_minus,0.005911974822718193,0.9384969082912505,0.05713562124305494,0.38948556537973633,0.5961588535034201,0.08966303624651761,0.4589923087441963,0.6127750965567171
110,shock_minus,-0.002468824153751048,-0.3919136844944858,-0.026672368521637464,0.3628131968580989,0.5897212587013668,-0.050322151479124555,0.4086701572650717,0.6007689646824416
111,shock_minus,0.005232532590463784,0.8306387976844652,0.05034119892051085,0.41315439577860974,0.6018440020491197,0.0829939634534298,0.4916641207185015,0.6204983782283107
112,shock_minus,-0.00036900577418951127,-0.05857785065113823,-0.005674184726022097,0.40748021105258764,0.6004835271073526,-0.011314042711475736,0.4803500780070258,0.6178305371845009
113,shock_minus,-0.006583822951264673,-1.045149492307539,-0.0678223564967737,0.33965785455581393,0.5841074093230654,-0.0978256159604316,0.3825244620465942,0.5944818279053338
114,shock_minus,-0.0015110140198434365,-0.23986603944226498,-0.01709426718256135,0.3225635873732526,0.5799488906711936,-0.0333590254612266,0.3491654365853676,0.5864151848444129
115,shock_minus,0.0008624184303680066,0.1369046815699452,0.006640057319553083,0.32920364469280566,0.5815655987217427,0.013226775659031409,0.362392212244399,0.5896193975878591
116,shock_minus,0.002514345566147604,0.3991399846862678,0.023159328677349055,0.3523629733701547,0.5871904762797427,0.04430857817345335,0.40670079041785234,0.6002965270752681
117,shock_minus,-0.0076132677340905765,-1.2085687853373532,-0.07811680432503273,0.274246169045122,0.5681350348196622,-0.10327657726787898,0.30342421314997337,0.5752793800371375
118,shock_minus,0.002619267846238484,0.4157958802928878,0.02420855147825786,0.29845472052337985,0.5740647170148845,0.04613180090334246,0.3495560140533158,0.5865099093429538
119,shock_minus,0.006644607321508925,1.054798711943497,0.06446194623096227,0.3629166667543421,0.5897462930202415,0.09555117377096556,0.4451071878242814,0.6094752962547705
120,shock_minus,0.0010258256288292653,0.1628447701439212,0.008274129304165668,0.37119079605850774,0.5917466853744751,0.016448271054294583,0.46155545887857596,0.6133831092921164
121,shock_minus,-0.0009170045862651981,-0.14556996518180343,-0.011154172846778965,0.3600366232117288,0.5890492994765798,-0.02207049119290394,0.439484967685672,0.6081363020155315
122,shock_minus,0.006203600875394832,0.9847911089638391,0.06005188176982133,0.42008850498155015,0.6035044281354908,0.09216409113896029,0.5316490588246323,0.6298676465623185
123,shock_minus,0.001167850313236643,0.18539048984238246,0.009694376148239446,0.4297828811297896,0.6058218212587415,0.019230644982042966,0.5508797038066753,0.634339664923924
124,shock_minus,-0.0014578378437131523,-0.2314245831794189,-0.016562505421258505,0.4132203757085311,0.6018598125682743,-0.03236876788778864,0.5185109359188866,0.626799507456599
125,shock_minus,0.0034989300889240065,0.5554379322056421,0.03300517390511308,0.4462255496136442,0.6097414507006306,0.06046019718894424,0.5789711331078309,0.6408306297316673
126,shock_minus,0.006749021730575242,1.0713739855243716,0.06550609032162544,0.5117316399352696,0.6252123234790875,0.09628562375961836,0.6752567568674492,0.6626792338334089
127,shock_minus,0.005215195798300214,0.8278866672486801,0.05016783099887515,0.5618994709341447,0.636891927188251,0.08280802627567119,0.7580647831431204,0.6809334298858964
128,shock_minus,-0.005510447097964141,-0.8747563580394417,-0.057088597963768396,0.5048108729703763,0.6235892363614369,-0.08962096145522458,0.6684438216878958,0.6611546173167852
129,shock_minus,-0.003908940273977096,-0.6205250312848849,-0.04107352972389794,0.46373734324647836,0.6139004024911365,-0.07193345156960484,0.596510370118291,0.6448575287065191
130,shock_minus,0.0049328472432864775,0.783065223672393,0.047344345448737786,0.5110816886952162,0.6250600132965468,0.07966768694469462,0.6761780570629856,0.662885146226779
131,shock_minus,-0.010435293592553284,-1.6565515022305064,-0.10633706290965983,0.40474462578555637,0.5998270717908829,-0.10906634578681551,0.5671117112761701,0.6380964508474749
132,shock_minus,-0.0023279079774406485,-0.3695439350010789,-0.02526320675853347,0.3794814190270229,0.5937480214228569,-0.047941433164857106,0.519170278111313,0.6269537291258747
133,shock_minus,-0.0025051750252670524,-0.3976842064527944,-0.02703587723679751,0.3524455417902254,0.5872104905407409,-0.05092921624160329,0.4682410618697097,0.6149673549227586
134,shock_minus,-0.00389749247854299,-0.6187077500981698,-0.04095905176955688,0.3114864900206685,0.5772480549540613,-0.0717825301156163,0.3964585317540934,0.5978364877162032
135,shock_minus,0.002925173743394319,0.46435693600063416,0.027267610449816206,0.3387541004704847,0.5838878473345241,0.05131467722209937,0.44777320897619277,0.6101096641799452
136,shock_minus,-0.014163708850282277,-2.248419075610289,-0.14362121548694975,0.19513288498353495,0.5486290157977104,-0.10511214084176324,0.34266106813442954,0.5848367830332323
137,shock_minus,0.004642959493217567,0.7370469699840099,0.044445467948048684,0.23957835293158364,0.5596097383606969,0.07622262047197292,0.41888368860640246,0.6032160955190025
138,shock_minus,0.009829500287783193,1.5603847964107291,0.09631087589370493,0.3358892288252886,0.5831916231687714,0.10825682510802315,0.5271405137144256,0.6288159356184082
139,shock_minus,-0.00438201453588915,-0.6956232422059687,-0.04580427234301848,0.2900849564822701,0.5720169315577615,-0.07786536428745183,0.4492751494269738,0.6104668804162134
140,shock_minus,-0.003439504478383874,-0.5460044089857999,-0.03637917176796572,0.2537057847143044,0.5630884096483009,-0.06546219592076552,0.38381295350620825,0.5947924107912838
141,shock_minus,-0.009161621558274461,-1.4543623349569366,-0.09360034256687161,0.16010544214743277,0.5399410769919438,-0.10783015970918353,0.27598279379702473,0.5685610784117875
142,shock_minus,-0.01394261006970544,-2.213320732295132,-0.1414102276811814,0.018695214466251386,0.5046736674924888,-0.10553829324656405,0.17044450055046068,0.5425082648033015
143,shock_minus,-0.00612623029337476,-0.972508909834793,-0.06324642991787457,-0.04455121545162319,0.4888640379743065,-0.09466404888125268,0.075780451669208,0.5189360518156418
144,shock_minus,0.008213506806539069,1.3038537841103208,0.0801509410812637,0.035599725629640505,0.508898991589583,0.10410519634551463,0.17988564801472262,0.5448505345498061
145,shock_minus,-0.004234537523874439,-0.6722119923325801,-0.044329502222871374,-0.008729776593230869,0.49781756971174373,-0.07608013981983808,0.10380550819488454,0.5259280986962536
146,shock_minus,-0.00865633494281471,-1.374150571437975,-0.08854747641227409,-0.09727725300550497,0.47569984614794164,-0.10676276924071582,-0.002957261045831272,0.4992606852773419
147,shock_minus,-0.005483025857167651,-0.8704033710121418,-0.056814385555803495,-0.15409163856130847,0.4615531345491136,-0.08937449095898731,-0.09233175200481858,0.4769334468277001
148,shock_minus,-0.002447717949784692,-0.3885631784855509,-0.026461306481973906,-0.18055294504328237,0.4549839884666771,-0.049968332046701036,-0.14230008405151962,0.4644848884914277
149,shock_minus,0.01329467321099848,2.1104639446904714,0.13096260512585783,-0.049590339917424536,0.48760495507628304,0.10731246374194736,-0.034987620309572254,0.491253987095075
150,shock_minus,-0.002418071349107769,-0.38385692652897624,-0.026164840475204676,-0.07575518039262921,0.4810702569448973,-0.04946968865935708,-0.08445730896892933,0.4788982145848999
151,shock_minus,0.005330775371012839,0.8462343556108829,0.0513236267260014,-0.02443155366662781,0.49389241538217354,0.08403264093286378,-0.00042466803606555636,0.4998938329925792
152,shock_minus,0.0003674733048319153,0.05833457868241667,0.0016906060641921688,-0.02274094760243564,0.49431500809707357,0.003379283684262324,0.002954615648196768,0.5007386533746941
153,shock_minus,-0.0076851882051863895,-1.2199858061790012,-0.07883600903599089,-0.10157695663842653,0.47462757289064533,-0.10357831910975435,-0.10062370346155758,0.47486527824976676
154,shock_minus,-0.003351116565210143,-0.5319732627561002,-0.035495292636228415,-0.13707224927465494,0.465785491713763,-0.06417973961392942,-0.164803443075487,0.4588921385334312
155,shock_minus,-0.0006578617094121481,-0.10443230881058302,-0.008562744078248464,-0.14563499335290342,0.4636554665695446,-0.01701511250004173,-0.18181855557552873,0.4546701684401358
156,shock_minus,0.005391092728243955,0.8558094392293335,0.051926800298312564,-0.09370819305459085,0.47659007987859553,0.0846577683411498,-0.09716078723437893,0.47572889390015544
157,shock_minus,0.002640632748931733,0.4191874534515736,0.024422200505190346,-0.06928599254940052,0.48268542792914904,0.04650027812755031,-0.05066050910682862,0.48733758076884737
158,shock_minus,0.00014476199045003425,0.022980253561529874,-0.0005365070796266415,-0.06982249962902716,0.4825514632487272,-0.001072633529109135,-0.05173314263593776,0.48706959803473454
159,shock_minus,-0.0061989874753978,-0.9840587544184023,-0.06397400173810497,-0.13379650136713211,0.4666006846297508,-0.09519923520361684,-0.1469323778395546,0.4633328494531918
160,shock_minus,0.006376428982119399,1.0122267203611592,0.061780162837067006,-0.07201633853006512,0.48200369262883136,0.09354720958505891,-0.053385168254495685,0.4866568767511578
161,shock_minus,0.002608689070434829,0.41411655169576905,0.024102763720221305,-0.04791357480984381,0.48802389734874857,0.04594899923981721,-0.007436169014678473,0.4981409663128442
162,shock_minus,0.003550056162885541,0.563553944838441,0.03351643464472843,-0.014397140165115382,0.49640077712837644,0.06123657085029399,0.05380040183561552,0.5134468571401468
163,shock_minus,0.01134263604703812,1.8005876515427754,0.1114422334862542,0.09704509332113882,0.5242422506942732,0.10907888777686203,0.16287928961247755,0.5406300369961615
164,shock_minus,0.013514692483182605,2.145390921360909,0.13316279784769908,0.23020789116883789,0.5572991454549194,0.10697599980843897,0.2698552894209165,0.567057378384395
165,shock_minus,-0.0005712736576560116,-0.09068688172320341,-0.0076968635606871,0.22251102760815078,0.5553993713795646,-0.015312497251194213,0.2545427921697223,0.5632943192139085
166,shock_minus,-0.010772636024264837,-1.71010295308922,-0.10971048722677534,0.11280054038137544,0.5281702716391813,-0.10910138083313914,0.14544141133658317,0.5362963932951749
167,shock_minus,-0.008098579074566879,-1.2856095722577348,-0.08296991772979578,0.029830622651579652,0.5074571026858882,-0.10512995835710326,0.04031145297947991,0.5100764987448345
168,shock_minus,-0.0019259922050545975,-0.305741784097403,-0.02124404903467296,0.008586573616906693,0.5021466302151238,-0.040923802255412145,-0.0006123492759322335,0.4998469126858005
169,shock_minus,-0.011476558882154753,-1.8218472425382548,-0.11674971580567453,-0.10816314218876784,0.4729855467567758,-0.10885465013745677,-0.109466999413389,0.4726605454739978
170,shock_minus,-0.005181645083155981,-0.8225606563338795,-0.05380057781568679,-0.16196372000445464,0.4595973524265384,-0.08653905171333998,-0.19600605112672898,0.45115476670794513
171,shock_minus,-0.0043229331788610095,-0.686244367536968,-0.045213458772737074,-0.20717717877719172,0.4483901747738109,-0.07715714860421552,-0.2731631997309445,0.43213069953265637
172,shock_minus,0.0034005816512189765,0.5398256017256878,0.03202168952806278,-0.17515548924912894,0.4563227368160908,0.05894855157482226,-0.21421464815612223,0.44665019139757983
173,shock_minus,0.003289698288186943,0.5222234135386526,0.030912855897742446,-0.14424263335138648,0.4640017348334866,0.05721589967369556,-0.15699874848242668,0.4608307354974653
174,shock_minus,0.0003278479017148389,0.052044240947508605,0.001294352033021405,-0.14294828131836507,0.4643236604781745,0.002587484442381882,-0.1544112640400448,0.4614737016142904
175,shock_minus,-0.001728204158633808,-0.2743439051095605,-0.019266168570465064,-0.16221444988883013,0.4595350798715281,-0.03735574614940962,-0.1917670101894544,0.45220462900670994
176,shock_minus,0.013149698305731414,2.087449891949563,0.12951285607318716,-0.03270159381564297,0.4918253300285192,0.10752177543374142,-0.084245234755713,0.4789511389413101
177,shock_minus,-0.003808664720762913,-0.6046067807018358,-0.040070774191756114,-0.07277236800739909,0.4818149326897658,-0.07059969447067993,-0.15484492922639292,0.4613659307986587
178,shock_minus,0.011125248947100316,1.7660785192626371,0.10926836248687619,0.0364959944794771,0.509122986023124,0.10910284105054302,-0.045742088175849904,0.48856647145430904
179,shock_minus,-0.007840406064812932,-1.244625877515455,-0.0803881876322563,-0.0438921931527792,0.4890287130264578,-0.10419689222134387,-0.14993898039719378,0.46258532410353753
180,shock_minus,-0.00213423935405885,-0.33879999414761086,-0.023326520524715483,-0.06721871367749468,0.4832016461821812,-0.0446006079242629,-0.19453958832145668,0.45151790958572807
181,shock_minus,-0.0024728957225265023,-0.3925600260000307,-0.026713084209392005,-0.09393179788688669,0.476534301503625,-0.05039029307170151,-0.2449298813931582,0.4390718189558847
182,shock_minus,0.004794548394378737,0.7611109620234103,0.04596135695966039,-0.0479704409272263,0.48800968898522173,0.07805209569171456,-0.16687778570144363,0.4583771023205821
183,shock_minus,-0.009321572782397435,-1.4797538046127212,-0.09519985480810134,-0.14317029573532764,0.46426843989176103,-0.10809363272804795,-0.2749714184294916,0.43168702852015667
184,shock_minus,0.012072579678646925,1.9164626107627103,0.11874166980234227,-0.024428625932985365,0.4938931472063852,0.10871505897984513,-0.16625635944964645,0.45853138626959616
185,shock_minus,-0.003086133323461687,-0.48990847720013286,-0.03284546021874385,-0.057274086151729214,0.48568539129071386,-0.060216334384857406,-0.22647269383450386,0.44362258670920296
186,shock_minus,0.005166816987959742,0.8202067691955173,0.04968404289547044,-0.007590043256258776,0.49810249829531944,0.08228496055656631,-0.14418773327793755,0.4640153887351918
187,shock_minus,0.007086272057145417,1.1249108151451717,0.06887859358732717,0.0612885503310684,0.5153173431889168,0.0984878285562445,-0.04569990472169305,0.4885770118084742
188,shock_minus,-0.00021167633978524893,-0.03360257721049057,-0.0041008903819794735,0.05718765994908893,0.5142930198413529,-0.00818751222745595,-0.053887416949149,0.48653140484081453
189,shock_minus,-0.007793626840986017,-1.2371999059492162,-0.07992039539398715,-0.022732735444898226,0.494317060871144,-0.10401511139535424,-0.15790252834450325,0.46060618510373913
190,shock_minus,-0.011260257096532644,-1.7875103985645362,-0.11458669794945342,-0.13731943339435165,0.46572398556611005,-0.1089730178841295,-0.26687554622863274,0.43367430408516805
191,shock_minus,0.005785979779086527,0.9184958151786834,0.05587567080673829,-0.08144376258761336,0.4796503065494437,0.08851628520301169,-0.17835926102562105,0.45552801760441497
192,shock_minus,-0.0035055832289804527,-0.5564940854472644,-0.03703995927393151,-0.11848372186154488,0.4704136734773474,-0.06640784311952741,-0.24476710414514846,0.43911190939666506
193,shock_minus,-0.004789441008896729,-0.7603001897133022,-0.04987853707309427,-0.16836225893463913,0.4580085786491548,-0.08249598949699477,-0.32726309364214323,0.418906703266624
194,shock_minus,0.0059957190115106215,0.9517908861287471,0.057973063130979226,-0.11038919580365991,0.472430691479673,0.09040300753506392,-0.23686008610707932,0.44106027762468564
195,shock_minus,-0.005146718226358853,-0.8170161897041377,-0.05345130924771552,-0.16384050505137543,0.4591312552593942,-0.08619531911787082,-0.32305540522495013,0.41993130319280786
196,shock_minus,-0.002616878793064442,-0.41541662985884226,-0.028152914914771402,-0.19199341996614683,0.4521485443796123,-0.05277613801980441,-0.37583154324475454,0.407132670257755
197,shock_minus,-0.0016839033644067965,-0.2673113720451214,-0.018823160628194946,-0.21081658059434177,0.4474901881726613,-0.036546984171293095,-0.41237852741604764,0.3983419322618505
198,shock_minus,0.004761351949629218,0.7558411897902869,0.0456293925121652,-0.16518718808217658,0.4587968522599703,0.07765670441928108,-0.33472182299676656,0.41709217638213053
199,shock_minus,0.0002720651113394789,0.04318899750128161,0.0007365241292678053,-0.16445066395290878,0.4589797384375269,0.0014724942545987219,-0.33324932874216784,0.41745022209738536
200,shock_minus,-0.012088580485936652,-1.9190026601746033,-0.12286993184349349,-0.28732059579640223,0.42865995575140997,-0.10833973807213138,-0.4415890668142992,0.3913623916478457
201,shock_minus,0.006041783950365541,0.9591034684709179,0.05843371251952842,-0.22888688327687381,0.44302679401925166,0.09080252929950205,-0.35078653751479716,0.413191700787464
202,shock_minus,-0.0009919978112466754,-0.15747477058074574,-0.011904105096593738,-0.24079098837346755,0.44009143329909045,-0.023520578191833952,-0.3743071157066311,0.4075006819874429
203,shock_minus,0.007746151209756879,1.2296633831351298,0.07547738511344182,-0.16531360326002573,0.45876546324401546,0.10208460403175712,-0.272222511674874,0.43236155323145536
204,shock_minus,0.00464331080264073,0.7371027386260254,0.044448981042280324,-0.12086462221774541,0.46982057457043536,0.07622693121521351,-0.19599558045966048,0.4511573593945259
205,shock_minus,0.00029931784688688636,0.0475152351495606,0.0010090514847418798,-0.11985557073300353,0.4700719260328072,0.002017263429495264,-0.19397831703016521,0.4516569119118605
206,shock_minus,-0.001080682179167989,-0.17155297754267074,-0.012790948775806874,-0.1326465195088104,0.46688690823506784,-0.025227008649328475,-0.2192053256794937,0.44541705737694914
207,shock_minus,0.011460318787031624,1.8192692073604249,0.11261906088618925,-0.020027458622621147,0.49499330269170755,0.10904881844472847,-0.11015650723476522,0.4724886871348311
208,shock_minus,0.0008657175371775947,0.13742839853995378,0.006673048387648962,-0.013354410234972185,0.4966614470576463,0.01329200456986901,-0.09686450266489621,0.4758027910361241
209,shock_minus,-0.0009335980550429383,-0.14820409668823237,-0.011320107534556367,-0.024674517769528552,0.4938316835100589,-0.02239188547883142,-0.11925638814372763,0.47022118767065646
210,shock_minus,-0.0021591747511205514,-0.34275836571568563,-0.0235758744953325,-0.04825039226486105,0.4879397416339826,-0.045035096650938744,-0.16429148479466638,0.45901926564040146
211,shock_minus,-0.0036992054307196025,-0.5872306570934185,-0.038976181291323006,-0.08722657355618406,0.4782071723746921,-0.06911351829236634,-0.23340500308703271,0.4419122184414356
212,shock_minus,0.004157039066906874,0.659909493684935,0.03958626368494175,-0.047640309871242306,0.48809217461284166,0.06994574102029993,-0.16345926206673278,0.45922593070680573
213,shock_minus,-0.014821273946116586,-2.352804298475125,-0.15019686644529284,-0.19783717631653513,0.4507013948900508,-0.10376271894751898,-0.26722198101425176,0.43358922134515654
214,shock_minus,-0.003054124249266992,-0.48482719419913817,-0.032525369476796906,-0.23036254579333204,0.44266269898798827,-0.0597256981156733,-0.32694767912992506,0.4189834846533991
215,shock_minus,0.005725663823433712,0.9089209540538904,0.055272511250210134,-0.17509003454312191,0.45633897567085174,0.08795298684503483,-0.23899469228489023,0.44053410786799163
216,shock_minus,0.0056032976867642316,0.8894959320624992,0.05404884988351533,-0.12104118465960659,0.46977659500710117,0.08678146480528537,-0.15221322747960486,0.46201999430354657
217,shock_minus,-0.0019164590180955642,-0.30422843758367385,-0.021148717165082626,-0.1421899018246892,0.46451229517996073,-0.040753478249959674,-0.19296670572956454,0.4519074627782828
218,shock_minus,0.008698645042966278,1.380867091614812,0.0850023234455358,-0.05718757837915342,0.4857070005344671,0.10578366419302032,-0.08718304153654421,0.4782180347153593
219,shock_minus,0.010255629018474134,1.6280306352852,0.10057216320061435,0.04338458482146093,0.5108444452874172,0.10874029894822712,0.021557257411682906,0.5053891056545284
220,shock_minus,-0.005385453996080952,-0.8549143182485531,-0.055838666944936506,-0.012454082123475575,0.49688651971183956,-0.08848199488068031,-0.06692473746899741,0.4832750576407203
221,shock_minus,-0.004301847124943386,-0.6828970602491041,-0.045002598233560835,-0.05745668035703641,0.4856397802737479,-0.07690213124972534,-0.14382686871872274,0.46410513875875653
222,shock_minus,-0.003804006092067978,-0.6038672463231926,-0.04002418790480676,-0.09748086826184317,0.4756490628195977,-0.07053708483209609,-0.21436395355081883,0.44661329029623137
223,shock_minus,-0.0008645096196694988,-0.13723664758011164,-0.010629223180821972,-0.10811009144266515,0.4729987707468404,-0.02105178318642853,-0.23541573673724736,0.4414163777077831
224,shock_minus,-0.0068777518027251135,-1.0918092509542092,-0.0707616450113781,-0.17887173645404325,0.45540091519883413,-0.09960776217599121,-0.33502349891323857,0.4170188328699091
225,shock_minus,0.0026506111951311285,0.4207714826784399,0.0245219849671843,-0.15434975148685895,0.4614889884872238,0.046672048614842865,-0.2883514502983957,0.42840750714651693
226,shock_minus,0.0032014625827145276,0.5082164295324715,0.03003049884301829,-0.12431925264384067,0.46896015399552976,0.05581599896337086,-0.23253545133502485,0.44212668316546394
227,shock_minus,-0.004564664079830932,-0.7246179584269279,-0.0476307677824363,-0.17195002042627697,0.4571180996129069,-0.0799959089420923,-0.31253136027711714,0.42249698309864137
228,shock_minus,-0.009128225911185452,-1.4490609403327606,-0.09326638609598151,-0.2652164065222585,0.4340818350463861,-0.10777079805219447,-0.4203021583293116,0.396444448562226
229,shock_minus,0.0007151189595797599,0.11352161549251774,0.005167062611670614,-0.26004934391058787,0.43535157840948074,0.01030761014799042,-0.4099945481813212,0.3989134283961978
230,shock_minus,-0.0018365099821428589,-0.29153692158226063,-0.020349226805555575,-0.28039857071614344,0.4303560638494431,-0.03931839683833127,-0.44931294501965247,0.3895241319401776
231,shock_minus,0.005347374277010136,0.8488693502491582,0.051489615785974385,-0.22890895493016905,0.4430213477561758,0.08420562442869506,-0.3651073205909574,0.40972379231130324
232,shock_minus,-0.0025490508691091212,-0.4046492807349475,-0.027474635675218195,-0.25638359060538723,0.4362529086114818,-0.05165802125501928,-0.4167653418459767,0.3972910339246966
233,shock_minus,-0.007822965806009125,-1.2418573222597262,-0.08021378504421822,-0.33659737564960546,0.41663625124781845,-0.10412958486061985,-0.5208949267065965,0.3726429937144603
234,shock_minus,0.0023763706466903827,0.37723714524338936,0.021779579482776843,-0.3148177961668286,0.42193920718503364,0.04187739604999319,-0.47901753065660335,0.3824841478820334
235,shock_minus,-0.006546611000000646,-1.0392422781768949,-0.06745023698413344,-0.382268033150962,0.4055799917224752,-0.09758639437529948,-0.5766039250319028,0.3597144042656399
236,shock_minus,0.007921374751399772,1.2574792580369936,0.07722962052987073,-0.3050384126210913,0.4243262657453181,0.10289090299415449,-0.47371302203774834,0.383737798443547
237,shock_minus,-0.0026910671540436235,-0.42719366705842643,-0.02889479852456322,-0.33393321114565455,0.41728392118467506,-0.053987062154076115,-0.5277000841918245,0.37105346643740583
238,shock_minus,0.006419290979546255,1.0190308515143762,0.062208782811335565,-0.271724428334319,0.4324837994713904,0.09387901474972349,-0.43382106944210097,0.39321426555456157
239,shock_minus,-0.009008180378901604,-1.4300043028671143,-0.09206593077314301,-0.363790359107462,0.4100423375437036,-0.10754469157691737,-0.5413657610190183,0.36786992867709395
240,shock_minus,0.00020995210859255472,0.03332886399417162,0.0001153941017985635,-0.36367496500566343,0.41007025254585544,0.00023071165211785427,-0.5411350493669005,0.3679235803793032
241,shock_minus,-0.013205815501676866,-2.0963582206343196,-0.13404228200089563,-0.49771724700655906,0.37807727399760543,-0.1068354787450021,-0.6479705281119026,0.34344701979735065
242,shock_minus,4.413832110909048e-05,0.0070067412565539625,-0.0015427437730360792,-0.49925999077959515,0.3777145894649379,-0.003083851486907818,-0.6510543795988104,0.3427519746437616
243,shock_minus,-0.002330965981888558,-0.37002937815771675,-0.02529378680301256,-0.5245537775826077,0.3717880262025046,-0.04799355269093386,-0.6990479322897443,0.33202334728924243
244,shock_minus,0.001745624615217824,0.2771093168603508,0.015472119168051256,-0.5090816584145564,0.37540883089898897,0.030324690867316484,-0.6687232414224278,0.33878278732567074
245,shock_minus,-0.0010328630342236948,-0.1639619236168495,-0.012312757326363931,-0.5213944157409204,0.37252623050177547,-0.02430805436343153,-0.6930312957858593,0.333359086002714
246,shock_minus,-0.008861434164762367,-1.4067090635599553,-0.09059846863175064,-0.611992884372671,0.35160472819320976,-0.10724062037325188,-0.8002719161591112,0.30996735637417927
247,shock_minus,0.002768677050299758,0.43951385614470173,0.025702643518870597,-0.5862902408538003,0.35748649728614385,0.048688466346154424,-0.7515834498129568,0.32047637297265574
248,shock_minus,0.005952553551407693,0.9449385817691454,0.05754140852994995,-0.5287488323238504,0.37080875027426585,0.09002380001142463,-0.6615596498015321,0.3403893449289966
249,shock_minus,-0.013071218125397882,-2.0749915495489613,-0.1326963082381058,-0.6614451405619561,0.34041505552163004,-0.10704916453363644,-0.7686088143351686,0.31678012446506937
250,shock_minus,-0.00010523034548321018,-0.01670479947155899,-0.0030364304389590858,-0.6644815710009152,0.3397336084937005,-0.006066158869410865,-0.7746749732045795,0.31546868441577014
251,shock_minus,0.005819736976075117,0.9238546040701091,0.05621324277662419,-0.608268328224291,0.3524543167867534,0.08882748866579582,-0.6858474845387836,0.3349574567273612
252,shock_minus,-0.054165974673473984,-8.598581910446113,-0.5436438737188668,-1.1519122019431578,0.24013998489845967,-0.042100518200896886,-0.7279480027396805,0.3256451855131348
253,shock_minus,-0.008418216475252031,-1.336350436573416,-0.0861662917366473,-1.238078493679805,0.22477062880779017,-0.10612721567189176,-0.8340752184115723,0.30278407682161396
254,shock_minus,-0.0012714673406490598,-0.20183918300988352,-0.014698800390617581,-1.2527772940704227,0.22221974620675708,-0.02886443346207712,-0.8629396518736494,0.2967255342521042
255,shock_minus,-0.0015579782598341084,-0.2473213814139733,-0.01756390958246807,-1.2703412036528907,0.21919884924411878,-0.03422987401365818,-0.8971695258873076,0.2896325077974289
256,shock_minus,0.007865602155268641,1.2486256328768686,0.07667189456855941,-1.1936693090843313,0.23260332517809482,0.10264073920229677,-0.7945287866850108,0.311197079238918
257,shock_minus,-0.004633262427278069,-0.7355076084886355,-0.048316751256907674,-1.241986060341239,0.2240904723906651,-0.08077312398587111,-0.8753019106708819,0.29415228354590356
258,shock_minus,-0.002764694241163113,-0.4388816047950018,-0.029631069395758117,-1.2716171297369971,0.2189805518256967,-0.055176206382580695,-0.9304781170534626,0.28282772499038994
259,shock_minus,0.00448939753903461,0.7126697654874581,0.04290984840621912,-1.228707281330778,0.22640776181701364,0.0743068164098315,-0.8561713006436311,0.29813989086468784
260,shock_minus,0.004467138212936581,0.7091362070150216,0.04268725514523883,-1.1860200261855391,0.23397150646315787,0.07402389887492133,-0.7821474017687098,0.31385725645719786
261,shock_minus,0.00023528175633482265,0.0373498209175462,0.00036869057922124266,-1.1856513356063179,0.23403759292937895,0.0007371289857700525,-0.7814102727829397,0.31401601960913494
262,shock_minus,-0.005109582151798462,-0.8111210206267808,-0.053079948502111604,-1.2387312841084295,0.22465690130049815,-0.08582636701218482,-0.8672366397951246,0.2958296249239215
263,shock_minus,0.002473232984039992,0.39261356460551994,0.022748202856272937,-1.2159830812521566,0.22864412609556967,0.04358808836810746,-0.8236485514270171,0.30498972302566013
264,shock_minus,0.0037569798091079414,0.5964020553354319,0.03558567110695243,-1.1803974101452042,0.23498074835840543,0.0643117908976163,-0.7593367605294008,0.31879027999527826
265,shock_minus,-0.007366431081512282,-1.1693846815066842,-0.07564843779924979,-1.256045847944454,0.2216553284252146,-0.10216595993803246,-0.8615027204674333,0.2970254799273428
266,shock_minus,-0.0031459939336807015,-0.4994110544782179,-0.033444066320933996,-1.289489914265388,0.21593916063879798,-0.06112707133178774,-0.922629791799221,0.2844223592556094
267,shock_minus,-0.003838910133728633,-0.6094080911623004,-0.04037322832141332,-1.3298631425868013,0.20918200393495048,-0.07100478497672391,-0.9936345767759449,0.27019477872395575
268,shock_minus,0.0024073107407659947,0.3821487329112901,0.022088980423532963,-1.3077741621632684,0.21285954569435733,0.0424258223220062,-0.9512087544539387,0.27864179667599726
269,shock_minus,0.0027061877419985066,0.4295939859827684,0.02507775043585808,-1.2826964117274102,0.21709158422403488,0.047624920688230876,-0.9035838337657078,0.28831457558507667
270,shock_minus,0.0028523219145608998,0.45279206670166583,0.026539092161482012,-1.2561573195659281,0.22163609746472315,0.05009884447749302,-0.8534849892882148,0.29870231286198723
271,shock_minus,0.003382863683553177,0.5370129615548165,0.03184450985140478,-1.2243128097145233,0.22717836685247475,0.05867369746567985,-0.794811291822535,0.31113652651618917
272,shock_minus,-0.0020196716159839286,-0.32061292955456516,-0.022180843143966268,-1.2464936528584896,0.2233076944100101,-0.042588295282098176,-0.8373995871046331,0.3020827434973563
273,shock_minus,0.004890503079271624,0.776343296024899,0.04692090380858926,-1.1995727490499004,0.2315512307895367,0.07917844483676095,-0.7582211422678722,0.3190326000079963
274,shock_minus,-0.002567113196777829,-0.40751658636156923,-0.027655258951905275,-1.2272280080018056,0.22666695738138692,-0.05195679021051247,-0.8101779324783847,0.3078525806617628
275,shock_minus,-0.0030210220264849114,-0.4795723792396477,-0.0321943472489761,-1.2594223552507817,0.22107334657404953,-0.0592156525320533,-0.869393585010438,0.29538050001227656
276,shock_minus,0.002188377334122231,0.3473941320514756,0.01989964635709533,-1.2395227088936864,0.22451907608313007,0.038506246951217626,-0.8308873380592203,0.30345747990634286
277,shock_minus,0.001027200246906704,0.16306298399875702,0.008287875484940057,-1.2312348334087464,0.2259653740821628,0.016475284272143398,-0.8144120537870769,0.306951111523981
278,shock_minus,-0.005450649205423679,-0.8652637368841721,-0.056490619038363776,-1.2877254524471102,0.21623805041068678,-0.08908102506516702,-0.903493078852244,0.288333197878275
279,shock_minus,-0.006745241871524542,-1.0707739515020298,-0.06943654569937241,-1.3571619981464826,0.20470193911704254,-0.09882770455438772,-1.0023207834066317,0.2684853724127599
280,shock_minus,-0.004668061611834686,-0.7410318077785144,-0.048664743102473845,-1.4058267412489565,0.1968931233637418,-0.08116261204176767,-1.0834833954483993,0.2528473826058661
281,shock_minus,-0.000914209330857447,-0.14512623214221437,-0.011126220292701456,-1.4169529615416578,0.19513970755829185,-0.022016321156928864,-1.1054997166053282,0.24871083212063644
282,shock_minus,-0.006063995298443543,-0.9626294106687912,-0.06262407996856242,-1.4795770415102203,0.18549131317400086,-0.09419629606071811,-1.1996960126660463,0.23152929857192178
283,shock_minus,-0.003489523711241782,-0.5539447160405353,-0.036879364096544805,-1.516456405606765,0.17998392452346898,-0.06617905322497153,-1.2658750658910178,0.21996419044937054
284,shock_minus,0.00019968188058321054,0.03169851584093234,1.2691821705121484e-05,-1.51644371378506,0.1799857977133801,2.5375251780035413e-05,-1.2658496906392378,0.2199685443646233
285,shock_minus,-0.00120872194241708,-0.19187865983175167,-0.014071346408297783,-1.5305150601933577,0.17791833883158925,-0.02767346946560778,-1.2935231601048456,0.21525707642596342
286,shock_minus,0.004796999415155601,0.7615000495094403,0.04598586716742902,-1.4845291930259288,0.18474428591616152,0.07808117234912082,-1.2154419877557248,0.22873957059726915
287,shock_minus,-0.005371998483703329,-0.8527783218777046,-0.05570411182116028,-1.540233304847089,0.17650136167958885,-0.0883570118191559,-1.3037989995748807,0.2135263458427451
288,shock_minus,0.011189926755405451,1.776345803029843,0.10991514056992754,-1.4303181642771616,0.19304911539430405,0.10910010681233917,-1.1946988927625415,0.23241959610046015
289,shock_minus,0.006823811824346138,1.083246544843311,0.0662539912593344,-1.3640641730178271,0.2035805616111108,0.09679621796378268,-1.0979026747987588,0.25013307620309894
290,shock_minus,0.0030916578798386384,0.490785473336775,0.0289324518142594,-1.3351317212035678,0.20831178523998373,0.05404818216334384,-1.043854492635415,0.26040695195978597
291,shock_minus,-0.002844111250896005,-0.45148866425229944,-0.03042523949308703,-1.3655569606966549,0.2033386348051412,-0.056444569316893345,-1.1002990619523083,0.24968386339686294
292,shock_minus,-0.0027486199041570096,-0.43632988290249825,-0.029470326025697078,-1.3950272867223519,0.19860639184334344,-0.05491767293481975,-1.155216734887128,0.23953751550852287
293,shock_minus,-0.003481529152436988,-0.5526756191741853,-0.03679941850849686,-1.4318267052308487,0.19281422195449738,-0.06606491133698711,-1.2212816462241152,0.22771098329312991
294,shock_minus,0.006192626711483742,0.983049014450503,0.05994214013071044,-1.3718845651001381,0.2023155372220719,0.09207379987844266,-1.1292078463456725,0.24430731968166594
295,shock_minus,-0.00921069544300714,-1.4621525726491673,-0.09409108141419836,-1.4659756465143365,0.1875550666442033,-0.10791463832543613,-1.2371224846711086,0.22493725605443884
296,shock_minus,-0.015467509345218745,-2.4553909877409783,-0.15665922043631444,-1.622634866950651,0.16484181031717235,-0.10233910152730807,-1.3394615861984167,0.20759861445602892
297,shock_minus,-0.006634548085551189,-1.0532018577400877,-0.06832960783963887,-1.6909644747902899,0.1556490444120851,-0.09814672779110167,-1.4376083139895184,0.1919159880937754
298,shock_minus,-0.005068242327721704,-0.804558527001765,-0.052666550261344015,-1.7436310250516338,0.1488523139161325,-0.08541142466417373,-1.5230197386536921,0.17901727788067878
299,shock_minus,0.00961523768844686,1.5263716632243567,0.09416824990034162,-1.6494627751512922,0.16118157026879856,0.10792762669753664,-1.4150921119561555,0.19543213878185361
300,shock_minus,0.00891713672716669,1.415551571210609,0.08718724028753991,-1.5622755348637523,0.1733203650291435,0.10641060744061992,-1.3086815045155356,0.21270755976507927
301,shock_minus,-0.0017244549348272614,-0.2737487342814618,-0.019228676332399598,-1.581504211196152,0.17058255451667786,-0.03728743197719986,-1.3459689364927354,0.20653018276633045
302,shock_minus,0.0013766564464304052,0.2185374358817259,0.011782437480177066,-1.5697217737159748,0.17225605870765828,0.02328574921976201,-1.3226831872729734,0.21037222742080533
303,shock_minus,-0.006135181688800857,-0.9739298998058602,-0.06333594387213555,-1.6330577175881102,0.16341191502239344,-0.09473056899536814,-1.4174137562683415,0.19506734521199504
304,shock_minus,0.004853259323167927,0.7704310330324794,0.04654846624755228,-1.5865092513405579,0.1698755877685952,0.07874418127372129,-1.3386695749946202,0.2077289316041244
305,shock_minus,0.013761506552284438,2.1845714401758305,0.1356309385387174,-1.4508783128018405,0.18986642962536018,0.10657337945651513,-1.2320961955381051,0.22581475308078164
306,shock_minus,-0.010944391712237978,-1.7373683232874844,-0.11142804410650678,-1.5623063569083473,0.1733159488782353,-0.10907917851003646,-1.3411753740481416,0.20731683517698427
307,shock_minus,0.0042732562160459845,0.6783583941671145,0.04074843517633286,-1.5215579217320145,0.17923222206569117,0.07150395842800927,-1.2696714156201323,0.21931350550392373
308,shock_minus,0.0024431349618258993,0.38783565170151674,0.02244722263413201,-1.4991106990978826,0.18255819734154902,0.04305849459287403,-1.2266129210272583,0.22677479351787644
309,shock_minus,-0.006946460901034358,-1.1027164821702342,-0.07144873599447057,-1.5705594350923533,0.17213665446227833,-0.09999740387944134,-1.3266103249066996,0.20972060998668987
310,shock_minus,-0.0013241331919077361,-0.21019962771084205,-0.015225458903204345,-1.5857848939955577,0.16997775952794528,-0.029859851157844064,-1.3564701760645437,0.20481459010777237
311,shock_minus,0.0009290227422465515,0.1474777882984581,0.00730610043833853,-1.578478793557219,0.17101102985202105,0.014542215519244284,-1.3419279605452994,0.20719318493935351
312,shock_minus,-0.0008961035667292863,-0.1422520311914199,-0.010945162651419846,-1.589423956208639,0.1694649576945029,-0.02166524057476371,-1.363593201120063,0.20365693354354222
313,shock_minus,0.0012993729960276584,0.20626906846812615,0.0110096029761496,-1.5784143532324895,0.1710201655093656,0.021790234187703206,-1.34180296693236,0.20721371766277014
314,shock_minus,0.004131923633263344,0.6559225421955155,0.03933510934850645,-1.539079243883983,0.17666916548944434,0.06960432152125473,-1.2721986454111052,0.21888111257531334
315,shock_minus,-0.0012932002477522991,-0.20528917505758193,-0.014916129461649975,-1.553995373345633,0.17450996102990612,-0.029275674532862395,-1.3014743199439676,0.2139169958891495
316,shock_minus,-0.003405984708101754,-0.5406833104155697,-0.03604397406514452,-1.5900393474107777,0.1693783611010692,-0.06497820019662592,-1.3664525201405935,0.20319359985116447
317,shock_minus,0.008185740856377301,1.2994460761677138,0.07987328157964602,-1.5101660658311316,0.18091418350889113,0.10399658269427237,-1.2624559374463211,0.2205514059952576
318,shock_minus,-0.00025659729026938135,-0.04073355702875022,-0.0045500998868207975,-1.5147161657179524,0.1802409090775504,-0.00908141025431597,-1.271537347700637,0.21899419709929985
319,shock_minus,0.0005847044294695183,0.0928189506512551,0.003862917310568199,-1.5108532484073842,0.18081237620722498,0.00771361937233217,-1.263823728328305,0.22031636101649
320,shock_minus,2.7614735837066596e-05,0.004383703412737277,-0.001707979625756318,-1.5125612280331406,0.18055952943248768,-0.003413994073978799,-1.2672377224022837,0.21973047513981173
321,shock_minus,0.011745660639526739,1.8645658221808576,0.11547247941114039,-1.3970887486220003,0.19827848951071797,0.10892886047027961,-1.158308861932004,0.23897470955136596
322,shock_minus,0.0025115266282904145,0.3986924921743797,0.02313113929877716,-1.373957609323223,0.20198118758607367,0.04425928499521836,-1.1140495769367857,0.2471166933185345
323,shock_minus,-0.00033599423429803285,-0.05333743115424982,-0.0053440693271073125,-1.3793016786503305,0.20112117663622484,-0.010659054407057056,-1.1247086313438428,0.24513892568415357
324,shock_minus,0.006589238687432087,1.046009213771458,0.06390825989019389,-1.3153934187601366,0.21158572952576463,0.09515139033985642,-1.0295572410039864,0.2631699512368248
325,shock_minus,0.004592044708853278,0.7289644985349466,0.0439363201044058,-1.2714570986557308,0.21900792286349305,0.07559438797142404,-0.9539628530325623,0.2780885589852491
326,shock_minus,0.013606855028443308,2.160021271858182,0.13408442330030612,-1.1373726753554245,0.24280306748191394,0.10682866217739484,-0.8471341908551675,0.3000343717267718
327,shock_minus,0.013924326594024036,2.2104183205098384,0.13725913895611339,-1.0001135363993112,0.2689190993446434,0.10629422355187401,-0.7408399673032935,0.3228204933534104
328,shock_minus,-0.00025006638970544355,-0.03969680870498197,-0.00448479088118142,-1.0045983272804926,0.26803829649984234,-0.008951504505780417,-0.7497914718090739,0.3208667397710755
329,shock_minus,0.0015494452862867343,0.24596681385695865,0.01351032587874036,-0.9910880014017522,0.27069723057368394,0.026604125339382945,-0.723187346469691,0.3266914940332382
330,shock_minus,0.0001920989697038597,0.030494766056888632,-6.313728708838714e-05,-0.9911511386888406,0.27068476617577636,-0.00012623278827916806,-0.7233135792579701,0.32666372795125925
331,shock_minus,0.002370196625134963,0.3762570497059018,0.021717839267222646,-0.969433299421618,0.2749934720652849,0.041767737757018475,-0.6815458415009517,0.33591637416406944
332,shock_minus,-0.004081047604100604,-0.6478462229439708,-0.04279460302513302,-1.012227902446751,0.2665440730778433,-0.07416050344901803,-0.7557063449499697,0.3195791902006304
333,shock_minus,0.0011349040831209805,0.18016043795099349,0.009364913847082821,-1.0028629885996683,0.26837889615140426,0.018586813321801676,-0.737119531628168,0.32363434374583
334,shock_minus,0.0008811578238542307,0.13987946806302917,0.006827451254415324,-0.996035537345253,0.26972159567266585,0.013597188531065285,-0.7235223430971027,0.32661781105945514
335,shock_minus,-0.004605365717605408,-0.7310791431171857,-0.04803778416018106,-1.044073321505434,0.2603648087858021,-0.08045856657760275,-0.8039809096747055,0.3091746083349158
336,shock_minus,0.00930000383579594,1.4763298404877698,0.09101591137383241,-0.9530574101316016,0.2782703679757647,0.10733027003132722,-0.6966506396433783,0.3325552420014112
337,shock_minus,-0.003747600300167638,-0.5949131044508749,-0.03946012998580336,-0.992517540117405,0.2704151032260423,-0.06977448202158354,-0.7664251216649618,0.3172529310918704
338,shock_minus,0.0015230062294282563,0.24176974369616086,0.013245935310155579,-0.9792716048072494,0.2730363370927187,0.026098758351134066,-0.7403263633138277,0.3229327812134327
339,shock_minus,-0.0015256181153740882,-0.24218436773609303,-0.017240308137867866,-0.9965119129451172,0.26962777338035626,-0.03363020518179316,-0.7739565684956209,0.3156238431773603
340,shock_minus,0.0074558688268201905,1.183582483421108,0.07257456128407494,-0.9239373516610423,0.28415631149162246,0.10061430445900843,-0.6733422640366125,0.33774885641256164
341,shock_minus,0.0031108493577009094,0.4938320259996973,0.02912436659288211,-0.8948129850681602,0.2901175957623005,0.0543591925404463,-0.6189830714961662,0.35001277125457547
342,shock_minus,0.008139824600043023,1.2921570964439781,0.07941411901630324,-0.815398866051857,0.306741224853357,0.10381387832752997,-0.5151691931686362,0.37398252995240827
343,shock_minus,-0.002636372592713261,-0.4185111746175519,-0.028347852911259595,-0.8437467189631166,0.30074626893612305,-0.053095547408446464,-0.5682647405770826,0.3616373232426183
344,shock_minus,0.007229824117992983,1.14769899833678,0.07031411419580286,-0.7734326047673137,0.3157370331215479,0.09934854886533961,-0.46891619171174304,0.3848727985535121
345,shock_minus,-0.01817182368856212,-2.884687580906869,-0.18370236386974817,-0.9571349686370618,0.27745218841941494,-0.09581016151169042,-0.5647263532234335,0.36245457963888555
346,shock_minus,-0.005936921881638276,-0.9424571311219515,-0.061353345800509745,-1.0184883144375716,0.2653219631295541,-0.0932123927663362,-0.6579387459897696,0.341202795557929
347,shock_minus,0.003084830312418535,0.48970163060958777,0.028864176140058363,-0.9896241382975133,0.27098632376662235,0.053937330687299445,-0.6040014153024702,0.3534287674819888
348,shock_minus,-0.0004750376357536255,-0.07540988685601069,-0.006734503341663239,-0.9963586416391765,0.2696579579554991,-0.01341349210318965,-0.6174149074056599,0.3503696184521061
349,shock_minus,0.008607682783252277,1.366427280541069,0.08409270084839579,-0.9122659407907807,0.286536379559052,0.10549967625230039,-0.5119152311533595,0.3747446580716546
350,shock_minus,-0.0015799326215305345,-0.25080652828848765,-0.01778345319943233,-0.930049393990213,0.2829146936447017,-0.03463574574653738,-0.5465509768998968,0.36666497828924577
351,shock_minus,0.008145452591619863,1.2930505124095633,0.07947039893207164,-0.8505789950581414,0.2993114142054152,0.10383648060948181,-0.44271449629041504,0.3910943495439242
352,shock_minus,0.009141341428315372,1.4511429641312672,0.08942928729902674,-0.7611497077591146,0.31839670427500727,0.10697592114936771,-0.3357385751410473,0.4168449980602252
353,shock_minus,-0.013924179417699259,-2.2103949569925843,-0.14122592116111957,-0.9023756289202342,0.28856254966025363,-0.1055731150014827,-0.44131169014253,0.3914284641708383
354,shock_minus,-0.0020191527690985997,-0.3205305651649391,-0.02217565467511298,-0.9245512835953471,0.2840314472247614,-0.042579123080974224,-0.48389081322350425,0.3813337882269189
355,shock_minus,-0.00251873120445162,-0.39983618318383013,-0.027171439028643184,-0.9517227226239903,0.2785385005476672,-0.05115485315777879,-0.535045666381283,0.3693408372982333
356,shock_minus,-0.001636435809859912,-0.2597761313645945,-0.018348485082726105,-0.9700712077067164,0.27486630923131367,-0.03567666793064905,-0.5707223343119321,0.36107016669034264
357,shock_minus,-0.0031503988234794257,-0.5001103090558221,-0.03348811521892124,-1.0035593229256377,0.26824219180160835,-0.061193736668878174,-0.6319160709808103,0.3470762015672215
358,shock_minus,-0.005216013467796086,-0.8280164682571234,-0.05414426166208784,-1.0577035845877254,0.2577485471874706,-0.08687420036505089,-0.7187902713458612,0.3276594290328896
359,shock_minus,0.006549709399775861,1.0397341338929433,0.06351296701363163,-0.9941906175740938,0.2700851472951211,0.09486156030351056,-0.6239287110423506,0.34888845559966775
360,shock_minus,0.0036148083770293333,0.5738330401663574,0.03416395678616634,-0.9600266607879274,0.27687285697344965,0.062210499536821784,-0.5617182115055288,0.36314999201603987
361,shock_minus,0.0019243650109593597,0.3054834750427531,0.01725952312546661,-0.9427671376624608,0.2803417327001638,0.033665859668783105,-0.5280523518367457,0.3709712604887095
362,shock_minus,0.015666337396598614,2.4869539623978607,0.15467924698185917,-0.7880878906806016,0.31257938375080185,0.1027839935759749,-0.4252683582607708,0.39525676811537896
363,shock_minus,-0.004452390630070429,-0.7067951008128321,-0.046508033284831274,-0.8345959239654328,0.3026741641072071,-0.07869681367767134,-0.5039651719384421,0.37660929214410543
364,shock_minus,0.004712895601165302,0.7481489829416185,0.04514482902752604,-0.7894510949379068,0.3122865421278489,0.07707427722176785,-0.4268908947166743,0.39486900106948947
365,shock_minus,0.0017303215099300235,0.2746800242076373,0.015319088115173251,-0.7741320068227335,0.31558594877143753,0.030036402269057794,-0.3968544924476165,0.40206831592668724
366,shock_minus,-0.001170627444036878,-0.18583134568972565,-0.013690401424495765,-0.7878224082472293,0.31263643173199,-0.026947812630385704,-0.4238023050780022,0.3956072508866353
367,shock_minus,0.004285345622236804,0.6802775279038757,0.04086932923824106,-0.7469530790089882,0.3214855717953394,0.07166400229793934,-0.35213830278006286,0.41286398444831324
368,shock_minus,0.003252471706698626,0.5163138769319026,0.030540590082859274,-0.716412488926129,0.32818346597180925,0.05662754896288513,-0.29551075381717773,0.4266552817614333
369,shock_minus,-0.0066796023544861615,-1.0603540012063133,-0.06878015052898859,-0.7851926394551175,0.3132018338766566,-0.09842715262880253,-0.39393790644598026,0.4027696904081106
370,shock_minus,-0.0022074330124568164,-0.35041912720769286,-0.02405845710869515,-0.8092510965638127,0.3080501054367055,-0.04587236837734432,-0.4398102748233246,0.391786177893644
371,shock_minus,-0.0027966603923687485,-0.44395607398272174,-0.029950730907814468,-0.8392018274716271,0.3017029149818605,-0.05568853046034561,-0.4954988052836702,0.3785990478714786
372,shock_minus,0.0020742519932079855,0.3292772958305021,0.01875839294795287,-0.8204434345236742,0.3056695391587461,0.03642845918930915,-0.45907034609436104,0.3872063867650854
373,shock_minus,-0.01307244631799252,-2.0751865190790113,-0.13270859016405218,-0.9531520246877263,0.27825136636822867,-0.1070472505765645,-0.5661175966709255,0.36213315091395387
374,shock_minus,-5.895422630522305e-05,-0.009358693292390547,-0.0025736692471792144,-0.9557256939349055,0.2777347977903509,-0.005142777675008592,-0.5712603743459341,0.36094605094141935
375,shock_minus,0.0034764178133330857,0.5518642192460586,0.032780051149203876,-0.9229456427857016,0.28435807965639914,0.06011628076071407,-0.5111440935852201,0.3749253616080083
376,shock_minus,0.009807298632615268,1.5568603929146287,0.09608885934202568,-0.8268567834436759,0.30431009668607056,0.1082254873696975,-0.40291860621552256,0.4006113157955685
377,shock_minus,0.006118009877831661,0.971203959322754,0.05919597179418963,-0.7676608116494862,0.316985336767285,0.09145200075448279,-0.31146660546103977,0.42275679753692247
378,shock_minus,-0.0035259999809178683,-0.5597351443396303,-0.03724412679330567,-0.8049049384427919,0.3089772838393847,-0.06669774460201339,-0.37816435006305316,0.4065697096904596
379,shock_minus,-0.00045817856018998354,-0.07273359157946013,-0.00656591258602682,-0.8114708510288187,0.30757715485522147,-0.013080152827740443,-0.3912445028907936,0.40341774790037854
380,shock_minus,-0.003687746127729316,-0.5854115491387923,-0.038861588261420145,-0.8503324392902388,0.2993631254483088,-0.06895611049936612,-0.4602006133901597,0.38693823386739795
381,shock_minus,0.0030658131645492654,0.48668275197511807,0.02867400466136567,-0.8216584346288731,0.3054117336975091,0.05362800167530679,-0.4065726117148529,0.39973422859583907
382,shock_minus,-0.010007455109977283,-1.588634248658546,-0.10205867808389982,-0.9237171127127729,0.28420111275646276,-0.10885871464936159,-0.5154313263642145,0.3739211614617945
383,shock_minus,-0.00871206386611599,-1.3829972637512897,-0.08910476564528688,-1.0128218783580598,0.26642796788240797,-0.10689884374635916,-0.6223301701105737,0.34925167629334825
384,shock_minus,0.0016397577746444549,0.2603034769256353,0.014413450762317565,-0.9984084275957422,0.26925445854952423,0.028323482130194755,-0.5940066879803789,0.35571606303303466
385,shock_minus,0.004652140807889103,0.7385044585037807,0.04453728109476404,-0.9538711465009782,0.2781069699333048,0.07633517163831849,-0.5176715163420604,0.3733968720437495
386,shock_minus,-0.0017151523700425753,-0.27227199790294104,-0.019135650684552738,-0.9730067971855308,0.2742815896001597,-0.03711782497019023,-0.5547893413122507,0.36475396069679356
387,shock_minus,0.004705252846484056,0.7469357332485352,0.045068401480713574,-0.9279383957048173,0.283343156438147,0.076981841914042,-0.47780749939820866,0.3827699858052635
388,shock_minus,0.002354312174429671,0.3737354713291578,0.021558994760169727,-0.9063794009446475,0.28774129479532745,0.041485274054008814,-0.43632222534419984,0.3926176574004765
389,shock_minus,-0.0027824192533123003,-0.4416953632429427,-0.029808319517249986,-0.9361877204618975,0.2816710480986622,-0.05546058423761924,-0.4917828095818191,0.37947367330118537
390,shock_minus,-0.004360904393161287,-0.6922721109380285,-0.045593170915739854,-0.9817808913776374,0.27253855883962175,-0.07761338415956431,-0.5693961937413834,0.36137616166445463
391,shock_minus,0.005766808905555359,0.9154525333519229,0.055683962071426604,-0.9260969293062108,0.2837172333974977,0.088338255633446,-0.4810579381079374,0.38200233969134273
392,shock_minus,-0.005586195387026141,-0.8867810261452428,-0.05784608085438839,-0.9839430101605992,0.27211010525436286,-0.0902919402228124,-0.5713498783307498,0.360925405851293
393,shock_minus,0.0016425503345200683,0.2607467820627632,0.014441376361073701,-0.9695016337995255,0.2749798483089094,0.028376471618299703,-0.5429734067124501,0.3674961635792305
394,shock_minus,0.005520716589000128,0.8763865892017875,0.0532230389058743,-0.9162785948936512,0.28571676265552437,0.08596895428404605,-0.45700445242840404,0.3876966911338312
395,shock_minus,-0.00793582983887759,-1.259773932035753,-0.0813424253729029,-0.9976210202665541,0.26940941420183145,-0.10455547895918471,-0.5615599313875888,0.3631865985802419
396,shock_minus,0.00792069788468584,1.2573718087772454,0.07722285186273142,-0.9203981684038227,0.2848767716892766,0.10288790283466653,-0.4586720285529222,0.38730090284081775
397,shock_minus,-0.0048644575729928025,-0.7722087000818271,-0.05062870271405501,-0.9710268711178778,0.2746758723366917,-0.08330056200216474,-0.541972590555087,0.36772882685693037
398,shock_minus,0.00012440094177008037,0.019748037287151597,-0.0007401175664261803,-0.971766988684304,0.2745284440191126,-0.0014796777669916494,-0.5434522683220786,0.3673848627420761
399,shock_minus,0.007566398657581068,1.2011285500999482,0.07367985959168369,-0.8980871290926203,0.2894437515000332,0.10119433381322285,-0.44225793450885575,0.3912030803698199
400,shock_minus,-0.0032297276257123573,-0.5127033660065998,-0.034281403241250556,-0.9323685323338708,0.2824444378039656,-0.06238602197006293,-0.5046439564789187,0.376449944037136
401,shock_minus,-0.0006790457501393679,-0.10779517102224427,-0.008774584485520664,-0.9411431168193916,0.28066949615501313,-0.017430722064927684,-0.5220746785438464,0.3723672325673182
402,shock_minus,0.012877445231574379,2.0442310562760224,0.1267903253316168,-0.8143527914877747,0.3069637186631708,0.10788630130729526,-0.4141883772365511,0.3979082533604213
403,shock_minus,-0.004530265953931542,-0.7191574252251393,-0.0472867865234424,-0.8616395780112172,0.29699690468206136,-0.07960146431136184,-0.49378984154791294,0.37900118510463365
404,shock_minus,-0.009643626691592615,-1.5308782777619185,-0.09842039390005314,-0.9600599719112703,0.27686618766050974,-0.10852367047983602,-0.602313512027749,0.3538145772185852
405,shock_minus,-0.005079724868329567,-0.8063813238138214,-0.05278137566742266,-1.012841347578693,0.26642416275529424,-0.08552712608485358,-0.6878406381126025,0.3345136060798909
406,shock_minus,-0.002300190088899753,-0.36514385660425797,-0.024986027873124515,-1.0378273754518175,0.26156942077673895,-0.047468110194887725,-0.7353087483074903,0.32403084195933757
407,shock_minus,0.002903437611540732,0.4609064320396882,0.02705024913128034,-1.0107771263205372,0.26682779343212204,0.050953157103725166,-0.6843555912037651,0.3352898741053634
408,shock_minus,-0.0018048284759853606,-0.2865076383950985,-0.020032411743980592,-1.0308095380645177,0.26292718843100477,-0.038746463228862105,-0.7231020544326272,0.3267102555019933
409,shock_minus,0.00955718106176309,1.5171554594544825,0.09358768363350392,-0.9372218544310138,0.2814618564698794,0.10782793731116946,-0.6152741171214577,0.35085704128063766
410,shock_minus,-0.011941935032169717,-1.8957234160806717,-0.12140347730582415,-1.058625331736838,0.25757224321826006,-0.10848573598106981,-0.7237598531025276,0.32656557558874577
411,shock_minus,-0.0006642385135457257,-0.10544459508439193,-0.008626512119584241,-1.0672518438564222,0.2559260586904991,-0.017140259271722913,-0.7409001123742505,0.32280734533459243
412,shock_minus,-0.00922378922411933,-1.4642311459618298,-0.09422201922532028,-1.1614738630817425,0.2383995797133399,-0.10793662941514581,-0.8488367417893963,0.29967693440122367
413,shock_minus,-0.008052851988479007,-1.2783506223796457,-0.08251264686891704,-1.2439865099506595,0.2237428383403061,-0.10497320845910618,-0.9538099502485025,0.278119256072941
414,shock_minus,0.0006824402462883813,0.10833403058044362,0.004840275478756829,-1.2391462344719026,0.22458463094082,0.009658358016169988,-0.9441515922323325,0.28006250361075147
415,shock_minus,-0.001384238472020679,-0.21974104513048542,-0.015826511704333773,-1.2549727461762363,0.22184051979374153,-0.030990999970748723,-0.9751425922030812,0.2738566620547661
416,shock_minus,0.0010484944558626407,0.16644333487455218,0.008500817574499423,-1.246471928601737,0.2233114623174691,0.016893546925320857,-0.9582490452777603,0.277228902105404
417,shock_minus,-0.0011816492732913031,-0.18758100684173917,-0.013800619717040016,-1.2602725483187769,0.22092697811290263,-0.027157963248699124,-0.9854070085264595,0.2718202334291089
418,shock_minus,-0.004240957108178584,-0.673231069747931,-0.04439369806591282,-1.3046662463846896,0.2133807428014809,-0.07615905803491851,-1.061566066561378,0.2570102911068825
419,shock_minus,0.0015577773053046815,0.24728948087139158,0.01359364606891983,-1.2910726003157698,0.21567131742326698,0.026763200415158783,-1.0348028661462192,0.2621540284825642
420,shock_minus,-0.004357050728135551,-0.6916603605803738,-0.045554634265482494,-1.3366272345812522,0.20806525577456775,-0.07756725669498898,-1.1123701228412082,0.24742928849632095
421,shock_minus,0.007293300389427903,1.1577755440390058,0.07094887691015203,-1.2656783576711002,0.219997943494187,0.09971493563728973,-1.0126551872039184,0.2664605479543858
422,shock_minus,0.008579512199475892,1.3619553390034795,0.08381099501063194,-1.1818673626604683,0.2347166055925161,0.10540892192945517,-0.9072462652744633,0.2875636669031183
423,shock_minus,-0.00034294732045388394,-0.054441199363017105,-0.005413600188665824,-1.187280962849134,0.23374558606065976,-0.010797061470376512,-0.9180433267448398,0.28535674765879204
424,shock_minus,0.000539337013037924,0.08561709656104487,0.003409243146252256,-1.1838717197028819,0.23435676497455976,0.006809588987209958,-0.9112337377576298,0.28674744270002944
425,shock_minus,0.004228332169444886,0.6712269228555234,0.04029919471032187,-1.14357252499256,0.24166504506678294,0.07090585160143004,-0.8403278861561998,0.30146573187736125
426,shock_minus,0.011389524342143747,1.8080309376377333,0.11191111643731047,-1.0316614085552493,0.262762132270722,0.10906831158756347,-0.7312595745686363,0.3249183833307102
427,shock_minus,0.002700158169915161,0.4286368210880882,0.025017454715024628,-1.0066439538402248,0.2676371478047034,0.04752185818808985,-0.6837377163805465,0.3354275942335676
428,shock_minus,0.005049272546737937,0.8015471676272604,0.04850859848325238,-0.9581353553569724,0.27725168307716097,0.08098824603151056,-0.6027494703490359,0.353714910498531
429,shock_minus,0.0070645533897595375,1.1214630835825257,0.06866140691346839,-0.8894739484435039,0.2912183979365077,0.09835368011659118,-0.5043957902324447,0.376508199222077
430,shock_minus,0.0007511879307967269,0.11924738716568023,0.005527752323840285,-0.8839461961196636,0.29236069804678977,0.011023577421558794,-0.49337221281088595,0.37909948287213635
431,shock_minus,0.01078318705813709,1.711777877791256,0.10584774359724392,-0.7780984525224197,0.3147298577087131,0.10905215951907543,-0.3843200532918105,0.4050853767360052
432,shock_minus,0.006285980820104408,0.9978685197670866,0.0608756812169171,-0.7172227713055026,0.32800484053736123,0.09283244751895792,-0.2914876057728526,0.42763971561368586
433,shock_minus,-0.008899096321087296,-1.4126877455284073,-0.09097509019499994,-0.8081978615005025,0.3082746533830035,-0.10732161477313529,-0.3988092205459879,0.40159847103814283
434,shock_minus,0.006952397662837147,1.1036589138896267,0.06753984964424448,-0.740658011856258,0.3228602714469702,0.09764428672256131,-0.3011649338234266,0.4252727301587924
435,shock_minus,0.0029662868815876625,0.47088344435725527,0.02767874183174964,-0.7129792700245083,0.3289408649453984,0.05199557911309993,-0.24916935471032664,0.43802795977860176
436,shock_minus,0.006712393251935942,1.065559394801438,0.06513980553523244,-0.6478394644892759,0.3434765740925904,0.09603086077665934,-0.1531384939336673,0.46179002046721745
437,shock_minus,0.006859499767228422,1.0889118301435112,0.06661087068815724,-0.5812285938011186,0.35864994327065414,0.09703535025674248,-0.056103143676924816,0.4859778918432597
438,shock_minus,0.0021056816173947207,0.3342665939944014,0.019072689189820222,-0.5621559046112984,0.36304877188764756,0.03700294622722744,-0.019100197449697376,0.495225095800761
439,shock_minus,0.004659693712296354,0.7397034449080505,0.044612810138836556,-0.5175430944724618,0.37342691960870805,0.0764275919171169,0.057327394467419523,0.5143279248547425
440,shock_minus,-0.0006478542380503463,-0.1028436719820273,-0.008462669364630446,-0.5260057638370923,0.37144896102000763,-0.016818643592221738,0.040508750875197785,0.5101258030877784
441,shock_minus,0.010572460176570916,1.6783260224004406,0.10374047478158219,-0.4222652890555101,0.39597481363254644,0.10896326987146532,0.1494720207466631,0.5372985876349341
442,shock_minus,0.008734012015892724,1.3864814245141237,0.08535599317480025,-0.33690929588070984,0.4165604408561444,0.10589038720868826,0.25536240795535137,0.563495929169241
443,shock_minus,0.010052894527229888,1.5958475325247514,0.09854481828817188,-0.23836447759253795,0.4406894387968044,0.10853769722208817,0.36390010517743954,0.5899842106046522
444,shock_minus,-0.0008816705396438943,-0.1399608591713915,-0.010800832380565926,-0.24916530997310388,0.4380289554292071,-0.0213851258031883,0.34251497937425124,0.5848013118453077
445,shock_minus,0.0072022198081211665,1.1433169499947164,0.07003807109708468,-0.1791272388760192,0.4553375485300989,0.09918651357777675,0.441701492952028,0.6086643876915963
446,shock_minus,-0.003317696244749569,-0.5266679513556145,-0.035161089431622675,-0.21428832830764188,0.4466319811398897,-0.06368962976390447,0.3780118631881235,0.5933934991580682
447,shock_minus,-0.004389094777932535,-0.6967471957861051,-0.04587507476345233,-0.2601634030710942,0.4353235405270845,-0.07794961086409624,0.3000622523240273,0.574457734839161
448,shock_minus,0.005312018133761352,0.8432567365078786,0.05113605435348653,-0.20902734871760767,0.447932604175913,0.08383629269237236,0.38389854501639964,0.5948130394102784
449,shock_minus,-0.0015166125400428374,-0.24075477697172015,-0.017150252384555358,-0.22617760110216303,0.44369542317701144,-0.03346302310439686,0.3504355219120028,0.5867231878608202
450,shock_minus,-0.007623817192447303,-1.210243459934053,-0.0782222989086,-0.304399900010763,0.4244822449778662,-0.10332144504081864,0.24711407687118414,0.5614660498558027
451,shock_minus,-0.013560523574438843,-2.1526663815476317,-0.1375893627285154,-0.4419892627392784,0.39126706997642074,-0.1062363593828195,0.14087771748836464,0.5351612961181382
452,shock_minus,0.014243079481782793,2.2610187727514397,0.14044666783370094,-0.30154259490557744,0.4251804264160525,0.10571910007925833,0.24659681756762297,0.5613386852279264
453,shock_minus,9.194025754264009e-05,0.01459506341598337,-0.001064724408700583,-0.30260731931427803,0.42492022636037236,-0.0021285423319716834,0.2444682752356513,0.5608144899035542
454,shock_minus,0.0030403241753500215,0.4826365003796214,0.02841911476937323,-0.2741882045449048,0.4318791872681484,0.05321209382108294,0.29768036905673423,0.5738753660667103
455,shock_minus,-0.0020604855551339995,-0.3270919415355258,-0.022588982535466977,-0.29677718708037176,0.42634551497159023,-0.04330815328525972,0.2543722157714745,0.563252358019607
456,shock_minus,0.0067895296899438675,1.0778044247208571,0.06591116991531171,-0.23086601716506006,0.44253848992871625,0.09656376641404196,0.35093598218551647,0.5868445337427389
457,shock_minus,0.008050570308646338,1.2779884169351228,0.0785215761023364,-0.15234444106272366,0.46198738034342374,0.10344759119479718,0.45438357338031365,0.6116809608961229
458,shock_minus,-0.0012006837862783945,-0.19060264210320355,-0.013990964846910928,-0.16633540590963458,0.4585117606508639,-0.02752051215454343,0.4268630612257702,0.6051243481687316
459,shock_minus,0.003010408304091874,0.4778875030434484,0.028119956056791757,-0.13821544985284281,0.4655010409940529,0.052722048431332214,0.47958510965710244,0.6176498996714934
460,shock_minus,0.0029133039693556703,0.46247266778714646,0.02714891270942972,-0.1110665371434131,0.4722618741283016,0.051117387494838296,0.5307024971519407,0.6296469433659501
461,shock_minus,-0.007372492182813828,-1.1703468515095878,-0.07570904881226526,-0.18677558595567834,0.4534413751472314,-0.10219464912317644,0.4285078480287643,0.6055173000862561
462,shock_minus,-0.0004790539976954584,-0.07604746454840955,-0.006774666961081568,-0.1935502529167599,0.45176292972349985,-0.013492876105663631,0.41501497192310066,0.6022897632207374
463,shock_minus,9.09682961309483e-05,0.014440769325226104,-0.001074444022817501,-0.1946246969395774,0.45149683256710055,-0.0021479695368971097,0.41286700238620355,0.601775132587693
464,shock_minus,0.01262641153962956,2.004380693100959,0.12427998841216861,-0.07034470852740879,0.4824210712024471,0.10818691410743853,0.5210539164936421,0.6273941741959609
465,shock_minus,-0.002116871065985621,-0.3360428638911692,-0.023152837643983192,-0.09349754617139198,0.47664262641869654,-0.04429722908601996,0.4767566874076221,0.6169817218127424
466,shock_minus,-0.01324323177387022,-2.102297869706963,-0.13441644472282918,-0.22791399089422115,0.4432668724469047,-0.10677469319228017,0.36998199421534195,0.5914546275932432
467,shock_minus,-0.00080702834890399,-0.12811177873074142,-0.010054410473166884,-0.23796840136738803,0.4407870668510074,-0.019933038758616517,0.35004895545672543,0.5866294504377157
468,shock_minus,0.005038026518506784,0.7997619159910498,0.048396138200940846,-0.18957226316644718,0.4527483589062022,0.08086226077577896,0.4309112162325044,0.6060912374494499
469,shock_minus,-0.004594180084644561,-0.7293034789329108,-0.0479259278305726,-0.23749819099701977,0.44090297403043655,-0.08033185827375378,0.3505793579587506,0.5867580646592455
470,shock_minus,0.0003120591614070386,0.04953785612534335,0.0011364646299434024,-0.23636172636707636,0.44118313991864766,0.0022719315857238076,0.3528512895444744,0.5873088380144991
471,shock_minus,0.0022563651297021615,0.35818686000899513,0.02057952431289463,-0.21578220205418175,0.4462627969748452,0.03973299340832681,0.39258428295280123,0.5969046577034486
472,shock_minus,0.0012451025267054454,0.197653898546446,0.01046689828292747,-0.2053153037712543,0.4488507284053604,0.020736193721751617,0.41332047667455285,0.6018837989754812
473,shock_minus,-0.004551738702799689,-0.722566118433343,-0.04750151401212387,-0.25281681778337817,0.4371303061169277,-0.07984806279419288,0.33347241388036,0.5826040279818365
474,shock_minus,0.00882020143858168,1.400163571198876,0.08621788740168981,-0.16659893038168835,0.4584463338463745,0.10614193636527602,0.439614350245636,0.608167134294341
475,shock_minus,-0.0031821404117933004,-0.5051491299896245,-0.033805531102059985,-0.20040446148374835,0.45006589378642364,-0.06167269410446674,0.37794165614116926,0.5933765596553993
476,shock_minus,-0.010895292494236713,-1.7295740640635386,-0.11093705192649411,-0.31134151341024247,0.42278732448128586,-0.10908816782421926,0.26885348831695,0.566811416396707
477,shock_minus,-0.009943620397214572,-1.5785008021595437,-0.1014203309562727,-0.4127618443665152,0.39825006794146844,-0.10881091257051079,0.1600425757464392,0.5399254606426063
478,shock_minus,0.011539793018990708,1.8318853505645205,0.1134138032057801,-0.2993480411607351,0.4257168676753142,0.10902197596311858,0.2690645517095578,0.5668632393764267
479,shock_minus,0.010541779070522417,1.6734555478072768,0.10343366372109719,-0.1959143774396379,0.45117746651105656,0.10894646794307494,0.37801101965263273,0.5933932956317876
480,shock_minus,0.004027441163988668,0.6393364643915112,0.0382902846557597,-0.1576240927838782,0.4606753626557001,0.06816622531216687,0.4461772449647996,0.60972995621936
481,shock_minus,-0.002740283599216739,-0.435006535518989,-0.029386962976294374,-0.18701105576017257,0.4533830187653489,-0.0547833563586857,0.3913938886061139,0.596618204520078
482,shock_minus,0.0067202650177452,1.0668089988840521,0.06521852319332502,-0.12179253256684755,0.4695894486107785,0.09608587330870533,0.48747976191481923,0.6195125492029463
483,shock_minus,0.003627351158889163,0.57582414505936,0.03428938460476465,-0.0875031479620829,0.47813816054236075,0.06239793743318023,0.5498776993479995,0.63410721585931
484,shock_minus,0.004474933548961639,0.7103736782455307,0.042765208505489406,-0.044737939456593497,0.48881738022579596,0.07412312822018707,0.6240008275681865,0.6511279265941073
485,shock_minus,0.0016247693384118527,0.2579241364368424,0.014263566399991542,-0.030474373056601955,0.4923819962887377,0.028038890890062174,0.6520397184582487,0.6574699612495057
486,shock_minus,-0.005667537091268787,-0.8996936213838954,-0.058659497896814856,-0.08913387095341681,0.47773127377824076,-0.09099641515592793,0.5610433033023208,0.6366939061513311
487,shock_minus,0.002020692609515422,0.32077500725303737,0.018222799111027234,-0.07091107184238957,0.48227965680228907,0.03544558467910819,0.596488887981429,0.6448526089317874
488,shock_minus,0.0060743227469660715,0.964268842296897,0.05875910048553373,-0.012151971356855834,0.49696204454537074,0.09108154136640834,0.6875704293478373,0.6654262389081534
489,shock_minus,-0.007216661650415078,-1.1456095213857147,-0.07415074348827777,-0.0863027148451336,0.4784377029116867,-0.10143384241862297,0.5861365869292143,0.6424782091862664
490,shock_minus,0.009526885056162634,1.5123461176622368,0.09328472357749937,0.006982008732365763,0.5017454950922494,0.10777409718573461,0.6939106841149489,0.6668363125275567
491,shock_minus,0.0038397374684042357,0.6095394264704603,0.03641324769991537,0.043395256432281135,0.510847111934811,0.06551123686968952,0.7594219209846385,0.6812282134224457
492,shock_minus,-0.0055910809735700675,-0.8875565889654776,-0.05789493671982766,-0.014499680287546522,0.49637514343559785,-0.09033472080480776,0.6690872001798307,0.661298737930869
493,shock_minus,-0.01243085516175017,-1.9733370805112729,-0.12629267860162868,-0.1407923588891752,0.46485993806511144,-0.10794869534671925,0.5611385048331115,0.6367159273855136
494,shock_minus,-0.007487540342163637,-1.1886101806157074,-0.07685953040576335,-0.21765188929493856,0.4458008207863153,-0.10272557134477278,0.45841293348833867,0.6126376123868655
495,shock_minus,-0.0006167345493810434,-0.09790357455622352,-0.008151472477937419,-0.22580336177287597,0.44378779853920025,-0.016207164703046395,0.4422057687852923,0.608784495602437
496,shock_minus,0.00022845251321848187,0.03626571218182795,0.00030039814805783455,-0.22550296362481814,0.443861950126233,0.0006005931367367712,0.44280636192202905,0.608927527078219
497,shock_minus,-0.0026438959664356015,-0.41970547317092255,-0.028423086648483,-0.2539260502733011,0.4368574014045887,-0.05321858626699161,0.38958777565503744,0.5961834607404969
498,shock_minus,0.004422810773955741,0.7020994442270398,0.04224398075543042,-0.2116820695178707,0.4472762120752267,0.0734565664058846,0.46304434206092204,0.6137361297482128
499,shock_minus,0.009609296449785,1.5254285208256189,0.09410883751372301,-0.11757323200414768,0.47064050503847693,0.10791763398111165,0.5709619760420337,0.6389851164568409
500,shock_minus,-0.0017736491234642219,-0.28155806962644164,-0.019720618218769203,-0.13729385022291687,0.4657303513082851,-0.03818182505981471,0.532780150982219,0.6301313042900677
501,shock_minus,0.005248068056184315,0.8331049764123509,0.050496553577716166,-0.08679729664520071,0.47831428872754367,0.08315990702468734,0.6159400580069063,0.6492946159350448
502,shock_minus,0.003471849207604417,0.5511389755702768,0.032734365091917184,-0.054062931553283525,0.4864875581324299,0.060046333922456174,0.6759863919293625,0.6628423137833753
503,shock_minus,0.00265943751087376,0.42217261686531615,0.024610248124610618,-0.029452683428672907,0.49263736136835695,0.046823812368289586,0.7228102042976521,0.6732255427833733
504,shock_minus,0.0047988119354569125,0.761787778187252,0.04600399237044214,0.016551308941769236,0.504137732776321,0.0781026641121303,0.8009128684097824,0.6901697186601286
