day,detector,far_target,path_set,true_state,cumulative_alarm_rate
1,binary_gaussian,0.05,test_valid,valid,0.0
2,binary_gaussian,0.05,test_valid,valid,0.0
3,binary_gaussian,0.05,test_valid,valid,0.0
4,binary_gaussian,0.05,test_valid,valid,0.0
5,binary_gaussian,0.05,test_valid,valid,0.0
6,binary_gaussian,0.05,test_valid,valid,0.0
7,binary_gaussian,0.05,test_valid,valid,0.0
8,binary_gaussian,0.05,test_valid,valid,0.0
9,binary_gaussian,0.05,test_valid,valid,0.0
10,binary_gaussian,0.05,test_valid,valid,0.0
11,binary_gaussian,0.05,test_valid,valid,0.0
12,binary_gaussian,0.05,test_valid,valid,0.0
13,binary_gaussian,0.05,test_valid,valid,0.0
14,binary_gaussian,0.05,test_valid,valid,0.0
15,binary_gaussian,0.05,test_valid,valid,0.0
16,binary_gaussian,0.05,test_valid,valid,0.0
17,binary_gaussian,0.05,test_valid,valid,0.0
18,binary_gaussian,0.05,test_valid,valid,0.0
19,binary_gaussian,0.05,test_valid,valid,0.0
20,binary_gaussian,0.05,test_valid,valid,0.0
21,binary_gaussian,0.05,test_valid,valid,0.0
22,binary_gaussian,0.05,test_valid,valid,0.0
23,binary_gaussian,0.05,test_valid,valid,0.0
24,binary_gaussian,0.05,test_valid,valid,0.0
25,binary_gaussian,0.05,test_valid,valid,0.0
26,binary_gaussian,0.05,test_valid,valid,0.0
27,binary_gaussian,0.05,test_valid,valid,0.0
28,binary_gaussian,0.05,test_valid,valid,0.0
29,binary_gaussian,0.05,test_valid,valid,0.0
30,binary_gaussian,0.05,test_valid,valid,0.0
31,binary_gaussian,0.05,test_valid,valid,0.0
32,binary_gaussian,0.05,test_valid,valid,0.0
33,binary_gaussian,0.05,test_valid,valid,0.0
34,binary_gaussian,0.05,test_valid,valid,0.0
35,binary_gaussian,0.05,test_valid,valid,0.0
36,binary_gaussian,0.05,test_valid,valid,0.0
37,binary_gaussian,0.05,test_valid,valid,0.0
38,binary_gaussian,0.05,test_valid,valid,0.0
39,binary_gaussian,0.05,test_valid,valid,0.0
40,binary_gaussian,0.05,test_valid,valid,0.0
41,binary_gaussian,0.05,test_valid,valid,0.0
42,binary_gaussian,0.05,test_valid,valid,0.0
43,binary_gaussian,0.05,test_valid,valid,0.0
44,binary_gaussian,0.05,test_valid,valid,0.0
45,binary_gaussian,0.05,test_valid,valid,0.0
46,binary_gaussian,0.05,test_valid,valid,0.0
47,binary_gaussian,0.05,test_valid,valid,0.0
48,binary_gaussian,0.05,test_valid,valid,0.0
49,binary_gaussian,0.05,test_valid,valid,0.0
50,binary_gaussian,0.05,test_valid,valid,0.0
51,binary_gaussian,0.05,test_valid,valid,0.0
52,binary_gaussian,0.05,test_valid,valid,0.0
53,binary_gaussian,0.05,test_valid,valid,0.0
54,binary_gaussian,0.05,test_valid,valid,0.0
55,binary_gaussian,0.05,test_valid,valid,0.0
56,binary_gaussian,0.05,test_valid,valid,0.0
57,binary_gaussian,0.05,test_valid,valid,0.0
58,binary_gaussian,0.05,test_valid,valid,0.0
59,binary_gaussian,0.05,test_valid,valid,0.0
60,binary_gaussian,0.05,test_valid,valid,0.0
61,binary_gaussian,0.05,test_valid,valid,0.0
62,binary_gaussian,0.05,test_valid,valid,0.0
63,binary_gaussian,0.05,test_valid,valid,0.0
64,binary_gaussian,0.05,test_valid,valid,0.0
65,binary_gaussian,0.05,test_valid,valid,0.0
66,binary_gaussian,0.05,test_valid,valid,0.0
67,binary_gaussian,0.05,test_valid,valid,0.0
68,binary_gaussian,0.05,test_valid,valid,0.0
69,binary_gaussian,0.05,test_valid,valid,0.0
70,binary_gaussian,0.05,test_valid,valid,0.0
71,binary_gaussian,0.05,test_valid,valid,0.0
72,binary_gaussian,0.05,test_valid,valid,0.0002
73,binary_gaussian,0.05,test_valid,valid,0.0002
74,binary_gaussian,0.05,test_valid,valid,0.0002
75,binary_gaussian,0.05,test_valid,valid,0.0002
76,binary_gaussian,0.05,test_valid,valid,0.0002
77,binary_gaussian,0.05,test_valid,valid,0.0002
78,binary_gaussian,0.05,test_valid,valid,0.0002
79,binary_gaussian,0.05,test_valid,valid,0.0002
80,binary_gaussian,0.05,test_valid,valid,0.0002
81,binary_gaussian,0.05,test_valid,valid,0.0002
82,binary_gaussian,0.05,test_valid,valid,0.0002
83,binary_gaussian,0.05,test_valid,valid,0.0004
84,binary_gaussian,0.05,test_valid,valid,0.0004
85,binary_gaussian,0.05,test_valid,valid,0.0006
86,binary_gaussian,0.05,test_valid,valid,0.0006
87,binary_gaussian,0.05,test_valid,valid,0.0006
88,binary_gaussian,0.05,test_valid,valid,0.0006
89,binary_gaussian,0.05,test_valid,valid,0.0006
90,binary_gaussian,0.05,test_valid,valid,0.0006
91,binary_gaussian,0.05,test_valid,valid,0.0008
92,binary_gaussian,0.05,test_valid,valid,0.0008
93,binary_gaussian,0.05,test_valid,valid,0.001
94,binary_gaussian,0.05,test_valid,valid,0.001
95,binary_gaussian,0.05,test_valid,valid,0.001
96,binary_gaussian,0.05,test_valid,valid,0.0014
97,binary_gaussian,0.05,test_valid,valid,0.0014
98,binary_gaussian,0.05,test_valid,valid,0.0014
99,binary_gaussian,0.05,test_valid,valid,0.0018
100,binary_gaussian,0.05,test_valid,valid,0.0018
101,binary_gaussian,0.05,test_valid,valid,0.0018
102,binary_gaussian,0.05,test_valid,valid,0.0018
103,binary_gaussian,0.05,test_valid,valid,0.0018
104,binary_gaussian,0.05,test_valid,valid,0.0018
105,binary_gaussian,0.05,test_valid,valid,0.0018
106,binary_gaussian,0.05,test_valid,valid,0.0018
107,binary_gaussian,0.05,test_valid,valid,0.0018
108,binary_gaussian,0.05,test_valid,valid,0.0018
109,binary_gaussian,0.05,test_valid,valid,0.0018
110,binary_gaussian,0.05,test_valid,valid,0.002
111,binary_gaussian,0.05,test_valid,valid,0.0022
112,binary_gaussian,0.05,test_valid,valid,0.0024
113,binary_gaussian,0.05,test_valid,valid,0.0024
114,binary_gaussian,0.05,test_valid,valid,0.0026
115,binary_gaussian,0.05,test_valid,valid,0.0026
116,binary_gaussian,0.05,test_valid,valid,0.0026
117,binary_gaussian,0.05,test_valid,valid,0.0028
118,binary_gaussian,0.05,test_valid,valid,0.0028
119,binary_gaussian,0.05,test_valid,valid,0.0028
120,binary_gaussian,0.05,test_valid,valid,0.0028
121,binary_gaussian,0.05,test_valid,valid,0.0028
122,binary_gaussian,0.05,test_valid,valid,0.0028
123,binary_gaussian,0.05,test_valid,valid,0.003
124,binary_gaussian,0.05,test_valid,valid,0.003
125,binary_gaussian,0.05,test_valid,valid,0.003
126,binary_gaussian,0.05,test_valid,valid,0.0032
127,binary_gaussian,0.05,test_valid,valid,0.0032
128,binary_gaussian,0.05,test_valid,valid,0.0032
129,binary_gaussian,0.05,test_valid,valid,0.0034
130,binary_gaussian,0.05,test_valid,valid,0.0034
131,binary_gaussian,0.05,test_valid,valid,0.0038
132,binary_gaussian,0.05,test_valid,valid,0.0042
133,binary_gaussian,0.05,test_valid,valid,0.0044
134,binary_gaussian,0.05,test_valid,valid,0.0044
135,binary_gaussian,0.05,test_valid,valid,0.0044
136,binary_gaussian,0.05,test_valid,valid,0.0044
137,binary_gaussian,0.05,test_valid,valid,0.0044
138,binary_gaussian,0.05,test_valid,valid,0.0044
139,binary_gaussian,0.05,test_valid,valid,0.0046
140,binary_gaussian,0.05,test_valid,valid,0.0046
141,binary_gaussian,0.05,test_valid,valid,0.0048
142,binary_gaussian,0.05,test_valid,valid,0.0048
143,binary_gaussian,0.05,test_valid,valid,0.0048
144,binary_gaussian,0.05,test_valid,valid,0.005
145,binary_gaussian,0.05,test_valid,valid,0.005
146,binary_gaussian,0.05,test_valid,valid,0.005
147,binary_gaussian,0.05,test_valid,valid,0.005
148,binary_gaussian,0.05,test_valid,valid,0.005
149,binary_gaussian,0.05,test_valid,valid,0.005
150,binary_gaussian,0.05,test_valid,valid,0.005
151,binary_gaussian,0.05,test_valid,valid,0.005
152,binary_gaussian,0.05,test_valid,valid,0.005
153,binary_gaussian,0.05,test_valid,valid,0.0054
154,binary_gaussian,0.05,test_valid,valid,0.0054
155,binary_gaussian,0.05,test_valid,valid,0.0054
156,binary_gaussian,0.05,test_valid,valid,0.0054
157,binary_gaussian,0.05,test_valid,valid,0.0054
158,binary_gaussian,0.05,test_valid,valid,0.0054
159,binary_gaussian,0.05,test_valid,valid,0.0054
160,binary_gaussian,0.05,test_valid,valid,0.0054
161,binary_gaussian,0.05,test_valid,valid,0.0054
162,binary_gaussian,0.05,test_valid,valid,0.0054
163,binary_gaussian,0.05,test_valid,valid,0.0056
164,binary_gaussian,0.05,test_valid,valid,0.0058
165,binary_gaussian,0.05,test_valid,valid,0.0058
166,binary_gaussian,0.05,test_valid,valid,0.0058
167,binary_gaussian,0.05,test_valid,valid,0.006
168,binary_gaussian,0.05,test_valid,valid,0.0062
169,binary_gaussian,0.05,test_valid,valid,0.0062
170,binary_gaussian,0.05,test_valid,valid,0.0064
171,binary_gaussian,0.05,test_valid,valid,0.0064
172,binary_gaussian,0.05,test_valid,valid,0.0066
173,binary_gaussian,0.05,test_valid,valid,0.0066
174,binary_gaussian,0.05,test_valid,valid,0.0068
175,binary_gaussian,0.05,test_valid,valid,0.007
176,binary_gaussian,0.05,test_valid,valid,0.007
177,binary_gaussian,0.05,test_valid,valid,0.0072
178,binary_gaussian,0.05,test_valid,valid,0.0072
179,binary_gaussian,0.05,test_valid,valid,0.0072
180,binary_gaussian,0.05,test_valid,valid,0.0072
181,binary_gaussian,0.05,test_valid,valid,0.0072
182,binary_gaussian,0.05,test_valid,valid,0.0072
183,binary_gaussian,0.05,test_valid,valid,0.0074
184,binary_gaussian,0.05,test_valid,valid,0.0074
185,binary_gaussian,0.05,test_valid,valid,0.0074
186,binary_gaussian,0.05,test_valid,valid,0.0074
187,binary_gaussian,0.05,test_valid,valid,0.0074
188,binary_gaussian,0.05,test_valid,valid,0.0076
189,binary_gaussian,0.05,test_valid,valid,0.0078
190,binary_gaussian,0.05,test_valid,valid,0.008
191,binary_gaussian,0.05,test_valid,valid,0.0082
192,binary_gaussian,0.05,test_valid,valid,0.0082
193,binary_gaussian,0.05,test_valid,valid,0.0082
194,binary_gaussian,0.05,test_valid,valid,0.0086
195,binary_gaussian,0.05,test_valid,valid,0.0088
196,binary_gaussian,0.05,test_valid,valid,0.0088
197,binary_gaussian,0.05,test_valid,valid,0.009
198,binary_gaussian,0.05,test_valid,valid,0.0094
199,binary_gaussian,0.05,test_valid,valid,0.0094
200,binary_gaussian,0.05,test_valid,valid,0.0096
201,binary_gaussian,0.05,test_valid,valid,0.0096
202,binary_gaussian,0.05,test_valid,valid,0.0096
203,binary_gaussian,0.05,test_valid,valid,0.0098
204,binary_gaussian,0.05,test_valid,valid,0.0104
205,binary_gaussian,0.05,test_valid,valid,0.0104
206,binary_gaussian,0.05,test_valid,valid,0.011
207,binary_gaussian,0.05,test_valid,valid,0.0112
208,binary_gaussian,0.05,test_valid,valid,0.0112
209,binary_gaussian,0.05,test_valid,valid,0.0114
210,binary_gaussian,0.05,test_valid,valid,0.0114
211,binary_gaussian,0.05,test_valid,valid,0.0114
212,binary_gaussian,0.05,test_valid,valid,0.0114
213,binary_gaussian,0.05,test_valid,valid,0.0116
214,binary_gaussian,0.05,test_valid,valid,0.0116
215,binary_gaussian,0.05,test_valid,valid,0.0118
216,binary_gaussian,0.05,test_valid,valid,0.012
217,binary_gaussian,0.05,test_valid,valid,0.012
218,binary_gaussian,0.05,test_valid,valid,0.0122
219,binary_gaussian,0.05,test_valid,valid,0.0126
220,binary_gaussian,0.05,test_valid,valid,0.0126
221,binary_gaussian,0.05,test_valid,valid,0.0126
222,binary_gaussian,0.05,test_valid,valid,0.0128
223,binary_gaussian,0.05,test_valid,valid,0.0132
224,binary_gaussian,0.05,test_valid,valid,0.0134
225,binary_gaussian,0.05,test_valid,valid,0.0136
226,binary_gaussian,0.05,test_valid,valid,0.0138
227,binary_gaussian,0.05,test_valid,valid,0.0142
228,binary_gaussian,0.05,test_valid,valid,0.0142
229,binary_gaussian,0.05,test_valid,valid,0.0142
230,binary_gaussian,0.05,test_valid,valid,0.0142
231,binary_gaussian,0.05,test_valid,valid,0.0144
232,binary_gaussian,0.05,test_valid,valid,0.0144
233,binary_gaussian,0.05,test_valid,valid,0.0146
234,binary_gaussian,0.05,test_valid,valid,0.0146
235,binary_gaussian,0.05,test_valid,valid,0.0148
236,binary_gaussian,0.05,test_valid,valid,0.0148
237,binary_gaussian,0.05,test_valid,valid,0.0154
238,binary_gaussian,0.05,test_valid,valid,0.0154
239,binary_gaussian,0.05,test_valid,valid,0.0156
240,binary_gaussian,0.05,test_valid,valid,0.0156
241,binary_gaussian,0.05,test_valid,valid,0.0162
242,binary_gaussian,0.05,test_valid,valid,0.0164
243,binary_gaussian,0.05,test_valid,valid,0.0166
244,binary_gaussian,0.05,test_valid,valid,0.0166
245,binary_gaussian,0.05,test_valid,valid,0.0166
246,binary_gaussian,0.05,test_valid,valid,0.0166
247,binary_gaussian,0.05,test_valid,valid,0.0168
248,binary_gaussian,0.05,test_valid,valid,0.017
249,binary_gaussian,0.05,test_valid,valid,0.017
250,binary_gaussian,0.05,test_valid,valid,0.017
251,binary_gaussian,0.05,test_valid,valid,0.017
252,binary_gaussian,0.05,test_valid,valid,0.0174
253,binary_gaussian,0.05,test_valid,valid,0.018
254,binary_gaussian,0.05,test_valid,valid,0.018
255,binary_gaussian,0.05,test_valid,valid,0.018
256,binary_gaussian,0.05,test_valid,valid,0.018
257,binary_gaussian,0.05,test_valid,valid,0.018
258,binary_gaussian,0.05,test_valid,valid,0.0182
259,binary_gaussian,0.05,test_valid,valid,0.0182
260,binary_gaussian,0.05,test_valid,valid,0.0186
261,binary_gaussian,0.05,test_valid,valid,0.0186
262,binary_gaussian,0.05,test_valid,valid,0.0186
263,binary_gaussian,0.05,test_valid,valid,0.0186
264,binary_gaussian,0.05,test_valid,valid,0.0186
265,binary_gaussian,0.05,test_valid,valid,0.0188
266,binary_gaussian,0.05,test_valid,valid,0.019
267,binary_gaussian,0.05,test_valid,valid,0.0192
268,binary_gaussian,0.05,test_valid,valid,0.0194
269,binary_gaussian,0.05,test_valid,valid,0.0198
270,binary_gaussian,0.05,test_valid,valid,0.02
271,binary_gaussian,0.05,test_valid,valid,0.02
272,binary_gaussian,0.05,test_valid,valid,0.02
273,binary_gaussian,0.05,test_valid,valid,0.02
274,binary_gaussian,0.05,test_valid,valid,0.02
275,binary_gaussian,0.05,test_valid,valid,0.02
276,binary_gaussian,0.05,test_valid,valid,0.02
277,binary_gaussian,0.05,test_valid,valid,0.02
278,binary_gaussian,0.05,test_valid,valid,0.0204
279,binary_gaussian,0.05,test_valid,valid,0.0206
280,binary_gaussian,0.05,test_valid,valid,0.0206
281,binary_gaussian,0.05,test_valid,valid,0.021
282,binary_gaussian,0.05,test_valid,valid,0.021
283,binary_gaussian,0.05,test_valid,valid,0.021
284,binary_gaussian,0.05,test_valid,valid,0.021
285,binary_gaussian,0.05,test_valid,valid,0.021
286,binary_gaussian,0.05,test_valid,valid,0.021
287,binary_gaussian,0.05,test_valid,valid,0.0212
288,binary_gaussian,0.05,test_valid,valid,0.0218
289,binary_gaussian,0.05,test_valid,valid,0.0218
290,binary_gaussian,0.05,test_valid,valid,0.0218
291,binary_gaussian,0.05,test_valid,valid,0.0222
292,binary_gaussian,0.05,test_valid,valid,0.0224
293,binary_gaussian,0.05,test_valid,valid,0.0226
294,binary_gaussian,0.05,test_valid,valid,0.0226
295,binary_gaussian,0.05,test_valid,valid,0.023
296,binary_gaussian,0.05,test_valid,valid,0.0232
297,binary_gaussian,0.05,test_valid,valid,0.0232
298,binary_gaussian,0.05,test_valid,valid,0.0232
299,binary_gaussian,0.05,test_valid,valid,0.0236
300,binary_gaussian,0.05,test_valid,valid,0.0238
301,binary_gaussian,0.05,test_valid,valid,0.0238
302,binary_gaussian,0.05,test_valid,valid,0.0242
303,binary_gaussian,0.05,test_valid,valid,0.0244
304,binary_gaussian,0.05,test_valid,valid,0.0244
305,binary_gaussian,0.05,test_valid,valid,0.0246
306,binary_gaussian,0.05,test_valid,valid,0.0254
307,binary_gaussian,0.05,test_valid,valid,0.0254
308,binary_gaussian,0.05,test_valid,valid,0.0256
309,binary_gaussian,0.05,test_valid,valid,0.0256
310,binary_gaussian,0.05,test_valid,valid,0.0262
311,binary_gaussian,0.05,test_valid,valid,0.0264
312,binary_gaussian,0.05,test_valid,valid,0.0266
313,binary_gaussian,0.05,test_valid,valid,0.0268
314,binary_gaussian,0.05,test_valid,valid,0.0268
315,binary_gaussian,0.05,test_valid,valid,0.0268
316,binary_gaussian,0.05,test_valid,valid,0.027
317,binary_gaussian,0.05,test_valid,valid,0.0274
318,binary_gaussian,0.05,test_valid,valid,0.0274
319,binary_gaussian,0.05,test_valid,valid,0.0274
320,binary_gaussian,0.05,test_valid,valid,0.0276
321,binary_gaussian,0.05,test_valid,valid,0.0278
322,binary_gaussian,0.05,test_valid,valid,0.0278
323,binary_gaussian,0.05,test_valid,valid,0.028
324,binary_gaussian,0.05,test_valid,valid,0.028
325,binary_gaussian,0.05,test_valid,valid,0.028
326,binary_gaussian,0.05,test_valid,valid,0.028
327,binary_gaussian,0.05,test_valid,valid,0.028
328,binary_gaussian,0.05,test_valid,valid,0.0282
329,binary_gaussian,0.05,test_valid,valid,0.0286
330,binary_gaussian,0.05,test_valid,valid,0.0286
331,binary_gaussian,0.05,test_valid,valid,0.0288
332,binary_gaussian,0.05,test_valid,valid,0.0288
333,binary_gaussian,0.05,test_valid,valid,0.029
334,binary_gaussian,0.05,test_valid,valid,0.0292
335,binary_gaussian,0.05,test_valid,valid,0.0296
336,binary_gaussian,0.05,test_valid,valid,0.0296
337,binary_gaussian,0.05,test_valid,valid,0.03
338,binary_gaussian,0.05,test_valid,valid,0.0302
339,binary_gaussian,0.05,test_valid,valid,0.0304
340,binary_gaussian,0.05,test_valid,valid,0.0306
341,binary_gaussian,0.05,test_valid,valid,0.0306
342,binary_gaussian,0.05,test_valid,valid,0.0308
343,binary_gaussian,0.05,test_valid,valid,0.0308
344,binary_gaussian,0.05,test_valid,valid,0.0312
345,binary_gaussian,0.05,test_valid,valid,0.0314
346,binary_gaussian,0.05,test_valid,valid,0.0314
347,binary_gaussian,0.05,test_valid,valid,0.0316
348,binary_gaussian,0.05,test_valid,valid,0.0318
349,binary_gaussian,0.05,test_valid,valid,0.0318
350,binary_gaussian,0.05,test_valid,valid,0.032
351,binary_gaussian,0.05,test_valid,valid,0.032
352,binary_gaussian,0.05,test_valid,valid,0.032
353,binary_gaussian,0.05,test_valid,valid,0.0322
354,binary_gaussian,0.05,test_valid,valid,0.0324
355,binary_gaussian,0.05,test_valid,valid,0.0324
356,binary_gaussian,0.05,test_valid,valid,0.0324
357,binary_gaussian,0.05,test_valid,valid,0.0324
358,binary_gaussian,0.05,test_valid,valid,0.0324
359,binary_gaussian,0.05,test_valid,valid,0.0326
360,binary_gaussian,0.05,test_valid,valid,0.0328
361,binary_gaussian,0.05,test_valid,valid,0.033
362,binary_gaussian,0.05,test_valid,valid,0.033
363,binary_gaussian,0.05,test_valid,valid,0.0332
364,binary_gaussian,0.05,test_valid,valid,0.0332
365,binary_gaussian,0.05,test_valid,valid,0.0332
366,binary_gaussian,0.05,test_valid,valid,0.0332
367,binary_gaussian,0.05,test_valid,valid,0.0332
368,binary_gaussian,0.05,test_valid,valid,0.0332
369,binary_gaussian,0.05,test_valid,valid,0.0332
370,binary_gaussian,0.05,test_valid,valid,0.0334
371,binary_gaussian,0.05,test_valid,valid,0.0334
372,binary_gaussian,0.05,test_valid,valid,0.0334
373,binary_gaussian,0.05,test_valid,valid,0.0336
374,binary_gaussian,0.05,test_valid,valid,0.0338
375,binary_gaussian,0.05,test_valid,valid,0.0338
376,binary_gaussian,0.05,test_valid,valid,0.0342
377,binary_gaussian,0.05,test_valid,valid,0.0344
378,binary_gaussian,0.05,test_valid,valid,0.0348
379,binary_gaussian,0.05,test_valid,valid,0.0348
380,binary_gaussian,0.05,test_valid,valid,0.0352
381,binary_gaussian,0.05,test_valid,valid,0.0352
382,binary_gaussian,0.05,test_valid,valid,0.0352
383,binary_gaussian,0.05,test_valid,valid,0.0352
384,binary_gaussian,0.05,test_valid,valid,0.0352
385,binary_gaussian,0.05,test_valid,valid,0.0354
386,binary_gaussian,0.05,test_valid,valid,0.0354
387,binary_gaussian,0.05,test_valid,valid,0.0356
388,binary_gaussian,0.05,test_valid,valid,0.036
389,binary_gaussian,0.05,test_valid,valid,0.036
390,binary_gaussian,0.05,test_valid,valid,0.0362
391,binary_gaussian,0.05,test_valid,valid,0.0364
392,binary_gaussian,0.05,test_valid,valid,0.0364
393,binary_gaussian,0.05,test_valid,valid,0.0366
394,binary_gaussian,0.05,test_valid,valid,0.0368
395,binary_gaussian,0.05,test_valid,valid,0.037
396,binary_gaussian,0.05,test_valid,valid,0.037
397,binary_gaussian,0.05,test_valid,valid,0.0374
398,binary_gaussian,0.05,test_valid,valid,0.0376
399,binary_gaussian,0.05,test_valid,valid,0.0378
400,binary_gaussian,0.05,test_valid,valid,0.038
401,binary_gaussian,0.05,test_valid,valid,0.0382
402,binary_gaussian,0.05,test_valid,valid,0.0388
403,binary_gaussian,0.05,test_valid,valid,0.039
404,binary_gaussian,0.05,test_valid,valid,0.039
405,binary_gaussian,0.05,test_valid,valid,0.0392
406,binary_gaussian,0.05,test_valid,valid,0.0392
407,binary_gaussian,0.05,test_valid,valid,0.0396
408,binary_gaussian,0.05,test_valid,valid,0.0398
409,binary_gaussian,0.05,test_valid,valid,0.0398
410,binary_gaussian,0.05,test_valid,valid,0.0398
411,binary_gaussian,0.05,test_valid,valid,0.04
412,binary_gaussian,0.05,test_valid,valid,0.0404
413,binary_gaussian,0.05,test_valid,valid,0.0404
414,binary_gaussian,0.05,test_valid,valid,0.0406
415,binary_gaussian,0.05,test_valid,valid,0.0408
416,binary_gaussian,0.05,test_valid,valid,0.0408
417,binary_gaussian,0.05,test_valid,valid,0.0408
418,binary_gaussian,0.05,test_valid,valid,0.041
419,binary_gaussian,0.05,test_valid,valid,0.0412
420,binary_gaussian,0.05,test_valid,valid,0.0414
421,binary_gaussian,0.05,test_valid,valid,0.0416
422,binary_gaussian,0.05,test_valid,valid,0.0416
423,binary_gaussian,0.05,test_valid,valid,0.0418
424,binary_gaussian,0.05,test_valid,valid,0.0422
425,binary_gaussian,0.05,test_valid,valid,0.0422
426,binary_gaussian,0.05,test_valid,valid,0.0424
427,binary_gaussian,0.05,test_valid,valid,0.0426
428,binary_gaussian,0.05,test_valid,valid,0.0426
429,binary_gaussian,0.05,test_valid,valid,0.0426
430,binary_gaussian,0.05,test_valid,valid,0.0426
431,binary_gaussian,0.05,test_valid,valid,0.0426
432,binary_gaussian,0.05,test_valid,valid,0.0426
433,binary_gaussian,0.05,test_valid,valid,0.0426
434,binary_gaussian,0.05,test_valid,valid,0.0428
435,binary_gaussian,0.05,test_valid,valid,0.043
436,binary_gaussian,0.05,test_valid,valid,0.043
437,binary_gaussian,0.05,test_valid,valid,0.0432
438,binary_gaussian,0.05,test_valid,valid,0.0434
439,binary_gaussian,0.05,test_valid,valid,0.0436
440,binary_gaussian,0.05,test_valid,valid,0.0438
441,binary_gaussian,0.05,test_valid,valid,0.0438
442,binary_gaussian,0.05,test_valid,valid,0.0438
443,binary_gaussian,0.05,test_valid,valid,0.044
444,binary_gaussian,0.05,test_valid,valid,0.044
445,binary_gaussian,0.05,test_valid,valid,0.0442
446,binary_gaussian,0.05,test_valid,valid,0.0442
447,binary_gaussian,0.05,test_valid,valid,0.0448
448,binary_gaussian,0.05,test_valid,valid,0.045
449,binary_gaussian,0.05,test_valid,valid,0.045
450,binary_gaussian,0.05,test_valid,valid,0.0452
451,binary_gaussian,0.05,test_valid,valid,0.0452
452,binary_gaussian,0.05,test_valid,valid,0.0454
453,binary_gaussian,0.05,test_valid,valid,0.0454
454,binary_gaussian,0.05,test_valid,valid,0.0456
455,binary_gaussian,0.05,test_valid,valid,0.0458
456,binary_gaussian,0.05,test_valid,valid,0.0458
457,binary_gaussian,0.05,test_valid,valid,0.0458
458,binary_gaussian,0.05,test_valid,valid,0.0458
459,binary_gaussian,0.05,test_valid,valid,0.046
460,binary_gaussian,0.05,test_valid,valid,0.0462
461,binary_gaussian,0.05,test_valid,valid,0.0464
462,binary_gaussian,0.05,test_valid,valid,0.0464
463,binary_gaussian,0.05,test_valid,valid,0.0464
464,binary_gaussian,0.05,test_valid,valid,0.0464
465,binary_gaussian,0.05,test_valid,valid,0.0464
466,binary_gaussian,0.05,test_valid,valid,0.0464
467,binary_gaussian,0.05,test_valid,valid,0.0466
468,binary_gaussian,0.05,test_valid,valid,0.0468
469,binary_gaussian,0.05,test_valid,valid,0.047
470,binary_gaussian,0.05,test_valid,valid,0.0474
471,binary_gaussian,0.05,test_valid,valid,0.0474
472,binary_gaussian,0.05,test_valid,valid,0.0474
473,binary_gaussian,0.05,test_valid,valid,0.0476
474,binary_gaussian,0.05,test_valid,valid,0.0482
475,binary_gaussian,0.05,test_valid,valid,0.0488
476,binary_gaussian,0.05,test_valid,valid,0.0488
477,binary_gaussian,0.05,test_valid,valid,0.0488
478,binary_gaussian,0.05,test_valid,valid,0.0488
479,binary_gaussian,0.05,test_valid,valid,0.049
480,binary_gaussian,0.05,test_valid,valid,0.049
481,binary_gaussian,0.05,test_valid,valid,0.049
482,binary_gaussian,0.05,test_valid,valid,0.0492
483,binary_gaussian,0.05,test_valid,valid,0.0492
484,binary_gaussian,0.05,test_valid,valid,0.0494
485,binary_gaussian,0.05,test_valid,valid,0.0496
486,binary_gaussian,0.05,test_valid,valid,0.0496
487,binary_gaussian,0.05,test_valid,valid,0.0496
488,binary_gaussian,0.05,test_valid,valid,0.0496
489,binary_gaussian,0.05,test_valid,valid,0.0498
490,binary_gaussian,0.05,test_valid,valid,0.0498
491,binary_gaussian,0.05,test_valid,valid,0.05
492,binary_gaussian,0.05,test_valid,valid,0.0504
493,binary_gaussian,0.05,test_valid,valid,0.0508
494,binary_gaussian,0.05,test_valid,valid,0.0508
495,binary_gaussian,0.05,test_valid,valid,0.0508
496,binary_gaussian,0.05,test_valid,valid,0.0508
497,binary_gaussian,0.05,test_valid,valid,0.0508
498,binary_gaussian,0.05,test_valid,valid,0.0508
499,binary_gaussian,0.05,test_valid,valid,0.0508
500,binary_gaussian,0.05,test_valid,valid,0.0512
501,binary_gaussian,0.05,test_valid,valid,0.0512
502,binary_gaussian,0.05,test_valid,valid,0.0516
503,binary_gaussian,0.05,test_valid,valid,0.0516
504,binary_gaussian,0.05,test_valid,valid,0.0516
1,binary_gaussian,0.05,test_invalid,invalid,0.0
2,binary_gaussian,0.05,test_invalid,invalid,0.0
3,binary_gaussian,0.05,test_invalid,invalid,0.0
4,binary_gaussian,0.05,test_invalid,invalid,0.0
5,binary_gaussian,0.05,test_invalid,invalid,0.0
6,binary_gaussian,0.05,test_invalid,invalid,0.0
7,binary_gaussian,0.05,test_invalid,invalid,0.0
8,binary_gaussian,0.05,test_invalid,invalid,0.0
9,binary_gaussian,0.05,test_invalid,invalid,0.0
10,binary_gaussian,0.05,test_invalid,invalid,0.0
11,binary_gaussian,0.05,test_invalid,invalid,0.0
12,binary_gaussian,0.05,test_invalid,invalid,0.0
13,binary_gaussian,0.05,test_invalid,invalid,0.0
14,binary_gaussian,0.05,test_invalid,invalid,0.0
15,binary_gaussian,0.05,test_invalid,invalid,0.0
16,binary_gaussian,0.05,test_invalid,invalid,0.0
17,binary_gaussian,0.05,test_invalid,invalid,0.0
18,binary_gaussian,0.05,test_invalid,invalid,0.0
19,binary_gaussian,0.05,test_invalid,invalid,0.0
20,binary_gaussian,0.05,test_invalid,invalid,0.0
21,binary_gaussian,0.05,test_invalid,invalid,0.0
22,binary_gaussian,0.05,test_invalid,invalid,0.0
23,binary_gaussian,0.05,test_invalid,invalid,0.0
24,binary_gaussian,0.05,test_invalid,invalid,0.0
25,binary_gaussian,0.05,test_invalid,invalid,0.0
26,binary_gaussian,0.05,test_invalid,invalid,0.0
27,binary_gaussian,0.05,test_invalid,invalid,0.0
28,binary_gaussian,0.05,test_invalid,invalid,0.0
29,binary_gaussian,0.05,test_invalid,invalid,0.0
30,binary_gaussian,0.05,test_invalid,invalid,0.0
31,binary_gaussian,0.05,test_invalid,invalid,0.0
32,binary_gaussian,0.05,test_invalid,invalid,0.0
33,binary_gaussian,0.05,test_invalid,invalid,0.0
34,binary_gaussian,0.05,test_invalid,invalid,0.0
35,binary_gaussian,0.05,test_invalid,invalid,0.0
36,binary_gaussian,0.05,test_invalid,invalid,0.0
37,binary_gaussian,0.05,test_invalid,invalid,0.0
38,binary_gaussian,0.05,test_invalid,invalid,0.0
39,binary_gaussian,0.05,test_invalid,invalid,0.0
40,binary_gaussian,0.05,test_invalid,invalid,0.0
41,binary_gaussian,0.05,test_invalid,invalid,0.0
42,binary_gaussian,0.05,test_invalid,invalid,0.0
43,binary_gaussian,0.05,test_invalid,invalid,0.0
44,binary_gaussian,0.05,test_invalid,invalid,0.0
45,binary_gaussian,0.05,test_invalid,invalid,0.0
46,binary_gaussian,0.05,test_invalid,invalid,0.0
47,binary_gaussian,0.05,test_invalid,invalid,0.0
48,binary_gaussian,0.05,test_invalid,invalid,0.0
49,binary_gaussian,0.05,test_invalid,invalid,0.0
50,binary_gaussian,0.05,test_invalid,invalid,0.0
51,binary_gaussian,0.05,test_invalid,invalid,0.0
52,binary_gaussian,0.05,test_invalid,invalid,0.0
53,binary_gaussian,0.05,test_invalid,invalid,0.0002
54,binary_gaussian,0.05,test_invalid,invalid,0.0002
55,binary_gaussian,0.05,test_invalid,invalid,0.0002
56,binary_gaussian,0.05,test_invalid,invalid,0.0002
57,binary_gaussian,0.05,test_invalid,invalid,0.0002
58,binary_gaussian,0.05,test_invalid,invalid,0.0002
59,binary_gaussian,0.05,test_invalid,invalid,0.0002
60,binary_gaussian,0.05,test_invalid,invalid,0.0002
61,binary_gaussian,0.05,test_invalid,invalid,0.0002
62,binary_gaussian,0.05,test_invalid,invalid,0.0006
63,binary_gaussian,0.05,test_invalid,invalid,0.0006
64,binary_gaussian,0.05,test_invalid,invalid,0.0006
65,binary_gaussian,0.05,test_invalid,invalid,0.0006
66,binary_gaussian,0.05,test_invalid,invalid,0.0006
67,binary_gaussian,0.05,test_invalid,invalid,0.0006
68,binary_gaussian,0.05,test_invalid,invalid,0.0006
69,binary_gaussian,0.05,test_invalid,invalid,0.0008
70,binary_gaussian,0.05,test_invalid,invalid,0.001
71,binary_gaussian,0.05,test_invalid,invalid,0.001
72,binary_gaussian,0.05,test_invalid,invalid,0.001
73,binary_gaussian,0.05,test_invalid,invalid,0.001
74,binary_gaussian,0.05,test_invalid,invalid,0.001
75,binary_gaussian,0.05,test_invalid,invalid,0.001
76,binary_gaussian,0.05,test_invalid,invalid,0.001
77,binary_gaussian,0.05,test_invalid,invalid,0.001
78,binary_gaussian,0.05,test_invalid,invalid,0.001
79,binary_gaussian,0.05,test_invalid,invalid,0.001
80,binary_gaussian,0.05,test_invalid,invalid,0.0012
81,binary_gaussian,0.05,test_invalid,invalid,0.0012
82,binary_gaussian,0.05,test_invalid,invalid,0.0012
83,binary_gaussian,0.05,test_invalid,invalid,0.0012
84,binary_gaussian,0.05,test_invalid,invalid,0.0012
85,binary_gaussian,0.05,test_invalid,invalid,0.0012
86,binary_gaussian,0.05,test_invalid,invalid,0.0014
87,binary_gaussian,0.05,test_invalid,invalid,0.0016
88,binary_gaussian,0.05,test_invalid,invalid,0.0018
89,binary_gaussian,0.05,test_invalid,invalid,0.0018
90,binary_gaussian,0.05,test_invalid,invalid,0.002
91,binary_gaussian,0.05,test_invalid,invalid,0.0022
92,binary_gaussian,0.05,test_invalid,invalid,0.0028
93,binary_gaussian,0.05,test_invalid,invalid,0.003
94,binary_gaussian,0.05,test_invalid,invalid,0.0034
95,binary_gaussian,0.05,test_invalid,invalid,0.0038
96,binary_gaussian,0.05,test_invalid,invalid,0.004
97,binary_gaussian,0.05,test_invalid,invalid,0.004
98,binary_gaussian,0.05,test_invalid,invalid,0.0044
99,binary_gaussian,0.05,test_invalid,invalid,0.0046
100,binary_gaussian,0.05,test_invalid,invalid,0.0046
101,binary_gaussian,0.05,test_invalid,invalid,0.0048
102,binary_gaussian,0.05,test_invalid,invalid,0.0052
103,binary_gaussian,0.05,test_invalid,invalid,0.0052
104,binary_gaussian,0.05,test_invalid,invalid,0.0052
105,binary_gaussian,0.05,test_invalid,invalid,0.0056
106,binary_gaussian,0.05,test_invalid,invalid,0.0062
107,binary_gaussian,0.05,test_invalid,invalid,0.0066
108,binary_gaussian,0.05,test_invalid,invalid,0.0068
109,binary_gaussian,0.05,test_invalid,invalid,0.0072
110,binary_gaussian,0.05,test_invalid,invalid,0.0072
111,binary_gaussian,0.05,test_invalid,invalid,0.0074
112,binary_gaussian,0.05,test_invalid,invalid,0.008
113,binary_gaussian,0.05,test_invalid,invalid,0.0086
114,binary_gaussian,0.05,test_invalid,invalid,0.0092
115,binary_gaussian,0.05,test_invalid,invalid,0.0098
116,binary_gaussian,0.05,test_invalid,invalid,0.0104
117,binary_gaussian,0.05,test_invalid,invalid,0.011
118,binary_gaussian,0.05,test_invalid,invalid,0.0118
119,binary_gaussian,0.05,test_invalid,invalid,0.012
120,binary_gaussian,0.05,test_invalid,invalid,0.0126
121,binary_gaussian,0.05,test_invalid,invalid,0.0132
122,binary_gaussian,0.05,test_invalid,invalid,0.0136
123,binary_gaussian,0.05,test_invalid,invalid,0.0142
124,binary_gaussian,0.05,test_invalid,invalid,0.0144
125,binary_gaussian,0.05,test_invalid,invalid,0.0148
126,binary_gaussian,0.05,test_invalid,invalid,0.0156
127,binary_gaussian,0.05,test_invalid,invalid,0.016
128,binary_gaussian,0.05,test_invalid,invalid,0.0164
129,binary_gaussian,0.05,test_invalid,invalid,0.0176
130,binary_gaussian,0.05,test_invalid,invalid,0.0178
131,binary_gaussian,0.05,test_invalid,invalid,0.0186
132,binary_gaussian,0.05,test_invalid,invalid,0.0194
133,binary_gaussian,0.05,test_invalid,invalid,0.0196
134,binary_gaussian,0.05,test_invalid,invalid,0.0198
135,binary_gaussian,0.05,test_invalid,invalid,0.02
136,binary_gaussian,0.05,test_invalid,invalid,0.0214
137,binary_gaussian,0.05,test_invalid,invalid,0.022
138,binary_gaussian,0.05,test_invalid,invalid,0.0226
139,binary_gaussian,0.05,test_invalid,invalid,0.0234
140,binary_gaussian,0.05,test_invalid,invalid,0.0242
141,binary_gaussian,0.05,test_invalid,invalid,0.0252
142,binary_gaussian,0.05,test_invalid,invalid,0.026
143,binary_gaussian,0.05,test_invalid,invalid,0.0262
144,binary_gaussian,0.05,test_invalid,invalid,0.0262
145,binary_gaussian,0.05,test_invalid,invalid,0.0266
146,binary_gaussian,0.05,test_invalid,invalid,0.0272
147,binary_gaussian,0.05,test_invalid,invalid,0.0278
148,binary_gaussian,0.05,test_invalid,invalid,0.028
149,binary_gaussian,0.05,test_invalid,invalid,0.0286
150,binary_gaussian,0.05,test_invalid,invalid,0.0292
151,binary_gaussian,0.05,test_invalid,invalid,0.03
152,binary_gaussian,0.05,test_invalid,invalid,0.0308
153,binary_gaussian,0.05,test_invalid,invalid,0.0314
154,binary_gaussian,0.05,test_invalid,invalid,0.0322
155,binary_gaussian,0.05,test_invalid,invalid,0.0326
156,binary_gaussian,0.05,test_invalid,invalid,0.0336
157,binary_gaussian,0.05,test_invalid,invalid,0.0336
158,binary_gaussian,0.05,test_invalid,invalid,0.0342
159,binary_gaussian,0.05,test_invalid,invalid,0.0348
160,binary_gaussian,0.05,test_invalid,invalid,0.0352
161,binary_gaussian,0.05,test_invalid,invalid,0.0356
162,binary_gaussian,0.05,test_invalid,invalid,0.0362
163,binary_gaussian,0.05,test_invalid,invalid,0.0366
164,binary_gaussian,0.05,test_invalid,invalid,0.0372
165,binary_gaussian,0.05,test_invalid,invalid,0.0382
166,binary_gaussian,0.05,test_invalid,invalid,0.0392
167,binary_gaussian,0.05,test_invalid,invalid,0.0392
168,binary_gaussian,0.05,test_invalid,invalid,0.0404
169,binary_gaussian,0.05,test_invalid,invalid,0.041
170,binary_gaussian,0.05,test_invalid,invalid,0.0414
171,binary_gaussian,0.05,test_invalid,invalid,0.0422
172,binary_gaussian,0.05,test_invalid,invalid,0.0428
173,binary_gaussian,0.05,test_invalid,invalid,0.0434
174,binary_gaussian,0.05,test_invalid,invalid,0.0448
175,binary_gaussian,0.05,test_invalid,invalid,0.0452
176,binary_gaussian,0.05,test_invalid,invalid,0.0452
177,binary_gaussian,0.05,test_invalid,invalid,0.047
178,binary_gaussian,0.05,test_invalid,invalid,0.0474
179,binary_gaussian,0.05,test_invalid,invalid,0.0482
180,binary_gaussian,0.05,test_invalid,invalid,0.0486
181,binary_gaussian,0.05,test_invalid,invalid,0.0496
182,binary_gaussian,0.05,test_invalid,invalid,0.0504
183,binary_gaussian,0.05,test_invalid,invalid,0.0508
184,binary_gaussian,0.05,test_invalid,invalid,0.0516
185,binary_gaussian,0.05,test_invalid,invalid,0.0524
186,binary_gaussian,0.05,test_invalid,invalid,0.0534
187,binary_gaussian,0.05,test_invalid,invalid,0.054
188,binary_gaussian,0.05,test_invalid,invalid,0.055
189,binary_gaussian,0.05,test_invalid,invalid,0.0552
190,binary_gaussian,0.05,test_invalid,invalid,0.0562
191,binary_gaussian,0.05,test_invalid,invalid,0.057
192,binary_gaussian,0.05,test_invalid,invalid,0.0584
193,binary_gaussian,0.05,test_invalid,invalid,0.0588
194,binary_gaussian,0.05,test_invalid,invalid,0.06
195,binary_gaussian,0.05,test_invalid,invalid,0.061
196,binary_gaussian,0.05,test_invalid,invalid,0.0614
197,binary_gaussian,0.05,test_invalid,invalid,0.0624
198,binary_gaussian,0.05,test_invalid,invalid,0.0642
199,binary_gaussian,0.05,test_invalid,invalid,0.065
200,binary_gaussian,0.05,test_invalid,invalid,0.0654
201,binary_gaussian,0.05,test_invalid,invalid,0.0656
202,binary_gaussian,0.05,test_invalid,invalid,0.0666
203,binary_gaussian,0.05,test_invalid,invalid,0.0678
204,binary_gaussian,0.05,test_invalid,invalid,0.068
205,binary_gaussian,0.05,test_invalid,invalid,0.0692
206,binary_gaussian,0.05,test_invalid,invalid,0.07
207,binary_gaussian,0.05,test_invalid,invalid,0.0708
208,binary_gaussian,0.05,test_invalid,invalid,0.071
209,binary_gaussian,0.05,test_invalid,invalid,0.0716
210,binary_gaussian,0.05,test_invalid,invalid,0.0726
211,binary_gaussian,0.05,test_invalid,invalid,0.0732
212,binary_gaussian,0.05,test_invalid,invalid,0.0746
213,binary_gaussian,0.05,test_invalid,invalid,0.0756
214,binary_gaussian,0.05,test_invalid,invalid,0.0768
215,binary_gaussian,0.05,test_invalid,invalid,0.0772
216,binary_gaussian,0.05,test_invalid,invalid,0.078
217,binary_gaussian,0.05,test_invalid,invalid,0.0784
218,binary_gaussian,0.05,test_invalid,invalid,0.0788
219,binary_gaussian,0.05,test_invalid,invalid,0.0796
220,binary_gaussian,0.05,test_invalid,invalid,0.0808
221,binary_gaussian,0.05,test_invalid,invalid,0.0814
222,binary_gaussian,0.05,test_invalid,invalid,0.0822
223,binary_gaussian,0.05,test_invalid,invalid,0.0832
224,binary_gaussian,0.05,test_invalid,invalid,0.0834
225,binary_gaussian,0.05,test_invalid,invalid,0.0852
226,binary_gaussian,0.05,test_invalid,invalid,0.0864
227,binary_gaussian,0.05,test_invalid,invalid,0.0868
228,binary_gaussian,0.05,test_invalid,invalid,0.0876
229,binary_gaussian,0.05,test_invalid,invalid,0.089
230,binary_gaussian,0.05,test_invalid,invalid,0.0902
231,binary_gaussian,0.05,test_invalid,invalid,0.091
232,binary_gaussian,0.05,test_invalid,invalid,0.0922
233,binary_gaussian,0.05,test_invalid,invalid,0.0942
234,binary_gaussian,0.05,test_invalid,invalid,0.096
235,binary_gaussian,0.05,test_invalid,invalid,0.0966
236,binary_gaussian,0.05,test_invalid,invalid,0.0974
237,binary_gaussian,0.05,test_invalid,invalid,0.0988
238,binary_gaussian,0.05,test_invalid,invalid,0.0998
239,binary_gaussian,0.05,test_invalid,invalid,0.101
240,binary_gaussian,0.05,test_invalid,invalid,0.1016
241,binary_gaussian,0.05,test_invalid,invalid,0.103
242,binary_gaussian,0.05,test_invalid,invalid,0.1034
243,binary_gaussian,0.05,test_invalid,invalid,0.104
244,binary_gaussian,0.05,test_invalid,invalid,0.105
245,binary_gaussian,0.05,test_invalid,invalid,0.1056
246,binary_gaussian,0.05,test_invalid,invalid,0.1074
247,binary_gaussian,0.05,test_invalid,invalid,0.1088
248,binary_gaussian,0.05,test_invalid,invalid,0.1096
249,binary_gaussian,0.05,test_invalid,invalid,0.1108
250,binary_gaussian,0.05,test_invalid,invalid,0.1118
251,binary_gaussian,0.05,test_invalid,invalid,0.1128
252,binary_gaussian,0.05,test_invalid,invalid,0.114
253,binary_gaussian,0.05,test_invalid,invalid,0.115
254,binary_gaussian,0.05,test_invalid,invalid,0.1168
255,binary_gaussian,0.05,test_invalid,invalid,0.1172
256,binary_gaussian,0.05,test_invalid,invalid,0.1182
257,binary_gaussian,0.05,test_invalid,invalid,0.1184
258,binary_gaussian,0.05,test_invalid,invalid,0.1188
259,binary_gaussian,0.05,test_invalid,invalid,0.1196
260,binary_gaussian,0.05,test_invalid,invalid,0.12
261,binary_gaussian,0.05,test_invalid,invalid,0.1212
262,binary_gaussian,0.05,test_invalid,invalid,0.122
263,binary_gaussian,0.05,test_invalid,invalid,0.123
264,binary_gaussian,0.05,test_invalid,invalid,0.1238
265,binary_gaussian,0.05,test_invalid,invalid,0.1244
266,binary_gaussian,0.05,test_invalid,invalid,0.1258
267,binary_gaussian,0.05,test_invalid,invalid,0.1266
268,binary_gaussian,0.05,test_invalid,invalid,0.1272
269,binary_gaussian,0.05,test_invalid,invalid,0.1284
270,binary_gaussian,0.05,test_invalid,invalid,0.1292
271,binary_gaussian,0.05,test_invalid,invalid,0.1306
272,binary_gaussian,0.05,test_invalid,invalid,0.1314
273,binary_gaussian,0.05,test_invalid,invalid,0.1328
274,binary_gaussian,0.05,test_invalid,invalid,0.1342
275,binary_gaussian,0.05,test_invalid,invalid,0.1356
276,binary_gaussian,0.05,test_invalid,invalid,0.137
277,binary_gaussian,0.05,test_invalid,invalid,0.1382
278,binary_gaussian,0.05,test_invalid,invalid,0.1398
279,binary_gaussian,0.05,test_invalid,invalid,0.1404
280,binary_gaussian,0.05,test_invalid,invalid,0.142
281,binary_gaussian,0.05,test_invalid,invalid,0.1434
282,binary_gaussian,0.05,test_invalid,invalid,0.1444
283,binary_gaussian,0.05,test_invalid,invalid,0.1456
284,binary_gaussian,0.05,test_invalid,invalid,0.1464
285,binary_gaussian,0.05,test_invalid,invalid,0.1474
286,binary_gaussian,0.05,test_invalid,invalid,0.148
287,binary_gaussian,0.05,test_invalid,invalid,0.1484
288,binary_gaussian,0.05,test_invalid,invalid,0.149
289,binary_gaussian,0.05,test_invalid,invalid,0.1508
290,binary_gaussian,0.05,test_invalid,invalid,0.1522
291,binary_gaussian,0.05,test_invalid,invalid,0.1534
292,binary_gaussian,0.05,test_invalid,invalid,0.154
293,binary_gaussian,0.05,test_invalid,invalid,0.1552
294,binary_gaussian,0.05,test_invalid,invalid,0.1564
295,binary_gaussian,0.05,test_invalid,invalid,0.1578
296,binary_gaussian,0.05,test_invalid,invalid,0.159
297,binary_gaussian,0.05,test_invalid,invalid,0.1608
298,binary_gaussian,0.05,test_invalid,invalid,0.1628
299,binary_gaussian,0.05,test_invalid,invalid,0.1646
300,binary_gaussian,0.05,test_invalid,invalid,0.1656
301,binary_gaussian,0.05,test_invalid,invalid,0.1656
302,binary_gaussian,0.05,test_invalid,invalid,0.1664
303,binary_gaussian,0.05,test_invalid,invalid,0.1666
304,binary_gaussian,0.05,test_invalid,invalid,0.1674
305,binary_gaussian,0.05,test_invalid,invalid,0.168
306,binary_gaussian,0.05,test_invalid,invalid,0.1692
307,binary_gaussian,0.05,test_invalid,invalid,0.1706
308,binary_gaussian,0.05,test_invalid,invalid,0.1706
309,binary_gaussian,0.05,test_invalid,invalid,0.1716
310,binary_gaussian,0.05,test_invalid,invalid,0.1728
311,binary_gaussian,0.05,test_invalid,invalid,0.1734
312,binary_gaussian,0.05,test_invalid,invalid,0.1744
313,binary_gaussian,0.05,test_invalid,invalid,0.1748
314,binary_gaussian,0.05,test_invalid,invalid,0.1756
315,binary_gaussian,0.05,test_invalid,invalid,0.1766
316,binary_gaussian,0.05,test_invalid,invalid,0.1778
317,binary_gaussian,0.05,test_invalid,invalid,0.179
318,binary_gaussian,0.05,test_invalid,invalid,0.18
319,binary_gaussian,0.05,test_invalid,invalid,0.1814
320,binary_gaussian,0.05,test_invalid,invalid,0.1818
321,binary_gaussian,0.05,test_invalid,invalid,0.1828
322,binary_gaussian,0.05,test_invalid,invalid,0.1836
323,binary_gaussian,0.05,test_invalid,invalid,0.1842
324,binary_gaussian,0.05,test_invalid,invalid,0.1856
325,binary_gaussian,0.05,test_invalid,invalid,0.1864
326,binary_gaussian,0.05,test_invalid,invalid,0.1874
327,binary_gaussian,0.05,test_invalid,invalid,0.1882
328,binary_gaussian,0.05,test_invalid,invalid,0.1894
329,binary_gaussian,0.05,test_invalid,invalid,0.1904
330,binary_gaussian,0.05,test_invalid,invalid,0.192
331,binary_gaussian,0.05,test_invalid,invalid,0.1922
332,binary_gaussian,0.05,test_invalid,invalid,0.1932
333,binary_gaussian,0.05,test_invalid,invalid,0.1946
334,binary_gaussian,0.05,test_invalid,invalid,0.1962
335,binary_gaussian,0.05,test_invalid,invalid,0.1974
336,binary_gaussian,0.05,test_invalid,invalid,0.1984
337,binary_gaussian,0.05,test_invalid,invalid,0.1996
338,binary_gaussian,0.05,test_invalid,invalid,0.2002
339,binary_gaussian,0.05,test_invalid,invalid,0.2014
340,binary_gaussian,0.05,test_invalid,invalid,0.2022
341,binary_gaussian,0.05,test_invalid,invalid,0.2028
342,binary_gaussian,0.05,test_invalid,invalid,0.2048
343,binary_gaussian,0.05,test_invalid,invalid,0.2054
344,binary_gaussian,0.05,test_invalid,invalid,0.2062
345,binary_gaussian,0.05,test_invalid,invalid,0.2068
346,binary_gaussian,0.05,test_invalid,invalid,0.2084
347,binary_gaussian,0.05,test_invalid,invalid,0.2094
348,binary_gaussian,0.05,test_invalid,invalid,0.2106
349,binary_gaussian,0.05,test_invalid,invalid,0.211
350,binary_gaussian,0.05,test_invalid,invalid,0.2116
351,binary_gaussian,0.05,test_invalid,invalid,0.2124
352,binary_gaussian,0.05,test_invalid,invalid,0.2134
353,binary_gaussian,0.05,test_invalid,invalid,0.2146
354,binary_gaussian,0.05,test_invalid,invalid,0.217
355,binary_gaussian,0.05,test_invalid,invalid,0.2182
356,binary_gaussian,0.05,test_invalid,invalid,0.2188
357,binary_gaussian,0.05,test_invalid,invalid,0.22
358,binary_gaussian,0.05,test_invalid,invalid,0.2212
359,binary_gaussian,0.05,test_invalid,invalid,0.2226
360,binary_gaussian,0.05,test_invalid,invalid,0.2236
361,binary_gaussian,0.05,test_invalid,invalid,0.2246
362,binary_gaussian,0.05,test_invalid,invalid,0.2258
363,binary_gaussian,0.05,test_invalid,invalid,0.2276
364,binary_gaussian,0.05,test_invalid,invalid,0.2278
365,binary_gaussian,0.05,test_invalid,invalid,0.2292
366,binary_gaussian,0.05,test_invalid,invalid,0.2304
367,binary_gaussian,0.05,test_invalid,invalid,0.2318
368,binary_gaussian,0.05,test_invalid,invalid,0.2332
369,binary_gaussian,0.05,test_invalid,invalid,0.2346
370,binary_gaussian,0.05,test_invalid,invalid,0.2364
371,binary_gaussian,0.05,test_invalid,invalid,0.2372
372,binary_gaussian,0.05,test_invalid,invalid,0.2388
373,binary_gaussian,0.05,test_invalid,invalid,0.2406
374,binary_gaussian,0.05,test_invalid,invalid,0.242
375,binary_gaussian,0.05,test_invalid,invalid,0.243
376,binary_gaussian,0.05,test_invalid,invalid,0.2442
377,binary_gaussian,0.05,test_invalid,invalid,0.2462
378,binary_gaussian,0.05,test_invalid,invalid,0.2482
379,binary_gaussian,0.05,test_invalid,invalid,0.2494
380,binary_gaussian,0.05,test_invalid,invalid,0.2502
381,binary_gaussian,0.05,test_invalid,invalid,0.2518
382,binary_gaussian,0.05,test_invalid,invalid,0.2526
383,binary_gaussian,0.05,test_invalid,invalid,0.2534
384,binary_gaussian,0.05,test_invalid,invalid,0.2548
385,binary_gaussian,0.05,test_invalid,invalid,0.2558
386,binary_gaussian,0.05,test_invalid,invalid,0.257
387,binary_gaussian,0.05,test_invalid,invalid,0.2576
388,binary_gaussian,0.05,test_invalid,invalid,0.2586
389,binary_gaussian,0.05,test_invalid,invalid,0.2592
390,binary_gaussian,0.05,test_invalid,invalid,0.2608
391,binary_gaussian,0.05,test_invalid,invalid,0.2624
392,binary_gaussian,0.05,test_invalid,invalid,0.2638
393,binary_gaussian,0.05,test_invalid,invalid,0.2644
394,binary_gaussian,0.05,test_invalid,invalid,0.2656
395,binary_gaussian,0.05,test_invalid,invalid,0.2662
396,binary_gaussian,0.05,test_invalid,invalid,0.2674
397,binary_gaussian,0.05,test_invalid,invalid,0.269
398,binary_gaussian,0.05,test_invalid,invalid,0.2704
399,binary_gaussian,0.05,test_invalid,invalid,0.272
400,binary_gaussian,0.05,test_invalid,invalid,0.2732
401,binary_gaussian,0.05,test_invalid,invalid,0.274
402,binary_gaussian,0.05,test_invalid,invalid,0.2752
403,binary_gaussian,0.05,test_invalid,invalid,0.2752
404,binary_gaussian,0.05,test_invalid,invalid,0.2756
405,binary_gaussian,0.05,test_invalid,invalid,0.2772
406,binary_gaussian,0.05,test_invalid,invalid,0.2788
407,binary_gaussian,0.05,test_invalid,invalid,0.2794
408,binary_gaussian,0.05,test_invalid,invalid,0.2804
409,binary_gaussian,0.05,test_invalid,invalid,0.2808
410,binary_gaussian,0.05,test_invalid,invalid,0.2814
411,binary_gaussian,0.05,test_invalid,invalid,0.2824
412,binary_gaussian,0.05,test_invalid,invalid,0.2832
413,binary_gaussian,0.05,test_invalid,invalid,0.2846
414,binary_gaussian,0.05,test_invalid,invalid,0.2852
415,binary_gaussian,0.05,test_invalid,invalid,0.2864
416,binary_gaussian,0.05,test_invalid,invalid,0.2874
417,binary_gaussian,0.05,test_invalid,invalid,0.288
418,binary_gaussian,0.05,test_invalid,invalid,0.2892
419,binary_gaussian,0.05,test_invalid,invalid,0.29
420,binary_gaussian,0.05,test_invalid,invalid,0.2908
421,binary_gaussian,0.05,test_invalid,invalid,0.2926
422,binary_gaussian,0.05,test_invalid,invalid,0.2934
423,binary_gaussian,0.05,test_invalid,invalid,0.294
424,binary_gaussian,0.05,test_invalid,invalid,0.2946
425,binary_gaussian,0.05,test_invalid,invalid,0.2966
426,binary_gaussian,0.05,test_invalid,invalid,0.2974
427,binary_gaussian,0.05,test_invalid,invalid,0.2984
428,binary_gaussian,0.05,test_invalid,invalid,0.2988
429,binary_gaussian,0.05,test_invalid,invalid,0.2998
430,binary_gaussian,0.05,test_invalid,invalid,0.301
431,binary_gaussian,0.05,test_invalid,invalid,0.3016
432,binary_gaussian,0.05,test_invalid,invalid,0.3024
433,binary_gaussian,0.05,test_invalid,invalid,0.304
434,binary_gaussian,0.05,test_invalid,invalid,0.3048
435,binary_gaussian,0.05,test_invalid,invalid,0.3058
436,binary_gaussian,0.05,test_invalid,invalid,0.3072
437,binary_gaussian,0.05,test_invalid,invalid,0.3086
438,binary_gaussian,0.05,test_invalid,invalid,0.3094
439,binary_gaussian,0.05,test_invalid,invalid,0.31
440,binary_gaussian,0.05,test_invalid,invalid,0.3108
441,binary_gaussian,0.05,test_invalid,invalid,0.3124
442,binary_gaussian,0.05,test_invalid,invalid,0.3132
443,binary_gaussian,0.05,test_invalid,invalid,0.3142
444,binary_gaussian,0.05,test_invalid,invalid,0.3154
445,binary_gaussian,0.05,test_invalid,invalid,0.3156
446,binary_gaussian,0.05,test_invalid,invalid,0.3164
447,binary_gaussian,0.05,test_invalid,invalid,0.3178
448,binary_gaussian,0.05,test_invalid,invalid,0.3184
449,binary_gaussian,0.05,test_invalid,invalid,0.3196
450,binary_gaussian,0.05,test_invalid,invalid,0.3196
451,binary_gaussian,0.05,test_invalid,invalid,0.3202
452,binary_gaussian,0.05,test_invalid,invalid,0.321
453,binary_gaussian,0.05,test_invalid,invalid,0.3218
454,binary_gaussian,0.05,test_invalid,invalid,0.3234
455,binary_gaussian,0.05,test_invalid,invalid,0.3246
456,binary_gaussian,0.05,test_invalid,invalid,0.3254
457,binary_gaussian,0.05,test_invalid,invalid,0.326
458,binary_gaussian,0.05,test_invalid,invalid,0.3272
459,binary_gaussian,0.05,test_invalid,invalid,0.328
460,binary_gaussian,0.05,test_invalid,invalid,0.3288
461,binary_gaussian,0.05,test_invalid,invalid,0.33
462,binary_gaussian,0.05,test_invalid,invalid,0.3312
463,binary_gaussian,0.05,test_invalid,invalid,0.3322
464,binary_gaussian,0.05,test_invalid,invalid,0.333
465,binary_gaussian,0.05,test_invalid,invalid,0.334
466,binary_gaussian,0.05,test_invalid,invalid,0.3348
467,binary_gaussian,0.05,test_invalid,invalid,0.3354
468,binary_gaussian,0.05,test_invalid,invalid,0.3356
469,binary_gaussian,0.05,test_invalid,invalid,0.3364
470,binary_gaussian,0.05,test_invalid,invalid,0.3376
471,binary_gaussian,0.05,test_invalid,invalid,0.339
472,binary_gaussian,0.05,test_invalid,invalid,0.3402
473,binary_gaussian,0.05,test_invalid,invalid,0.3412
474,binary_gaussian,0.05,test_invalid,invalid,0.3422
475,binary_gaussian,0.05,test_invalid,invalid,0.3424
476,binary_gaussian,0.05,test_invalid,invalid,0.3434
477,binary_gaussian,0.05,test_invalid,invalid,0.345
478,binary_gaussian,0.05,test_invalid,invalid,0.3458
479,binary_gaussian,0.05,test_invalid,invalid,0.347
480,binary_gaussian,0.05,test_invalid,invalid,0.3482
481,binary_gaussian,0.05,test_invalid,invalid,0.3488
482,binary_gaussian,0.05,test_invalid,invalid,0.3492
483,binary_gaussian,0.05,test_invalid,invalid,0.35
484,binary_gaussian,0.05,test_invalid,invalid,0.3512
485,binary_gaussian,0.05,test_invalid,invalid,0.3522
486,binary_gaussian,0.05,test_invalid,invalid,0.3534
487,binary_gaussian,0.05,test_invalid,invalid,0.3548
488,binary_gaussian,0.05,test_invalid,invalid,0.355
489,binary_gaussian,0.05,test_invalid,invalid,0.3556
490,binary_gaussian,0.05,test_invalid,invalid,0.3562
491,binary_gaussian,0.05,test_invalid,invalid,0.3576
492,binary_gaussian,0.05,test_invalid,invalid,0.3586
493,binary_gaussian,0.05,test_invalid,invalid,0.359
494,binary_gaussian,0.05,test_invalid,invalid,0.3602
495,binary_gaussian,0.05,test_invalid,invalid,0.3606
496,binary_gaussian,0.05,test_invalid,invalid,0.3614
497,binary_gaussian,0.05,test_invalid,invalid,0.363
498,binary_gaussian,0.05,test_invalid,invalid,0.3634
499,binary_gaussian,0.05,test_invalid,invalid,0.364
500,binary_gaussian,0.05,test_invalid,invalid,0.3652
501,binary_gaussian,0.05,test_invalid,invalid,0.3662
502,binary_gaussian,0.05,test_invalid,invalid,0.3668
503,binary_gaussian,0.05,test_invalid,invalid,0.3676
504,binary_gaussian,0.05,test_invalid,invalid,0.3682
1,binary_gaussian,0.15,test_valid,valid,0.0
2,binary_gaussian,0.15,test_valid,valid,0.0
3,binary_gaussian,0.15,test_valid,valid,0.0
4,binary_gaussian,0.15,test_valid,valid,0.0
5,binary_gaussian,0.15,test_valid,valid,0.0
6,binary_gaussian,0.15,test_valid,valid,0.0
7,binary_gaussian,0.15,test_valid,valid,0.0
8,binary_gaussian,0.15,test_valid,valid,0.0
9,binary_gaussian,0.15,test_valid,valid,0.0
10,binary_gaussian,0.15,test_valid,valid,0.0
11,binary_gaussian,0.15,test_valid,valid,0.0
12,binary_gaussian,0.15,test_valid,valid,0.0
13,binary_gaussian,0.15,test_valid,valid,0.0
14,binary_gaussian,0.15,test_valid,valid,0.0
15,binary_gaussian,0.15,test_valid,valid,0.0
16,binary_gaussian,0.15,test_valid,valid,0.0
17,binary_gaussian,0.15,test_valid,valid,0.0
18,binary_gaussian,0.15,test_valid,valid,0.0
19,binary_gaussian,0.15,test_valid,valid,0.0
20,binary_gaussian,0.15,test_valid,valid,0.0
21,binary_gaussian,0.15,test_valid,valid,0.0
22,binary_gaussian,0.15,test_valid,valid,0.0
23,binary_gaussian,0.15,test_valid,valid,0.0
24,binary_gaussian,0.15,test_valid,valid,0.0
25,binary_gaussian,0.15,test_valid,valid,0.0
26,binary_gaussian,0.15,test_valid,valid,0.0
27,binary_gaussian,0.15,test_valid,valid,0.0
28,binary_gaussian,0.15,test_valid,valid,0.0
29,binary_gaussian,0.15,test_valid,valid,0.0
30,binary_gaussian,0.15,test_valid,valid,0.0
31,binary_gaussian,0.15,test_valid,valid,0.0
32,binary_gaussian,0.15,test_valid,valid,0.0
33,binary_gaussian,0.15,test_valid,valid,0.0
34,binary_gaussian,0.15,test_valid,valid,0.0
35,binary_gaussian,0.15,test_valid,valid,0.0002
36,binary_gaussian,0.15,test_valid,valid,0.0002
37,binary_gaussian,0.15,test_valid,valid,0.0002
38,binary_gaussian,0.15,test_valid,valid,0.0002
39,binary_gaussian,0.15,test_valid,valid,0.0002
40,binary_gaussian,0.15,test_valid,valid,0.0002
41,binary_gaussian,0.15,test_valid,valid,0.0002
42,binary_gaussian,0.15,test_valid,valid,0.0002
43,binary_gaussian,0.15,test_valid,valid,0.0002
44,binary_gaussian,0.15,test_valid,valid,0.0002
45,binary_gaussian,0.15,test_valid,valid,0.0004
46,binary_gaussian,0.15,test_valid,valid,0.0008
47,binary_gaussian,0.15,test_valid,valid,0.0008
48,binary_gaussian,0.15,test_valid,valid,0.0008
49,binary_gaussian,0.15,test_valid,valid,0.0008
50,binary_gaussian,0.15,test_valid,valid,0.0008
51,binary_gaussian,0.15,test_valid,valid,0.0008
52,binary_gaussian,0.15,test_valid,valid,0.0008
53,binary_gaussian,0.15,test_valid,valid,0.0008
54,binary_gaussian,0.15,test_valid,valid,0.0012
55,binary_gaussian,0.15,test_valid,valid,0.0012
56,binary_gaussian,0.15,test_valid,valid,0.0012
57,binary_gaussian,0.15,test_valid,valid,0.0012
58,binary_gaussian,0.15,test_valid,valid,0.002
59,binary_gaussian,0.15,test_valid,valid,0.002
60,binary_gaussian,0.15,test_valid,valid,0.002
61,binary_gaussian,0.15,test_valid,valid,0.002
62,binary_gaussian,0.15,test_valid,valid,0.0022
63,binary_gaussian,0.15,test_valid,valid,0.0024
64,binary_gaussian,0.15,test_valid,valid,0.0024
65,binary_gaussian,0.15,test_valid,valid,0.0026
66,binary_gaussian,0.15,test_valid,valid,0.0028
67,binary_gaussian,0.15,test_valid,valid,0.003
68,binary_gaussian,0.15,test_valid,valid,0.003
69,binary_gaussian,0.15,test_valid,valid,0.0036
70,binary_gaussian,0.15,test_valid,valid,0.004
71,binary_gaussian,0.15,test_valid,valid,0.0044
72,binary_gaussian,0.15,test_valid,valid,0.0046
73,binary_gaussian,0.15,test_valid,valid,0.005
74,binary_gaussian,0.15,test_valid,valid,0.0052
75,binary_gaussian,0.15,test_valid,valid,0.0054
76,binary_gaussian,0.15,test_valid,valid,0.0054
77,binary_gaussian,0.15,test_valid,valid,0.006
78,binary_gaussian,0.15,test_valid,valid,0.0062
79,binary_gaussian,0.15,test_valid,valid,0.0066
80,binary_gaussian,0.15,test_valid,valid,0.0074
81,binary_gaussian,0.15,test_valid,valid,0.0078
82,binary_gaussian,0.15,test_valid,valid,0.0084
83,binary_gaussian,0.15,test_valid,valid,0.0086
84,binary_gaussian,0.15,test_valid,valid,0.0092
85,binary_gaussian,0.15,test_valid,valid,0.0092
86,binary_gaussian,0.15,test_valid,valid,0.0096
87,binary_gaussian,0.15,test_valid,valid,0.0098
88,binary_gaussian,0.15,test_valid,valid,0.0104
89,binary_gaussian,0.15,test_valid,valid,0.0106
90,binary_gaussian,0.15,test_valid,valid,0.0112
91,binary_gaussian,0.15,test_valid,valid,0.0114
92,binary_gaussian,0.15,test_valid,valid,0.0116
93,binary_gaussian,0.15,test_valid,valid,0.0116
94,binary_gaussian,0.15,test_valid,valid,0.012
95,binary_gaussian,0.15,test_valid,valid,0.012
96,binary_gaussian,0.15,test_valid,valid,0.0126
97,binary_gaussian,0.15,test_valid,valid,0.0128
98,binary_gaussian,0.15,test_valid,valid,0.0134
99,binary_gaussian,0.15,test_valid,valid,0.0138
100,binary_gaussian,0.15,test_valid,valid,0.014
101,binary_gaussian,0.15,test_valid,valid,0.0144
102,binary_gaussian,0.15,test_valid,valid,0.0146
103,binary_gaussian,0.15,test_valid,valid,0.015
104,binary_gaussian,0.15,test_valid,valid,0.0154
105,binary_gaussian,0.15,test_valid,valid,0.0156
106,binary_gaussian,0.15,test_valid,valid,0.016
107,binary_gaussian,0.15,test_valid,valid,0.0166
108,binary_gaussian,0.15,test_valid,valid,0.0172
109,binary_gaussian,0.15,test_valid,valid,0.0176
110,binary_gaussian,0.15,test_valid,valid,0.0182
111,binary_gaussian,0.15,test_valid,valid,0.0182
112,binary_gaussian,0.15,test_valid,valid,0.0188
113,binary_gaussian,0.15,test_valid,valid,0.0192
114,binary_gaussian,0.15,test_valid,valid,0.02
115,binary_gaussian,0.15,test_valid,valid,0.0204
116,binary_gaussian,0.15,test_valid,valid,0.021
117,binary_gaussian,0.15,test_valid,valid,0.0212
118,binary_gaussian,0.15,test_valid,valid,0.0214
119,binary_gaussian,0.15,test_valid,valid,0.0216
120,binary_gaussian,0.15,test_valid,valid,0.022
121,binary_gaussian,0.15,test_valid,valid,0.0224
122,binary_gaussian,0.15,test_valid,valid,0.0226
123,binary_gaussian,0.15,test_valid,valid,0.0228
124,binary_gaussian,0.15,test_valid,valid,0.0232
125,binary_gaussian,0.15,test_valid,valid,0.0234
126,binary_gaussian,0.15,test_valid,valid,0.024
127,binary_gaussian,0.15,test_valid,valid,0.0246
128,binary_gaussian,0.15,test_valid,valid,0.025
129,binary_gaussian,0.15,test_valid,valid,0.0256
130,binary_gaussian,0.15,test_valid,valid,0.0258
131,binary_gaussian,0.15,test_valid,valid,0.0262
132,binary_gaussian,0.15,test_valid,valid,0.0276
133,binary_gaussian,0.15,test_valid,valid,0.0282
134,binary_gaussian,0.15,test_valid,valid,0.0282
135,binary_gaussian,0.15,test_valid,valid,0.0286
136,binary_gaussian,0.15,test_valid,valid,0.0292
137,binary_gaussian,0.15,test_valid,valid,0.0296
138,binary_gaussian,0.15,test_valid,valid,0.0302
139,binary_gaussian,0.15,test_valid,valid,0.0304
140,binary_gaussian,0.15,test_valid,valid,0.0308
141,binary_gaussian,0.15,test_valid,valid,0.031
142,binary_gaussian,0.15,test_valid,valid,0.0316
143,binary_gaussian,0.15,test_valid,valid,0.0322
144,binary_gaussian,0.15,test_valid,valid,0.0328
145,binary_gaussian,0.15,test_valid,valid,0.0334
146,binary_gaussian,0.15,test_valid,valid,0.0338
147,binary_gaussian,0.15,test_valid,valid,0.0342
148,binary_gaussian,0.15,test_valid,valid,0.0346
149,binary_gaussian,0.15,test_valid,valid,0.0352
150,binary_gaussian,0.15,test_valid,valid,0.0354
151,binary_gaussian,0.15,test_valid,valid,0.036
152,binary_gaussian,0.15,test_valid,valid,0.0362
153,binary_gaussian,0.15,test_valid,valid,0.037
154,binary_gaussian,0.15,test_valid,valid,0.0378
155,binary_gaussian,0.15,test_valid,valid,0.0384
156,binary_gaussian,0.15,test_valid,valid,0.0388
157,binary_gaussian,0.15,test_valid,valid,0.0394
158,binary_gaussian,0.15,test_valid,valid,0.0396
159,binary_gaussian,0.15,test_valid,valid,0.0402
160,binary_gaussian,0.15,test_valid,valid,0.0408
161,binary_gaussian,0.15,test_valid,valid,0.041
162,binary_gaussian,0.15,test_valid,valid,0.042
163,binary_gaussian,0.15,test_valid,valid,0.042
164,binary_gaussian,0.15,test_valid,valid,0.0422
165,binary_gaussian,0.15,test_valid,valid,0.0424
166,binary_gaussian,0.15,test_valid,valid,0.0434
167,binary_gaussian,0.15,test_valid,valid,0.0442
168,binary_gaussian,0.15,test_valid,valid,0.0454
169,binary_gaussian,0.15,test_valid,valid,0.0458
170,binary_gaussian,0.15,test_valid,valid,0.0458
171,binary_gaussian,0.15,test_valid,valid,0.0458
172,binary_gaussian,0.15,test_valid,valid,0.0468
173,binary_gaussian,0.15,test_valid,valid,0.0468
174,binary_gaussian,0.15,test_valid,valid,0.047
175,binary_gaussian,0.15,test_valid,valid,0.0476
176,binary_gaussian,0.15,test_valid,valid,0.0482
177,binary_gaussian,0.15,test_valid,valid,0.0488
178,binary_gaussian,0.15,test_valid,valid,0.0488
179,binary_gaussian,0.15,test_valid,valid,0.0494
180,binary_gaussian,0.15,test_valid,valid,0.0498
181,binary_gaussian,0.15,test_valid,valid,0.051
182,binary_gaussian,0.15,test_valid,valid,0.0512
183,binary_gaussian,0.15,test_valid,valid,0.0518
184,binary_gaussian,0.15,test_valid,valid,0.0518
185,binary_gaussian,0.15,test_valid,valid,0.0522
186,binary_gaussian,0.15,test_valid,valid,0.0526
187,binary_gaussian,0.15,test_valid,valid,0.0526
188,binary_gaussian,0.15,test_valid,valid,0.0534
189,binary_gaussian,0.15,test_valid,valid,0.0534
190,binary_gaussian,0.15,test_valid,valid,0.0536
191,binary_gaussian,0.15,test_valid,valid,0.0546
192,binary_gaussian,0.15,test_valid,valid,0.055
193,binary_gaussian,0.15,test_valid,valid,0.0554
194,binary_gaussian,0.15,test_valid,valid,0.0556
195,binary_gaussian,0.15,test_valid,valid,0.0562
196,binary_gaussian,0.15,test_valid,valid,0.0572
197,binary_gaussian,0.15,test_valid,valid,0.0572
198,binary_gaussian,0.15,test_valid,valid,0.0574
199,binary_gaussian,0.15,test_valid,valid,0.0588
200,binary_gaussian,0.15,test_valid,valid,0.0592
201,binary_gaussian,0.15,test_valid,valid,0.0598
202,binary_gaussian,0.15,test_valid,valid,0.06
203,binary_gaussian,0.15,test_valid,valid,0.0606
204,binary_gaussian,0.15,test_valid,valid,0.0608
205,binary_gaussian,0.15,test_valid,valid,0.0614
206,binary_gaussian,0.15,test_valid,valid,0.062
207,binary_gaussian,0.15,test_valid,valid,0.062
208,binary_gaussian,0.15,test_valid,valid,0.062
209,binary_gaussian,0.15,test_valid,valid,0.0622
210,binary_gaussian,0.15,test_valid,valid,0.0622
211,binary_gaussian,0.15,test_valid,valid,0.0626
212,binary_gaussian,0.15,test_valid,valid,0.063
213,binary_gaussian,0.15,test_valid,valid,0.0634
214,binary_gaussian,0.15,test_valid,valid,0.0638
215,binary_gaussian,0.15,test_valid,valid,0.0642
216,binary_gaussian,0.15,test_valid,valid,0.0642
217,binary_gaussian,0.15,test_valid,valid,0.0642
218,binary_gaussian,0.15,test_valid,valid,0.0648
219,binary_gaussian,0.15,test_valid,valid,0.0654
220,binary_gaussian,0.15,test_valid,valid,0.066
221,binary_gaussian,0.15,test_valid,valid,0.0662
222,binary_gaussian,0.15,test_valid,valid,0.0664
223,binary_gaussian,0.15,test_valid,valid,0.067
224,binary_gaussian,0.15,test_valid,valid,0.0676
225,binary_gaussian,0.15,test_valid,valid,0.068
226,binary_gaussian,0.15,test_valid,valid,0.0684
227,binary_gaussian,0.15,test_valid,valid,0.069
228,binary_gaussian,0.15,test_valid,valid,0.0692
229,binary_gaussian,0.15,test_valid,valid,0.0692
230,binary_gaussian,0.15,test_valid,valid,0.0696
231,binary_gaussian,0.15,test_valid,valid,0.0704
232,binary_gaussian,0.15,test_valid,valid,0.0704
233,binary_gaussian,0.15,test_valid,valid,0.0714
234,binary_gaussian,0.15,test_valid,valid,0.0722
235,binary_gaussian,0.15,test_valid,valid,0.0722
236,binary_gaussian,0.15,test_valid,valid,0.0728
237,binary_gaussian,0.15,test_valid,valid,0.0732
238,binary_gaussian,0.15,test_valid,valid,0.0734
239,binary_gaussian,0.15,test_valid,valid,0.0734
240,binary_gaussian,0.15,test_valid,valid,0.0738
241,binary_gaussian,0.15,test_valid,valid,0.0738
242,binary_gaussian,0.15,test_valid,valid,0.0744
243,binary_gaussian,0.15,test_valid,valid,0.0748
244,binary_gaussian,0.15,test_valid,valid,0.0758
245,binary_gaussian,0.15,test_valid,valid,0.0762
246,binary_gaussian,0.15,test_valid,valid,0.0768
247,binary_gaussian,0.15,test_valid,valid,0.077
248,binary_gaussian,0.15,test_valid,valid,0.0774
249,binary_gaussian,0.15,test_valid,valid,0.0776
250,binary_gaussian,0.15,test_valid,valid,0.078
251,binary_gaussian,0.15,test_valid,valid,0.0786
252,binary_gaussian,0.15,test_valid,valid,0.0788
253,binary_gaussian,0.15,test_valid,valid,0.079
254,binary_gaussian,0.15,test_valid,valid,0.0792
255,binary_gaussian,0.15,test_valid,valid,0.08
256,binary_gaussian,0.15,test_valid,valid,0.0802
257,binary_gaussian,0.15,test_valid,valid,0.0806
258,binary_gaussian,0.15,test_valid,valid,0.081
259,binary_gaussian,0.15,test_valid,valid,0.0814
260,binary_gaussian,0.15,test_valid,valid,0.0816
261,binary_gaussian,0.15,test_valid,valid,0.0818
262,binary_gaussian,0.15,test_valid,valid,0.0824
263,binary_gaussian,0.15,test_valid,valid,0.083
264,binary_gaussian,0.15,test_valid,valid,0.0834
265,binary_gaussian,0.15,test_valid,valid,0.084
266,binary_gaussian,0.15,test_valid,valid,0.0844
267,binary_gaussian,0.15,test_valid,valid,0.0844
268,binary_gaussian,0.15,test_valid,valid,0.0852
269,binary_gaussian,0.15,test_valid,valid,0.0862
270,binary_gaussian,0.15,test_valid,valid,0.0866
271,binary_gaussian,0.15,test_valid,valid,0.0868
272,binary_gaussian,0.15,test_valid,valid,0.087
273,binary_gaussian,0.15,test_valid,valid,0.0874
274,binary_gaussian,0.15,test_valid,valid,0.0878
275,binary_gaussian,0.15,test_valid,valid,0.088
276,binary_gaussian,0.15,test_valid,valid,0.0882
277,binary_gaussian,0.15,test_valid,valid,0.0884
278,binary_gaussian,0.15,test_valid,valid,0.0884
279,binary_gaussian,0.15,test_valid,valid,0.0884
280,binary_gaussian,0.15,test_valid,valid,0.0886
281,binary_gaussian,0.15,test_valid,valid,0.0892
282,binary_gaussian,0.15,test_valid,valid,0.0896
283,binary_gaussian,0.15,test_valid,valid,0.0898
284,binary_gaussian,0.15,test_valid,valid,0.09
285,binary_gaussian,0.15,test_valid,valid,0.0904
286,binary_gaussian,0.15,test_valid,valid,0.0904
287,binary_gaussian,0.15,test_valid,valid,0.0904
288,binary_gaussian,0.15,test_valid,valid,0.0906
289,binary_gaussian,0.15,test_valid,valid,0.0908
290,binary_gaussian,0.15,test_valid,valid,0.0912
291,binary_gaussian,0.15,test_valid,valid,0.0916
292,binary_gaussian,0.15,test_valid,valid,0.092
293,binary_gaussian,0.15,test_valid,valid,0.0924
294,binary_gaussian,0.15,test_valid,valid,0.0924
295,binary_gaussian,0.15,test_valid,valid,0.0926
296,binary_gaussian,0.15,test_valid,valid,0.093
297,binary_gaussian,0.15,test_valid,valid,0.0932
298,binary_gaussian,0.15,test_valid,valid,0.0932
299,binary_gaussian,0.15,test_valid,valid,0.0934
300,binary_gaussian,0.15,test_valid,valid,0.0936
301,binary_gaussian,0.15,test_valid,valid,0.0936
302,binary_gaussian,0.15,test_valid,valid,0.0938
303,binary_gaussian,0.15,test_valid,valid,0.0942
304,binary_gaussian,0.15,test_valid,valid,0.0946
305,binary_gaussian,0.15,test_valid,valid,0.0948
306,binary_gaussian,0.15,test_valid,valid,0.095
307,binary_gaussian,0.15,test_valid,valid,0.0956
308,binary_gaussian,0.15,test_valid,valid,0.0956
309,binary_gaussian,0.15,test_valid,valid,0.096
310,binary_gaussian,0.15,test_valid,valid,0.0966
311,binary_gaussian,0.15,test_valid,valid,0.0968
312,binary_gaussian,0.15,test_valid,valid,0.097
313,binary_gaussian,0.15,test_valid,valid,0.0972
314,binary_gaussian,0.15,test_valid,valid,0.0974
315,binary_gaussian,0.15,test_valid,valid,0.098
316,binary_gaussian,0.15,test_valid,valid,0.0982
317,binary_gaussian,0.15,test_valid,valid,0.0986
318,binary_gaussian,0.15,test_valid,valid,0.0996
319,binary_gaussian,0.15,test_valid,valid,0.1002
320,binary_gaussian,0.15,test_valid,valid,0.1008
321,binary_gaussian,0.15,test_valid,valid,0.1008
322,binary_gaussian,0.15,test_valid,valid,0.101
323,binary_gaussian,0.15,test_valid,valid,0.102
324,binary_gaussian,0.15,test_valid,valid,0.1022
325,binary_gaussian,0.15,test_valid,valid,0.1024
326,binary_gaussian,0.15,test_valid,valid,0.1026
327,binary_gaussian,0.15,test_valid,valid,0.1026
328,binary_gaussian,0.15,test_valid,valid,0.103
329,binary_gaussian,0.15,test_valid,valid,0.103
330,binary_gaussian,0.15,test_valid,valid,0.1034
331,binary_gaussian,0.15,test_valid,valid,0.1034
332,binary_gaussian,0.15,test_valid,valid,0.1034
333,binary_gaussian,0.15,test_valid,valid,0.1038
334,binary_gaussian,0.15,test_valid,valid,0.104
335,binary_gaussian,0.15,test_valid,valid,0.1046
336,binary_gaussian,0.15,test_valid,valid,0.1048
337,binary_gaussian,0.15,test_valid,valid,0.105
338,binary_gaussian,0.15,test_valid,valid,0.1054
339,binary_gaussian,0.15,test_valid,valid,0.1058
340,binary_gaussian,0.15,test_valid,valid,0.106
341,binary_gaussian,0.15,test_valid,valid,0.1064
342,binary_gaussian,0.15,test_valid,valid,0.1068
343,binary_gaussian,0.15,test_valid,valid,0.107
344,binary_gaussian,0.15,test_valid,valid,0.1074
345,binary_gaussian,0.15,test_valid,valid,0.1078
346,binary_gaussian,0.15,test_valid,valid,0.108
347,binary_gaussian,0.15,test_valid,valid,0.1086
348,binary_gaussian,0.15,test_valid,valid,0.1094
349,binary_gaussian,0.15,test_valid,valid,0.1094
350,binary_gaussian,0.15,test_valid,valid,0.1094
351,binary_gaussian,0.15,test_valid,valid,0.1098
352,binary_gaussian,0.15,test_valid,valid,0.1106
353,binary_gaussian,0.15,test_valid,valid,0.1112
354,binary_gaussian,0.15,test_valid,valid,0.112
355,binary_gaussian,0.15,test_valid,valid,0.1126
356,binary_gaussian,0.15,test_valid,valid,0.1126
357,binary_gaussian,0.15,test_valid,valid,0.1126
358,binary_gaussian,0.15,test_valid,valid,0.1132
359,binary_gaussian,0.15,test_valid,valid,0.1134
360,binary_gaussian,0.15,test_valid,valid,0.1136
361,binary_gaussian,0.15,test_valid,valid,0.1138
362,binary_gaussian,0.15,test_valid,valid,0.1138
363,binary_gaussian,0.15,test_valid,valid,0.1138
364,binary_gaussian,0.15,test_valid,valid,0.114
365,binary_gaussian,0.15,test_valid,valid,0.1142
366,binary_gaussian,0.15,test_valid,valid,0.1146
367,binary_gaussian,0.15,test_valid,valid,0.1146
368,binary_gaussian,0.15,test_valid,valid,0.1146
369,binary_gaussian,0.15,test_valid,valid,0.115
370,binary_gaussian,0.15,test_valid,valid,0.1154
371,binary_gaussian,0.15,test_valid,valid,0.1158
372,binary_gaussian,0.15,test_valid,valid,0.1162
373,binary_gaussian,0.15,test_valid,valid,0.1162
374,binary_gaussian,0.15,test_valid,valid,0.1168
375,binary_gaussian,0.15,test_valid,valid,0.1168
376,binary_gaussian,0.15,test_valid,valid,0.1168
377,binary_gaussian,0.15,test_valid,valid,0.117
378,binary_gaussian,0.15,test_valid,valid,0.1172
379,binary_gaussian,0.15,test_valid,valid,0.1174
380,binary_gaussian,0.15,test_valid,valid,0.1174
381,binary_gaussian,0.15,test_valid,valid,0.1178
382,binary_gaussian,0.15,test_valid,valid,0.118
383,binary_gaussian,0.15,test_valid,valid,0.1182
384,binary_gaussian,0.15,test_valid,valid,0.1184
385,binary_gaussian,0.15,test_valid,valid,0.1186
386,binary_gaussian,0.15,test_valid,valid,0.1186
387,binary_gaussian,0.15,test_valid,valid,0.1186
388,binary_gaussian,0.15,test_valid,valid,0.1188
389,binary_gaussian,0.15,test_valid,valid,0.1188
390,binary_gaussian,0.15,test_valid,valid,0.1192
391,binary_gaussian,0.15,test_valid,valid,0.1196
392,binary_gaussian,0.15,test_valid,valid,0.1198
393,binary_gaussian,0.15,test_valid,valid,0.1202
394,binary_gaussian,0.15,test_valid,valid,0.1204
395,binary_gaussian,0.15,test_valid,valid,0.1206
396,binary_gaussian,0.15,test_valid,valid,0.1208
397,binary_gaussian,0.15,test_valid,valid,0.1214
398,binary_gaussian,0.15,test_valid,valid,0.122
399,binary_gaussian,0.15,test_valid,valid,0.1222
400,binary_gaussian,0.15,test_valid,valid,0.1224
401,binary_gaussian,0.15,test_valid,valid,0.1226
402,binary_gaussian,0.15,test_valid,valid,0.1228
403,binary_gaussian,0.15,test_valid,valid,0.1228
404,binary_gaussian,0.15,test_valid,valid,0.1232
405,binary_gaussian,0.15,test_valid,valid,0.1232
406,binary_gaussian,0.15,test_valid,valid,0.124
407,binary_gaussian,0.15,test_valid,valid,0.124
408,binary_gaussian,0.15,test_valid,valid,0.124
409,binary_gaussian,0.15,test_valid,valid,0.1242
410,binary_gaussian,0.15,test_valid,valid,0.1242
411,binary_gaussian,0.15,test_valid,valid,0.1246
412,binary_gaussian,0.15,test_valid,valid,0.1246
413,binary_gaussian,0.15,test_valid,valid,0.1246
414,binary_gaussian,0.15,test_valid,valid,0.1248
415,binary_gaussian,0.15,test_valid,valid,0.125
416,binary_gaussian,0.15,test_valid,valid,0.1252
417,binary_gaussian,0.15,test_valid,valid,0.1256
418,binary_gaussian,0.15,test_valid,valid,0.126
419,binary_gaussian,0.15,test_valid,valid,0.126
420,binary_gaussian,0.15,test_valid,valid,0.126
421,binary_gaussian,0.15,test_valid,valid,0.1262
422,binary_gaussian,0.15,test_valid,valid,0.1262
423,binary_gaussian,0.15,test_valid,valid,0.127
424,binary_gaussian,0.15,test_valid,valid,0.1272
425,binary_gaussian,0.15,test_valid,valid,0.1276
426,binary_gaussian,0.15,test_valid,valid,0.1278
427,binary_gaussian,0.15,test_valid,valid,0.1282
428,binary_gaussian,0.15,test_valid,valid,0.1284
429,binary_gaussian,0.15,test_valid,valid,0.1286
430,binary_gaussian,0.15,test_valid,valid,0.1288
431,binary_gaussian,0.15,test_valid,valid,0.1294
432,binary_gaussian,0.15,test_valid,valid,0.1294
433,binary_gaussian,0.15,test_valid,valid,0.1298
434,binary_gaussian,0.15,test_valid,valid,0.13
435,binary_gaussian,0.15,test_valid,valid,0.1302
436,binary_gaussian,0.15,test_valid,valid,0.1308
437,binary_gaussian,0.15,test_valid,valid,0.131
438,binary_gaussian,0.15,test_valid,valid,0.1312
439,binary_gaussian,0.15,test_valid,valid,0.1312
440,binary_gaussian,0.15,test_valid,valid,0.1318
441,binary_gaussian,0.15,test_valid,valid,0.1318
442,binary_gaussian,0.15,test_valid,valid,0.1318
443,binary_gaussian,0.15,test_valid,valid,0.1318
444,binary_gaussian,0.15,test_valid,valid,0.1318
445,binary_gaussian,0.15,test_valid,valid,0.132
446,binary_gaussian,0.15,test_valid,valid,0.132
447,binary_gaussian,0.15,test_valid,valid,0.132
448,binary_gaussian,0.15,test_valid,valid,0.1326
449,binary_gaussian,0.15,test_valid,valid,0.133
450,binary_gaussian,0.15,test_valid,valid,0.1332
451,binary_gaussian,0.15,test_valid,valid,0.1334
452,binary_gaussian,0.15,test_valid,valid,0.1334
453,binary_gaussian,0.15,test_valid,valid,0.1336
454,binary_gaussian,0.15,test_valid,valid,0.1336
455,binary_gaussian,0.15,test_valid,valid,0.1336
456,binary_gaussian,0.15,test_valid,valid,0.1338
457,binary_gaussian,0.15,test_valid,valid,0.1344
458,binary_gaussian,0.15,test_valid,valid,0.1346
459,binary_gaussian,0.15,test_valid,valid,0.1348
460,binary_gaussian,0.15,test_valid,valid,0.1348
461,binary_gaussian,0.15,test_valid,valid,0.1348
462,binary_gaussian,0.15,test_valid,valid,0.1348
463,binary_gaussian,0.15,test_valid,valid,0.1356
464,binary_gaussian,0.15,test_valid,valid,0.1356
465,binary_gaussian,0.15,test_valid,valid,0.1356
466,binary_gaussian,0.15,test_valid,valid,0.136
467,binary_gaussian,0.15,test_valid,valid,0.136
468,binary_gaussian,0.15,test_valid,valid,0.1362
469,binary_gaussian,0.15,test_valid,valid,0.1364
470,binary_gaussian,0.15,test_valid,valid,0.1364
471,binary_gaussian,0.15,test_valid,valid,0.1364
472,binary_gaussian,0.15,test_valid,valid,0.1364
473,binary_gaussian,0.15,test_valid,valid,0.1366
474,binary_gaussian,0.15,test_valid,valid,0.1366
475,binary_gaussian,0.15,test_valid,valid,0.1366
476,binary_gaussian,0.15,test_valid,valid,0.1372
477,binary_gaussian,0.15,test_valid,valid,0.1374
478,binary_gaussian,0.15,test_valid,valid,0.1376
479,binary_gaussian,0.15,test_valid,valid,0.1378
480,binary_gaussian,0.15,test_valid,valid,0.138
481,binary_gaussian,0.15,test_valid,valid,0.1382
482,binary_gaussian,0.15,test_valid,valid,0.1382
483,binary_gaussian,0.15,test_valid,valid,0.1382
484,binary_gaussian,0.15,test_valid,valid,0.1384
485,binary_gaussian,0.15,test_valid,valid,0.1384
486,binary_gaussian,0.15,test_valid,valid,0.1384
487,binary_gaussian,0.15,test_valid,valid,0.1386
488,binary_gaussian,0.15,test_valid,valid,0.1388
489,binary_gaussian,0.15,test_valid,valid,0.1388
490,binary_gaussian,0.15,test_valid,valid,0.1388
491,binary_gaussian,0.15,test_valid,valid,0.139
492,binary_gaussian,0.15,test_valid,valid,0.1392
493,binary_gaussian,0.15,test_valid,valid,0.1394
494,binary_gaussian,0.15,test_valid,valid,0.1394
495,binary_gaussian,0.15,test_valid,valid,0.1394
496,binary_gaussian,0.15,test_valid,valid,0.1398
497,binary_gaussian,0.15,test_valid,valid,0.14
498,binary_gaussian,0.15,test_valid,valid,0.1402
499,binary_gaussian,0.15,test_valid,valid,0.1402
500,binary_gaussian,0.15,test_valid,valid,0.1406
501,binary_gaussian,0.15,test_valid,valid,0.1406
502,binary_gaussian,0.15,test_valid,valid,0.1408
503,binary_gaussian,0.15,test_valid,valid,0.141
504,binary_gaussian,0.15,test_valid,valid,0.141
1,binary_gaussian,0.15,test_invalid,invalid,0.0
2,binary_gaussian,0.15,test_invalid,invalid,0.0
3,binary_gaussian,0.15,test_invalid,invalid,0.0
4,binary_gaussian,0.15,test_invalid,invalid,0.0
5,binary_gaussian,0.15,test_invalid,invalid,0.0
6,binary_gaussian,0.15,test_invalid,invalid,0.0
7,binary_gaussian,0.15,test_invalid,invalid,0.0
8,binary_gaussian,0.15,test_invalid,invalid,0.0
9,binary_gaussian,0.15,test_invalid,invalid,0.0
10,binary_gaussian,0.15,test_invalid,invalid,0.0
11,binary_gaussian,0.15,test_invalid,invalid,0.0
12,binary_gaussian,0.15,test_invalid,invalid,0.0
13,binary_gaussian,0.15,test_invalid,invalid,0.0
14,binary_gaussian,0.15,test_invalid,invalid,0.0
15,binary_gaussian,0.15,test_invalid,invalid,0.0
16,binary_gaussian,0.15,test_invalid,invalid,0.0
17,binary_gaussian,0.15,test_invalid,invalid,0.0
18,binary_gaussian,0.15,test_invalid,invalid,0.0
19,binary_gaussian,0.15,test_invalid,invalid,0.0
20,binary_gaussian,0.15,test_invalid,invalid,0.0
21,binary_gaussian,0.15,test_invalid,invalid,0.0
22,binary_gaussian,0.15,test_invalid,invalid,0.0
23,binary_gaussian,0.15,test_invalid,invalid,0.0
24,binary_gaussian,0.15,test_invalid,invalid,0.0
25,binary_gaussian,0.15,test_invalid,invalid,0.0
26,binary_gaussian,0.15,test_invalid,invalid,0.0
27,binary_gaussian,0.15,test_invalid,invalid,0.0
28,binary_gaussian,0.15,test_invalid,invalid,0.0
29,binary_gaussian,0.15,test_invalid,invalid,0.0
30,binary_gaussian,0.15,test_invalid,invalid,0.0
31,binary_gaussian,0.15,test_invalid,invalid,0.0
32,binary_gaussian,0.15,test_invalid,invalid,0.0
33,binary_gaussian,0.15,test_invalid,invalid,0.0002
34,binary_gaussian,0.15,test_invalid,invalid,0.0002
35,binary_gaussian,0.15,test_invalid,invalid,0.0004
36,binary_gaussian,0.15,test_invalid,invalid,0.0006
37,binary_gaussian,0.15,test_invalid,invalid,0.0006
38,binary_gaussian,0.15,test_invalid,invalid,0.0008
39,binary_gaussian,0.15,test_invalid,invalid,0.001
40,binary_gaussian,0.15,test_invalid,invalid,0.0012
41,binary_gaussian,0.15,test_invalid,invalid,0.0012
42,binary_gaussian,0.15,test_invalid,invalid,0.002
43,binary_gaussian,0.15,test_invalid,invalid,0.002
44,binary_gaussian,0.15,test_invalid,invalid,0.0022
45,binary_gaussian,0.15,test_invalid,invalid,0.0028
46,binary_gaussian,0.15,test_invalid,invalid,0.0028
47,binary_gaussian,0.15,test_invalid,invalid,0.0032
48,binary_gaussian,0.15,test_invalid,invalid,0.0034
49,binary_gaussian,0.15,test_invalid,invalid,0.0038
50,binary_gaussian,0.15,test_invalid,invalid,0.0038
51,binary_gaussian,0.15,test_invalid,invalid,0.0042
52,binary_gaussian,0.15,test_invalid,invalid,0.0046
53,binary_gaussian,0.15,test_invalid,invalid,0.0048
54,binary_gaussian,0.15,test_invalid,invalid,0.0058
55,binary_gaussian,0.15,test_invalid,invalid,0.006
56,binary_gaussian,0.15,test_invalid,invalid,0.0076
57,binary_gaussian,0.15,test_invalid,invalid,0.0084
58,binary_gaussian,0.15,test_invalid,invalid,0.0092
59,binary_gaussian,0.15,test_invalid,invalid,0.0096
60,binary_gaussian,0.15,test_invalid,invalid,0.01
61,binary_gaussian,0.15,test_invalid,invalid,0.0108
62,binary_gaussian,0.15,test_invalid,invalid,0.0118
63,binary_gaussian,0.15,test_invalid,invalid,0.0128
64,binary_gaussian,0.15,test_invalid,invalid,0.0142
65,binary_gaussian,0.15,test_invalid,invalid,0.0148
66,binary_gaussian,0.15,test_invalid,invalid,0.0162
67,binary_gaussian,0.15,test_invalid,invalid,0.0168
68,binary_gaussian,0.15,test_invalid,invalid,0.0176
69,binary_gaussian,0.15,test_invalid,invalid,0.0184
70,binary_gaussian,0.15,test_invalid,invalid,0.0198
71,binary_gaussian,0.15,test_invalid,invalid,0.02
72,binary_gaussian,0.15,test_invalid,invalid,0.0218
73,binary_gaussian,0.15,test_invalid,invalid,0.0226
74,binary_gaussian,0.15,test_invalid,invalid,0.0232
75,binary_gaussian,0.15,test_invalid,invalid,0.0248
76,binary_gaussian,0.15,test_invalid,invalid,0.0264
77,binary_gaussian,0.15,test_invalid,invalid,0.0268
78,binary_gaussian,0.15,test_invalid,invalid,0.0278
79,binary_gaussian,0.15,test_invalid,invalid,0.0298
80,binary_gaussian,0.15,test_invalid,invalid,0.0316
81,binary_gaussian,0.15,test_invalid,invalid,0.0328
82,binary_gaussian,0.15,test_invalid,invalid,0.034
83,binary_gaussian,0.15,test_invalid,invalid,0.0346
84,binary_gaussian,0.15,test_invalid,invalid,0.035
85,binary_gaussian,0.15,test_invalid,invalid,0.036
86,binary_gaussian,0.15,test_invalid,invalid,0.038
87,binary_gaussian,0.15,test_invalid,invalid,0.0392
88,binary_gaussian,0.15,test_invalid,invalid,0.0404
89,binary_gaussian,0.15,test_invalid,invalid,0.0412
90,binary_gaussian,0.15,test_invalid,invalid,0.0428
91,binary_gaussian,0.15,test_invalid,invalid,0.0448
92,binary_gaussian,0.15,test_invalid,invalid,0.0456
93,binary_gaussian,0.15,test_invalid,invalid,0.0464
94,binary_gaussian,0.15,test_invalid,invalid,0.0474
95,binary_gaussian,0.15,test_invalid,invalid,0.049
96,binary_gaussian,0.15,test_invalid,invalid,0.051
97,binary_gaussian,0.15,test_invalid,invalid,0.053
98,binary_gaussian,0.15,test_invalid,invalid,0.0542
99,binary_gaussian,0.15,test_invalid,invalid,0.0556
100,binary_gaussian,0.15,test_invalid,invalid,0.057
101,binary_gaussian,0.15,test_invalid,invalid,0.058
102,binary_gaussian,0.15,test_invalid,invalid,0.0598
103,binary_gaussian,0.15,test_invalid,invalid,0.061
104,binary_gaussian,0.15,test_invalid,invalid,0.0638
105,binary_gaussian,0.15,test_invalid,invalid,0.065
106,binary_gaussian,0.15,test_invalid,invalid,0.0664
107,binary_gaussian,0.15,test_invalid,invalid,0.067
108,binary_gaussian,0.15,test_invalid,invalid,0.0684
109,binary_gaussian,0.15,test_invalid,invalid,0.0698
110,binary_gaussian,0.15,test_invalid,invalid,0.0724
111,binary_gaussian,0.15,test_invalid,invalid,0.0742
112,binary_gaussian,0.15,test_invalid,invalid,0.0764
113,binary_gaussian,0.15,test_invalid,invalid,0.078
114,binary_gaussian,0.15,test_invalid,invalid,0.0798
115,binary_gaussian,0.15,test_invalid,invalid,0.0816
116,binary_gaussian,0.15,test_invalid,invalid,0.0834
117,binary_gaussian,0.15,test_invalid,invalid,0.0858
118,binary_gaussian,0.15,test_invalid,invalid,0.0878
119,binary_gaussian,0.15,test_invalid,invalid,0.0902
120,binary_gaussian,0.15,test_invalid,invalid,0.093
121,binary_gaussian,0.15,test_invalid,invalid,0.094
122,binary_gaussian,0.15,test_invalid,invalid,0.0952
123,binary_gaussian,0.15,test_invalid,invalid,0.0972
124,binary_gaussian,0.15,test_invalid,invalid,0.0982
125,binary_gaussian,0.15,test_invalid,invalid,0.0998
126,binary_gaussian,0.15,test_invalid,invalid,0.1022
127,binary_gaussian,0.15,test_invalid,invalid,0.1028
128,binary_gaussian,0.15,test_invalid,invalid,0.1048
129,binary_gaussian,0.15,test_invalid,invalid,0.107
130,binary_gaussian,0.15,test_invalid,invalid,0.1084
131,binary_gaussian,0.15,test_invalid,invalid,0.1092
132,binary_gaussian,0.15,test_invalid,invalid,0.1118
133,binary_gaussian,0.15,test_invalid,invalid,0.113
134,binary_gaussian,0.15,test_invalid,invalid,0.1152
135,binary_gaussian,0.15,test_invalid,invalid,0.1168
136,binary_gaussian,0.15,test_invalid,invalid,0.1188
137,binary_gaussian,0.15,test_invalid,invalid,0.1212
138,binary_gaussian,0.15,test_invalid,invalid,0.122
139,binary_gaussian,0.15,test_invalid,invalid,0.1232
140,binary_gaussian,0.15,test_invalid,invalid,0.1244
141,binary_gaussian,0.15,test_invalid,invalid,0.1272
142,binary_gaussian,0.15,test_invalid,invalid,0.1286
143,binary_gaussian,0.15,test_invalid,invalid,0.1306
144,binary_gaussian,0.15,test_invalid,invalid,0.1338
145,binary_gaussian,0.15,test_invalid,invalid,0.1348
146,binary_gaussian,0.15,test_invalid,invalid,0.1356
147,binary_gaussian,0.15,test_invalid,invalid,0.1368
148,binary_gaussian,0.15,test_invalid,invalid,0.139
149,binary_gaussian,0.15,test_invalid,invalid,0.1404
150,binary_gaussian,0.15,test_invalid,invalid,0.1414
151,binary_gaussian,0.15,test_invalid,invalid,0.1444
152,binary_gaussian,0.15,test_invalid,invalid,0.1458
153,binary_gaussian,0.15,test_invalid,invalid,0.1482
154,binary_gaussian,0.15,test_invalid,invalid,0.15
155,binary_gaussian,0.15,test_invalid,invalid,0.1514
156,binary_gaussian,0.15,test_invalid,invalid,0.1524
157,binary_gaussian,0.15,test_invalid,invalid,0.1542
158,binary_gaussian,0.15,test_invalid,invalid,0.1562
159,binary_gaussian,0.15,test_invalid,invalid,0.157
160,binary_gaussian,0.15,test_invalid,invalid,0.1594
161,binary_gaussian,0.15,test_invalid,invalid,0.1622
162,binary_gaussian,0.15,test_invalid,invalid,0.164
163,binary_gaussian,0.15,test_invalid,invalid,0.1662
164,binary_gaussian,0.15,test_invalid,invalid,0.1688
165,binary_gaussian,0.15,test_invalid,invalid,0.1696
166,binary_gaussian,0.15,test_invalid,invalid,0.1704
167,binary_gaussian,0.15,test_invalid,invalid,0.1712
168,binary_gaussian,0.15,test_invalid,invalid,0.1738
169,binary_gaussian,0.15,test_invalid,invalid,0.175
170,binary_gaussian,0.15,test_invalid,invalid,0.1778
171,binary_gaussian,0.15,test_invalid,invalid,0.18
172,binary_gaussian,0.15,test_invalid,invalid,0.1814
173,binary_gaussian,0.15,test_invalid,invalid,0.183
174,binary_gaussian,0.15,test_invalid,invalid,0.1858
175,binary_gaussian,0.15,test_invalid,invalid,0.1886
176,binary_gaussian,0.15,test_invalid,invalid,0.1898
177,binary_gaussian,0.15,test_invalid,invalid,0.191
178,binary_gaussian,0.15,test_invalid,invalid,0.1924
179,binary_gaussian,0.15,test_invalid,invalid,0.1938
180,binary_gaussian,0.15,test_invalid,invalid,0.1952
181,binary_gaussian,0.15,test_invalid,invalid,0.197
182,binary_gaussian,0.15,test_invalid,invalid,0.198
183,binary_gaussian,0.15,test_invalid,invalid,0.1994
184,binary_gaussian,0.15,test_invalid,invalid,0.2016
185,binary_gaussian,0.15,test_invalid,invalid,0.2032
186,binary_gaussian,0.15,test_invalid,invalid,0.2046
187,binary_gaussian,0.15,test_invalid,invalid,0.2062
188,binary_gaussian,0.15,test_invalid,invalid,0.209
189,binary_gaussian,0.15,test_invalid,invalid,0.21
190,binary_gaussian,0.15,test_invalid,invalid,0.2124
191,binary_gaussian,0.15,test_invalid,invalid,0.2138
192,binary_gaussian,0.15,test_invalid,invalid,0.216
193,binary_gaussian,0.15,test_invalid,invalid,0.2168
194,binary_gaussian,0.15,test_invalid,invalid,0.2184
195,binary_gaussian,0.15,test_invalid,invalid,0.22
196,binary_gaussian,0.15,test_invalid,invalid,0.2214
197,binary_gaussian,0.15,test_invalid,invalid,0.2228
198,binary_gaussian,0.15,test_invalid,invalid,0.2256
199,binary_gaussian,0.15,test_invalid,invalid,0.2272
200,binary_gaussian,0.15,test_invalid,invalid,0.2286
201,binary_gaussian,0.15,test_invalid,invalid,0.2298
202,binary_gaussian,0.15,test_invalid,invalid,0.2316
203,binary_gaussian,0.15,test_invalid,invalid,0.2332
204,binary_gaussian,0.15,test_invalid,invalid,0.2352
205,binary_gaussian,0.15,test_invalid,invalid,0.236
206,binary_gaussian,0.15,test_invalid,invalid,0.2372
207,binary_gaussian,0.15,test_invalid,invalid,0.2398
208,binary_gaussian,0.15,test_invalid,invalid,0.2414
209,binary_gaussian,0.15,test_invalid,invalid,0.2422
210,binary_gaussian,0.15,test_invalid,invalid,0.2432
211,binary_gaussian,0.15,test_invalid,invalid,0.2448
212,binary_gaussian,0.15,test_invalid,invalid,0.2458
213,binary_gaussian,0.15,test_invalid,invalid,0.2478
214,binary_gaussian,0.15,test_invalid,invalid,0.2494
215,binary_gaussian,0.15,test_invalid,invalid,0.2508
216,binary_gaussian,0.15,test_invalid,invalid,0.2522
217,binary_gaussian,0.15,test_invalid,invalid,0.2526
218,binary_gaussian,0.15,test_invalid,invalid,0.2544
219,binary_gaussian,0.15,test_invalid,invalid,0.2562
220,binary_gaussian,0.15,test_invalid,invalid,0.2572
221,binary_gaussian,0.15,test_invalid,invalid,0.2584
222,binary_gaussian,0.15,test_invalid,invalid,0.26
223,binary_gaussian,0.15,test_invalid,invalid,0.262
224,binary_gaussian,0.15,test_invalid,invalid,0.2642
225,binary_gaussian,0.15,test_invalid,invalid,0.2656
226,binary_gaussian,0.15,test_invalid,invalid,0.267
227,binary_gaussian,0.15,test_invalid,invalid,0.269
228,binary_gaussian,0.15,test_invalid,invalid,0.2706
229,binary_gaussian,0.15,test_invalid,invalid,0.2726
230,binary_gaussian,0.15,test_invalid,invalid,0.2748
231,binary_gaussian,0.15,test_invalid,invalid,0.2768
232,binary_gaussian,0.15,test_invalid,invalid,0.2786
233,binary_gaussian,0.15,test_invalid,invalid,0.281
234,binary_gaussian,0.15,test_invalid,invalid,0.2824
235,binary_gaussian,0.15,test_invalid,invalid,0.285
236,binary_gaussian,0.15,test_invalid,invalid,0.2872
237,binary_gaussian,0.15,test_invalid,invalid,0.2884
238,binary_gaussian,0.15,test_invalid,invalid,0.2904
239,binary_gaussian,0.15,test_invalid,invalid,0.2914
240,binary_gaussian,0.15,test_invalid,invalid,0.2922
241,binary_gaussian,0.15,test_invalid,invalid,0.2938
242,binary_gaussian,0.15,test_invalid,invalid,0.295
243,binary_gaussian,0.15,test_invalid,invalid,0.2964
244,binary_gaussian,0.15,test_invalid,invalid,0.2978
245,binary_gaussian,0.15,test_invalid,invalid,0.2992
246,binary_gaussian,0.15,test_invalid,invalid,0.3008
247,binary_gaussian,0.15,test_invalid,invalid,0.3022
248,binary_gaussian,0.15,test_invalid,invalid,0.3034
249,binary_gaussian,0.15,test_invalid,invalid,0.3046
250,binary_gaussian,0.15,test_invalid,invalid,0.3066
251,binary_gaussian,0.15,test_invalid,invalid,0.3078
252,binary_gaussian,0.15,test_invalid,invalid,0.31
253,binary_gaussian,0.15,test_invalid,invalid,0.312
254,binary_gaussian,0.15,test_invalid,invalid,0.3134
255,binary_gaussian,0.15,test_invalid,invalid,0.3146
256,binary_gaussian,0.15,test_invalid,invalid,0.3166
257,binary_gaussian,0.15,test_invalid,invalid,0.3186
258,binary_gaussian,0.15,test_invalid,invalid,0.3196
259,binary_gaussian,0.15,test_invalid,invalid,0.3208
260,binary_gaussian,0.15,test_invalid,invalid,0.3226
261,binary_gaussian,0.15,test_invalid,invalid,0.324
262,binary_gaussian,0.15,test_invalid,invalid,0.3258
263,binary_gaussian,0.15,test_invalid,invalid,0.3262
264,binary_gaussian,0.15,test_invalid,invalid,0.3276
265,binary_gaussian,0.15,test_invalid,invalid,0.329
266,binary_gaussian,0.15,test_invalid,invalid,0.3308
267,binary_gaussian,0.15,test_invalid,invalid,0.3332
268,binary_gaussian,0.15,test_invalid,invalid,0.334
269,binary_gaussian,0.15,test_invalid,invalid,0.3356
270,binary_gaussian,0.15,test_invalid,invalid,0.3372
271,binary_gaussian,0.15,test_invalid,invalid,0.3386
272,binary_gaussian,0.15,test_invalid,invalid,0.3404
273,binary_gaussian,0.15,test_invalid,invalid,0.3412
274,binary_gaussian,0.15,test_invalid,invalid,0.3424
275,binary_gaussian,0.15,test_invalid,invalid,0.3446
276,binary_gaussian,0.15,test_invalid,invalid,0.3452
277,binary_gaussian,0.15,test_invalid,invalid,0.3464
278,binary_gaussian,0.15,test_invalid,invalid,0.3476
279,binary_gaussian,0.15,test_invalid,invalid,0.349
280,binary_gaussian,0.15,test_invalid,invalid,0.35
281,binary_gaussian,0.15,test_invalid,invalid,0.3508
282,binary_gaussian,0.15,test_invalid,invalid,0.3522
283,binary_gaussian,0.15,test_invalid,invalid,0.3534
284,binary_gaussian,0.15,test_invalid,invalid,0.3552
285,binary_gaussian,0.15,test_invalid,invalid,0.3568
286,binary_gaussian,0.15,test_invalid,invalid,0.358
287,binary_gaussian,0.15,test_invalid,invalid,0.3604
288,binary_gaussian,0.15,test_invalid,invalid,0.362
289,binary_gaussian,0.15,test_invalid,invalid,0.364
290,binary_gaussian,0.15,test_invalid,invalid,0.366
291,binary_gaussian,0.15,test_invalid,invalid,0.367
292,binary_gaussian,0.15,test_invalid,invalid,0.3682
293,binary_gaussian,0.15,test_invalid,invalid,0.3696
294,binary_gaussian,0.15,test_invalid,invalid,0.3704
295,binary_gaussian,0.15,test_invalid,invalid,0.3716
296,binary_gaussian,0.15,test_invalid,invalid,0.373
297,binary_gaussian,0.15,test_invalid,invalid,0.3746
298,binary_gaussian,0.15,test_invalid,invalid,0.3754
299,binary_gaussian,0.15,test_invalid,invalid,0.3768
300,binary_gaussian,0.15,test_invalid,invalid,0.378
301,binary_gaussian,0.15,test_invalid,invalid,0.3786
302,binary_gaussian,0.15,test_invalid,invalid,0.38
303,binary_gaussian,0.15,test_invalid,invalid,0.3818
304,binary_gaussian,0.15,test_invalid,invalid,0.3828
305,binary_gaussian,0.15,test_invalid,invalid,0.3834
306,binary_gaussian,0.15,test_invalid,invalid,0.3864
307,binary_gaussian,0.15,test_invalid,invalid,0.389
308,binary_gaussian,0.15,test_invalid,invalid,0.3898
309,binary_gaussian,0.15,test_invalid,invalid,0.3914
310,binary_gaussian,0.15,test_invalid,invalid,0.3918
311,binary_gaussian,0.15,test_invalid,invalid,0.3934
312,binary_gaussian,0.15,test_invalid,invalid,0.3958
313,binary_gaussian,0.15,test_invalid,invalid,0.3972
314,binary_gaussian,0.15,test_invalid,invalid,0.3984
315,binary_gaussian,0.15,test_invalid,invalid,0.4
316,binary_gaussian,0.15,test_invalid,invalid,0.4008
317,binary_gaussian,0.15,test_invalid,invalid,0.4014
318,binary_gaussian,0.15,test_invalid,invalid,0.4032
319,binary_gaussian,0.15,test_invalid,invalid,0.4048
320,binary_gaussian,0.15,test_invalid,invalid,0.406
321,binary_gaussian,0.15,test_invalid,invalid,0.4068
322,binary_gaussian,0.15,test_invalid,invalid,0.4082
323,binary_gaussian,0.15,test_invalid,invalid,0.4098
324,binary_gaussian,0.15,test_invalid,invalid,0.4112
325,binary_gaussian,0.15,test_invalid,invalid,0.413
326,binary_gaussian,0.15,test_invalid,invalid,0.4142
327,binary_gaussian,0.15,test_invalid,invalid,0.4156
328,binary_gaussian,0.15,test_invalid,invalid,0.4168
329,binary_gaussian,0.15,test_invalid,invalid,0.4182
330,binary_gaussian,0.15,test_invalid,invalid,0.4186
331,binary_gaussian,0.15,test_invalid,invalid,0.4194
332,binary_gaussian,0.15,test_invalid,invalid,0.4204
333,binary_gaussian,0.15,test_invalid,invalid,0.421
334,binary_gaussian,0.15,test_invalid,invalid,0.4226
335,binary_gaussian,0.15,test_invalid,invalid,0.4236
336,binary_gaussian,0.15,test_invalid,invalid,0.4248
337,binary_gaussian,0.15,test_invalid,invalid,0.4252
338,binary_gaussian,0.15,test_invalid,invalid,0.4264
339,binary_gaussian,0.15,test_invalid,invalid,0.4282
340,binary_gaussian,0.15,test_invalid,invalid,0.4296
341,binary_gaussian,0.15,test_invalid,invalid,0.4308
342,binary_gaussian,0.15,test_invalid,invalid,0.4316
343,binary_gaussian,0.15,test_invalid,invalid,0.432
344,binary_gaussian,0.15,test_invalid,invalid,0.4332
345,binary_gaussian,0.15,test_invalid,invalid,0.4342
346,binary_gaussian,0.15,test_invalid,invalid,0.4354
347,binary_gaussian,0.15,test_invalid,invalid,0.4364
348,binary_gaussian,0.15,test_invalid,invalid,0.4382
349,binary_gaussian,0.15,test_invalid,invalid,0.439
350,binary_gaussian,0.15,test_invalid,invalid,0.4402
351,binary_gaussian,0.15,test_invalid,invalid,0.4428
352,binary_gaussian,0.15,test_invalid,invalid,0.4442
353,binary_gaussian,0.15,test_invalid,invalid,0.4448
354,binary_gaussian,0.15,test_invalid,invalid,0.4466
355,binary_gaussian,0.15,test_invalid,invalid,0.4474
356,binary_gaussian,0.15,test_invalid,invalid,0.4488
357,binary_gaussian,0.15,test_invalid,invalid,0.4498
358,binary_gaussian,0.15,test_invalid,invalid,0.451
359,binary_gaussian,0.15,test_invalid,invalid,0.4518
360,binary_gaussian,0.15,test_invalid,invalid,0.453
361,binary_gaussian,0.15,test_invalid,invalid,0.4536
362,binary_gaussian,0.15,test_invalid,invalid,0.4552
363,binary_gaussian,0.15,test_invalid,invalid,0.4566
364,binary_gaussian,0.15,test_invalid,invalid,0.4572
365,binary_gaussian,0.15,test_invalid,invalid,0.4584
366,binary_gaussian,0.15,test_invalid,invalid,0.4592
367,binary_gaussian,0.15,test_invalid,invalid,0.4604
368,binary_gaussian,0.15,test_invalid,invalid,0.4608
369,binary_gaussian,0.15,test_invalid,invalid,0.4616
370,binary_gaussian,0.15,test_invalid,invalid,0.4628
371,binary_gaussian,0.15,test_invalid,invalid,0.4644
372,binary_gaussian,0.15,test_invalid,invalid,0.4654
373,binary_gaussian,0.15,test_invalid,invalid,0.4666
374,binary_gaussian,0.15,test_invalid,invalid,0.4674
375,binary_gaussian,0.15,test_invalid,invalid,0.4678
376,binary_gaussian,0.15,test_invalid,invalid,0.4684
377,binary_gaussian,0.15,test_invalid,invalid,0.4698
378,binary_gaussian,0.15,test_invalid,invalid,0.471
379,binary_gaussian,0.15,test_invalid,invalid,0.472
380,binary_gaussian,0.15,test_invalid,invalid,0.4732
381,binary_gaussian,0.15,test_invalid,invalid,0.474
382,binary_gaussian,0.15,test_invalid,invalid,0.4752
383,binary_gaussian,0.15,test_invalid,invalid,0.4762
384,binary_gaussian,0.15,test_invalid,invalid,0.477
385,binary_gaussian,0.15,test_invalid,invalid,0.4786
386,binary_gaussian,0.15,test_invalid,invalid,0.4796
387,binary_gaussian,0.15,test_invalid,invalid,0.4808
388,binary_gaussian,0.15,test_invalid,invalid,0.4816
389,binary_gaussian,0.15,test_invalid,invalid,0.4836
390,binary_gaussian,0.15,test_invalid,invalid,0.4846
391,binary_gaussian,0.15,test_invalid,invalid,0.4856
392,binary_gaussian,0.15,test_invalid,invalid,0.4864
393,binary_gaussian,0.15,test_invalid,invalid,0.4866
394,binary_gaussian,0.15,test_invalid,invalid,0.4874
395,binary_gaussian,0.15,test_invalid,invalid,0.4876
396,binary_gaussian,0.15,test_invalid,invalid,0.4884
397,binary_gaussian,0.15,test_invalid,invalid,0.4898
398,binary_gaussian,0.15,test_invalid,invalid,0.49
399,binary_gaussian,0.15,test_invalid,invalid,0.4906
400,binary_gaussian,0.15,test_invalid,invalid,0.4914
401,binary_gaussian,0.15,test_invalid,invalid,0.4928
402,binary_gaussian,0.15,test_invalid,invalid,0.4934
403,binary_gaussian,0.15,test_invalid,invalid,0.4946
404,binary_gaussian,0.15,test_invalid,invalid,0.4952
405,binary_gaussian,0.15,test_invalid,invalid,0.4968
406,binary_gaussian,0.15,test_invalid,invalid,0.4974
407,binary_gaussian,0.15,test_invalid,invalid,0.4982
408,binary_gaussian,0.15,test_invalid,invalid,0.4998
409,binary_gaussian,0.15,test_invalid,invalid,0.5004
410,binary_gaussian,0.15,test_invalid,invalid,0.502
411,binary_gaussian,0.15,test_invalid,invalid,0.5026
412,binary_gaussian,0.15,test_invalid,invalid,0.5042
413,binary_gaussian,0.15,test_invalid,invalid,0.5052
414,binary_gaussian,0.15,test_invalid,invalid,0.5066
415,binary_gaussian,0.15,test_invalid,invalid,0.5074
416,binary_gaussian,0.15,test_invalid,invalid,0.5078
417,binary_gaussian,0.15,test_invalid,invalid,0.5084
418,binary_gaussian,0.15,test_invalid,invalid,0.5094
419,binary_gaussian,0.15,test_invalid,invalid,0.5106
420,binary_gaussian,0.15,test_invalid,invalid,0.5114
421,binary_gaussian,0.15,test_invalid,invalid,0.5126
422,binary_gaussian,0.15,test_invalid,invalid,0.513
423,binary_gaussian,0.15,test_invalid,invalid,0.5148
424,binary_gaussian,0.15,test_invalid,invalid,0.5154
425,binary_gaussian,0.15,test_invalid,invalid,0.5168
426,binary_gaussian,0.15,test_invalid,invalid,0.5178
427,binary_gaussian,0.15,test_invalid,invalid,0.5188
428,binary_gaussian,0.15,test_invalid,invalid,0.5196
429,binary_gaussian,0.15,test_invalid,invalid,0.52
430,binary_gaussian,0.15,test_invalid,invalid,0.5204
431,binary_gaussian,0.15,test_invalid,invalid,0.5208
432,binary_gaussian,0.15,test_invalid,invalid,0.5212
433,binary_gaussian,0.15,test_invalid,invalid,0.5224
434,binary_gaussian,0.15,test_invalid,invalid,0.5232
435,binary_gaussian,0.15,test_invalid,invalid,0.524
436,binary_gaussian,0.15,test_invalid,invalid,0.5248
437,binary_gaussian,0.15,test_invalid,invalid,0.5256
438,binary_gaussian,0.15,test_invalid,invalid,0.5266
439,binary_gaussian,0.15,test_invalid,invalid,0.5278
440,binary_gaussian,0.15,test_invalid,invalid,0.5286
441,binary_gaussian,0.15,test_invalid,invalid,0.529
442,binary_gaussian,0.15,test_invalid,invalid,0.53
443,binary_gaussian,0.15,test_invalid,invalid,0.5316
444,binary_gaussian,0.15,test_invalid,invalid,0.5328
445,binary_gaussian,0.15,test_invalid,invalid,0.5334
446,binary_gaussian,0.15,test_invalid,invalid,0.5346
447,binary_gaussian,0.15,test_invalid,invalid,0.535
448,binary_gaussian,0.15,test_invalid,invalid,0.5356
449,binary_gaussian,0.15,test_invalid,invalid,0.537
450,binary_gaussian,0.15,test_invalid,invalid,0.538
451,binary_gaussian,0.15,test_invalid,invalid,0.5398
452,binary_gaussian,0.15,test_invalid,invalid,0.5406
453,binary_gaussian,0.15,test_invalid,invalid,0.5418
454,binary_gaussian,0.15,test_invalid,invalid,0.5432
455,binary_gaussian,0.15,test_invalid,invalid,0.5438
456,binary_gaussian,0.15,test_invalid,invalid,0.5444
457,binary_gaussian,0.15,test_invalid,invalid,0.545
458,binary_gaussian,0.15,test_invalid,invalid,0.5458
459,binary_gaussian,0.15,test_invalid,invalid,0.5462
460,binary_gaussian,0.15,test_invalid,invalid,0.5474
461,binary_gaussian,0.15,test_invalid,invalid,0.548
462,binary_gaussian,0.15,test_invalid,invalid,0.55
463,binary_gaussian,0.15,test_invalid,invalid,0.5512
464,binary_gaussian,0.15,test_invalid,invalid,0.5516
465,binary_gaussian,0.15,test_invalid,invalid,0.5526
466,binary_gaussian,0.15,test_invalid,invalid,0.5532
467,binary_gaussian,0.15,test_invalid,invalid,0.5544
468,binary_gaussian,0.15,test_invalid,invalid,0.5552
469,binary_gaussian,0.15,test_invalid,invalid,0.5558
470,binary_gaussian,0.15,test_invalid,invalid,0.5576
471,binary_gaussian,0.15,test_invalid,invalid,0.558
472,binary_gaussian,0.15,test_invalid,invalid,0.5586
473,binary_gaussian,0.15,test_invalid,invalid,0.5598
474,binary_gaussian,0.15,test_invalid,invalid,0.5612
475,binary_gaussian,0.15,test_invalid,invalid,0.5618
476,binary_gaussian,0.15,test_invalid,invalid,0.5622
477,binary_gaussian,0.15,test_invalid,invalid,0.5628
478,binary_gaussian,0.15,test_invalid,invalid,0.5634
479,binary_gaussian,0.15,test_invalid,invalid,0.564
480,binary_gaussian,0.15,test_invalid,invalid,0.5642
481,binary_gaussian,0.15,test_invalid,invalid,0.5656
482,binary_gaussian,0.15,test_invalid,invalid,0.5664
483,binary_gaussian,0.15,test_invalid,invalid,0.567
484,binary_gaussian,0.15,test_invalid,invalid,0.5672
485,binary_gaussian,0.15,test_invalid,invalid,0.569
486,binary_gaussian,0.15,test_invalid,invalid,0.5698
487,binary_gaussian,0.15,test_invalid,invalid,0.5702
488,binary_gaussian,0.15,test_invalid,invalid,0.5712
489,binary_gaussian,0.15,test_invalid,invalid,0.5724
490,binary_gaussian,0.15,test_invalid,invalid,0.5738
491,binary_gaussian,0.15,test_invalid,invalid,0.5752
492,binary_gaussian,0.15,test_invalid,invalid,0.576
493,binary_gaussian,0.15,test_invalid,invalid,0.576
494,binary_gaussian,0.15,test_invalid,invalid,0.5774
495,binary_gaussian,0.15,test_invalid,invalid,0.578
496,binary_gaussian,0.15,test_invalid,invalid,0.5796
497,binary_gaussian,0.15,test_invalid,invalid,0.5802
498,binary_gaussian,0.15,test_invalid,invalid,0.581
499,binary_gaussian,0.15,test_invalid,invalid,0.5814
500,binary_gaussian,0.15,test_invalid,invalid,0.5834
501,binary_gaussian,0.15,test_invalid,invalid,0.5838
502,binary_gaussian,0.15,test_invalid,invalid,0.5846
503,binary_gaussian,0.15,test_invalid,invalid,0.585
504,binary_gaussian,0.15,test_invalid,invalid,0.586
1,binary_student_t,0.05,test_valid,valid,0.0
2,binary_student_t,0.05,test_valid,valid,0.0
3,binary_student_t,0.05,test_valid,valid,0.0
4,binary_student_t,0.05,test_valid,valid,0.0
5,binary_student_t,0.05,test_valid,valid,0.0
6,binary_student_t,0.05,test_valid,valid,0.0
7,binary_student_t,0.05,test_valid,valid,0.0
8,binary_student_t,0.05,test_valid,valid,0.0
9,binary_student_t,0.05,test_valid,valid,0.0
10,binary_student_t,0.05,test_valid,valid,0.0
11,binary_student_t,0.05,test_valid,valid,0.0
12,binary_student_t,0.05,test_valid,valid,0.0
13,binary_student_t,0.05,test_valid,valid,0.0
14,binary_student_t,0.05,test_valid,valid,0.0
15,binary_student_t,0.05,test_valid,valid,0.0
16,binary_student_t,0.05,test_valid,valid,0.0
17,binary_student_t,0.05,test_valid,valid,0.0
18,binary_student_t,0.05,test_valid,valid,0.0
19,binary_student_t,0.05,test_valid,valid,0.0
20,binary_student_t,0.05,test_valid,valid,0.0
21,binary_student_t,0.05,test_valid,valid,0.0
22,binary_student_t,0.05,test_valid,valid,0.0
23,binary_student_t,0.05,test_valid,valid,0.0
24,binary_student_t,0.05,test_valid,valid,0.0
25,binary_student_t,0.05,test_valid,valid,0.0
26,binary_student_t,0.05,test_valid,valid,0.0
27,binary_student_t,0.05,test_valid,valid,0.0
28,binary_student_t,0.05,test_valid,valid,0.0
29,binary_student_t,0.05,test_valid,valid,0.0
30,binary_student_t,0.05,test_valid,valid,0.0
31,binary_student_t,0.05,test_valid,valid,0.0
32,binary_student_t,0.05,test_valid,valid,0.0
33,binary_student_t,0.05,test_valid,valid,0.0
34,binary_student_t,0.05,test_valid,valid,0.0
35,binary_student_t,0.05,test_valid,valid,0.0
36,binary_student_t,0.05,test_valid,valid,0.0
37,binary_student_t,0.05,test_valid,valid,0.0
38,binary_student_t,0.05,test_valid,valid,0.0
39,binary_student_t,0.05,test_valid,valid,0.0
40,binary_student_t,0.05,test_valid,valid,0.0
41,binary_student_t,0.05,test_valid,valid,0.0
42,binary_student_t,0.05,test_valid,valid,0.0
43,binary_student_t,0.05,test_valid,valid,0.0
44,binary_student_t,0.05,test_valid,valid,0.0
45,binary_student_t,0.05,test_valid,valid,0.0
46,binary_student_t,0.05,test_valid,valid,0.0
47,binary_student_t,0.05,test_valid,valid,0.0
48,binary_student_t,0.05,test_valid,valid,0.0
49,binary_student_t,0.05,test_valid,valid,0.0
50,binary_student_t,0.05,test_valid,valid,0.0
51,binary_student_t,0.05,test_valid,valid,0.0
52,binary_student_t,0.05,test_valid,valid,0.0
53,binary_student_t,0.05,test_valid,valid,0.0
54,binary_student_t,0.05,test_valid,valid,0.0
55,binary_student_t,0.05,test_valid,valid,0.0
56,binary_student_t,0.05,test_valid,valid,0.0
57,binary_student_t,0.05,test_valid,valid,0.0
58,binary_student_t,0.05,test_valid,valid,0.0
59,binary_student_t,0.05,test_valid,valid,0.0
60,binary_student_t,0.05,test_valid,valid,0.0
61,binary_student_t,0.05,test_valid,valid,0.0
62,binary_student_t,0.05,test_valid,valid,0.0
63,binary_student_t,0.05,test_valid,valid,0.0
64,binary_student_t,0.05,test_valid,valid,0.0
65,binary_student_t,0.05,test_valid,valid,0.0
66,binary_student_t,0.05,test_valid,valid,0.0
67,binary_student_t,0.05,test_valid,valid,0.0
68,binary_student_t,0.05,test_valid,valid,0.0
69,binary_student_t,0.05,test_valid,valid,0.0
70,binary_student_t,0.05,test_valid,valid,0.0
71,binary_student_t,0.05,test_valid,valid,0.0
72,binary_student_t,0.05,test_valid,valid,0.0
73,binary_student_t,0.05,test_valid,valid,0.0
74,binary_student_t,0.05,test_valid,valid,0.0
75,binary_student_t,0.05,test_valid,valid,0.0
76,binary_student_t,0.05,test_valid,valid,0.0
77,binary_student_t,0.05,test_valid,valid,0.0
78,binary_student_t,0.05,test_valid,valid,0.0002
79,binary_student_t,0.05,test_valid,valid,0.0002
80,binary_student_t,0.05,test_valid,valid,0.0002
81,binary_student_t,0.05,test_valid,valid,0.0002
82,binary_student_t,0.05,test_valid,valid,0.0002
83,binary_student_t,0.05,test_valid,valid,0.0002
84,binary_student_t,0.05,test_valid,valid,0.0004
85,binary_student_t,0.05,test_valid,valid,0.0004
86,binary_student_t,0.05,test_valid,valid,0.0004
87,binary_student_t,0.05,test_valid,valid,0.0004
88,binary_student_t,0.05,test_valid,valid,0.0004
89,binary_student_t,0.05,test_valid,valid,0.0006
90,binary_student_t,0.05,test_valid,valid,0.0006
91,binary_student_t,0.05,test_valid,valid,0.0006
92,binary_student_t,0.05,test_valid,valid,0.0006
93,binary_student_t,0.05,test_valid,valid,0.0006
94,binary_student_t,0.05,test_valid,valid,0.0006
95,binary_student_t,0.05,test_valid,valid,0.0008
96,binary_student_t,0.05,test_valid,valid,0.0008
97,binary_student_t,0.05,test_valid,valid,0.0008
98,binary_student_t,0.05,test_valid,valid,0.0012
99,binary_student_t,0.05,test_valid,valid,0.0012
100,binary_student_t,0.05,test_valid,valid,0.0012
101,binary_student_t,0.05,test_valid,valid,0.0012
102,binary_student_t,0.05,test_valid,valid,0.0016
103,binary_student_t,0.05,test_valid,valid,0.0016
104,binary_student_t,0.05,test_valid,valid,0.0016
105,binary_student_t,0.05,test_valid,valid,0.0016
106,binary_student_t,0.05,test_valid,valid,0.0016
107,binary_student_t,0.05,test_valid,valid,0.0016
108,binary_student_t,0.05,test_valid,valid,0.0016
109,binary_student_t,0.05,test_valid,valid,0.0016
110,binary_student_t,0.05,test_valid,valid,0.0016
111,binary_student_t,0.05,test_valid,valid,0.0016
112,binary_student_t,0.05,test_valid,valid,0.0018
113,binary_student_t,0.05,test_valid,valid,0.002
114,binary_student_t,0.05,test_valid,valid,0.002
115,binary_student_t,0.05,test_valid,valid,0.002
116,binary_student_t,0.05,test_valid,valid,0.002
117,binary_student_t,0.05,test_valid,valid,0.002
118,binary_student_t,0.05,test_valid,valid,0.002
119,binary_student_t,0.05,test_valid,valid,0.002
120,binary_student_t,0.05,test_valid,valid,0.002
121,binary_student_t,0.05,test_valid,valid,0.002
122,binary_student_t,0.05,test_valid,valid,0.0022
123,binary_student_t,0.05,test_valid,valid,0.0024
124,binary_student_t,0.05,test_valid,valid,0.0024
125,binary_student_t,0.05,test_valid,valid,0.0024
126,binary_student_t,0.05,test_valid,valid,0.0024
127,binary_student_t,0.05,test_valid,valid,0.0026
128,binary_student_t,0.05,test_valid,valid,0.0028
129,binary_student_t,0.05,test_valid,valid,0.0028
130,binary_student_t,0.05,test_valid,valid,0.003
131,binary_student_t,0.05,test_valid,valid,0.003
132,binary_student_t,0.05,test_valid,valid,0.0032
133,binary_student_t,0.05,test_valid,valid,0.0032
134,binary_student_t,0.05,test_valid,valid,0.0032
135,binary_student_t,0.05,test_valid,valid,0.0034
136,binary_student_t,0.05,test_valid,valid,0.0038
137,binary_student_t,0.05,test_valid,valid,0.0038
138,binary_student_t,0.05,test_valid,valid,0.004
139,binary_student_t,0.05,test_valid,valid,0.004
140,binary_student_t,0.05,test_valid,valid,0.0044
141,binary_student_t,0.05,test_valid,valid,0.0046
142,binary_student_t,0.05,test_valid,valid,0.0046
143,binary_student_t,0.05,test_valid,valid,0.0048
144,binary_student_t,0.05,test_valid,valid,0.005
145,binary_student_t,0.05,test_valid,valid,0.0054
146,binary_student_t,0.05,test_valid,valid,0.0054
147,binary_student_t,0.05,test_valid,valid,0.0054
148,binary_student_t,0.05,test_valid,valid,0.0054
149,binary_student_t,0.05,test_valid,valid,0.0054
150,binary_student_t,0.05,test_valid,valid,0.0054
151,binary_student_t,0.05,test_valid,valid,0.0056
152,binary_student_t,0.05,test_valid,valid,0.0056
153,binary_student_t,0.05,test_valid,valid,0.0056
154,binary_student_t,0.05,test_valid,valid,0.0058
155,binary_student_t,0.05,test_valid,valid,0.006
156,binary_student_t,0.05,test_valid,valid,0.006
157,binary_student_t,0.05,test_valid,valid,0.006
158,binary_student_t,0.05,test_valid,valid,0.006
159,binary_student_t,0.05,test_valid,valid,0.006
160,binary_student_t,0.05,test_valid,valid,0.006
161,binary_student_t,0.05,test_valid,valid,0.006
162,binary_student_t,0.05,test_valid,valid,0.006
163,binary_student_t,0.05,test_valid,valid,0.006
164,binary_student_t,0.05,test_valid,valid,0.006
165,binary_student_t,0.05,test_valid,valid,0.006
166,binary_student_t,0.05,test_valid,valid,0.0062
167,binary_student_t,0.05,test_valid,valid,0.0064
168,binary_student_t,0.05,test_valid,valid,0.0064
169,binary_student_t,0.05,test_valid,valid,0.0064
170,binary_student_t,0.05,test_valid,valid,0.0064
171,binary_student_t,0.05,test_valid,valid,0.0064
172,binary_student_t,0.05,test_valid,valid,0.0064
173,binary_student_t,0.05,test_valid,valid,0.0066
174,binary_student_t,0.05,test_valid,valid,0.0066
175,binary_student_t,0.05,test_valid,valid,0.007
176,binary_student_t,0.05,test_valid,valid,0.007
177,binary_student_t,0.05,test_valid,valid,0.007
178,binary_student_t,0.05,test_valid,valid,0.0072
179,binary_student_t,0.05,test_valid,valid,0.0072
180,binary_student_t,0.05,test_valid,valid,0.0074
181,binary_student_t,0.05,test_valid,valid,0.0074
182,binary_student_t,0.05,test_valid,valid,0.0074
183,binary_student_t,0.05,test_valid,valid,0.0074
184,binary_student_t,0.05,test_valid,valid,0.0074
185,binary_student_t,0.05,test_valid,valid,0.0076
186,binary_student_t,0.05,test_valid,valid,0.008
187,binary_student_t,0.05,test_valid,valid,0.008
188,binary_student_t,0.05,test_valid,valid,0.0082
189,binary_student_t,0.05,test_valid,valid,0.0082
190,binary_student_t,0.05,test_valid,valid,0.0082
191,binary_student_t,0.05,test_valid,valid,0.0082
192,binary_student_t,0.05,test_valid,valid,0.0084
193,binary_student_t,0.05,test_valid,valid,0.0084
194,binary_student_t,0.05,test_valid,valid,0.0084
195,binary_student_t,0.05,test_valid,valid,0.0086
196,binary_student_t,0.05,test_valid,valid,0.0086
197,binary_student_t,0.05,test_valid,valid,0.0086
198,binary_student_t,0.05,test_valid,valid,0.0086
199,binary_student_t,0.05,test_valid,valid,0.009
200,binary_student_t,0.05,test_valid,valid,0.0092
201,binary_student_t,0.05,test_valid,valid,0.0092
202,binary_student_t,0.05,test_valid,valid,0.0094
203,binary_student_t,0.05,test_valid,valid,0.0096
204,binary_student_t,0.05,test_valid,valid,0.0098
205,binary_student_t,0.05,test_valid,valid,0.0102
206,binary_student_t,0.05,test_valid,valid,0.0104
207,binary_student_t,0.05,test_valid,valid,0.0108
208,binary_student_t,0.05,test_valid,valid,0.011
209,binary_student_t,0.05,test_valid,valid,0.011
210,binary_student_t,0.05,test_valid,valid,0.0112
211,binary_student_t,0.05,test_valid,valid,0.0112
212,binary_student_t,0.05,test_valid,valid,0.0116
213,binary_student_t,0.05,test_valid,valid,0.0116
214,binary_student_t,0.05,test_valid,valid,0.0116
215,binary_student_t,0.05,test_valid,valid,0.0116
216,binary_student_t,0.05,test_valid,valid,0.0118
217,binary_student_t,0.05,test_valid,valid,0.012
218,binary_student_t,0.05,test_valid,valid,0.012
219,binary_student_t,0.05,test_valid,valid,0.0126
220,binary_student_t,0.05,test_valid,valid,0.0128
221,binary_student_t,0.05,test_valid,valid,0.013
222,binary_student_t,0.05,test_valid,valid,0.013
223,binary_student_t,0.05,test_valid,valid,0.013
224,binary_student_t,0.05,test_valid,valid,0.013
225,binary_student_t,0.05,test_valid,valid,0.013
226,binary_student_t,0.05,test_valid,valid,0.0132
227,binary_student_t,0.05,test_valid,valid,0.0132
228,binary_student_t,0.05,test_valid,valid,0.0136
229,binary_student_t,0.05,test_valid,valid,0.0136
230,binary_student_t,0.05,test_valid,valid,0.014
231,binary_student_t,0.05,test_valid,valid,0.014
232,binary_student_t,0.05,test_valid,valid,0.014
233,binary_student_t,0.05,test_valid,valid,0.0144
234,binary_student_t,0.05,test_valid,valid,0.0148
235,binary_student_t,0.05,test_valid,valid,0.0152
236,binary_student_t,0.05,test_valid,valid,0.0152
237,binary_student_t,0.05,test_valid,valid,0.0154
238,binary_student_t,0.05,test_valid,valid,0.0158
239,binary_student_t,0.05,test_valid,valid,0.0158
240,binary_student_t,0.05,test_valid,valid,0.0158
241,binary_student_t,0.05,test_valid,valid,0.016
242,binary_student_t,0.05,test_valid,valid,0.016
243,binary_student_t,0.05,test_valid,valid,0.016
244,binary_student_t,0.05,test_valid,valid,0.016
245,binary_student_t,0.05,test_valid,valid,0.0162
246,binary_student_t,0.05,test_valid,valid,0.0162
247,binary_student_t,0.05,test_valid,valid,0.0162
248,binary_student_t,0.05,test_valid,valid,0.0166
249,binary_student_t,0.05,test_valid,valid,0.0168
250,binary_student_t,0.05,test_valid,valid,0.0172
251,binary_student_t,0.05,test_valid,valid,0.0174
252,binary_student_t,0.05,test_valid,valid,0.0178
253,binary_student_t,0.05,test_valid,valid,0.0178
254,binary_student_t,0.05,test_valid,valid,0.0182
255,binary_student_t,0.05,test_valid,valid,0.0188
256,binary_student_t,0.05,test_valid,valid,0.0188
257,binary_student_t,0.05,test_valid,valid,0.0188
258,binary_student_t,0.05,test_valid,valid,0.019
259,binary_student_t,0.05,test_valid,valid,0.019
260,binary_student_t,0.05,test_valid,valid,0.0192
261,binary_student_t,0.05,test_valid,valid,0.0194
262,binary_student_t,0.05,test_valid,valid,0.0194
263,binary_student_t,0.05,test_valid,valid,0.0196
264,binary_student_t,0.05,test_valid,valid,0.0198
265,binary_student_t,0.05,test_valid,valid,0.02
266,binary_student_t,0.05,test_valid,valid,0.02
267,binary_student_t,0.05,test_valid,valid,0.0202
268,binary_student_t,0.05,test_valid,valid,0.0202
269,binary_student_t,0.05,test_valid,valid,0.0204
270,binary_student_t,0.05,test_valid,valid,0.0204
271,binary_student_t,0.05,test_valid,valid,0.0204
272,binary_student_t,0.05,test_valid,valid,0.0204
273,binary_student_t,0.05,test_valid,valid,0.0204
274,binary_student_t,0.05,test_valid,valid,0.0204
275,binary_student_t,0.05,test_valid,valid,0.0204
276,binary_student_t,0.05,test_valid,valid,0.0208
277,binary_student_t,0.05,test_valid,valid,0.0208
278,binary_student_t,0.05,test_valid,valid,0.0208
279,binary_student_t,0.05,test_valid,valid,0.0212
280,binary_student_t,0.05,test_valid,valid,0.0212
281,binary_student_t,0.05,test_valid,valid,0.0212
282,binary_student_t,0.05,test_valid,valid,0.0212
283,binary_student_t,0.05,test_valid,valid,0.0214
284,binary_student_t,0.05,test_valid,valid,0.0218
285,binary_student_t,0.05,test_valid,valid,0.0218
286,binary_student_t,0.05,test_valid,valid,0.0218
287,binary_student_t,0.05,test_valid,valid,0.0222
288,binary_student_t,0.05,test_valid,valid,0.0224
289,binary_student_t,0.05,test_valid,valid,0.0226
290,binary_student_t,0.05,test_valid,valid,0.0228
291,binary_student_t,0.05,test_valid,valid,0.0228
292,binary_student_t,0.05,test_valid,valid,0.0228
293,binary_student_t,0.05,test_valid,valid,0.0228
294,binary_student_t,0.05,test_valid,valid,0.023
295,binary_student_t,0.05,test_valid,valid,0.0232
296,binary_student_t,0.05,test_valid,valid,0.0232
297,binary_student_t,0.05,test_valid,valid,0.0236
298,binary_student_t,0.05,test_valid,valid,0.0238
299,binary_student_t,0.05,test_valid,valid,0.0238
300,binary_student_t,0.05,test_valid,valid,0.024
301,binary_student_t,0.05,test_valid,valid,0.024
302,binary_student_t,0.05,test_valid,valid,0.024
303,binary_student_t,0.05,test_valid,valid,0.024
304,binary_student_t,0.05,test_valid,valid,0.024
305,binary_student_t,0.05,test_valid,valid,0.0242
306,binary_student_t,0.05,test_valid,valid,0.0244
307,binary_student_t,0.05,test_valid,valid,0.0246
308,binary_student_t,0.05,test_valid,valid,0.025
309,binary_student_t,0.05,test_valid,valid,0.0252
310,binary_student_t,0.05,test_valid,valid,0.0256
311,binary_student_t,0.05,test_valid,valid,0.0258
312,binary_student_t,0.05,test_valid,valid,0.0258
313,binary_student_t,0.05,test_valid,valid,0.0262
314,binary_student_t,0.05,test_valid,valid,0.0266
315,binary_student_t,0.05,test_valid,valid,0.0268
316,binary_student_t,0.05,test_valid,valid,0.027
317,binary_student_t,0.05,test_valid,valid,0.027
318,binary_student_t,0.05,test_valid,valid,0.027
319,binary_student_t,0.05,test_valid,valid,0.0272
320,binary_student_t,0.05,test_valid,valid,0.0272
321,binary_student_t,0.05,test_valid,valid,0.0274
322,binary_student_t,0.05,test_valid,valid,0.0276
323,binary_student_t,0.05,test_valid,valid,0.0282
324,binary_student_t,0.05,test_valid,valid,0.0284
325,binary_student_t,0.05,test_valid,valid,0.0284
326,binary_student_t,0.05,test_valid,valid,0.0286
327,binary_student_t,0.05,test_valid,valid,0.0286
328,binary_student_t,0.05,test_valid,valid,0.0288
329,binary_student_t,0.05,test_valid,valid,0.0292
330,binary_student_t,0.05,test_valid,valid,0.0294
331,binary_student_t,0.05,test_valid,valid,0.0294
332,binary_student_t,0.05,test_valid,valid,0.0296
333,binary_student_t,0.05,test_valid,valid,0.0298
334,binary_student_t,0.05,test_valid,valid,0.0298
335,binary_student_t,0.05,test_valid,valid,0.03
336,binary_student_t,0.05,test_valid,valid,0.03
337,binary_student_t,0.05,test_valid,valid,0.0302
338,binary_student_t,0.05,test_valid,valid,0.0302
339,binary_student_t,0.05,test_valid,valid,0.0304
340,binary_student_t,0.05,test_valid,valid,0.0308
341,binary_student_t,0.05,test_valid,valid,0.0308
342,binary_student_t,0.05,test_valid,valid,0.0308
343,binary_student_t,0.05,test_valid,valid,0.0312
344,binary_student_t,0.05,test_valid,valid,0.0314
345,binary_student_t,0.05,test_valid,valid,0.0314
346,binary_student_t,0.05,test_valid,valid,0.0316
347,binary_student_t,0.05,test_valid,valid,0.0318
348,binary_student_t,0.05,test_valid,valid,0.032
349,binary_student_t,0.05,test_valid,valid,0.032
350,binary_student_t,0.05,test_valid,valid,0.0322
351,binary_student_t,0.05,test_valid,valid,0.0322
352,binary_student_t,0.05,test_valid,valid,0.0324
353,binary_student_t,0.05,test_valid,valid,0.0324
354,binary_student_t,0.05,test_valid,valid,0.0326
355,binary_student_t,0.05,test_valid,valid,0.0326
356,binary_student_t,0.05,test_valid,valid,0.0328
357,binary_student_t,0.05,test_valid,valid,0.0328
358,binary_student_t,0.05,test_valid,valid,0.0334
359,binary_student_t,0.05,test_valid,valid,0.0338
360,binary_student_t,0.05,test_valid,valid,0.0338
361,binary_student_t,0.05,test_valid,valid,0.0338
362,binary_student_t,0.05,test_valid,valid,0.0338
363,binary_student_t,0.05,test_valid,valid,0.0342
364,binary_student_t,0.05,test_valid,valid,0.0342
365,binary_student_t,0.05,test_valid,valid,0.0344
366,binary_student_t,0.05,test_valid,valid,0.0346
367,binary_student_t,0.05,test_valid,valid,0.0346
368,binary_student_t,0.05,test_valid,valid,0.0348
369,binary_student_t,0.05,test_valid,valid,0.0356
370,binary_student_t,0.05,test_valid,valid,0.0358
371,binary_student_t,0.05,test_valid,valid,0.036
372,binary_student_t,0.05,test_valid,valid,0.036
373,binary_student_t,0.05,test_valid,valid,0.0364
374,binary_student_t,0.05,test_valid,valid,0.0366
375,binary_student_t,0.05,test_valid,valid,0.0372
376,binary_student_t,0.05,test_valid,valid,0.0374
377,binary_student_t,0.05,test_valid,valid,0.0378
378,binary_student_t,0.05,test_valid,valid,0.0378
379,binary_student_t,0.05,test_valid,valid,0.0382
380,binary_student_t,0.05,test_valid,valid,0.0384
381,binary_student_t,0.05,test_valid,valid,0.0384
382,binary_student_t,0.05,test_valid,valid,0.0384
383,binary_student_t,0.05,test_valid,valid,0.0386
384,binary_student_t,0.05,test_valid,valid,0.0388
385,binary_student_t,0.05,test_valid,valid,0.039
386,binary_student_t,0.05,test_valid,valid,0.039
387,binary_student_t,0.05,test_valid,valid,0.039
388,binary_student_t,0.05,test_valid,valid,0.039
389,binary_student_t,0.05,test_valid,valid,0.039
390,binary_student_t,0.05,test_valid,valid,0.0398
391,binary_student_t,0.05,test_valid,valid,0.0398
392,binary_student_t,0.05,test_valid,valid,0.0398
393,binary_student_t,0.05,test_valid,valid,0.0398
394,binary_student_t,0.05,test_valid,valid,0.0398
395,binary_student_t,0.05,test_valid,valid,0.0398
396,binary_student_t,0.05,test_valid,valid,0.04
397,binary_student_t,0.05,test_valid,valid,0.04
398,binary_student_t,0.05,test_valid,valid,0.0404
399,binary_student_t,0.05,test_valid,valid,0.0404
400,binary_student_t,0.05,test_valid,valid,0.0404
401,binary_student_t,0.05,test_valid,valid,0.0404
402,binary_student_t,0.05,test_valid,valid,0.041
403,binary_student_t,0.05,test_valid,valid,0.0412
404,binary_student_t,0.05,test_valid,valid,0.0416
405,binary_student_t,0.05,test_valid,valid,0.0416
406,binary_student_t,0.05,test_valid,valid,0.042
407,binary_student_t,0.05,test_valid,valid,0.0424
408,binary_student_t,0.05,test_valid,valid,0.0424
409,binary_student_t,0.05,test_valid,valid,0.0424
410,binary_student_t,0.05,test_valid,valid,0.0424
411,binary_student_t,0.05,test_valid,valid,0.0426
412,binary_student_t,0.05,test_valid,valid,0.0426
413,binary_student_t,0.05,test_valid,valid,0.0432
414,binary_student_t,0.05,test_valid,valid,0.0432
415,binary_student_t,0.05,test_valid,valid,0.0438
416,binary_student_t,0.05,test_valid,valid,0.0438
417,binary_student_t,0.05,test_valid,valid,0.044
418,binary_student_t,0.05,test_valid,valid,0.044
419,binary_student_t,0.05,test_valid,valid,0.044
420,binary_student_t,0.05,test_valid,valid,0.0442
421,binary_student_t,0.05,test_valid,valid,0.0444
422,binary_student_t,0.05,test_valid,valid,0.0444
423,binary_student_t,0.05,test_valid,valid,0.0446
424,binary_student_t,0.05,test_valid,valid,0.0448
425,binary_student_t,0.05,test_valid,valid,0.0448
426,binary_student_t,0.05,test_valid,valid,0.0448
427,binary_student_t,0.05,test_valid,valid,0.0448
428,binary_student_t,0.05,test_valid,valid,0.0448
429,binary_student_t,0.05,test_valid,valid,0.0448
430,binary_student_t,0.05,test_valid,valid,0.0448
431,binary_student_t,0.05,test_valid,valid,0.0448
432,binary_student_t,0.05,test_valid,valid,0.0454
433,binary_student_t,0.05,test_valid,valid,0.0456
434,binary_student_t,0.05,test_valid,valid,0.0456
435,binary_student_t,0.05,test_valid,valid,0.0456
436,binary_student_t,0.05,test_valid,valid,0.0456
437,binary_student_t,0.05,test_valid,valid,0.0456
438,binary_student_t,0.05,test_valid,valid,0.0456
439,binary_student_t,0.05,test_valid,valid,0.0456
440,binary_student_t,0.05,test_valid,valid,0.0458
441,binary_student_t,0.05,test_valid,valid,0.0458
442,binary_student_t,0.05,test_valid,valid,0.0458
443,binary_student_t,0.05,test_valid,valid,0.0462
444,binary_student_t,0.05,test_valid,valid,0.0464
445,binary_student_t,0.05,test_valid,valid,0.0464
446,binary_student_t,0.05,test_valid,valid,0.0466
447,binary_student_t,0.05,test_valid,valid,0.0466
448,binary_student_t,0.05,test_valid,valid,0.0466
449,binary_student_t,0.05,test_valid,valid,0.0466
450,binary_student_t,0.05,test_valid,valid,0.0466
451,binary_student_t,0.05,test_valid,valid,0.0466
452,binary_student_t,0.05,test_valid,valid,0.0468
453,binary_student_t,0.05,test_valid,valid,0.0468
454,binary_student_t,0.05,test_valid,valid,0.0468
455,binary_student_t,0.05,test_valid,valid,0.047
456,binary_student_t,0.05,test_valid,valid,0.047
457,binary_student_t,0.05,test_valid,valid,0.0472
458,binary_student_t,0.05,test_valid,valid,0.0474
459,binary_student_t,0.05,test_valid,valid,0.0476
460,binary_student_t,0.05,test_valid,valid,0.0476
461,binary_student_t,0.05,test_valid,valid,0.048
462,binary_student_t,0.05,test_valid,valid,0.0486
463,binary_student_t,0.05,test_valid,valid,0.0486
464,binary_student_t,0.05,test_valid,valid,0.0486
465,binary_student_t,0.05,test_valid,valid,0.0486
466,binary_student_t,0.05,test_valid,valid,0.0486
467,binary_student_t,0.05,test_valid,valid,0.049
468,binary_student_t,0.05,test_valid,valid,0.049
469,binary_student_t,0.05,test_valid,valid,0.0494
470,binary_student_t,0.05,test_valid,valid,0.0494
471,binary_student_t,0.05,test_valid,valid,0.0494
472,binary_student_t,0.05,test_valid,valid,0.0496
473,binary_student_t,0.05,test_valid,valid,0.0496
474,binary_student_t,0.05,test_valid,valid,0.05
475,binary_student_t,0.05,test_valid,valid,0.05
476,binary_student_t,0.05,test_valid,valid,0.0502
477,binary_student_t,0.05,test_valid,valid,0.0502
478,binary_student_t,0.05,test_valid,valid,0.0502
479,binary_student_t,0.05,test_valid,valid,0.0504
480,binary_student_t,0.05,test_valid,valid,0.0504
481,binary_student_t,0.05,test_valid,valid,0.0504
482,binary_student_t,0.05,test_valid,valid,0.0504
483,binary_student_t,0.05,test_valid,valid,0.0504
484,binary_student_t,0.05,test_valid,valid,0.0504
485,binary_student_t,0.05,test_valid,valid,0.0504
486,binary_student_t,0.05,test_valid,valid,0.0504
487,binary_student_t,0.05,test_valid,valid,0.0508
488,binary_student_t,0.05,test_valid,valid,0.051
489,binary_student_t,0.05,test_valid,valid,0.051
490,binary_student_t,0.05,test_valid,valid,0.0514
491,binary_student_t,0.05,test_valid,valid,0.0516
492,binary_student_t,0.05,test_valid,valid,0.0516
493,binary_student_t,0.05,test_valid,valid,0.052
494,binary_student_t,0.05,test_valid,valid,0.052
495,binary_student_t,0.05,test_valid,valid,0.0522
496,binary_student_t,0.05,test_valid,valid,0.0524
497,binary_student_t,0.05,test_valid,valid,0.0524
498,binary_student_t,0.05,test_valid,valid,0.0528
499,binary_student_t,0.05,test_valid,valid,0.053
500,binary_student_t,0.05,test_valid,valid,0.0532
501,binary_student_t,0.05,test_valid,valid,0.0532
502,binary_student_t,0.05,test_valid,valid,0.0534
503,binary_student_t,0.05,test_valid,valid,0.0536
504,binary_student_t,0.05,test_valid,valid,0.0538
1,binary_student_t,0.05,test_invalid,invalid,0.0
2,binary_student_t,0.05,test_invalid,invalid,0.0
3,binary_student_t,0.05,test_invalid,invalid,0.0
4,binary_student_t,0.05,test_invalid,invalid,0.0
5,binary_student_t,0.05,test_invalid,invalid,0.0
6,binary_student_t,0.05,test_invalid,invalid,0.0
7,binary_student_t,0.05,test_invalid,invalid,0.0
8,binary_student_t,0.05,test_invalid,invalid,0.0
9,binary_student_t,0.05,test_invalid,invalid,0.0
10,binary_student_t,0.05,test_invalid,invalid,0.0
11,binary_student_t,0.05,test_invalid,invalid,0.0
12,binary_student_t,0.05,test_invalid,invalid,0.0
13,binary_student_t,0.05,test_invalid,invalid,0.0
14,binary_student_t,0.05,test_invalid,invalid,0.0
15,binary_student_t,0.05,test_invalid,invalid,0.0
16,binary_student_t,0.05,test_invalid,invalid,0.0
17,binary_student_t,0.05,test_invalid,invalid,0.0
18,binary_student_t,0.05,test_invalid,invalid,0.0
19,binary_student_t,0.05,test_invalid,invalid,0.0
20,binary_student_t,0.05,test_invalid,invalid,0.0
21,binary_student_t,0.05,test_invalid,invalid,0.0
22,binary_student_t,0.05,test_invalid,invalid,0.0
23,binary_student_t,0.05,test_invalid,invalid,0.0
24,binary_student_t,0.05,test_invalid,invalid,0.0
25,binary_student_t,0.05,test_invalid,invalid,0.0
26,binary_student_t,0.05,test_invalid,invalid,0.0
27,binary_student_t,0.05,test_invalid,invalid,0.0
28,binary_student_t,0.05,test_invalid,invalid,0.0
29,binary_student_t,0.05,test_invalid,invalid,0.0
30,binary_student_t,0.05,test_invalid,invalid,0.0
31,binary_student_t,0.05,test_invalid,invalid,0.0
32,binary_student_t,0.05,test_invalid,invalid,0.0
33,binary_student_t,0.05,test_invalid,invalid,0.0
34,binary_student_t,0.05,test_invalid,invalid,0.0
35,binary_student_t,0.05,test_invalid,invalid,0.0
36,binary_student_t,0.05,test_invalid,invalid,0.0
37,binary_student_t,0.05,test_invalid,invalid,0.0
38,binary_student_t,0.05,test_invalid,invalid,0.0
39,binary_student_t,0.05,test_invalid,invalid,0.0
40,binary_student_t,0.05,test_invalid,invalid,0.0
41,binary_student_t,0.05,test_invalid,invalid,0.0
42,binary_student_t,0.05,test_invalid,invalid,0.0
43,binary_student_t,0.05,test_invalid,invalid,0.0
44,binary_student_t,0.05,test_invalid,invalid,0.0
45,binary_student_t,0.05,test_invalid,invalid,0.0
46,binary_student_t,0.05,test_invalid,invalid,0.0
47,binary_student_t,0.05,test_invalid,invalid,0.0
48,binary_student_t,0.05,test_invalid,invalid,0.0
49,binary_student_t,0.05,test_invalid,invalid,0.0
50,binary_student_t,0.05,test_invalid,invalid,0.0
51,binary_student_t,0.05,test_invalid,invalid,0.0
52,binary_student_t,0.05,test_invalid,invalid,0.0002
53,binary_student_t,0.05,test_invalid,invalid,0.0002
54,binary_student_t,0.05,test_invalid,invalid,0.0002
55,binary_student_t,0.05,test_invalid,invalid,0.0002
56,binary_student_t,0.05,test_invalid,invalid,0.0002
57,binary_student_t,0.05,test_invalid,invalid,0.0002
58,binary_student_t,0.05,test_invalid,invalid,0.0002
59,binary_student_t,0.05,test_invalid,invalid,0.0002
60,binary_student_t,0.05,test_invalid,invalid,0.0002
61,binary_student_t,0.05,test_invalid,invalid,0.0002
62,binary_student_t,0.05,test_invalid,invalid,0.0002
63,binary_student_t,0.05,test_invalid,invalid,0.0002
64,binary_student_t,0.05,test_invalid,invalid,0.0002
65,binary_student_t,0.05,test_invalid,invalid,0.0002
66,binary_student_t,0.05,test_invalid,invalid,0.0002
67,binary_student_t,0.05,test_invalid,invalid,0.0002
68,binary_student_t,0.05,test_invalid,invalid,0.0002
69,binary_student_t,0.05,test_invalid,invalid,0.0002
70,binary_student_t,0.05,test_invalid,invalid,0.0002
71,binary_student_t,0.05,test_invalid,invalid,0.0002
72,binary_student_t,0.05,test_invalid,invalid,0.0002
73,binary_student_t,0.05,test_invalid,invalid,0.0002
74,binary_student_t,0.05,test_invalid,invalid,0.0002
75,binary_student_t,0.05,test_invalid,invalid,0.0002
76,binary_student_t,0.05,test_invalid,invalid,0.0002
77,binary_student_t,0.05,test_invalid,invalid,0.0002
78,binary_student_t,0.05,test_invalid,invalid,0.0004
79,binary_student_t,0.05,test_invalid,invalid,0.0004
80,binary_student_t,0.05,test_invalid,invalid,0.0006
81,binary_student_t,0.05,test_invalid,invalid,0.0008
82,binary_student_t,0.05,test_invalid,invalid,0.001
83,binary_student_t,0.05,test_invalid,invalid,0.001
84,binary_student_t,0.05,test_invalid,invalid,0.001
85,binary_student_t,0.05,test_invalid,invalid,0.001
86,binary_student_t,0.05,test_invalid,invalid,0.001
87,binary_student_t,0.05,test_invalid,invalid,0.0014
88,binary_student_t,0.05,test_invalid,invalid,0.0016
89,binary_student_t,0.05,test_invalid,invalid,0.0016
90,binary_student_t,0.05,test_invalid,invalid,0.0016
91,binary_student_t,0.05,test_invalid,invalid,0.0018
92,binary_student_t,0.05,test_invalid,invalid,0.0018
93,binary_student_t,0.05,test_invalid,invalid,0.002
94,binary_student_t,0.05,test_invalid,invalid,0.0024
95,binary_student_t,0.05,test_invalid,invalid,0.0026
96,binary_student_t,0.05,test_invalid,invalid,0.0028
97,binary_student_t,0.05,test_invalid,invalid,0.0032
98,binary_student_t,0.05,test_invalid,invalid,0.0034
99,binary_student_t,0.05,test_invalid,invalid,0.0036
100,binary_student_t,0.05,test_invalid,invalid,0.004
101,binary_student_t,0.05,test_invalid,invalid,0.0042
102,binary_student_t,0.05,test_invalid,invalid,0.0042
103,binary_student_t,0.05,test_invalid,invalid,0.0048
104,binary_student_t,0.05,test_invalid,invalid,0.005
105,binary_student_t,0.05,test_invalid,invalid,0.005
106,binary_student_t,0.05,test_invalid,invalid,0.0052
107,binary_student_t,0.05,test_invalid,invalid,0.0056
108,binary_student_t,0.05,test_invalid,invalid,0.0056
109,binary_student_t,0.05,test_invalid,invalid,0.0058
110,binary_student_t,0.05,test_invalid,invalid,0.0064
111,binary_student_t,0.05,test_invalid,invalid,0.007
112,binary_student_t,0.05,test_invalid,invalid,0.0072
113,binary_student_t,0.05,test_invalid,invalid,0.0074
114,binary_student_t,0.05,test_invalid,invalid,0.0078
115,binary_student_t,0.05,test_invalid,invalid,0.0082
116,binary_student_t,0.05,test_invalid,invalid,0.0088
117,binary_student_t,0.05,test_invalid,invalid,0.0088
118,binary_student_t,0.05,test_invalid,invalid,0.0088
119,binary_student_t,0.05,test_invalid,invalid,0.009
120,binary_student_t,0.05,test_invalid,invalid,0.0092
121,binary_student_t,0.05,test_invalid,invalid,0.0098
122,binary_student_t,0.05,test_invalid,invalid,0.0104
123,binary_student_t,0.05,test_invalid,invalid,0.0104
124,binary_student_t,0.05,test_invalid,invalid,0.011
125,binary_student_t,0.05,test_invalid,invalid,0.0114
126,binary_student_t,0.05,test_invalid,invalid,0.0118
127,binary_student_t,0.05,test_invalid,invalid,0.0122
128,binary_student_t,0.05,test_invalid,invalid,0.0126
129,binary_student_t,0.05,test_invalid,invalid,0.013
130,binary_student_t,0.05,test_invalid,invalid,0.0134
131,binary_student_t,0.05,test_invalid,invalid,0.0136
132,binary_student_t,0.05,test_invalid,invalid,0.0138
133,binary_student_t,0.05,test_invalid,invalid,0.0142
134,binary_student_t,0.05,test_invalid,invalid,0.015
135,binary_student_t,0.05,test_invalid,invalid,0.0156
136,binary_student_t,0.05,test_invalid,invalid,0.0162
137,binary_student_t,0.05,test_invalid,invalid,0.0166
138,binary_student_t,0.05,test_invalid,invalid,0.0176
139,binary_student_t,0.05,test_invalid,invalid,0.0182
140,binary_student_t,0.05,test_invalid,invalid,0.0184
141,binary_student_t,0.05,test_invalid,invalid,0.0186
142,binary_student_t,0.05,test_invalid,invalid,0.0192
143,binary_student_t,0.05,test_invalid,invalid,0.02
144,binary_student_t,0.05,test_invalid,invalid,0.0204
145,binary_student_t,0.05,test_invalid,invalid,0.0208
146,binary_student_t,0.05,test_invalid,invalid,0.0218
147,binary_student_t,0.05,test_invalid,invalid,0.0228
148,binary_student_t,0.05,test_invalid,invalid,0.023
149,binary_student_t,0.05,test_invalid,invalid,0.0236
150,binary_student_t,0.05,test_invalid,invalid,0.0238
151,binary_student_t,0.05,test_invalid,invalid,0.0246
152,binary_student_t,0.05,test_invalid,invalid,0.0254
153,binary_student_t,0.05,test_invalid,invalid,0.0264
154,binary_student_t,0.05,test_invalid,invalid,0.0266
155,binary_student_t,0.05,test_invalid,invalid,0.0268
156,binary_student_t,0.05,test_invalid,invalid,0.0272
157,binary_student_t,0.05,test_invalid,invalid,0.0274
158,binary_student_t,0.05,test_invalid,invalid,0.028
159,binary_student_t,0.05,test_invalid,invalid,0.0288
160,binary_student_t,0.05,test_invalid,invalid,0.029
161,binary_student_t,0.05,test_invalid,invalid,0.0292
162,binary_student_t,0.05,test_invalid,invalid,0.0298
163,binary_student_t,0.05,test_invalid,invalid,0.031
164,binary_student_t,0.05,test_invalid,invalid,0.0312
165,binary_student_t,0.05,test_invalid,invalid,0.0318
166,binary_student_t,0.05,test_invalid,invalid,0.0324
167,binary_student_t,0.05,test_invalid,invalid,0.0332
168,binary_student_t,0.05,test_invalid,invalid,0.0344
169,binary_student_t,0.05,test_invalid,invalid,0.035
170,binary_student_t,0.05,test_invalid,invalid,0.0352
171,binary_student_t,0.05,test_invalid,invalid,0.036
172,binary_student_t,0.05,test_invalid,invalid,0.0368
173,binary_student_t,0.05,test_invalid,invalid,0.0378
174,binary_student_t,0.05,test_invalid,invalid,0.0384
175,binary_student_t,0.05,test_invalid,invalid,0.0386
176,binary_student_t,0.05,test_invalid,invalid,0.039
177,binary_student_t,0.05,test_invalid,invalid,0.0404
178,binary_student_t,0.05,test_invalid,invalid,0.0412
179,binary_student_t,0.05,test_invalid,invalid,0.0426
180,binary_student_t,0.05,test_invalid,invalid,0.0428
181,binary_student_t,0.05,test_invalid,invalid,0.043
182,binary_student_t,0.05,test_invalid,invalid,0.0436
183,binary_student_t,0.05,test_invalid,invalid,0.0442
184,binary_student_t,0.05,test_invalid,invalid,0.0448
185,binary_student_t,0.05,test_invalid,invalid,0.0454
186,binary_student_t,0.05,test_invalid,invalid,0.0456
187,binary_student_t,0.05,test_invalid,invalid,0.046
188,binary_student_t,0.05,test_invalid,invalid,0.0464
189,binary_student_t,0.05,test_invalid,invalid,0.0468
190,binary_student_t,0.05,test_invalid,invalid,0.0482
191,binary_student_t,0.05,test_invalid,invalid,0.0492
192,binary_student_t,0.05,test_invalid,invalid,0.0496
193,binary_student_t,0.05,test_invalid,invalid,0.0504
194,binary_student_t,0.05,test_invalid,invalid,0.0508
195,binary_student_t,0.05,test_invalid,invalid,0.0508
196,binary_student_t,0.05,test_invalid,invalid,0.052
197,binary_student_t,0.05,test_invalid,invalid,0.053
198,binary_student_t,0.05,test_invalid,invalid,0.054
199,binary_student_t,0.05,test_invalid,invalid,0.0548
200,binary_student_t,0.05,test_invalid,invalid,0.0564
201,binary_student_t,0.05,test_invalid,invalid,0.0568
202,binary_student_t,0.05,test_invalid,invalid,0.0574
203,binary_student_t,0.05,test_invalid,invalid,0.0592
204,binary_student_t,0.05,test_invalid,invalid,0.0604
205,binary_student_t,0.05,test_invalid,invalid,0.0606
206,binary_student_t,0.05,test_invalid,invalid,0.0608
207,binary_student_t,0.05,test_invalid,invalid,0.0614
208,binary_student_t,0.05,test_invalid,invalid,0.0614
209,binary_student_t,0.05,test_invalid,invalid,0.0622
210,binary_student_t,0.05,test_invalid,invalid,0.0626
211,binary_student_t,0.05,test_invalid,invalid,0.0634
212,binary_student_t,0.05,test_invalid,invalid,0.0646
213,binary_student_t,0.05,test_invalid,invalid,0.065
214,binary_student_t,0.05,test_invalid,invalid,0.0654
215,binary_student_t,0.05,test_invalid,invalid,0.066
216,binary_student_t,0.05,test_invalid,invalid,0.0666
217,binary_student_t,0.05,test_invalid,invalid,0.067
218,binary_student_t,0.05,test_invalid,invalid,0.0684
219,binary_student_t,0.05,test_invalid,invalid,0.0696
220,binary_student_t,0.05,test_invalid,invalid,0.0698
221,binary_student_t,0.05,test_invalid,invalid,0.0702
222,binary_student_t,0.05,test_invalid,invalid,0.0712
223,binary_student_t,0.05,test_invalid,invalid,0.0724
224,binary_student_t,0.05,test_invalid,invalid,0.0734
225,binary_student_t,0.05,test_invalid,invalid,0.0742
226,binary_student_t,0.05,test_invalid,invalid,0.0748
227,binary_student_t,0.05,test_invalid,invalid,0.076
228,binary_student_t,0.05,test_invalid,invalid,0.0776
229,binary_student_t,0.05,test_invalid,invalid,0.0786
230,binary_student_t,0.05,test_invalid,invalid,0.0798
231,binary_student_t,0.05,test_invalid,invalid,0.0804
232,binary_student_t,0.05,test_invalid,invalid,0.083
233,binary_student_t,0.05,test_invalid,invalid,0.0836
234,binary_student_t,0.05,test_invalid,invalid,0.084
235,binary_student_t,0.05,test_invalid,invalid,0.0846
236,binary_student_t,0.05,test_invalid,invalid,0.0856
237,binary_student_t,0.05,test_invalid,invalid,0.0864
238,binary_student_t,0.05,test_invalid,invalid,0.0876
239,binary_student_t,0.05,test_invalid,invalid,0.0886
240,binary_student_t,0.05,test_invalid,invalid,0.089
241,binary_student_t,0.05,test_invalid,invalid,0.0906
242,binary_student_t,0.05,test_invalid,invalid,0.0908
243,binary_student_t,0.05,test_invalid,invalid,0.092
244,binary_student_t,0.05,test_invalid,invalid,0.0924
245,binary_student_t,0.05,test_invalid,invalid,0.0932
246,binary_student_t,0.05,test_invalid,invalid,0.094
247,binary_student_t,0.05,test_invalid,invalid,0.0952
248,binary_student_t,0.05,test_invalid,invalid,0.0968
249,binary_student_t,0.05,test_invalid,invalid,0.0974
250,binary_student_t,0.05,test_invalid,invalid,0.0982
251,binary_student_t,0.05,test_invalid,invalid,0.0986
252,binary_student_t,0.05,test_invalid,invalid,0.0998
253,binary_student_t,0.05,test_invalid,invalid,0.1006
254,binary_student_t,0.05,test_invalid,invalid,0.101
255,binary_student_t,0.05,test_invalid,invalid,0.1024
256,binary_student_t,0.05,test_invalid,invalid,0.1034
257,binary_student_t,0.05,test_invalid,invalid,0.1038
258,binary_student_t,0.05,test_invalid,invalid,0.1052
259,binary_student_t,0.05,test_invalid,invalid,0.1066
260,binary_student_t,0.05,test_invalid,invalid,0.1076
261,binary_student_t,0.05,test_invalid,invalid,0.1084
262,binary_student_t,0.05,test_invalid,invalid,0.1096
263,binary_student_t,0.05,test_invalid,invalid,0.1098
264,binary_student_t,0.05,test_invalid,invalid,0.1106
265,binary_student_t,0.05,test_invalid,invalid,0.1114
266,binary_student_t,0.05,test_invalid,invalid,0.1124
267,binary_student_t,0.05,test_invalid,invalid,0.1134
268,binary_student_t,0.05,test_invalid,invalid,0.1138
269,binary_student_t,0.05,test_invalid,invalid,0.115
270,binary_student_t,0.05,test_invalid,invalid,0.1158
271,binary_student_t,0.05,test_invalid,invalid,0.1168
272,binary_student_t,0.05,test_invalid,invalid,0.1176
273,binary_student_t,0.05,test_invalid,invalid,0.1192
274,binary_student_t,0.05,test_invalid,invalid,0.12
275,binary_student_t,0.05,test_invalid,invalid,0.1208
276,binary_student_t,0.05,test_invalid,invalid,0.1218
277,binary_student_t,0.05,test_invalid,invalid,0.1224
278,binary_student_t,0.05,test_invalid,invalid,0.124
279,binary_student_t,0.05,test_invalid,invalid,0.1248
280,binary_student_t,0.05,test_invalid,invalid,0.1256
281,binary_student_t,0.05,test_invalid,invalid,0.1262
282,binary_student_t,0.05,test_invalid,invalid,0.128
283,binary_student_t,0.05,test_invalid,invalid,0.1284
284,binary_student_t,0.05,test_invalid,invalid,0.1296
285,binary_student_t,0.05,test_invalid,invalid,0.1306
286,binary_student_t,0.05,test_invalid,invalid,0.1316
287,binary_student_t,0.05,test_invalid,invalid,0.1328
288,binary_student_t,0.05,test_invalid,invalid,0.1336
289,binary_student_t,0.05,test_invalid,invalid,0.1342
290,binary_student_t,0.05,test_invalid,invalid,0.1362
291,binary_student_t,0.05,test_invalid,invalid,0.1366
292,binary_student_t,0.05,test_invalid,invalid,0.137
293,binary_student_t,0.05,test_invalid,invalid,0.1374
294,binary_student_t,0.05,test_invalid,invalid,0.1388
295,binary_student_t,0.05,test_invalid,invalid,0.1398
296,binary_student_t,0.05,test_invalid,invalid,0.1404
297,binary_student_t,0.05,test_invalid,invalid,0.141
298,binary_student_t,0.05,test_invalid,invalid,0.1424
299,binary_student_t,0.05,test_invalid,invalid,0.1442
300,binary_student_t,0.05,test_invalid,invalid,0.1452
301,binary_student_t,0.05,test_invalid,invalid,0.1458
302,binary_student_t,0.05,test_invalid,invalid,0.1462
303,binary_student_t,0.05,test_invalid,invalid,0.1474
304,binary_student_t,0.05,test_invalid,invalid,0.1486
305,binary_student_t,0.05,test_invalid,invalid,0.15
306,binary_student_t,0.05,test_invalid,invalid,0.1508
307,binary_student_t,0.05,test_invalid,invalid,0.151
308,binary_student_t,0.05,test_invalid,invalid,0.1516
309,binary_student_t,0.05,test_invalid,invalid,0.152
310,binary_student_t,0.05,test_invalid,invalid,0.1528
311,binary_student_t,0.05,test_invalid,invalid,0.1538
312,binary_student_t,0.05,test_invalid,invalid,0.1544
313,binary_student_t,0.05,test_invalid,invalid,0.1548
314,binary_student_t,0.05,test_invalid,invalid,0.1554
315,binary_student_t,0.05,test_invalid,invalid,0.1562
316,binary_student_t,0.05,test_invalid,invalid,0.1568
317,binary_student_t,0.05,test_invalid,invalid,0.1574
318,binary_student_t,0.05,test_invalid,invalid,0.1592
319,binary_student_t,0.05,test_invalid,invalid,0.1602
320,binary_student_t,0.05,test_invalid,invalid,0.1622
321,binary_student_t,0.05,test_invalid,invalid,0.1632
322,binary_student_t,0.05,test_invalid,invalid,0.1638
323,binary_student_t,0.05,test_invalid,invalid,0.165
324,binary_student_t,0.05,test_invalid,invalid,0.1664
325,binary_student_t,0.05,test_invalid,invalid,0.167
326,binary_student_t,0.05,test_invalid,invalid,0.1682
327,binary_student_t,0.05,test_invalid,invalid,0.1694
328,binary_student_t,0.05,test_invalid,invalid,0.1702
329,binary_student_t,0.05,test_invalid,invalid,0.1706
330,binary_student_t,0.05,test_invalid,invalid,0.171
331,binary_student_t,0.05,test_invalid,invalid,0.1726
332,binary_student_t,0.05,test_invalid,invalid,0.174
333,binary_student_t,0.05,test_invalid,invalid,0.175
334,binary_student_t,0.05,test_invalid,invalid,0.1776
335,binary_student_t,0.05,test_invalid,invalid,0.1782
336,binary_student_t,0.05,test_invalid,invalid,0.1784
337,binary_student_t,0.05,test_invalid,invalid,0.1794
338,binary_student_t,0.05,test_invalid,invalid,0.1814
339,binary_student_t,0.05,test_invalid,invalid,0.1822
340,binary_student_t,0.05,test_invalid,invalid,0.1828
341,binary_student_t,0.05,test_invalid,invalid,0.1832
342,binary_student_t,0.05,test_invalid,invalid,0.1854
343,binary_student_t,0.05,test_invalid,invalid,0.1858
344,binary_student_t,0.05,test_invalid,invalid,0.1864
345,binary_student_t,0.05,test_invalid,invalid,0.1878
346,binary_student_t,0.05,test_invalid,invalid,0.1878
347,binary_student_t,0.05,test_invalid,invalid,0.1892
348,binary_student_t,0.05,test_invalid,invalid,0.1904
349,binary_student_t,0.05,test_invalid,invalid,0.1908
350,binary_student_t,0.05,test_invalid,invalid,0.1922
351,binary_student_t,0.05,test_invalid,invalid,0.1934
352,binary_student_t,0.05,test_invalid,invalid,0.1946
353,binary_student_t,0.05,test_invalid,invalid,0.1958
354,binary_student_t,0.05,test_invalid,invalid,0.1964
355,binary_student_t,0.05,test_invalid,invalid,0.1974
356,binary_student_t,0.05,test_invalid,invalid,0.1986
357,binary_student_t,0.05,test_invalid,invalid,0.2002
358,binary_student_t,0.05,test_invalid,invalid,0.2016
359,binary_student_t,0.05,test_invalid,invalid,0.203
360,binary_student_t,0.05,test_invalid,invalid,0.2038
361,binary_student_t,0.05,test_invalid,invalid,0.2052
362,binary_student_t,0.05,test_invalid,invalid,0.2058
363,binary_student_t,0.05,test_invalid,invalid,0.2064
364,binary_student_t,0.05,test_invalid,invalid,0.2076
365,binary_student_t,0.05,test_invalid,invalid,0.2084
366,binary_student_t,0.05,test_invalid,invalid,0.209
367,binary_student_t,0.05,test_invalid,invalid,0.21
368,binary_student_t,0.05,test_invalid,invalid,0.2114
369,binary_student_t,0.05,test_invalid,invalid,0.2132
370,binary_student_t,0.05,test_invalid,invalid,0.2134
371,binary_student_t,0.05,test_invalid,invalid,0.2142
372,binary_student_t,0.05,test_invalid,invalid,0.215
373,binary_student_t,0.05,test_invalid,invalid,0.216
374,binary_student_t,0.05,test_invalid,invalid,0.2178
375,binary_student_t,0.05,test_invalid,invalid,0.2188
376,binary_student_t,0.05,test_invalid,invalid,0.2196
377,binary_student_t,0.05,test_invalid,invalid,0.2214
378,binary_student_t,0.05,test_invalid,invalid,0.2238
379,binary_student_t,0.05,test_invalid,invalid,0.2246
380,binary_student_t,0.05,test_invalid,invalid,0.2266
381,binary_student_t,0.05,test_invalid,invalid,0.227
382,binary_student_t,0.05,test_invalid,invalid,0.2288
383,binary_student_t,0.05,test_invalid,invalid,0.2292
384,binary_student_t,0.05,test_invalid,invalid,0.2302
385,binary_student_t,0.05,test_invalid,invalid,0.2314
386,binary_student_t,0.05,test_invalid,invalid,0.2322
387,binary_student_t,0.05,test_invalid,invalid,0.2324
388,binary_student_t,0.05,test_invalid,invalid,0.233
389,binary_student_t,0.05,test_invalid,invalid,0.2342
390,binary_student_t,0.05,test_invalid,invalid,0.2348
391,binary_student_t,0.05,test_invalid,invalid,0.2358
392,binary_student_t,0.05,test_invalid,invalid,0.2372
393,binary_student_t,0.05,test_invalid,invalid,0.238
394,binary_student_t,0.05,test_invalid,invalid,0.2394
395,binary_student_t,0.05,test_invalid,invalid,0.24
396,binary_student_t,0.05,test_invalid,invalid,0.2408
397,binary_student_t,0.05,test_invalid,invalid,0.2416
398,binary_student_t,0.05,test_invalid,invalid,0.2426
399,binary_student_t,0.05,test_invalid,invalid,0.2438
400,binary_student_t,0.05,test_invalid,invalid,0.2456
401,binary_student_t,0.05,test_invalid,invalid,0.2466
402,binary_student_t,0.05,test_invalid,invalid,0.2484
403,binary_student_t,0.05,test_invalid,invalid,0.2492
404,binary_student_t,0.05,test_invalid,invalid,0.2506
405,binary_student_t,0.05,test_invalid,invalid,0.252
406,binary_student_t,0.05,test_invalid,invalid,0.2536
407,binary_student_t,0.05,test_invalid,invalid,0.254
408,binary_student_t,0.05,test_invalid,invalid,0.255
409,binary_student_t,0.05,test_invalid,invalid,0.256
410,binary_student_t,0.05,test_invalid,invalid,0.2572
411,binary_student_t,0.05,test_invalid,invalid,0.2578
412,binary_student_t,0.05,test_invalid,invalid,0.2588
413,binary_student_t,0.05,test_invalid,invalid,0.26
414,binary_student_t,0.05,test_invalid,invalid,0.2616
415,binary_student_t,0.05,test_invalid,invalid,0.2628
416,binary_student_t,0.05,test_invalid,invalid,0.2636
417,binary_student_t,0.05,test_invalid,invalid,0.2644
418,binary_student_t,0.05,test_invalid,invalid,0.2646
419,binary_student_t,0.05,test_invalid,invalid,0.266
420,binary_student_t,0.05,test_invalid,invalid,0.2668
421,binary_student_t,0.05,test_invalid,invalid,0.2668
422,binary_student_t,0.05,test_invalid,invalid,0.2678
423,binary_student_t,0.05,test_invalid,invalid,0.2692
424,binary_student_t,0.05,test_invalid,invalid,0.2698
425,binary_student_t,0.05,test_invalid,invalid,0.2716
426,binary_student_t,0.05,test_invalid,invalid,0.2724
427,binary_student_t,0.05,test_invalid,invalid,0.273
428,binary_student_t,0.05,test_invalid,invalid,0.2734
429,binary_student_t,0.05,test_invalid,invalid,0.2738
430,binary_student_t,0.05,test_invalid,invalid,0.2744
431,binary_student_t,0.05,test_invalid,invalid,0.2766
432,binary_student_t,0.05,test_invalid,invalid,0.2778
433,binary_student_t,0.05,test_invalid,invalid,0.2784
434,binary_student_t,0.05,test_invalid,invalid,0.279
435,binary_student_t,0.05,test_invalid,invalid,0.2794
436,binary_student_t,0.05,test_invalid,invalid,0.2802
437,binary_student_t,0.05,test_invalid,invalid,0.2814
438,binary_student_t,0.05,test_invalid,invalid,0.2826
439,binary_student_t,0.05,test_invalid,invalid,0.2838
440,binary_student_t,0.05,test_invalid,invalid,0.2858
441,binary_student_t,0.05,test_invalid,invalid,0.2868
442,binary_student_t,0.05,test_invalid,invalid,0.2882
443,binary_student_t,0.05,test_invalid,invalid,0.2888
444,binary_student_t,0.05,test_invalid,invalid,0.2902
445,binary_student_t,0.05,test_invalid,invalid,0.291
446,binary_student_t,0.05,test_invalid,invalid,0.2916
447,binary_student_t,0.05,test_invalid,invalid,0.292
448,binary_student_t,0.05,test_invalid,invalid,0.293
449,binary_student_t,0.05,test_invalid,invalid,0.293
450,binary_student_t,0.05,test_invalid,invalid,0.294
451,binary_student_t,0.05,test_invalid,invalid,0.295
452,binary_student_t,0.05,test_invalid,invalid,0.2958
453,binary_student_t,0.05,test_invalid,invalid,0.2968
454,binary_student_t,0.05,test_invalid,invalid,0.2978
455,binary_student_t,0.05,test_invalid,invalid,0.2986
456,binary_student_t,0.05,test_invalid,invalid,0.2994
457,binary_student_t,0.05,test_invalid,invalid,0.3
458,binary_student_t,0.05,test_invalid,invalid,0.3006
459,binary_student_t,0.05,test_invalid,invalid,0.3016
460,binary_student_t,0.05,test_invalid,invalid,0.3022
461,binary_student_t,0.05,test_invalid,invalid,0.3032
462,binary_student_t,0.05,test_invalid,invalid,0.3046
463,binary_student_t,0.05,test_invalid,invalid,0.3048
464,binary_student_t,0.05,test_invalid,invalid,0.3056
465,binary_student_t,0.05,test_invalid,invalid,0.3066
466,binary_student_t,0.05,test_invalid,invalid,0.3074
467,binary_student_t,0.05,test_invalid,invalid,0.3086
468,binary_student_t,0.05,test_invalid,invalid,0.309
469,binary_student_t,0.05,test_invalid,invalid,0.31
470,binary_student_t,0.05,test_invalid,invalid,0.3108
471,binary_student_t,0.05,test_invalid,invalid,0.3114
472,binary_student_t,0.05,test_invalid,invalid,0.313
473,binary_student_t,0.05,test_invalid,invalid,0.314
474,binary_student_t,0.05,test_invalid,invalid,0.3144
475,binary_student_t,0.05,test_invalid,invalid,0.3154
476,binary_student_t,0.05,test_invalid,invalid,0.3164
477,binary_student_t,0.05,test_invalid,invalid,0.3174
478,binary_student_t,0.05,test_invalid,invalid,0.3178
479,binary_student_t,0.05,test_invalid,invalid,0.319
480,binary_student_t,0.05,test_invalid,invalid,0.3192
481,binary_student_t,0.05,test_invalid,invalid,0.32
482,binary_student_t,0.05,test_invalid,invalid,0.3206
483,binary_student_t,0.05,test_invalid,invalid,0.3216
484,binary_student_t,0.05,test_invalid,invalid,0.323
485,binary_student_t,0.05,test_invalid,invalid,0.324
486,binary_student_t,0.05,test_invalid,invalid,0.325
487,binary_student_t,0.05,test_invalid,invalid,0.3254
488,binary_student_t,0.05,test_invalid,invalid,0.3266
489,binary_student_t,0.05,test_invalid,invalid,0.3276
490,binary_student_t,0.05,test_invalid,invalid,0.3278
491,binary_student_t,0.05,test_invalid,invalid,0.3282
492,binary_student_t,0.05,test_invalid,invalid,0.3288
493,binary_student_t,0.05,test_invalid,invalid,0.3298
494,binary_student_t,0.05,test_invalid,invalid,0.3302
495,binary_student_t,0.05,test_invalid,invalid,0.3316
496,binary_student_t,0.05,test_invalid,invalid,0.3334
497,binary_student_t,0.05,test_invalid,invalid,0.3342
498,binary_student_t,0.05,test_invalid,invalid,0.3346
499,binary_student_t,0.05,test_invalid,invalid,0.335
500,binary_student_t,0.05,test_invalid,invalid,0.3356
501,binary_student_t,0.05,test_invalid,invalid,0.3366
502,binary_student_t,0.05,test_invalid,invalid,0.3374
503,binary_student_t,0.05,test_invalid,invalid,0.3378
504,binary_student_t,0.05,test_invalid,invalid,0.3386
1,binary_student_t,0.15,test_valid,valid,0.0
2,binary_student_t,0.15,test_valid,valid,0.0
3,binary_student_t,0.15,test_valid,valid,0.0
4,binary_student_t,0.15,test_valid,valid,0.0
5,binary_student_t,0.15,test_valid,valid,0.0
6,binary_student_t,0.15,test_valid,valid,0.0
7,binary_student_t,0.15,test_valid,valid,0.0
8,binary_student_t,0.15,test_valid,valid,0.0
9,binary_student_t,0.15,test_valid,valid,0.0
10,binary_student_t,0.15,test_valid,valid,0.0
11,binary_student_t,0.15,test_valid,valid,0.0
12,binary_student_t,0.15,test_valid,valid,0.0
13,binary_student_t,0.15,test_valid,valid,0.0
14,binary_student_t,0.15,test_valid,valid,0.0
15,binary_student_t,0.15,test_valid,valid,0.0
16,binary_student_t,0.15,test_valid,valid,0.0
17,binary_student_t,0.15,test_valid,valid,0.0
18,binary_student_t,0.15,test_valid,valid,0.0
19,binary_student_t,0.15,test_valid,valid,0.0
20,binary_student_t,0.15,test_valid,valid,0.0
21,binary_student_t,0.15,test_valid,valid,0.0
22,binary_student_t,0.15,test_valid,valid,0.0
23,binary_student_t,0.15,test_valid,valid,0.0
24,binary_student_t,0.15,test_valid,valid,0.0
25,binary_student_t,0.15,test_valid,valid,0.0
26,binary_student_t,0.15,test_valid,valid,0.0
27,binary_student_t,0.15,test_valid,valid,0.0
28,binary_student_t,0.15,test_valid,valid,0.0
29,binary_student_t,0.15,test_valid,valid,0.0
30,binary_student_t,0.15,test_valid,valid,0.0
31,binary_student_t,0.15,test_valid,valid,0.0
32,binary_student_t,0.15,test_valid,valid,0.0
33,binary_student_t,0.15,test_valid,valid,0.0
34,binary_student_t,0.15,test_valid,valid,0.0
35,binary_student_t,0.15,test_valid,valid,0.0
36,binary_student_t,0.15,test_valid,valid,0.0002
37,binary_student_t,0.15,test_valid,valid,0.0002
38,binary_student_t,0.15,test_valid,valid,0.0002
39,binary_student_t,0.15,test_valid,valid,0.0002
40,binary_student_t,0.15,test_valid,valid,0.0002
41,binary_student_t,0.15,test_valid,valid,0.0004
42,binary_student_t,0.15,test_valid,valid,0.0004
43,binary_student_t,0.15,test_valid,valid,0.0004
44,binary_student_t,0.15,test_valid,valid,0.0006
45,binary_student_t,0.15,test_valid,valid,0.0006
46,binary_student_t,0.15,test_valid,valid,0.0008
47,binary_student_t,0.15,test_valid,valid,0.0008
48,binary_student_t,0.15,test_valid,valid,0.0008
49,binary_student_t,0.15,test_valid,valid,0.001
50,binary_student_t,0.15,test_valid,valid,0.001
51,binary_student_t,0.15,test_valid,valid,0.001
52,binary_student_t,0.15,test_valid,valid,0.001
53,binary_student_t,0.15,test_valid,valid,0.001
54,binary_student_t,0.15,test_valid,valid,0.0012
55,binary_student_t,0.15,test_valid,valid,0.0012
56,binary_student_t,0.15,test_valid,valid,0.0014
57,binary_student_t,0.15,test_valid,valid,0.0016
58,binary_student_t,0.15,test_valid,valid,0.0016
59,binary_student_t,0.15,test_valid,valid,0.0018
60,binary_student_t,0.15,test_valid,valid,0.002
61,binary_student_t,0.15,test_valid,valid,0.002
62,binary_student_t,0.15,test_valid,valid,0.0022
63,binary_student_t,0.15,test_valid,valid,0.0028
64,binary_student_t,0.15,test_valid,valid,0.003
65,binary_student_t,0.15,test_valid,valid,0.0036
66,binary_student_t,0.15,test_valid,valid,0.0036
67,binary_student_t,0.15,test_valid,valid,0.0038
68,binary_student_t,0.15,test_valid,valid,0.0038
69,binary_student_t,0.15,test_valid,valid,0.004
70,binary_student_t,0.15,test_valid,valid,0.0044
71,binary_student_t,0.15,test_valid,valid,0.0046
72,binary_student_t,0.15,test_valid,valid,0.0048
73,binary_student_t,0.15,test_valid,valid,0.005
74,binary_student_t,0.15,test_valid,valid,0.0052
75,binary_student_t,0.15,test_valid,valid,0.0054
76,binary_student_t,0.15,test_valid,valid,0.0058
77,binary_student_t,0.15,test_valid,valid,0.0058
78,binary_student_t,0.15,test_valid,valid,0.006
79,binary_student_t,0.15,test_valid,valid,0.006
80,binary_student_t,0.15,test_valid,valid,0.0064
81,binary_student_t,0.15,test_valid,valid,0.0066
82,binary_student_t,0.15,test_valid,valid,0.007
83,binary_student_t,0.15,test_valid,valid,0.0074
84,binary_student_t,0.15,test_valid,valid,0.008
85,binary_student_t,0.15,test_valid,valid,0.009
86,binary_student_t,0.15,test_valid,valid,0.009
87,binary_student_t,0.15,test_valid,valid,0.0092
88,binary_student_t,0.15,test_valid,valid,0.0096
89,binary_student_t,0.15,test_valid,valid,0.0096
90,binary_student_t,0.15,test_valid,valid,0.01
91,binary_student_t,0.15,test_valid,valid,0.0106
92,binary_student_t,0.15,test_valid,valid,0.0116
93,binary_student_t,0.15,test_valid,valid,0.012
94,binary_student_t,0.15,test_valid,valid,0.0124
95,binary_student_t,0.15,test_valid,valid,0.0128
96,binary_student_t,0.15,test_valid,valid,0.013
97,binary_student_t,0.15,test_valid,valid,0.0132
98,binary_student_t,0.15,test_valid,valid,0.014
99,binary_student_t,0.15,test_valid,valid,0.015
100,binary_student_t,0.15,test_valid,valid,0.0152
101,binary_student_t,0.15,test_valid,valid,0.0156
102,binary_student_t,0.15,test_valid,valid,0.0158
103,binary_student_t,0.15,test_valid,valid,0.0164
104,binary_student_t,0.15,test_valid,valid,0.0176
105,binary_student_t,0.15,test_valid,valid,0.0178
106,binary_student_t,0.15,test_valid,valid,0.0184
107,binary_student_t,0.15,test_valid,valid,0.0184
108,binary_student_t,0.15,test_valid,valid,0.0188
109,binary_student_t,0.15,test_valid,valid,0.0188
110,binary_student_t,0.15,test_valid,valid,0.0196
111,binary_student_t,0.15,test_valid,valid,0.0204
112,binary_student_t,0.15,test_valid,valid,0.0206
113,binary_student_t,0.15,test_valid,valid,0.0208
114,binary_student_t,0.15,test_valid,valid,0.0212
115,binary_student_t,0.15,test_valid,valid,0.0218
116,binary_student_t,0.15,test_valid,valid,0.022
117,binary_student_t,0.15,test_valid,valid,0.022
118,binary_student_t,0.15,test_valid,valid,0.0226
119,binary_student_t,0.15,test_valid,valid,0.0236
120,binary_student_t,0.15,test_valid,valid,0.0236
121,binary_student_t,0.15,test_valid,valid,0.0242
122,binary_student_t,0.15,test_valid,valid,0.0242
123,binary_student_t,0.15,test_valid,valid,0.0248
124,binary_student_t,0.15,test_valid,valid,0.0254
125,binary_student_t,0.15,test_valid,valid,0.026
126,binary_student_t,0.15,test_valid,valid,0.0264
127,binary_student_t,0.15,test_valid,valid,0.0268
128,binary_student_t,0.15,test_valid,valid,0.0272
129,binary_student_t,0.15,test_valid,valid,0.0274
130,binary_student_t,0.15,test_valid,valid,0.0276
131,binary_student_t,0.15,test_valid,valid,0.0284
132,binary_student_t,0.15,test_valid,valid,0.029
133,binary_student_t,0.15,test_valid,valid,0.0292
134,binary_student_t,0.15,test_valid,valid,0.0298
135,binary_student_t,0.15,test_valid,valid,0.0298
136,binary_student_t,0.15,test_valid,valid,0.0298
137,binary_student_t,0.15,test_valid,valid,0.0306
138,binary_student_t,0.15,test_valid,valid,0.0308
139,binary_student_t,0.15,test_valid,valid,0.0314
140,binary_student_t,0.15,test_valid,valid,0.0316
141,binary_student_t,0.15,test_valid,valid,0.0318
142,binary_student_t,0.15,test_valid,valid,0.0324
143,binary_student_t,0.15,test_valid,valid,0.033
144,binary_student_t,0.15,test_valid,valid,0.0332
145,binary_student_t,0.15,test_valid,valid,0.0336
146,binary_student_t,0.15,test_valid,valid,0.0338
147,binary_student_t,0.15,test_valid,valid,0.0342
148,binary_student_t,0.15,test_valid,valid,0.0342
149,binary_student_t,0.15,test_valid,valid,0.0346
150,binary_student_t,0.15,test_valid,valid,0.0348
151,binary_student_t,0.15,test_valid,valid,0.0354
152,binary_student_t,0.15,test_valid,valid,0.0356
153,binary_student_t,0.15,test_valid,valid,0.0366
154,binary_student_t,0.15,test_valid,valid,0.0376
155,binary_student_t,0.15,test_valid,valid,0.0386
156,binary_student_t,0.15,test_valid,valid,0.0388
157,binary_student_t,0.15,test_valid,valid,0.0392
158,binary_student_t,0.15,test_valid,valid,0.0394
159,binary_student_t,0.15,test_valid,valid,0.04
160,binary_student_t,0.15,test_valid,valid,0.0406
161,binary_student_t,0.15,test_valid,valid,0.0414
162,binary_student_t,0.15,test_valid,valid,0.042
163,binary_student_t,0.15,test_valid,valid,0.0428
164,binary_student_t,0.15,test_valid,valid,0.0434
165,binary_student_t,0.15,test_valid,valid,0.0446
166,binary_student_t,0.15,test_valid,valid,0.0452
167,binary_student_t,0.15,test_valid,valid,0.0454
168,binary_student_t,0.15,test_valid,valid,0.0458
169,binary_student_t,0.15,test_valid,valid,0.046
170,binary_student_t,0.15,test_valid,valid,0.0466
171,binary_student_t,0.15,test_valid,valid,0.0474
172,binary_student_t,0.15,test_valid,valid,0.0484
173,binary_student_t,0.15,test_valid,valid,0.0486
174,binary_student_t,0.15,test_valid,valid,0.0492
175,binary_student_t,0.15,test_valid,valid,0.0496
176,binary_student_t,0.15,test_valid,valid,0.0502
177,binary_student_t,0.15,test_valid,valid,0.0502
178,binary_student_t,0.15,test_valid,valid,0.0512
179,binary_student_t,0.15,test_valid,valid,0.0516
180,binary_student_t,0.15,test_valid,valid,0.0518
181,binary_student_t,0.15,test_valid,valid,0.0526
182,binary_student_t,0.15,test_valid,valid,0.0528
183,binary_student_t,0.15,test_valid,valid,0.0532
184,binary_student_t,0.15,test_valid,valid,0.0532
185,binary_student_t,0.15,test_valid,valid,0.0536
186,binary_student_t,0.15,test_valid,valid,0.0544
187,binary_student_t,0.15,test_valid,valid,0.0554
188,binary_student_t,0.15,test_valid,valid,0.0554
189,binary_student_t,0.15,test_valid,valid,0.056
190,binary_student_t,0.15,test_valid,valid,0.0562
191,binary_student_t,0.15,test_valid,valid,0.0568
192,binary_student_t,0.15,test_valid,valid,0.0574
193,binary_student_t,0.15,test_valid,valid,0.0574
194,binary_student_t,0.15,test_valid,valid,0.0582
195,binary_student_t,0.15,test_valid,valid,0.059
196,binary_student_t,0.15,test_valid,valid,0.0594
197,binary_student_t,0.15,test_valid,valid,0.0604
198,binary_student_t,0.15,test_valid,valid,0.0608
199,binary_student_t,0.15,test_valid,valid,0.061
200,binary_student_t,0.15,test_valid,valid,0.0614
201,binary_student_t,0.15,test_valid,valid,0.062
202,binary_student_t,0.15,test_valid,valid,0.0624
203,binary_student_t,0.15,test_valid,valid,0.063
204,binary_student_t,0.15,test_valid,valid,0.0632
205,binary_student_t,0.15,test_valid,valid,0.0632
206,binary_student_t,0.15,test_valid,valid,0.0632
207,binary_student_t,0.15,test_valid,valid,0.0638
208,binary_student_t,0.15,test_valid,valid,0.0646
209,binary_student_t,0.15,test_valid,valid,0.0648
210,binary_student_t,0.15,test_valid,valid,0.0652
211,binary_student_t,0.15,test_valid,valid,0.0656
212,binary_student_t,0.15,test_valid,valid,0.0662
213,binary_student_t,0.15,test_valid,valid,0.0666
214,binary_student_t,0.15,test_valid,valid,0.0668
215,binary_student_t,0.15,test_valid,valid,0.0674
216,binary_student_t,0.15,test_valid,valid,0.0684
217,binary_student_t,0.15,test_valid,valid,0.0694
218,binary_student_t,0.15,test_valid,valid,0.0698
219,binary_student_t,0.15,test_valid,valid,0.0702
220,binary_student_t,0.15,test_valid,valid,0.0706
221,binary_student_t,0.15,test_valid,valid,0.0712
222,binary_student_t,0.15,test_valid,valid,0.0722
223,binary_student_t,0.15,test_valid,valid,0.0724
224,binary_student_t,0.15,test_valid,valid,0.0728
225,binary_student_t,0.15,test_valid,valid,0.0734
226,binary_student_t,0.15,test_valid,valid,0.0734
227,binary_student_t,0.15,test_valid,valid,0.0736
228,binary_student_t,0.15,test_valid,valid,0.0738
229,binary_student_t,0.15,test_valid,valid,0.074
230,binary_student_t,0.15,test_valid,valid,0.0744
231,binary_student_t,0.15,test_valid,valid,0.0754
232,binary_student_t,0.15,test_valid,valid,0.0758
233,binary_student_t,0.15,test_valid,valid,0.0762
234,binary_student_t,0.15,test_valid,valid,0.0766
235,binary_student_t,0.15,test_valid,valid,0.0772
236,binary_student_t,0.15,test_valid,valid,0.0774
237,binary_student_t,0.15,test_valid,valid,0.0778
238,binary_student_t,0.15,test_valid,valid,0.078
239,binary_student_t,0.15,test_valid,valid,0.0784
240,binary_student_t,0.15,test_valid,valid,0.079
241,binary_student_t,0.15,test_valid,valid,0.0796
242,binary_student_t,0.15,test_valid,valid,0.0804
243,binary_student_t,0.15,test_valid,valid,0.081
244,binary_student_t,0.15,test_valid,valid,0.0814
245,binary_student_t,0.15,test_valid,valid,0.0814
246,binary_student_t,0.15,test_valid,valid,0.082
247,binary_student_t,0.15,test_valid,valid,0.0824
248,binary_student_t,0.15,test_valid,valid,0.0832
249,binary_student_t,0.15,test_valid,valid,0.0836
250,binary_student_t,0.15,test_valid,valid,0.084
251,binary_student_t,0.15,test_valid,valid,0.0844
252,binary_student_t,0.15,test_valid,valid,0.0848
253,binary_student_t,0.15,test_valid,valid,0.0856
254,binary_student_t,0.15,test_valid,valid,0.0858
255,binary_student_t,0.15,test_valid,valid,0.0866
256,binary_student_t,0.15,test_valid,valid,0.0866
257,binary_student_t,0.15,test_valid,valid,0.0872
258,binary_student_t,0.15,test_valid,valid,0.0878
259,binary_student_t,0.15,test_valid,valid,0.0882
260,binary_student_t,0.15,test_valid,valid,0.0886
261,binary_student_t,0.15,test_valid,valid,0.0886
262,binary_student_t,0.15,test_valid,valid,0.0892
263,binary_student_t,0.15,test_valid,valid,0.0896
264,binary_student_t,0.15,test_valid,valid,0.0896
265,binary_student_t,0.15,test_valid,valid,0.09
266,binary_student_t,0.15,test_valid,valid,0.0904
267,binary_student_t,0.15,test_valid,valid,0.091
268,binary_student_t,0.15,test_valid,valid,0.0914
269,binary_student_t,0.15,test_valid,valid,0.0924
270,binary_student_t,0.15,test_valid,valid,0.093
271,binary_student_t,0.15,test_valid,valid,0.0932
272,binary_student_t,0.15,test_valid,valid,0.0936
273,binary_student_t,0.15,test_valid,valid,0.0942
274,binary_student_t,0.15,test_valid,valid,0.095
275,binary_student_t,0.15,test_valid,valid,0.0954
276,binary_student_t,0.15,test_valid,valid,0.0958
277,binary_student_t,0.15,test_valid,valid,0.096
278,binary_student_t,0.15,test_valid,valid,0.0966
279,binary_student_t,0.15,test_valid,valid,0.0968
280,binary_student_t,0.15,test_valid,valid,0.0972
281,binary_student_t,0.15,test_valid,valid,0.0974
282,binary_student_t,0.15,test_valid,valid,0.0978
283,binary_student_t,0.15,test_valid,valid,0.0984
284,binary_student_t,0.15,test_valid,valid,0.0986
285,binary_student_t,0.15,test_valid,valid,0.0996
286,binary_student_t,0.15,test_valid,valid,0.0996
287,binary_student_t,0.15,test_valid,valid,0.1004
288,binary_student_t,0.15,test_valid,valid,0.1008
289,binary_student_t,0.15,test_valid,valid,0.1008
290,binary_student_t,0.15,test_valid,valid,0.101
291,binary_student_t,0.15,test_valid,valid,0.1016
292,binary_student_t,0.15,test_valid,valid,0.102
293,binary_student_t,0.15,test_valid,valid,0.1022
294,binary_student_t,0.15,test_valid,valid,0.1022
295,binary_student_t,0.15,test_valid,valid,0.1024
296,binary_student_t,0.15,test_valid,valid,0.1036
297,binary_student_t,0.15,test_valid,valid,0.1038
298,binary_student_t,0.15,test_valid,valid,0.1044
299,binary_student_t,0.15,test_valid,valid,0.1046
300,binary_student_t,0.15,test_valid,valid,0.105
301,binary_student_t,0.15,test_valid,valid,0.1052
302,binary_student_t,0.15,test_valid,valid,0.1056
303,binary_student_t,0.15,test_valid,valid,0.106
304,binary_student_t,0.15,test_valid,valid,0.1062
305,binary_student_t,0.15,test_valid,valid,0.1068
306,binary_student_t,0.15,test_valid,valid,0.1068
307,binary_student_t,0.15,test_valid,valid,0.1072
308,binary_student_t,0.15,test_valid,valid,0.1076
309,binary_student_t,0.15,test_valid,valid,0.1076
310,binary_student_t,0.15,test_valid,valid,0.1082
311,binary_student_t,0.15,test_valid,valid,0.1086
312,binary_student_t,0.15,test_valid,valid,0.109
313,binary_student_t,0.15,test_valid,valid,0.109
314,binary_student_t,0.15,test_valid,valid,0.109
315,binary_student_t,0.15,test_valid,valid,0.1092
316,binary_student_t,0.15,test_valid,valid,0.1096
317,binary_student_t,0.15,test_valid,valid,0.1098
318,binary_student_t,0.15,test_valid,valid,0.1102
319,binary_student_t,0.15,test_valid,valid,0.1108
320,binary_student_t,0.15,test_valid,valid,0.111
321,binary_student_t,0.15,test_valid,valid,0.111
322,binary_student_t,0.15,test_valid,valid,0.1112
323,binary_student_t,0.15,test_valid,valid,0.1114
324,binary_student_t,0.15,test_valid,valid,0.1118
325,binary_student_t,0.15,test_valid,valid,0.112
326,binary_student_t,0.15,test_valid,valid,0.112
327,binary_student_t,0.15,test_valid,valid,0.1124
328,binary_student_t,0.15,test_valid,valid,0.1128
329,binary_student_t,0.15,test_valid,valid,0.1132
330,binary_student_t,0.15,test_valid,valid,0.1136
331,binary_student_t,0.15,test_valid,valid,0.1138
332,binary_student_t,0.15,test_valid,valid,0.1142
333,binary_student_t,0.15,test_valid,valid,0.1144
334,binary_student_t,0.15,test_valid,valid,0.1148
335,binary_student_t,0.15,test_valid,valid,0.1148
336,binary_student_t,0.15,test_valid,valid,0.115
337,binary_student_t,0.15,test_valid,valid,0.115
338,binary_student_t,0.15,test_valid,valid,0.1154
339,binary_student_t,0.15,test_valid,valid,0.1158
340,binary_student_t,0.15,test_valid,valid,0.1162
341,binary_student_t,0.15,test_valid,valid,0.1162
342,binary_student_t,0.15,test_valid,valid,0.1166
343,binary_student_t,0.15,test_valid,valid,0.1166
344,binary_student_t,0.15,test_valid,valid,0.1166
345,binary_student_t,0.15,test_valid,valid,0.1168
346,binary_student_t,0.15,test_valid,valid,0.1176
347,binary_student_t,0.15,test_valid,valid,0.1176
348,binary_student_t,0.15,test_valid,valid,0.1178
349,binary_student_t,0.15,test_valid,valid,0.1182
350,binary_student_t,0.15,test_valid,valid,0.1182
351,binary_student_t,0.15,test_valid,valid,0.1182
352,binary_student_t,0.15,test_valid,valid,0.1184
353,binary_student_t,0.15,test_valid,valid,0.1186
354,binary_student_t,0.15,test_valid,valid,0.1188
355,binary_student_t,0.15,test_valid,valid,0.119
356,binary_student_t,0.15,test_valid,valid,0.1192
357,binary_student_t,0.15,test_valid,valid,0.1194
358,binary_student_t,0.15,test_valid,valid,0.1196
359,binary_student_t,0.15,test_valid,valid,0.1198
360,binary_student_t,0.15,test_valid,valid,0.1202
361,binary_student_t,0.15,test_valid,valid,0.1202
362,binary_student_t,0.15,test_valid,valid,0.1204
363,binary_student_t,0.15,test_valid,valid,0.121
364,binary_student_t,0.15,test_valid,valid,0.1214
365,binary_student_t,0.15,test_valid,valid,0.1214
366,binary_student_t,0.15,test_valid,valid,0.1214
367,binary_student_t,0.15,test_valid,valid,0.1214
368,binary_student_t,0.15,test_valid,valid,0.1214
369,binary_student_t,0.15,test_valid,valid,0.1214
370,binary_student_t,0.15,test_valid,valid,0.1214
371,binary_student_t,0.15,test_valid,valid,0.1216
372,binary_student_t,0.15,test_valid,valid,0.1222
373,binary_student_t,0.15,test_valid,valid,0.1224
374,binary_student_t,0.15,test_valid,valid,0.123
375,binary_student_t,0.15,test_valid,valid,0.123
376,binary_student_t,0.15,test_valid,valid,0.1232
377,binary_student_t,0.15,test_valid,valid,0.1234
378,binary_student_t,0.15,test_valid,valid,0.1238
379,binary_student_t,0.15,test_valid,valid,0.1242
380,binary_student_t,0.15,test_valid,valid,0.1246
381,binary_student_t,0.15,test_valid,valid,0.1248
382,binary_student_t,0.15,test_valid,valid,0.1248
383,binary_student_t,0.15,test_valid,valid,0.125
384,binary_student_t,0.15,test_valid,valid,0.1252
385,binary_student_t,0.15,test_valid,valid,0.1252
386,binary_student_t,0.15,test_valid,valid,0.1252
387,binary_student_t,0.15,test_valid,valid,0.1252
388,binary_student_t,0.15,test_valid,valid,0.1252
389,binary_student_t,0.15,test_valid,valid,0.1258
390,binary_student_t,0.15,test_valid,valid,0.1262
391,binary_student_t,0.15,test_valid,valid,0.1264
392,binary_student_t,0.15,test_valid,valid,0.1264
393,binary_student_t,0.15,test_valid,valid,0.1264
394,binary_student_t,0.15,test_valid,valid,0.1264
395,binary_student_t,0.15,test_valid,valid,0.1264
396,binary_student_t,0.15,test_valid,valid,0.127
397,binary_student_t,0.15,test_valid,valid,0.1272
398,binary_student_t,0.15,test_valid,valid,0.1276
399,binary_student_t,0.15,test_valid,valid,0.1278
400,binary_student_t,0.15,test_valid,valid,0.1288
401,binary_student_t,0.15,test_valid,valid,0.129
402,binary_student_t,0.15,test_valid,valid,0.1292
403,binary_student_t,0.15,test_valid,valid,0.1294
404,binary_student_t,0.15,test_valid,valid,0.1298
405,binary_student_t,0.15,test_valid,valid,0.1298
406,binary_student_t,0.15,test_valid,valid,0.1298
407,binary_student_t,0.15,test_valid,valid,0.1298
408,binary_student_t,0.15,test_valid,valid,0.1298
409,binary_student_t,0.15,test_valid,valid,0.13
410,binary_student_t,0.15,test_valid,valid,0.1304
411,binary_student_t,0.15,test_valid,valid,0.1304
412,binary_student_t,0.15,test_valid,valid,0.1306
413,binary_student_t,0.15,test_valid,valid,0.1306
414,binary_student_t,0.15,test_valid,valid,0.1308
415,binary_student_t,0.15,test_valid,valid,0.1314
416,binary_student_t,0.15,test_valid,valid,0.1314
417,binary_student_t,0.15,test_valid,valid,0.1316
418,binary_student_t,0.15,test_valid,valid,0.1322
419,binary_student_t,0.15,test_valid,valid,0.1326
420,binary_student_t,0.15,test_valid,valid,0.1328
421,binary_student_t,0.15,test_valid,valid,0.1328
422,binary_student_t,0.15,test_valid,valid,0.1328
423,binary_student_t,0.15,test_valid,valid,0.1332
424,binary_student_t,0.15,test_valid,valid,0.1332
425,binary_student_t,0.15,test_valid,valid,0.1336
426,binary_student_t,0.15,test_valid,valid,0.1338
427,binary_student_t,0.15,test_valid,valid,0.134
428,binary_student_t,0.15,test_valid,valid,0.1344
429,binary_student_t,0.15,test_valid,valid,0.1352
430,binary_student_t,0.15,test_valid,valid,0.1354
431,binary_student_t,0.15,test_valid,valid,0.1362
432,binary_student_t,0.15,test_valid,valid,0.1368
433,binary_student_t,0.15,test_valid,valid,0.137
434,binary_student_t,0.15,test_valid,valid,0.1372
435,binary_student_t,0.15,test_valid,valid,0.1374
436,binary_student_t,0.15,test_valid,valid,0.1376
437,binary_student_t,0.15,test_valid,valid,0.1378
438,binary_student_t,0.15,test_valid,valid,0.138
439,binary_student_t,0.15,test_valid,valid,0.1382
440,binary_student_t,0.15,test_valid,valid,0.1382
441,binary_student_t,0.15,test_valid,valid,0.1388
442,binary_student_t,0.15,test_valid,valid,0.1392
443,binary_student_t,0.15,test_valid,valid,0.1398
444,binary_student_t,0.15,test_valid,valid,0.1398
445,binary_student_t,0.15,test_valid,valid,0.1402
446,binary_student_t,0.15,test_valid,valid,0.1406
447,binary_student_t,0.15,test_valid,valid,0.1408
448,binary_student_t,0.15,test_valid,valid,0.1408
449,binary_student_t,0.15,test_valid,valid,0.1408
450,binary_student_t,0.15,test_valid,valid,0.141
451,binary_student_t,0.15,test_valid,valid,0.1416
452,binary_student_t,0.15,test_valid,valid,0.142
453,binary_student_t,0.15,test_valid,valid,0.1422
454,binary_student_t,0.15,test_valid,valid,0.1422
455,binary_student_t,0.15,test_valid,valid,0.1422
456,binary_student_t,0.15,test_valid,valid,0.1428
457,binary_student_t,0.15,test_valid,valid,0.143
458,binary_student_t,0.15,test_valid,valid,0.143
459,binary_student_t,0.15,test_valid,valid,0.143
460,binary_student_t,0.15,test_valid,valid,0.1432
461,binary_student_t,0.15,test_valid,valid,0.1434
462,binary_student_t,0.15,test_valid,valid,0.1438
463,binary_student_t,0.15,test_valid,valid,0.144
464,binary_student_t,0.15,test_valid,valid,0.1442
465,binary_student_t,0.15,test_valid,valid,0.1442
466,binary_student_t,0.15,test_valid,valid,0.1442
467,binary_student_t,0.15,test_valid,valid,0.1446
468,binary_student_t,0.15,test_valid,valid,0.1446
469,binary_student_t,0.15,test_valid,valid,0.1448
470,binary_student_t,0.15,test_valid,valid,0.145
471,binary_student_t,0.15,test_valid,valid,0.1456
472,binary_student_t,0.15,test_valid,valid,0.1458
473,binary_student_t,0.15,test_valid,valid,0.146
474,binary_student_t,0.15,test_valid,valid,0.1462
475,binary_student_t,0.15,test_valid,valid,0.1464
476,binary_student_t,0.15,test_valid,valid,0.1464
477,binary_student_t,0.15,test_valid,valid,0.1466
478,binary_student_t,0.15,test_valid,valid,0.1468
479,binary_student_t,0.15,test_valid,valid,0.147
480,binary_student_t,0.15,test_valid,valid,0.1472
481,binary_student_t,0.15,test_valid,valid,0.1472
482,binary_student_t,0.15,test_valid,valid,0.1474
483,binary_student_t,0.15,test_valid,valid,0.1474
484,binary_student_t,0.15,test_valid,valid,0.1478
485,binary_student_t,0.15,test_valid,valid,0.148
486,binary_student_t,0.15,test_valid,valid,0.1486
487,binary_student_t,0.15,test_valid,valid,0.1486
488,binary_student_t,0.15,test_valid,valid,0.149
489,binary_student_t,0.15,test_valid,valid,0.149
490,binary_student_t,0.15,test_valid,valid,0.1496
491,binary_student_t,0.15,test_valid,valid,0.15
492,binary_student_t,0.15,test_valid,valid,0.15
493,binary_student_t,0.15,test_valid,valid,0.1508
494,binary_student_t,0.15,test_valid,valid,0.151
495,binary_student_t,0.15,test_valid,valid,0.1512
496,binary_student_t,0.15,test_valid,valid,0.1512
497,binary_student_t,0.15,test_valid,valid,0.1512
498,binary_student_t,0.15,test_valid,valid,0.1518
499,binary_student_t,0.15,test_valid,valid,0.152
500,binary_student_t,0.15,test_valid,valid,0.152
501,binary_student_t,0.15,test_valid,valid,0.152
502,binary_student_t,0.15,test_valid,valid,0.152
503,binary_student_t,0.15,test_valid,valid,0.152
504,binary_student_t,0.15,test_valid,valid,0.152
1,binary_student_t,0.15,test_invalid,invalid,0.0
2,binary_student_t,0.15,test_invalid,invalid,0.0
3,binary_student_t,0.15,test_invalid,invalid,0.0
4,binary_student_t,0.15,test_invalid,invalid,0.0
5,binary_student_t,0.15,test_invalid,invalid,0.0
6,binary_student_t,0.15,test_invalid,invalid,0.0
7,binary_student_t,0.15,test_invalid,invalid,0.0
8,binary_student_t,0.15,test_invalid,invalid,0.0
9,binary_student_t,0.15,test_invalid,invalid,0.0
10,binary_student_t,0.15,test_invalid,invalid,0.0
11,binary_student_t,0.15,test_invalid,invalid,0.0
12,binary_student_t,0.15,test_invalid,invalid,0.0
13,binary_student_t,0.15,test_invalid,invalid,0.0
14,binary_student_t,0.15,test_invalid,invalid,0.0
15,binary_student_t,0.15,test_invalid,invalid,0.0
16,binary_student_t,0.15,test_invalid,invalid,0.0
17,binary_student_t,0.15,test_invalid,invalid,0.0
18,binary_student_t,0.15,test_invalid,invalid,0.0
19,binary_student_t,0.15,test_invalid,invalid,0.0
20,binary_student_t,0.15,test_invalid,invalid,0.0
21,binary_student_t,0.15,test_invalid,invalid,0.0
22,binary_student_t,0.15,test_invalid,invalid,0.0
23,binary_student_t,0.15,test_invalid,invalid,0.0
24,binary_student_t,0.15,test_invalid,invalid,0.0
25,binary_student_t,0.15,test_invalid,invalid,0.0
26,binary_student_t,0.15,test_invalid,invalid,0.0
27,binary_student_t,0.15,test_invalid,invalid,0.0
28,binary_student_t,0.15,test_invalid,invalid,0.0
29,binary_student_t,0.15,test_invalid,invalid,0.0
30,binary_student_t,0.15,test_invalid,invalid,0.0
31,binary_student_t,0.15,test_invalid,invalid,0.0
32,binary_student_t,0.15,test_invalid,invalid,0.0
33,binary_student_t,0.15,test_invalid,invalid,0.0
34,binary_student_t,0.15,test_invalid,invalid,0.0
35,binary_student_t,0.15,test_invalid,invalid,0.0002
36,binary_student_t,0.15,test_invalid,invalid,0.0002
37,binary_student_t,0.15,test_invalid,invalid,0.0004
38,binary_student_t,0.15,test_invalid,invalid,0.0004
39,binary_student_t,0.15,test_invalid,invalid,0.0006
40,binary_student_t,0.15,test_invalid,invalid,0.0006
41,binary_student_t,0.15,test_invalid,invalid,0.0006
42,binary_student_t,0.15,test_invalid,invalid,0.001
43,binary_student_t,0.15,test_invalid,invalid,0.0016
44,binary_student_t,0.15,test_invalid,invalid,0.0018
45,binary_student_t,0.15,test_invalid,invalid,0.002
46,binary_student_t,0.15,test_invalid,invalid,0.0024
47,binary_student_t,0.15,test_invalid,invalid,0.0028
48,binary_student_t,0.15,test_invalid,invalid,0.0028
49,binary_student_t,0.15,test_invalid,invalid,0.0028
50,binary_student_t,0.15,test_invalid,invalid,0.0032
51,binary_student_t,0.15,test_invalid,invalid,0.0038
52,binary_student_t,0.15,test_invalid,invalid,0.004
53,binary_student_t,0.15,test_invalid,invalid,0.0046
54,binary_student_t,0.15,test_invalid,invalid,0.0052
55,binary_student_t,0.15,test_invalid,invalid,0.006
56,binary_student_t,0.15,test_invalid,invalid,0.0066
57,binary_student_t,0.15,test_invalid,invalid,0.0072
58,binary_student_t,0.15,test_invalid,invalid,0.0078
59,binary_student_t,0.15,test_invalid,invalid,0.0084
60,binary_student_t,0.15,test_invalid,invalid,0.009
61,binary_student_t,0.15,test_invalid,invalid,0.0094
62,binary_student_t,0.15,test_invalid,invalid,0.0106
63,binary_student_t,0.15,test_invalid,invalid,0.0116
64,binary_student_t,0.15,test_invalid,invalid,0.0124
65,binary_student_t,0.15,test_invalid,invalid,0.0134
66,binary_student_t,0.15,test_invalid,invalid,0.014
67,binary_student_t,0.15,test_invalid,invalid,0.015
68,binary_student_t,0.15,test_invalid,invalid,0.0154
69,binary_student_t,0.15,test_invalid,invalid,0.0164
70,binary_student_t,0.15,test_invalid,invalid,0.017
71,binary_student_t,0.15,test_invalid,invalid,0.0184
72,binary_student_t,0.15,test_invalid,invalid,0.0192
73,binary_student_t,0.15,test_invalid,invalid,0.0204
74,binary_student_t,0.15,test_invalid,invalid,0.0214
75,binary_student_t,0.15,test_invalid,invalid,0.0228
76,binary_student_t,0.15,test_invalid,invalid,0.0238
77,binary_student_t,0.15,test_invalid,invalid,0.025
78,binary_student_t,0.15,test_invalid,invalid,0.0254
79,binary_student_t,0.15,test_invalid,invalid,0.026
80,binary_student_t,0.15,test_invalid,invalid,0.0272
81,binary_student_t,0.15,test_invalid,invalid,0.0282
82,binary_student_t,0.15,test_invalid,invalid,0.029
83,binary_student_t,0.15,test_invalid,invalid,0.0302
84,binary_student_t,0.15,test_invalid,invalid,0.0312
85,binary_student_t,0.15,test_invalid,invalid,0.0322
86,binary_student_t,0.15,test_invalid,invalid,0.0326
87,binary_student_t,0.15,test_invalid,invalid,0.0346
88,binary_student_t,0.15,test_invalid,invalid,0.0356
89,binary_student_t,0.15,test_invalid,invalid,0.0374
90,binary_student_t,0.15,test_invalid,invalid,0.0388
91,binary_student_t,0.15,test_invalid,invalid,0.0398
92,binary_student_t,0.15,test_invalid,invalid,0.0412
93,binary_student_t,0.15,test_invalid,invalid,0.0428
94,binary_student_t,0.15,test_invalid,invalid,0.0442
95,binary_student_t,0.15,test_invalid,invalid,0.0456
96,binary_student_t,0.15,test_invalid,invalid,0.0468
97,binary_student_t,0.15,test_invalid,invalid,0.0482
98,binary_student_t,0.15,test_invalid,invalid,0.0504
99,binary_student_t,0.15,test_invalid,invalid,0.052
100,binary_student_t,0.15,test_invalid,invalid,0.053
101,binary_student_t,0.15,test_invalid,invalid,0.0552
102,binary_student_t,0.15,test_invalid,invalid,0.0562
103,binary_student_t,0.15,test_invalid,invalid,0.057
104,binary_student_t,0.15,test_invalid,invalid,0.0588
105,binary_student_t,0.15,test_invalid,invalid,0.0594
106,binary_student_t,0.15,test_invalid,invalid,0.0608
107,binary_student_t,0.15,test_invalid,invalid,0.0616
108,binary_student_t,0.15,test_invalid,invalid,0.0626
109,binary_student_t,0.15,test_invalid,invalid,0.0644
110,binary_student_t,0.15,test_invalid,invalid,0.067
111,binary_student_t,0.15,test_invalid,invalid,0.068
112,binary_student_t,0.15,test_invalid,invalid,0.0698
113,binary_student_t,0.15,test_invalid,invalid,0.0714
114,binary_student_t,0.15,test_invalid,invalid,0.0724
115,binary_student_t,0.15,test_invalid,invalid,0.0734
116,binary_student_t,0.15,test_invalid,invalid,0.0752
117,binary_student_t,0.15,test_invalid,invalid,0.0766
118,binary_student_t,0.15,test_invalid,invalid,0.0778
119,binary_student_t,0.15,test_invalid,invalid,0.0798
120,binary_student_t,0.15,test_invalid,invalid,0.081
121,binary_student_t,0.15,test_invalid,invalid,0.0824
122,binary_student_t,0.15,test_invalid,invalid,0.0844
123,binary_student_t,0.15,test_invalid,invalid,0.087
124,binary_student_t,0.15,test_invalid,invalid,0.0884
125,binary_student_t,0.15,test_invalid,invalid,0.0912
126,binary_student_t,0.15,test_invalid,invalid,0.093
127,binary_student_t,0.15,test_invalid,invalid,0.0946
128,binary_student_t,0.15,test_invalid,invalid,0.0962
129,binary_student_t,0.15,test_invalid,invalid,0.0978
130,binary_student_t,0.15,test_invalid,invalid,0.0992
131,binary_student_t,0.15,test_invalid,invalid,0.1004
132,binary_student_t,0.15,test_invalid,invalid,0.102
133,binary_student_t,0.15,test_invalid,invalid,0.1034
134,binary_student_t,0.15,test_invalid,invalid,0.1044
135,binary_student_t,0.15,test_invalid,invalid,0.1068
136,binary_student_t,0.15,test_invalid,invalid,0.1086
137,binary_student_t,0.15,test_invalid,invalid,0.1102
138,binary_student_t,0.15,test_invalid,invalid,0.1114
139,binary_student_t,0.15,test_invalid,invalid,0.114
140,binary_student_t,0.15,test_invalid,invalid,0.1152
141,binary_student_t,0.15,test_invalid,invalid,0.1168
142,binary_student_t,0.15,test_invalid,invalid,0.1186
143,binary_student_t,0.15,test_invalid,invalid,0.1212
144,binary_student_t,0.15,test_invalid,invalid,0.1236
145,binary_student_t,0.15,test_invalid,invalid,0.125
146,binary_student_t,0.15,test_invalid,invalid,0.1264
147,binary_student_t,0.15,test_invalid,invalid,0.1288
148,binary_student_t,0.15,test_invalid,invalid,0.1304
149,binary_student_t,0.15,test_invalid,invalid,0.1328
150,binary_student_t,0.15,test_invalid,invalid,0.1346
151,binary_student_t,0.15,test_invalid,invalid,0.137
152,binary_student_t,0.15,test_invalid,invalid,0.139
153,binary_student_t,0.15,test_invalid,invalid,0.1402
154,binary_student_t,0.15,test_invalid,invalid,0.1414
155,binary_student_t,0.15,test_invalid,invalid,0.1432
156,binary_student_t,0.15,test_invalid,invalid,0.1446
157,binary_student_t,0.15,test_invalid,invalid,0.1458
158,binary_student_t,0.15,test_invalid,invalid,0.1472
159,binary_student_t,0.15,test_invalid,invalid,0.1496
160,binary_student_t,0.15,test_invalid,invalid,0.1508
161,binary_student_t,0.15,test_invalid,invalid,0.1526
162,binary_student_t,0.15,test_invalid,invalid,0.1556
163,binary_student_t,0.15,test_invalid,invalid,0.1572
164,binary_student_t,0.15,test_invalid,invalid,0.159
165,binary_student_t,0.15,test_invalid,invalid,0.1604
166,binary_student_t,0.15,test_invalid,invalid,0.163
167,binary_student_t,0.15,test_invalid,invalid,0.1638
168,binary_student_t,0.15,test_invalid,invalid,0.166
169,binary_student_t,0.15,test_invalid,invalid,0.1672
170,binary_student_t,0.15,test_invalid,invalid,0.1686
171,binary_student_t,0.15,test_invalid,invalid,0.1714
172,binary_student_t,0.15,test_invalid,invalid,0.1744
173,binary_student_t,0.15,test_invalid,invalid,0.1768
174,binary_student_t,0.15,test_invalid,invalid,0.1778
175,binary_student_t,0.15,test_invalid,invalid,0.179
176,binary_student_t,0.15,test_invalid,invalid,0.1802
177,binary_student_t,0.15,test_invalid,invalid,0.1812
178,binary_student_t,0.15,test_invalid,invalid,0.1836
179,binary_student_t,0.15,test_invalid,invalid,0.1852
180,binary_student_t,0.15,test_invalid,invalid,0.187
181,binary_student_t,0.15,test_invalid,invalid,0.1888
182,binary_student_t,0.15,test_invalid,invalid,0.19
183,binary_student_t,0.15,test_invalid,invalid,0.1918
184,binary_student_t,0.15,test_invalid,invalid,0.193
185,binary_student_t,0.15,test_invalid,invalid,0.195
186,binary_student_t,0.15,test_invalid,invalid,0.1972
187,binary_student_t,0.15,test_invalid,invalid,0.2
188,binary_student_t,0.15,test_invalid,invalid,0.2018
189,binary_student_t,0.15,test_invalid,invalid,0.2038
190,binary_student_t,0.15,test_invalid,invalid,0.2046
191,binary_student_t,0.15,test_invalid,invalid,0.2064
192,binary_student_t,0.15,test_invalid,invalid,0.2074
193,binary_student_t,0.15,test_invalid,invalid,0.2084
194,binary_student_t,0.15,test_invalid,invalid,0.2096
195,binary_student_t,0.15,test_invalid,invalid,0.2112
196,binary_student_t,0.15,test_invalid,invalid,0.2132
197,binary_student_t,0.15,test_invalid,invalid,0.2156
198,binary_student_t,0.15,test_invalid,invalid,0.2174
199,binary_student_t,0.15,test_invalid,invalid,0.2188
200,binary_student_t,0.15,test_invalid,invalid,0.2212
201,binary_student_t,0.15,test_invalid,invalid,0.2226
202,binary_student_t,0.15,test_invalid,invalid,0.2242
203,binary_student_t,0.15,test_invalid,invalid,0.225
204,binary_student_t,0.15,test_invalid,invalid,0.2264
205,binary_student_t,0.15,test_invalid,invalid,0.2284
206,binary_student_t,0.15,test_invalid,invalid,0.2292
207,binary_student_t,0.15,test_invalid,invalid,0.2314
208,binary_student_t,0.15,test_invalid,invalid,0.2334
209,binary_student_t,0.15,test_invalid,invalid,0.2352
210,binary_student_t,0.15,test_invalid,invalid,0.2374
211,binary_student_t,0.15,test_invalid,invalid,0.2382
212,binary_student_t,0.15,test_invalid,invalid,0.2402
213,binary_student_t,0.15,test_invalid,invalid,0.241
214,binary_student_t,0.15,test_invalid,invalid,0.2428
215,binary_student_t,0.15,test_invalid,invalid,0.2444
216,binary_student_t,0.15,test_invalid,invalid,0.2466
217,binary_student_t,0.15,test_invalid,invalid,0.248
218,binary_student_t,0.15,test_invalid,invalid,0.2492
219,binary_student_t,0.15,test_invalid,invalid,0.2504
220,binary_student_t,0.15,test_invalid,invalid,0.2512
221,binary_student_t,0.15,test_invalid,invalid,0.252
222,binary_student_t,0.15,test_invalid,invalid,0.2534
223,binary_student_t,0.15,test_invalid,invalid,0.2546
224,binary_student_t,0.15,test_invalid,invalid,0.256
225,binary_student_t,0.15,test_invalid,invalid,0.2578
226,binary_student_t,0.15,test_invalid,invalid,0.259
227,binary_student_t,0.15,test_invalid,invalid,0.2616
228,binary_student_t,0.15,test_invalid,invalid,0.2642
229,binary_student_t,0.15,test_invalid,invalid,0.2662
230,binary_student_t,0.15,test_invalid,invalid,0.268
231,binary_student_t,0.15,test_invalid,invalid,0.2696
232,binary_student_t,0.15,test_invalid,invalid,0.2706
233,binary_student_t,0.15,test_invalid,invalid,0.2734
234,binary_student_t,0.15,test_invalid,invalid,0.2744
235,binary_student_t,0.15,test_invalid,invalid,0.2748
236,binary_student_t,0.15,test_invalid,invalid,0.2776
237,binary_student_t,0.15,test_invalid,invalid,0.2782
238,binary_student_t,0.15,test_invalid,invalid,0.28
239,binary_student_t,0.15,test_invalid,invalid,0.2806
240,binary_student_t,0.15,test_invalid,invalid,0.2818
241,binary_student_t,0.15,test_invalid,invalid,0.2832
242,binary_student_t,0.15,test_invalid,invalid,0.2842
243,binary_student_t,0.15,test_invalid,invalid,0.2862
244,binary_student_t,0.15,test_invalid,invalid,0.2874
245,binary_student_t,0.15,test_invalid,invalid,0.2886
246,binary_student_t,0.15,test_invalid,invalid,0.29
247,binary_student_t,0.15,test_invalid,invalid,0.2916
248,binary_student_t,0.15,test_invalid,invalid,0.2936
249,binary_student_t,0.15,test_invalid,invalid,0.2944
250,binary_student_t,0.15,test_invalid,invalid,0.2964
251,binary_student_t,0.15,test_invalid,invalid,0.2974
252,binary_student_t,0.15,test_invalid,invalid,0.2998
253,binary_student_t,0.15,test_invalid,invalid,0.3022
254,binary_student_t,0.15,test_invalid,invalid,0.3046
255,binary_student_t,0.15,test_invalid,invalid,0.3064
256,binary_student_t,0.15,test_invalid,invalid,0.3068
257,binary_student_t,0.15,test_invalid,invalid,0.3086
258,binary_student_t,0.15,test_invalid,invalid,0.31
259,binary_student_t,0.15,test_invalid,invalid,0.311
260,binary_student_t,0.15,test_invalid,invalid,0.3124
261,binary_student_t,0.15,test_invalid,invalid,0.314
262,binary_student_t,0.15,test_invalid,invalid,0.316
263,binary_student_t,0.15,test_invalid,invalid,0.3174
264,binary_student_t,0.15,test_invalid,invalid,0.3184
265,binary_student_t,0.15,test_invalid,invalid,0.3198
266,binary_student_t,0.15,test_invalid,invalid,0.3212
267,binary_student_t,0.15,test_invalid,invalid,0.3226
268,binary_student_t,0.15,test_invalid,invalid,0.3232
269,binary_student_t,0.15,test_invalid,invalid,0.3248
270,binary_student_t,0.15,test_invalid,invalid,0.3258
271,binary_student_t,0.15,test_invalid,invalid,0.3264
272,binary_student_t,0.15,test_invalid,invalid,0.3282
273,binary_student_t,0.15,test_invalid,invalid,0.3292
274,binary_student_t,0.15,test_invalid,invalid,0.3306
275,binary_student_t,0.15,test_invalid,invalid,0.3324
276,binary_student_t,0.15,test_invalid,invalid,0.3332
277,binary_student_t,0.15,test_invalid,invalid,0.3346
278,binary_student_t,0.15,test_invalid,invalid,0.3354
279,binary_student_t,0.15,test_invalid,invalid,0.3366
280,binary_student_t,0.15,test_invalid,invalid,0.337
281,binary_student_t,0.15,test_invalid,invalid,0.339
282,binary_student_t,0.15,test_invalid,invalid,0.3408
283,binary_student_t,0.15,test_invalid,invalid,0.342
284,binary_student_t,0.15,test_invalid,invalid,0.343
285,binary_student_t,0.15,test_invalid,invalid,0.3446
286,binary_student_t,0.15,test_invalid,invalid,0.346
287,binary_student_t,0.15,test_invalid,invalid,0.3504
288,binary_student_t,0.15,test_invalid,invalid,0.3526
289,binary_student_t,0.15,test_invalid,invalid,0.3542
290,binary_student_t,0.15,test_invalid,invalid,0.355
291,binary_student_t,0.15,test_invalid,invalid,0.3558
292,binary_student_t,0.15,test_invalid,invalid,0.358
293,binary_student_t,0.15,test_invalid,invalid,0.3594
294,binary_student_t,0.15,test_invalid,invalid,0.3604
295,binary_student_t,0.15,test_invalid,invalid,0.3612
296,binary_student_t,0.15,test_invalid,invalid,0.3626
297,binary_student_t,0.15,test_invalid,invalid,0.3628
298,binary_student_t,0.15,test_invalid,invalid,0.3636
299,binary_student_t,0.15,test_invalid,invalid,0.365
300,binary_student_t,0.15,test_invalid,invalid,0.3658
301,binary_student_t,0.15,test_invalid,invalid,0.3684
302,binary_student_t,0.15,test_invalid,invalid,0.3692
303,binary_student_t,0.15,test_invalid,invalid,0.3704
304,binary_student_t,0.15,test_invalid,invalid,0.3716
305,binary_student_t,0.15,test_invalid,invalid,0.3722
306,binary_student_t,0.15,test_invalid,invalid,0.3746
307,binary_student_t,0.15,test_invalid,invalid,0.3764
308,binary_student_t,0.15,test_invalid,invalid,0.3792
309,binary_student_t,0.15,test_invalid,invalid,0.3798
310,binary_student_t,0.15,test_invalid,invalid,0.3806
311,binary_student_t,0.15,test_invalid,invalid,0.382
312,binary_student_t,0.15,test_invalid,invalid,0.3828
313,binary_student_t,0.15,test_invalid,invalid,0.3854
314,binary_student_t,0.15,test_invalid,invalid,0.386
315,binary_student_t,0.15,test_invalid,invalid,0.3876
316,binary_student_t,0.15,test_invalid,invalid,0.3886
317,binary_student_t,0.15,test_invalid,invalid,0.39
318,binary_student_t,0.15,test_invalid,invalid,0.3912
319,binary_student_t,0.15,test_invalid,invalid,0.392
320,binary_student_t,0.15,test_invalid,invalid,0.3932
321,binary_student_t,0.15,test_invalid,invalid,0.3944
322,binary_student_t,0.15,test_invalid,invalid,0.3954
323,binary_student_t,0.15,test_invalid,invalid,0.3958
324,binary_student_t,0.15,test_invalid,invalid,0.397
325,binary_student_t,0.15,test_invalid,invalid,0.3978
326,binary_student_t,0.15,test_invalid,invalid,0.3986
327,binary_student_t,0.15,test_invalid,invalid,0.399
328,binary_student_t,0.15,test_invalid,invalid,0.3996
329,binary_student_t,0.15,test_invalid,invalid,0.4004
330,binary_student_t,0.15,test_invalid,invalid,0.402
331,binary_student_t,0.15,test_invalid,invalid,0.4028
332,binary_student_t,0.15,test_invalid,invalid,0.4038
333,binary_student_t,0.15,test_invalid,invalid,0.4048
334,binary_student_t,0.15,test_invalid,invalid,0.4064
335,binary_student_t,0.15,test_invalid,invalid,0.4086
336,binary_student_t,0.15,test_invalid,invalid,0.41
337,binary_student_t,0.15,test_invalid,invalid,0.412
338,binary_student_t,0.15,test_invalid,invalid,0.413
339,binary_student_t,0.15,test_invalid,invalid,0.4148
340,binary_student_t,0.15,test_invalid,invalid,0.4164
341,binary_student_t,0.15,test_invalid,invalid,0.4186
342,binary_student_t,0.15,test_invalid,invalid,0.4194
343,binary_student_t,0.15,test_invalid,invalid,0.4204
344,binary_student_t,0.15,test_invalid,invalid,0.4214
345,binary_student_t,0.15,test_invalid,invalid,0.4214
346,binary_student_t,0.15,test_invalid,invalid,0.4222
347,binary_student_t,0.15,test_invalid,invalid,0.424
348,binary_student_t,0.15,test_invalid,invalid,0.4252
349,binary_student_t,0.15,test_invalid,invalid,0.426
350,binary_student_t,0.15,test_invalid,invalid,0.4276
351,binary_student_t,0.15,test_invalid,invalid,0.4288
352,binary_student_t,0.15,test_invalid,invalid,0.43
353,binary_student_t,0.15,test_invalid,invalid,0.4316
354,binary_student_t,0.15,test_invalid,invalid,0.4324
355,binary_student_t,0.15,test_invalid,invalid,0.4338
356,binary_student_t,0.15,test_invalid,invalid,0.435
357,binary_student_t,0.15,test_invalid,invalid,0.4352
358,binary_student_t,0.15,test_invalid,invalid,0.4358
359,binary_student_t,0.15,test_invalid,invalid,0.4366
360,binary_student_t,0.15,test_invalid,invalid,0.4374
361,binary_student_t,0.15,test_invalid,invalid,0.439
362,binary_student_t,0.15,test_invalid,invalid,0.4398
363,binary_student_t,0.15,test_invalid,invalid,0.4412
364,binary_student_t,0.15,test_invalid,invalid,0.4432
365,binary_student_t,0.15,test_invalid,invalid,0.4448
366,binary_student_t,0.15,test_invalid,invalid,0.4454
367,binary_student_t,0.15,test_invalid,invalid,0.446
368,binary_student_t,0.15,test_invalid,invalid,0.447
369,binary_student_t,0.15,test_invalid,invalid,0.4476
370,binary_student_t,0.15,test_invalid,invalid,0.4486
371,binary_student_t,0.15,test_invalid,invalid,0.4504
372,binary_student_t,0.15,test_invalid,invalid,0.4508
373,binary_student_t,0.15,test_invalid,invalid,0.4518
374,binary_student_t,0.15,test_invalid,invalid,0.4528
375,binary_student_t,0.15,test_invalid,invalid,0.454
376,binary_student_t,0.15,test_invalid,invalid,0.455
377,binary_student_t,0.15,test_invalid,invalid,0.4556
378,binary_student_t,0.15,test_invalid,invalid,0.456
379,binary_student_t,0.15,test_invalid,invalid,0.4574
380,binary_student_t,0.15,test_invalid,invalid,0.458
381,binary_student_t,0.15,test_invalid,invalid,0.4592
382,binary_student_t,0.15,test_invalid,invalid,0.4604
383,binary_student_t,0.15,test_invalid,invalid,0.4618
384,binary_student_t,0.15,test_invalid,invalid,0.4626
385,binary_student_t,0.15,test_invalid,invalid,0.463
386,binary_student_t,0.15,test_invalid,invalid,0.4654
387,binary_student_t,0.15,test_invalid,invalid,0.4672
388,binary_student_t,0.15,test_invalid,invalid,0.468
389,binary_student_t,0.15,test_invalid,invalid,0.4684
390,binary_student_t,0.15,test_invalid,invalid,0.4694
391,binary_student_t,0.15,test_invalid,invalid,0.4706
392,binary_student_t,0.15,test_invalid,invalid,0.4712
393,binary_student_t,0.15,test_invalid,invalid,0.4728
394,binary_student_t,0.15,test_invalid,invalid,0.473
395,binary_student_t,0.15,test_invalid,invalid,0.4742
396,binary_student_t,0.15,test_invalid,invalid,0.4746
397,binary_student_t,0.15,test_invalid,invalid,0.475
398,binary_student_t,0.15,test_invalid,invalid,0.4762
399,binary_student_t,0.15,test_invalid,invalid,0.477
400,binary_student_t,0.15,test_invalid,invalid,0.4776
401,binary_student_t,0.15,test_invalid,invalid,0.4786
402,binary_student_t,0.15,test_invalid,invalid,0.4788
403,binary_student_t,0.15,test_invalid,invalid,0.4792
404,binary_student_t,0.15,test_invalid,invalid,0.4804
405,binary_student_t,0.15,test_invalid,invalid,0.481
406,binary_student_t,0.15,test_invalid,invalid,0.482
407,binary_student_t,0.15,test_invalid,invalid,0.4828
408,binary_student_t,0.15,test_invalid,invalid,0.4842
409,binary_student_t,0.15,test_invalid,invalid,0.4848
410,binary_student_t,0.15,test_invalid,invalid,0.4854
411,binary_student_t,0.15,test_invalid,invalid,0.486
412,binary_student_t,0.15,test_invalid,invalid,0.4872
413,binary_student_t,0.15,test_invalid,invalid,0.489
414,binary_student_t,0.15,test_invalid,invalid,0.4906
415,binary_student_t,0.15,test_invalid,invalid,0.492
416,binary_student_t,0.15,test_invalid,invalid,0.4936
417,binary_student_t,0.15,test_invalid,invalid,0.4944
418,binary_student_t,0.15,test_invalid,invalid,0.4954
419,binary_student_t,0.15,test_invalid,invalid,0.496
420,binary_student_t,0.15,test_invalid,invalid,0.4962
421,binary_student_t,0.15,test_invalid,invalid,0.497
422,binary_student_t,0.15,test_invalid,invalid,0.4978
423,binary_student_t,0.15,test_invalid,invalid,0.499
424,binary_student_t,0.15,test_invalid,invalid,0.4998
425,binary_student_t,0.15,test_invalid,invalid,0.5012
426,binary_student_t,0.15,test_invalid,invalid,0.502
427,binary_student_t,0.15,test_invalid,invalid,0.5024
428,binary_student_t,0.15,test_invalid,invalid,0.5028
429,binary_student_t,0.15,test_invalid,invalid,0.5038
430,binary_student_t,0.15,test_invalid,invalid,0.505
431,binary_student_t,0.15,test_invalid,invalid,0.5064
432,binary_student_t,0.15,test_invalid,invalid,0.5072
433,binary_student_t,0.15,test_invalid,invalid,0.5078
434,binary_student_t,0.15,test_invalid,invalid,0.509
435,binary_student_t,0.15,test_invalid,invalid,0.5096
436,binary_student_t,0.15,test_invalid,invalid,0.5102
437,binary_student_t,0.15,test_invalid,invalid,0.511
438,binary_student_t,0.15,test_invalid,invalid,0.5116
439,binary_student_t,0.15,test_invalid,invalid,0.5126
440,binary_student_t,0.15,test_invalid,invalid,0.5134
441,binary_student_t,0.15,test_invalid,invalid,0.514
442,binary_student_t,0.15,test_invalid,invalid,0.5156
443,binary_student_t,0.15,test_invalid,invalid,0.5158
444,binary_student_t,0.15,test_invalid,invalid,0.5164
445,binary_student_t,0.15,test_invalid,invalid,0.5168
446,binary_student_t,0.15,test_invalid,invalid,0.518
447,binary_student_t,0.15,test_invalid,invalid,0.5186
448,binary_student_t,0.15,test_invalid,invalid,0.5196
449,binary_student_t,0.15,test_invalid,invalid,0.5206
450,binary_student_t,0.15,test_invalid,invalid,0.5216
451,binary_student_t,0.15,test_invalid,invalid,0.522
452,binary_student_t,0.15,test_invalid,invalid,0.5226
453,binary_student_t,0.15,test_invalid,invalid,0.5238
454,binary_student_t,0.15,test_invalid,invalid,0.5246
455,binary_student_t,0.15,test_invalid,invalid,0.5258
456,binary_student_t,0.15,test_invalid,invalid,0.5266
457,binary_student_t,0.15,test_invalid,invalid,0.527
458,binary_student_t,0.15,test_invalid,invalid,0.528
459,binary_student_t,0.15,test_invalid,invalid,0.5292
460,binary_student_t,0.15,test_invalid,invalid,0.5296
461,binary_student_t,0.15,test_invalid,invalid,0.5302
462,binary_student_t,0.15,test_invalid,invalid,0.5308
463,binary_student_t,0.15,test_invalid,invalid,0.5314
464,binary_student_t,0.15,test_invalid,invalid,0.5322
465,binary_student_t,0.15,test_invalid,invalid,0.5324
466,binary_student_t,0.15,test_invalid,invalid,0.5332
467,binary_student_t,0.15,test_invalid,invalid,0.5344
468,binary_student_t,0.15,test_invalid,invalid,0.535
469,binary_student_t,0.15,test_invalid,invalid,0.5358
470,binary_student_t,0.15,test_invalid,invalid,0.5368
471,binary_student_t,0.15,test_invalid,invalid,0.5376
472,binary_student_t,0.15,test_invalid,invalid,0.5386
473,binary_student_t,0.15,test_invalid,invalid,0.5398
474,binary_student_t,0.15,test_invalid,invalid,0.5402
475,binary_student_t,0.15,test_invalid,invalid,0.5404
476,binary_student_t,0.15,test_invalid,invalid,0.5416
477,binary_student_t,0.15,test_invalid,invalid,0.5422
478,binary_student_t,0.15,test_invalid,invalid,0.5434
479,binary_student_t,0.15,test_invalid,invalid,0.5442
480,binary_student_t,0.15,test_invalid,invalid,0.5452
481,binary_student_t,0.15,test_invalid,invalid,0.5464
482,binary_student_t,0.15,test_invalid,invalid,0.5478
483,binary_student_t,0.15,test_invalid,invalid,0.5484
484,binary_student_t,0.15,test_invalid,invalid,0.549
485,binary_student_t,0.15,test_invalid,invalid,0.5498
486,binary_student_t,0.15,test_invalid,invalid,0.5502
487,binary_student_t,0.15,test_invalid,invalid,0.5508
488,binary_student_t,0.15,test_invalid,invalid,0.552
489,binary_student_t,0.15,test_invalid,invalid,0.553
490,binary_student_t,0.15,test_invalid,invalid,0.5538
491,binary_student_t,0.15,test_invalid,invalid,0.555
492,binary_student_t,0.15,test_invalid,invalid,0.5562
493,binary_student_t,0.15,test_invalid,invalid,0.5566
494,binary_student_t,0.15,test_invalid,invalid,0.5574
495,binary_student_t,0.15,test_invalid,invalid,0.558
496,binary_student_t,0.15,test_invalid,invalid,0.559
497,binary_student_t,0.15,test_invalid,invalid,0.559
498,binary_student_t,0.15,test_invalid,invalid,0.56
499,binary_student_t,0.15,test_invalid,invalid,0.5602
500,binary_student_t,0.15,test_invalid,invalid,0.5612
501,binary_student_t,0.15,test_invalid,invalid,0.562
502,binary_student_t,0.15,test_invalid,invalid,0.5628
503,binary_student_t,0.15,test_invalid,invalid,0.5636
504,binary_student_t,0.15,test_invalid,invalid,0.5642
1,trailing_sharpe_252,0.05,test_valid,valid,0.0
2,trailing_sharpe_252,0.05,test_valid,valid,0.0
3,trailing_sharpe_252,0.05,test_valid,valid,0.0
4,trailing_sharpe_252,0.05,test_valid,valid,0.0
5,trailing_sharpe_252,0.05,test_valid,valid,0.0
6,trailing_sharpe_252,0.05,test_valid,valid,0.0
7,trailing_sharpe_252,0.05,test_valid,valid,0.0
8,trailing_sharpe_252,0.05,test_valid,valid,0.0
9,trailing_sharpe_252,0.05,test_valid,valid,0.0
10,trailing_sharpe_252,0.05,test_valid,valid,0.0
11,trailing_sharpe_252,0.05,test_valid,valid,0.0
12,trailing_sharpe_252,0.05,test_valid,valid,0.0
13,trailing_sharpe_252,0.05,test_valid,valid,0.0
14,trailing_sharpe_252,0.05,test_valid,valid,0.0
15,trailing_sharpe_252,0.05,test_valid,valid,0.0
16,trailing_sharpe_252,0.05,test_valid,valid,0.0
17,trailing_sharpe_252,0.05,test_valid,valid,0.0
18,trailing_sharpe_252,0.05,test_valid,valid,0.0
19,trailing_sharpe_252,0.05,test_valid,valid,0.0
20,trailing_sharpe_252,0.05,test_valid,valid,0.0
21,trailing_sharpe_252,0.05,test_valid,valid,0.0
22,trailing_sharpe_252,0.05,test_valid,valid,0.0
23,trailing_sharpe_252,0.05,test_valid,valid,0.0
24,trailing_sharpe_252,0.05,test_valid,valid,0.0
25,trailing_sharpe_252,0.05,test_valid,valid,0.0
26,trailing_sharpe_252,0.05,test_valid,valid,0.0
27,trailing_sharpe_252,0.05,test_valid,valid,0.0
28,trailing_sharpe_252,0.05,test_valid,valid,0.0
29,trailing_sharpe_252,0.05,test_valid,valid,0.0
30,trailing_sharpe_252,0.05,test_valid,valid,0.0
31,trailing_sharpe_252,0.05,test_valid,valid,0.0
32,trailing_sharpe_252,0.05,test_valid,valid,0.0
33,trailing_sharpe_252,0.05,test_valid,valid,0.0
34,trailing_sharpe_252,0.05,test_valid,valid,0.0
35,trailing_sharpe_252,0.05,test_valid,valid,0.0
36,trailing_sharpe_252,0.05,test_valid,valid,0.0
37,trailing_sharpe_252,0.05,test_valid,valid,0.0
38,trailing_sharpe_252,0.05,test_valid,valid,0.0
39,trailing_sharpe_252,0.05,test_valid,valid,0.0
40,trailing_sharpe_252,0.05,test_valid,valid,0.0
41,trailing_sharpe_252,0.05,test_valid,valid,0.0
42,trailing_sharpe_252,0.05,test_valid,valid,0.0
43,trailing_sharpe_252,0.05,test_valid,valid,0.0
44,trailing_sharpe_252,0.05,test_valid,valid,0.0
45,trailing_sharpe_252,0.05,test_valid,valid,0.0
46,trailing_sharpe_252,0.05,test_valid,valid,0.0
47,trailing_sharpe_252,0.05,test_valid,valid,0.0
48,trailing_sharpe_252,0.05,test_valid,valid,0.0
49,trailing_sharpe_252,0.05,test_valid,valid,0.0
50,trailing_sharpe_252,0.05,test_valid,valid,0.0
51,trailing_sharpe_252,0.05,test_valid,valid,0.0
52,trailing_sharpe_252,0.05,test_valid,valid,0.0
53,trailing_sharpe_252,0.05,test_valid,valid,0.0
54,trailing_sharpe_252,0.05,test_valid,valid,0.0
55,trailing_sharpe_252,0.05,test_valid,valid,0.0
56,trailing_sharpe_252,0.05,test_valid,valid,0.0
57,trailing_sharpe_252,0.05,test_valid,valid,0.0
58,trailing_sharpe_252,0.05,test_valid,valid,0.0
59,trailing_sharpe_252,0.05,test_valid,valid,0.0
60,trailing_sharpe_252,0.05,test_valid,valid,0.0
61,trailing_sharpe_252,0.05,test_valid,valid,0.0
62,trailing_sharpe_252,0.05,test_valid,valid,0.0
63,trailing_sharpe_252,0.05,test_valid,valid,0.0
64,trailing_sharpe_252,0.05,test_valid,valid,0.0
65,trailing_sharpe_252,0.05,test_valid,valid,0.0
66,trailing_sharpe_252,0.05,test_valid,valid,0.0
67,trailing_sharpe_252,0.05,test_valid,valid,0.0
68,trailing_sharpe_252,0.05,test_valid,valid,0.0
69,trailing_sharpe_252,0.05,test_valid,valid,0.0
70,trailing_sharpe_252,0.05,test_valid,valid,0.0
71,trailing_sharpe_252,0.05,test_valid,valid,0.0
72,trailing_sharpe_252,0.05,test_valid,valid,0.0
73,trailing_sharpe_252,0.05,test_valid,valid,0.0
74,trailing_sharpe_252,0.05,test_valid,valid,0.0
75,trailing_sharpe_252,0.05,test_valid,valid,0.0
76,trailing_sharpe_252,0.05,test_valid,valid,0.0
77,trailing_sharpe_252,0.05,test_valid,valid,0.0
78,trailing_sharpe_252,0.05,test_valid,valid,0.0
79,trailing_sharpe_252,0.05,test_valid,valid,0.0
80,trailing_sharpe_252,0.05,test_valid,valid,0.0
81,trailing_sharpe_252,0.05,test_valid,valid,0.0
82,trailing_sharpe_252,0.05,test_valid,valid,0.0
83,trailing_sharpe_252,0.05,test_valid,valid,0.0
84,trailing_sharpe_252,0.05,test_valid,valid,0.0
85,trailing_sharpe_252,0.05,test_valid,valid,0.0
86,trailing_sharpe_252,0.05,test_valid,valid,0.0
87,trailing_sharpe_252,0.05,test_valid,valid,0.0
88,trailing_sharpe_252,0.05,test_valid,valid,0.0
89,trailing_sharpe_252,0.05,test_valid,valid,0.0
90,trailing_sharpe_252,0.05,test_valid,valid,0.0
91,trailing_sharpe_252,0.05,test_valid,valid,0.0
92,trailing_sharpe_252,0.05,test_valid,valid,0.0
93,trailing_sharpe_252,0.05,test_valid,valid,0.0
94,trailing_sharpe_252,0.05,test_valid,valid,0.0
95,trailing_sharpe_252,0.05,test_valid,valid,0.0
96,trailing_sharpe_252,0.05,test_valid,valid,0.0
97,trailing_sharpe_252,0.05,test_valid,valid,0.0
98,trailing_sharpe_252,0.05,test_valid,valid,0.0
99,trailing_sharpe_252,0.05,test_valid,valid,0.0
100,trailing_sharpe_252,0.05,test_valid,valid,0.0
101,trailing_sharpe_252,0.05,test_valid,valid,0.0
102,trailing_sharpe_252,0.05,test_valid,valid,0.0
103,trailing_sharpe_252,0.05,test_valid,valid,0.0
104,trailing_sharpe_252,0.05,test_valid,valid,0.0
105,trailing_sharpe_252,0.05,test_valid,valid,0.0
106,trailing_sharpe_252,0.05,test_valid,valid,0.0
107,trailing_sharpe_252,0.05,test_valid,valid,0.0
108,trailing_sharpe_252,0.05,test_valid,valid,0.0
109,trailing_sharpe_252,0.05,test_valid,valid,0.0
110,trailing_sharpe_252,0.05,test_valid,valid,0.0
111,trailing_sharpe_252,0.05,test_valid,valid,0.0
112,trailing_sharpe_252,0.05,test_valid,valid,0.0
113,trailing_sharpe_252,0.05,test_valid,valid,0.0
114,trailing_sharpe_252,0.05,test_valid,valid,0.0
115,trailing_sharpe_252,0.05,test_valid,valid,0.0
116,trailing_sharpe_252,0.05,test_valid,valid,0.0
117,trailing_sharpe_252,0.05,test_valid,valid,0.0
118,trailing_sharpe_252,0.05,test_valid,valid,0.0
119,trailing_sharpe_252,0.05,test_valid,valid,0.0
120,trailing_sharpe_252,0.05,test_valid,valid,0.0
121,trailing_sharpe_252,0.05,test_valid,valid,0.0
122,trailing_sharpe_252,0.05,test_valid,valid,0.0
123,trailing_sharpe_252,0.05,test_valid,valid,0.0
124,trailing_sharpe_252,0.05,test_valid,valid,0.0
125,trailing_sharpe_252,0.05,test_valid,valid,0.0
126,trailing_sharpe_252,0.05,test_valid,valid,0.0
127,trailing_sharpe_252,0.05,test_valid,valid,0.0
128,trailing_sharpe_252,0.05,test_valid,valid,0.0
129,trailing_sharpe_252,0.05,test_valid,valid,0.0
130,trailing_sharpe_252,0.05,test_valid,valid,0.0
131,trailing_sharpe_252,0.05,test_valid,valid,0.0
132,trailing_sharpe_252,0.05,test_valid,valid,0.0
133,trailing_sharpe_252,0.05,test_valid,valid,0.0
134,trailing_sharpe_252,0.05,test_valid,valid,0.0
135,trailing_sharpe_252,0.05,test_valid,valid,0.0
136,trailing_sharpe_252,0.05,test_valid,valid,0.0
137,trailing_sharpe_252,0.05,test_valid,valid,0.0
138,trailing_sharpe_252,0.05,test_valid,valid,0.0
139,trailing_sharpe_252,0.05,test_valid,valid,0.0
140,trailing_sharpe_252,0.05,test_valid,valid,0.0
141,trailing_sharpe_252,0.05,test_valid,valid,0.0
142,trailing_sharpe_252,0.05,test_valid,valid,0.0
143,trailing_sharpe_252,0.05,test_valid,valid,0.0
144,trailing_sharpe_252,0.05,test_valid,valid,0.0
145,trailing_sharpe_252,0.05,test_valid,valid,0.0
146,trailing_sharpe_252,0.05,test_valid,valid,0.0
147,trailing_sharpe_252,0.05,test_valid,valid,0.0
148,trailing_sharpe_252,0.05,test_valid,valid,0.0
149,trailing_sharpe_252,0.05,test_valid,valid,0.0
150,trailing_sharpe_252,0.05,test_valid,valid,0.0
151,trailing_sharpe_252,0.05,test_valid,valid,0.0
152,trailing_sharpe_252,0.05,test_valid,valid,0.0
153,trailing_sharpe_252,0.05,test_valid,valid,0.0
154,trailing_sharpe_252,0.05,test_valid,valid,0.0
155,trailing_sharpe_252,0.05,test_valid,valid,0.0
156,trailing_sharpe_252,0.05,test_valid,valid,0.0
157,trailing_sharpe_252,0.05,test_valid,valid,0.0
158,trailing_sharpe_252,0.05,test_valid,valid,0.0
159,trailing_sharpe_252,0.05,test_valid,valid,0.0
160,trailing_sharpe_252,0.05,test_valid,valid,0.0
161,trailing_sharpe_252,0.05,test_valid,valid,0.0
162,trailing_sharpe_252,0.05,test_valid,valid,0.0
163,trailing_sharpe_252,0.05,test_valid,valid,0.0
164,trailing_sharpe_252,0.05,test_valid,valid,0.0
165,trailing_sharpe_252,0.05,test_valid,valid,0.0
166,trailing_sharpe_252,0.05,test_valid,valid,0.0
167,trailing_sharpe_252,0.05,test_valid,valid,0.0
168,trailing_sharpe_252,0.05,test_valid,valid,0.0
169,trailing_sharpe_252,0.05,test_valid,valid,0.0
170,trailing_sharpe_252,0.05,test_valid,valid,0.0
171,trailing_sharpe_252,0.05,test_valid,valid,0.0
172,trailing_sharpe_252,0.05,test_valid,valid,0.0
173,trailing_sharpe_252,0.05,test_valid,valid,0.0
174,trailing_sharpe_252,0.05,test_valid,valid,0.0
175,trailing_sharpe_252,0.05,test_valid,valid,0.0
176,trailing_sharpe_252,0.05,test_valid,valid,0.0
177,trailing_sharpe_252,0.05,test_valid,valid,0.0
178,trailing_sharpe_252,0.05,test_valid,valid,0.0
179,trailing_sharpe_252,0.05,test_valid,valid,0.0
180,trailing_sharpe_252,0.05,test_valid,valid,0.0
181,trailing_sharpe_252,0.05,test_valid,valid,0.0
182,trailing_sharpe_252,0.05,test_valid,valid,0.0
183,trailing_sharpe_252,0.05,test_valid,valid,0.0
184,trailing_sharpe_252,0.05,test_valid,valid,0.0
185,trailing_sharpe_252,0.05,test_valid,valid,0.0
186,trailing_sharpe_252,0.05,test_valid,valid,0.0
187,trailing_sharpe_252,0.05,test_valid,valid,0.0
188,trailing_sharpe_252,0.05,test_valid,valid,0.0
189,trailing_sharpe_252,0.05,test_valid,valid,0.0
190,trailing_sharpe_252,0.05,test_valid,valid,0.0
191,trailing_sharpe_252,0.05,test_valid,valid,0.0
192,trailing_sharpe_252,0.05,test_valid,valid,0.0
193,trailing_sharpe_252,0.05,test_valid,valid,0.0
194,trailing_sharpe_252,0.05,test_valid,valid,0.0
195,trailing_sharpe_252,0.05,test_valid,valid,0.0
196,trailing_sharpe_252,0.05,test_valid,valid,0.0
197,trailing_sharpe_252,0.05,test_valid,valid,0.0
198,trailing_sharpe_252,0.05,test_valid,valid,0.0
199,trailing_sharpe_252,0.05,test_valid,valid,0.0
200,trailing_sharpe_252,0.05,test_valid,valid,0.0
201,trailing_sharpe_252,0.05,test_valid,valid,0.0
202,trailing_sharpe_252,0.05,test_valid,valid,0.0
203,trailing_sharpe_252,0.05,test_valid,valid,0.0
204,trailing_sharpe_252,0.05,test_valid,valid,0.0
205,trailing_sharpe_252,0.05,test_valid,valid,0.0
206,trailing_sharpe_252,0.05,test_valid,valid,0.0
207,trailing_sharpe_252,0.05,test_valid,valid,0.0
208,trailing_sharpe_252,0.05,test_valid,valid,0.0
209,trailing_sharpe_252,0.05,test_valid,valid,0.0
210,trailing_sharpe_252,0.05,test_valid,valid,0.0
211,trailing_sharpe_252,0.05,test_valid,valid,0.0
212,trailing_sharpe_252,0.05,test_valid,valid,0.0
213,trailing_sharpe_252,0.05,test_valid,valid,0.0
214,trailing_sharpe_252,0.05,test_valid,valid,0.0
215,trailing_sharpe_252,0.05,test_valid,valid,0.0
216,trailing_sharpe_252,0.05,test_valid,valid,0.0
217,trailing_sharpe_252,0.05,test_valid,valid,0.0
218,trailing_sharpe_252,0.05,test_valid,valid,0.0
219,trailing_sharpe_252,0.05,test_valid,valid,0.0
220,trailing_sharpe_252,0.05,test_valid,valid,0.0
221,trailing_sharpe_252,0.05,test_valid,valid,0.0
222,trailing_sharpe_252,0.05,test_valid,valid,0.0
223,trailing_sharpe_252,0.05,test_valid,valid,0.0
224,trailing_sharpe_252,0.05,test_valid,valid,0.0
225,trailing_sharpe_252,0.05,test_valid,valid,0.0
226,trailing_sharpe_252,0.05,test_valid,valid,0.0
227,trailing_sharpe_252,0.05,test_valid,valid,0.0
228,trailing_sharpe_252,0.05,test_valid,valid,0.0
229,trailing_sharpe_252,0.05,test_valid,valid,0.0
230,trailing_sharpe_252,0.05,test_valid,valid,0.0
231,trailing_sharpe_252,0.05,test_valid,valid,0.0
232,trailing_sharpe_252,0.05,test_valid,valid,0.0
233,trailing_sharpe_252,0.05,test_valid,valid,0.0
234,trailing_sharpe_252,0.05,test_valid,valid,0.0
235,trailing_sharpe_252,0.05,test_valid,valid,0.0
236,trailing_sharpe_252,0.05,test_valid,valid,0.0
237,trailing_sharpe_252,0.05,test_valid,valid,0.0
238,trailing_sharpe_252,0.05,test_valid,valid,0.0
239,trailing_sharpe_252,0.05,test_valid,valid,0.0
240,trailing_sharpe_252,0.05,test_valid,valid,0.0
241,trailing_sharpe_252,0.05,test_valid,valid,0.0
242,trailing_sharpe_252,0.05,test_valid,valid,0.0
243,trailing_sharpe_252,0.05,test_valid,valid,0.0
244,trailing_sharpe_252,0.05,test_valid,valid,0.0
245,trailing_sharpe_252,0.05,test_valid,valid,0.0
246,trailing_sharpe_252,0.05,test_valid,valid,0.0
247,trailing_sharpe_252,0.05,test_valid,valid,0.0
248,trailing_sharpe_252,0.05,test_valid,valid,0.0
249,trailing_sharpe_252,0.05,test_valid,valid,0.0
250,trailing_sharpe_252,0.05,test_valid,valid,0.0
251,trailing_sharpe_252,0.05,test_valid,valid,0.0
252,trailing_sharpe_252,0.05,test_valid,valid,0.007
253,trailing_sharpe_252,0.05,test_valid,valid,0.007
254,trailing_sharpe_252,0.05,test_valid,valid,0.0076
255,trailing_sharpe_252,0.05,test_valid,valid,0.0076
256,trailing_sharpe_252,0.05,test_valid,valid,0.0078
257,trailing_sharpe_252,0.05,test_valid,valid,0.0084
258,trailing_sharpe_252,0.05,test_valid,valid,0.0086
259,trailing_sharpe_252,0.05,test_valid,valid,0.009
260,trailing_sharpe_252,0.05,test_valid,valid,0.0092
261,trailing_sharpe_252,0.05,test_valid,valid,0.0094
262,trailing_sharpe_252,0.05,test_valid,valid,0.0098
263,trailing_sharpe_252,0.05,test_valid,valid,0.01
264,trailing_sharpe_252,0.05,test_valid,valid,0.0106
265,trailing_sharpe_252,0.05,test_valid,valid,0.011
266,trailing_sharpe_252,0.05,test_valid,valid,0.0112
267,trailing_sharpe_252,0.05,test_valid,valid,0.0118
268,trailing_sharpe_252,0.05,test_valid,valid,0.0122
269,trailing_sharpe_252,0.05,test_valid,valid,0.0124
270,trailing_sharpe_252,0.05,test_valid,valid,0.0128
271,trailing_sharpe_252,0.05,test_valid,valid,0.0128
272,trailing_sharpe_252,0.05,test_valid,valid,0.013
273,trailing_sharpe_252,0.05,test_valid,valid,0.0134
274,trailing_sharpe_252,0.05,test_valid,valid,0.0134
275,trailing_sharpe_252,0.05,test_valid,valid,0.0136
276,trailing_sharpe_252,0.05,test_valid,valid,0.0136
277,trailing_sharpe_252,0.05,test_valid,valid,0.0144
278,trailing_sharpe_252,0.05,test_valid,valid,0.0148
279,trailing_sharpe_252,0.05,test_valid,valid,0.0154
280,trailing_sharpe_252,0.05,test_valid,valid,0.0154
281,trailing_sharpe_252,0.05,test_valid,valid,0.0154
282,trailing_sharpe_252,0.05,test_valid,valid,0.0156
283,trailing_sharpe_252,0.05,test_valid,valid,0.0158
284,trailing_sharpe_252,0.05,test_valid,valid,0.016
285,trailing_sharpe_252,0.05,test_valid,valid,0.016
286,trailing_sharpe_252,0.05,test_valid,valid,0.0164
287,trailing_sharpe_252,0.05,test_valid,valid,0.0168
288,trailing_sharpe_252,0.05,test_valid,valid,0.017
289,trailing_sharpe_252,0.05,test_valid,valid,0.0172
290,trailing_sharpe_252,0.05,test_valid,valid,0.0174
291,trailing_sharpe_252,0.05,test_valid,valid,0.0176
292,trailing_sharpe_252,0.05,test_valid,valid,0.0178
293,trailing_sharpe_252,0.05,test_valid,valid,0.0182
294,trailing_sharpe_252,0.05,test_valid,valid,0.0186
295,trailing_sharpe_252,0.05,test_valid,valid,0.0188
296,trailing_sharpe_252,0.05,test_valid,valid,0.0188
297,trailing_sharpe_252,0.05,test_valid,valid,0.0188
298,trailing_sharpe_252,0.05,test_valid,valid,0.0194
299,trailing_sharpe_252,0.05,test_valid,valid,0.0194
300,trailing_sharpe_252,0.05,test_valid,valid,0.0194
301,trailing_sharpe_252,0.05,test_valid,valid,0.0194
302,trailing_sharpe_252,0.05,test_valid,valid,0.0194
303,trailing_sharpe_252,0.05,test_valid,valid,0.0196
304,trailing_sharpe_252,0.05,test_valid,valid,0.0196
305,trailing_sharpe_252,0.05,test_valid,valid,0.0196
306,trailing_sharpe_252,0.05,test_valid,valid,0.0196
307,trailing_sharpe_252,0.05,test_valid,valid,0.0196
308,trailing_sharpe_252,0.05,test_valid,valid,0.0198
309,trailing_sharpe_252,0.05,test_valid,valid,0.0202
310,trailing_sharpe_252,0.05,test_valid,valid,0.0202
311,trailing_sharpe_252,0.05,test_valid,valid,0.0202
312,trailing_sharpe_252,0.05,test_valid,valid,0.0202
313,trailing_sharpe_252,0.05,test_valid,valid,0.0202
314,trailing_sharpe_252,0.05,test_valid,valid,0.0202
315,trailing_sharpe_252,0.05,test_valid,valid,0.0202
316,trailing_sharpe_252,0.05,test_valid,valid,0.0204
317,trailing_sharpe_252,0.05,test_valid,valid,0.0206
318,trailing_sharpe_252,0.05,test_valid,valid,0.0206
319,trailing_sharpe_252,0.05,test_valid,valid,0.0208
320,trailing_sharpe_252,0.05,test_valid,valid,0.0212
321,trailing_sharpe_252,0.05,test_valid,valid,0.0212
322,trailing_sharpe_252,0.05,test_valid,valid,0.0216
323,trailing_sharpe_252,0.05,test_valid,valid,0.0218
324,trailing_sharpe_252,0.05,test_valid,valid,0.0218
325,trailing_sharpe_252,0.05,test_valid,valid,0.022
326,trailing_sharpe_252,0.05,test_valid,valid,0.0222
327,trailing_sharpe_252,0.05,test_valid,valid,0.0226
328,trailing_sharpe_252,0.05,test_valid,valid,0.0228
329,trailing_sharpe_252,0.05,test_valid,valid,0.023
330,trailing_sharpe_252,0.05,test_valid,valid,0.0232
331,trailing_sharpe_252,0.05,test_valid,valid,0.0234
332,trailing_sharpe_252,0.05,test_valid,valid,0.024
333,trailing_sharpe_252,0.05,test_valid,valid,0.024
334,trailing_sharpe_252,0.05,test_valid,valid,0.024
335,trailing_sharpe_252,0.05,test_valid,valid,0.024
336,trailing_sharpe_252,0.05,test_valid,valid,0.0244
337,trailing_sharpe_252,0.05,test_valid,valid,0.0246
338,trailing_sharpe_252,0.05,test_valid,valid,0.0248
339,trailing_sharpe_252,0.05,test_valid,valid,0.025
340,trailing_sharpe_252,0.05,test_valid,valid,0.025
341,trailing_sharpe_252,0.05,test_valid,valid,0.0252
342,trailing_sharpe_252,0.05,test_valid,valid,0.0254
343,trailing_sharpe_252,0.05,test_valid,valid,0.0256
344,trailing_sharpe_252,0.05,test_valid,valid,0.0256
345,trailing_sharpe_252,0.05,test_valid,valid,0.0256
346,trailing_sharpe_252,0.05,test_valid,valid,0.0258
347,trailing_sharpe_252,0.05,test_valid,valid,0.0262
348,trailing_sharpe_252,0.05,test_valid,valid,0.0262
349,trailing_sharpe_252,0.05,test_valid,valid,0.0264
350,trailing_sharpe_252,0.05,test_valid,valid,0.0266
351,trailing_sharpe_252,0.05,test_valid,valid,0.0266
352,trailing_sharpe_252,0.05,test_valid,valid,0.0268
353,trailing_sharpe_252,0.05,test_valid,valid,0.0268
354,trailing_sharpe_252,0.05,test_valid,valid,0.0268
355,trailing_sharpe_252,0.05,test_valid,valid,0.0272
356,trailing_sharpe_252,0.05,test_valid,valid,0.0274
357,trailing_sharpe_252,0.05,test_valid,valid,0.0274
358,trailing_sharpe_252,0.05,test_valid,valid,0.0278
359,trailing_sharpe_252,0.05,test_valid,valid,0.0278
360,trailing_sharpe_252,0.05,test_valid,valid,0.0282
361,trailing_sharpe_252,0.05,test_valid,valid,0.0282
362,trailing_sharpe_252,0.05,test_valid,valid,0.0282
363,trailing_sharpe_252,0.05,test_valid,valid,0.0282
364,trailing_sharpe_252,0.05,test_valid,valid,0.0282
365,trailing_sharpe_252,0.05,test_valid,valid,0.0284
366,trailing_sharpe_252,0.05,test_valid,valid,0.0284
367,trailing_sharpe_252,0.05,test_valid,valid,0.0288
368,trailing_sharpe_252,0.05,test_valid,valid,0.0294
369,trailing_sharpe_252,0.05,test_valid,valid,0.0294
370,trailing_sharpe_252,0.05,test_valid,valid,0.0296
371,trailing_sharpe_252,0.05,test_valid,valid,0.03
372,trailing_sharpe_252,0.05,test_valid,valid,0.03
373,trailing_sharpe_252,0.05,test_valid,valid,0.0302
374,trailing_sharpe_252,0.05,test_valid,valid,0.0308
375,trailing_sharpe_252,0.05,test_valid,valid,0.0314
376,trailing_sharpe_252,0.05,test_valid,valid,0.0314
377,trailing_sharpe_252,0.05,test_valid,valid,0.0316
378,trailing_sharpe_252,0.05,test_valid,valid,0.032
379,trailing_sharpe_252,0.05,test_valid,valid,0.032
380,trailing_sharpe_252,0.05,test_valid,valid,0.0324
381,trailing_sharpe_252,0.05,test_valid,valid,0.0324
382,trailing_sharpe_252,0.05,test_valid,valid,0.0324
383,trailing_sharpe_252,0.05,test_valid,valid,0.0326
384,trailing_sharpe_252,0.05,test_valid,valid,0.0326
385,trailing_sharpe_252,0.05,test_valid,valid,0.0328
386,trailing_sharpe_252,0.05,test_valid,valid,0.033
387,trailing_sharpe_252,0.05,test_valid,valid,0.033
388,trailing_sharpe_252,0.05,test_valid,valid,0.033
389,trailing_sharpe_252,0.05,test_valid,valid,0.0332
390,trailing_sharpe_252,0.05,test_valid,valid,0.0334
391,trailing_sharpe_252,0.05,test_valid,valid,0.0334
392,trailing_sharpe_252,0.05,test_valid,valid,0.0334
393,trailing_sharpe_252,0.05,test_valid,valid,0.0334
394,trailing_sharpe_252,0.05,test_valid,valid,0.0336
395,trailing_sharpe_252,0.05,test_valid,valid,0.0336
396,trailing_sharpe_252,0.05,test_valid,valid,0.0336
397,trailing_sharpe_252,0.05,test_valid,valid,0.0344
398,trailing_sharpe_252,0.05,test_valid,valid,0.0346
399,trailing_sharpe_252,0.05,test_valid,valid,0.0348
400,trailing_sharpe_252,0.05,test_valid,valid,0.035
401,trailing_sharpe_252,0.05,test_valid,valid,0.0352
402,trailing_sharpe_252,0.05,test_valid,valid,0.0356
403,trailing_sharpe_252,0.05,test_valid,valid,0.0356
404,trailing_sharpe_252,0.05,test_valid,valid,0.0356
405,trailing_sharpe_252,0.05,test_valid,valid,0.036
406,trailing_sharpe_252,0.05,test_valid,valid,0.0362
407,trailing_sharpe_252,0.05,test_valid,valid,0.0362
408,trailing_sharpe_252,0.05,test_valid,valid,0.0362
409,trailing_sharpe_252,0.05,test_valid,valid,0.0368
410,trailing_sharpe_252,0.05,test_valid,valid,0.0372
411,trailing_sharpe_252,0.05,test_valid,valid,0.0374
412,trailing_sharpe_252,0.05,test_valid,valid,0.0378
413,trailing_sharpe_252,0.05,test_valid,valid,0.038
414,trailing_sharpe_252,0.05,test_valid,valid,0.0382
415,trailing_sharpe_252,0.05,test_valid,valid,0.0388
416,trailing_sharpe_252,0.05,test_valid,valid,0.0388
417,trailing_sharpe_252,0.05,test_valid,valid,0.0388
418,trailing_sharpe_252,0.05,test_valid,valid,0.0392
419,trailing_sharpe_252,0.05,test_valid,valid,0.0392
420,trailing_sharpe_252,0.05,test_valid,valid,0.0392
421,trailing_sharpe_252,0.05,test_valid,valid,0.0392
422,trailing_sharpe_252,0.05,test_valid,valid,0.0392
423,trailing_sharpe_252,0.05,test_valid,valid,0.0392
424,trailing_sharpe_252,0.05,test_valid,valid,0.0392
425,trailing_sharpe_252,0.05,test_valid,valid,0.0398
426,trailing_sharpe_252,0.05,test_valid,valid,0.04
427,trailing_sharpe_252,0.05,test_valid,valid,0.04
428,trailing_sharpe_252,0.05,test_valid,valid,0.0404
429,trailing_sharpe_252,0.05,test_valid,valid,0.0406
430,trailing_sharpe_252,0.05,test_valid,valid,0.0412
431,trailing_sharpe_252,0.05,test_valid,valid,0.0414
432,trailing_sharpe_252,0.05,test_valid,valid,0.0414
433,trailing_sharpe_252,0.05,test_valid,valid,0.0416
434,trailing_sharpe_252,0.05,test_valid,valid,0.0416
435,trailing_sharpe_252,0.05,test_valid,valid,0.0418
436,trailing_sharpe_252,0.05,test_valid,valid,0.042
437,trailing_sharpe_252,0.05,test_valid,valid,0.0422
438,trailing_sharpe_252,0.05,test_valid,valid,0.0428
439,trailing_sharpe_252,0.05,test_valid,valid,0.043
440,trailing_sharpe_252,0.05,test_valid,valid,0.0432
441,trailing_sharpe_252,0.05,test_valid,valid,0.0432
442,trailing_sharpe_252,0.05,test_valid,valid,0.0434
443,trailing_sharpe_252,0.05,test_valid,valid,0.0436
444,trailing_sharpe_252,0.05,test_valid,valid,0.0436
445,trailing_sharpe_252,0.05,test_valid,valid,0.0438
446,trailing_sharpe_252,0.05,test_valid,valid,0.0442
447,trailing_sharpe_252,0.05,test_valid,valid,0.0442
448,trailing_sharpe_252,0.05,test_valid,valid,0.0442
449,trailing_sharpe_252,0.05,test_valid,valid,0.0442
450,trailing_sharpe_252,0.05,test_valid,valid,0.0446
451,trailing_sharpe_252,0.05,test_valid,valid,0.0446
452,trailing_sharpe_252,0.05,test_valid,valid,0.0448
453,trailing_sharpe_252,0.05,test_valid,valid,0.0448
454,trailing_sharpe_252,0.05,test_valid,valid,0.045
455,trailing_sharpe_252,0.05,test_valid,valid,0.0454
456,trailing_sharpe_252,0.05,test_valid,valid,0.046
457,trailing_sharpe_252,0.05,test_valid,valid,0.046
458,trailing_sharpe_252,0.05,test_valid,valid,0.046
459,trailing_sharpe_252,0.05,test_valid,valid,0.0462
460,trailing_sharpe_252,0.05,test_valid,valid,0.0462
461,trailing_sharpe_252,0.05,test_valid,valid,0.0462
462,trailing_sharpe_252,0.05,test_valid,valid,0.0462
463,trailing_sharpe_252,0.05,test_valid,valid,0.0464
464,trailing_sharpe_252,0.05,test_valid,valid,0.0464
465,trailing_sharpe_252,0.05,test_valid,valid,0.0466
466,trailing_sharpe_252,0.05,test_valid,valid,0.0466
467,trailing_sharpe_252,0.05,test_valid,valid,0.047
468,trailing_sharpe_252,0.05,test_valid,valid,0.047
469,trailing_sharpe_252,0.05,test_valid,valid,0.0472
470,trailing_sharpe_252,0.05,test_valid,valid,0.0472
471,trailing_sharpe_252,0.05,test_valid,valid,0.0474
472,trailing_sharpe_252,0.05,test_valid,valid,0.0476
473,trailing_sharpe_252,0.05,test_valid,valid,0.0476
474,trailing_sharpe_252,0.05,test_valid,valid,0.0478
475,trailing_sharpe_252,0.05,test_valid,valid,0.0478
476,trailing_sharpe_252,0.05,test_valid,valid,0.048
477,trailing_sharpe_252,0.05,test_valid,valid,0.0482
478,trailing_sharpe_252,0.05,test_valid,valid,0.0484
479,trailing_sharpe_252,0.05,test_valid,valid,0.0484
480,trailing_sharpe_252,0.05,test_valid,valid,0.0484
481,trailing_sharpe_252,0.05,test_valid,valid,0.0484
482,trailing_sharpe_252,0.05,test_valid,valid,0.0484
483,trailing_sharpe_252,0.05,test_valid,valid,0.0486
484,trailing_sharpe_252,0.05,test_valid,valid,0.049
485,trailing_sharpe_252,0.05,test_valid,valid,0.049
486,trailing_sharpe_252,0.05,test_valid,valid,0.049
487,trailing_sharpe_252,0.05,test_valid,valid,0.0492
488,trailing_sharpe_252,0.05,test_valid,valid,0.0494
489,trailing_sharpe_252,0.05,test_valid,valid,0.0494
490,trailing_sharpe_252,0.05,test_valid,valid,0.0496
491,trailing_sharpe_252,0.05,test_valid,valid,0.0496
492,trailing_sharpe_252,0.05,test_valid,valid,0.0496
493,trailing_sharpe_252,0.05,test_valid,valid,0.0498
494,trailing_sharpe_252,0.05,test_valid,valid,0.0502
495,trailing_sharpe_252,0.05,test_valid,valid,0.0502
496,trailing_sharpe_252,0.05,test_valid,valid,0.0508
497,trailing_sharpe_252,0.05,test_valid,valid,0.051
498,trailing_sharpe_252,0.05,test_valid,valid,0.051
499,trailing_sharpe_252,0.05,test_valid,valid,0.0512
500,trailing_sharpe_252,0.05,test_valid,valid,0.0512
501,trailing_sharpe_252,0.05,test_valid,valid,0.0514
502,trailing_sharpe_252,0.05,test_valid,valid,0.0518
503,trailing_sharpe_252,0.05,test_valid,valid,0.0524
504,trailing_sharpe_252,0.05,test_valid,valid,0.0526
1,trailing_sharpe_252,0.05,test_invalid,invalid,0.0
2,trailing_sharpe_252,0.05,test_invalid,invalid,0.0
3,trailing_sharpe_252,0.05,test_invalid,invalid,0.0
4,trailing_sharpe_252,0.05,test_invalid,invalid,0.0
5,trailing_sharpe_252,0.05,test_invalid,invalid,0.0
6,trailing_sharpe_252,0.05,test_invalid,invalid,0.0
7,trailing_sharpe_252,0.05,test_invalid,invalid,0.0
8,trailing_sharpe_252,0.05,test_invalid,invalid,0.0
9,trailing_sharpe_252,0.05,test_invalid,invalid,0.0
10,trailing_sharpe_252,0.05,test_invalid,invalid,0.0
11,trailing_sharpe_252,0.05,test_invalid,invalid,0.0
12,trailing_sharpe_252,0.05,test_invalid,invalid,0.0
13,trailing_sharpe_252,0.05,test_invalid,invalid,0.0
14,trailing_sharpe_252,0.05,test_invalid,invalid,0.0
15,trailing_sharpe_252,0.05,test_invalid,invalid,0.0
16,trailing_sharpe_252,0.05,test_invalid,invalid,0.0
17,trailing_sharpe_252,0.05,test_invalid,invalid,0.0
18,trailing_sharpe_252,0.05,test_invalid,invalid,0.0
19,trailing_sharpe_252,0.05,test_invalid,invalid,0.0
20,trailing_sharpe_252,0.05,test_invalid,invalid,0.0
21,trailing_sharpe_252,0.05,test_invalid,invalid,0.0
22,trailing_sharpe_252,0.05,test_invalid,invalid,0.0
23,trailing_sharpe_252,0.05,test_invalid,invalid,0.0
24,trailing_sharpe_252,0.05,test_invalid,invalid,0.0
25,trailing_sharpe_252,0.05,test_invalid,invalid,0.0
26,trailing_sharpe_252,0.05,test_invalid,invalid,0.0
27,trailing_sharpe_252,0.05,test_invalid,invalid,0.0
28,trailing_sharpe_252,0.05,test_invalid,invalid,0.0
29,trailing_sharpe_252,0.05,test_invalid,invalid,0.0
30,trailing_sharpe_252,0.05,test_invalid,invalid,0.0
31,trailing_sharpe_252,0.05,test_invalid,invalid,0.0
32,trailing_sharpe_252,0.05,test_invalid,invalid,0.0
33,trailing_sharpe_252,0.05,test_invalid,invalid,0.0
34,trailing_sharpe_252,0.05,test_invalid,invalid,0.0
35,trailing_sharpe_252,0.05,test_invalid,invalid,0.0
36,trailing_sharpe_252,0.05,test_invalid,invalid,0.0
37,trailing_sharpe_252,0.05,test_invalid,invalid,0.0
38,trailing_sharpe_252,0.05,test_invalid,invalid,0.0
39,trailing_sharpe_252,0.05,test_invalid,invalid,0.0
40,trailing_sharpe_252,0.05,test_invalid,invalid,0.0
41,trailing_sharpe_252,0.05,test_invalid,invalid,0.0
42,trailing_sharpe_252,0.05,test_invalid,invalid,0.0
43,trailing_sharpe_252,0.05,test_invalid,invalid,0.0
44,trailing_sharpe_252,0.05,test_invalid,invalid,0.0
45,trailing_sharpe_252,0.05,test_invalid,invalid,0.0
46,trailing_sharpe_252,0.05,test_invalid,invalid,0.0
47,trailing_sharpe_252,0.05,test_invalid,invalid,0.0
48,trailing_sharpe_252,0.05,test_invalid,invalid,0.0
49,trailing_sharpe_252,0.05,test_invalid,invalid,0.0
50,trailing_sharpe_252,0.05,test_invalid,invalid,0.0
51,trailing_sharpe_252,0.05,test_invalid,invalid,0.0
52,trailing_sharpe_252,0.05,test_invalid,invalid,0.0
53,trailing_sharpe_252,0.05,test_invalid,invalid,0.0
54,trailing_sharpe_252,0.05,test_invalid,invalid,0.0
55,trailing_sharpe_252,0.05,test_invalid,invalid,0.0
56,trailing_sharpe_252,0.05,test_invalid,invalid,0.0
57,trailing_sharpe_252,0.05,test_invalid,invalid,0.0
58,trailing_sharpe_252,0.05,test_invalid,invalid,0.0
59,trailing_sharpe_252,0.05,test_invalid,invalid,0.0
60,trailing_sharpe_252,0.05,test_invalid,invalid,0.0
61,trailing_sharpe_252,0.05,test_invalid,invalid,0.0
62,trailing_sharpe_252,0.05,test_invalid,invalid,0.0
63,trailing_sharpe_252,0.05,test_invalid,invalid,0.0
64,trailing_sharpe_252,0.05,test_invalid,invalid,0.0
65,trailing_sharpe_252,0.05,test_invalid,invalid,0.0
66,trailing_sharpe_252,0.05,test_invalid,invalid,0.0
67,trailing_sharpe_252,0.05,test_invalid,invalid,0.0
68,trailing_sharpe_252,0.05,test_invalid,invalid,0.0
69,trailing_sharpe_252,0.05,test_invalid,invalid,0.0
70,trailing_sharpe_252,0.05,test_invalid,invalid,0.0
71,trailing_sharpe_252,0.05,test_invalid,invalid,0.0
72,trailing_sharpe_252,0.05,test_invalid,invalid,0.0
73,trailing_sharpe_252,0.05,test_invalid,invalid,0.0
74,trailing_sharpe_252,0.05,test_invalid,invalid,0.0
75,trailing_sharpe_252,0.05,test_invalid,invalid,0.0
76,trailing_sharpe_252,0.05,test_invalid,invalid,0.0
77,trailing_sharpe_252,0.05,test_invalid,invalid,0.0
78,trailing_sharpe_252,0.05,test_invalid,invalid,0.0
79,trailing_sharpe_252,0.05,test_invalid,invalid,0.0
80,trailing_sharpe_252,0.05,test_invalid,invalid,0.0
81,trailing_sharpe_252,0.05,test_invalid,invalid,0.0
82,trailing_sharpe_252,0.05,test_invalid,invalid,0.0
83,trailing_sharpe_252,0.05,test_invalid,invalid,0.0
84,trailing_sharpe_252,0.05,test_invalid,invalid,0.0
85,trailing_sharpe_252,0.05,test_invalid,invalid,0.0
86,trailing_sharpe_252,0.05,test_invalid,invalid,0.0
87,trailing_sharpe_252,0.05,test_invalid,invalid,0.0
88,trailing_sharpe_252,0.05,test_invalid,invalid,0.0
89,trailing_sharpe_252,0.05,test_invalid,invalid,0.0
90,trailing_sharpe_252,0.05,test_invalid,invalid,0.0
91,trailing_sharpe_252,0.05,test_invalid,invalid,0.0
92,trailing_sharpe_252,0.05,test_invalid,invalid,0.0
93,trailing_sharpe_252,0.05,test_invalid,invalid,0.0
94,trailing_sharpe_252,0.05,test_invalid,invalid,0.0
95,trailing_sharpe_252,0.05,test_invalid,invalid,0.0
96,trailing_sharpe_252,0.05,test_invalid,invalid,0.0
97,trailing_sharpe_252,0.05,test_invalid,invalid,0.0
98,trailing_sharpe_252,0.05,test_invalid,invalid,0.0
99,trailing_sharpe_252,0.05,test_invalid,invalid,0.0
100,trailing_sharpe_252,0.05,test_invalid,invalid,0.0
101,trailing_sharpe_252,0.05,test_invalid,invalid,0.0
102,trailing_sharpe_252,0.05,test_invalid,invalid,0.0
103,trailing_sharpe_252,0.05,test_invalid,invalid,0.0
104,trailing_sharpe_252,0.05,test_invalid,invalid,0.0
105,trailing_sharpe_252,0.05,test_invalid,invalid,0.0
106,trailing_sharpe_252,0.05,test_invalid,invalid,0.0
107,trailing_sharpe_252,0.05,test_invalid,invalid,0.0
108,trailing_sharpe_252,0.05,test_invalid,invalid,0.0
109,trailing_sharpe_252,0.05,test_invalid,invalid,0.0
110,trailing_sharpe_252,0.05,test_invalid,invalid,0.0
111,trailing_sharpe_252,0.05,test_invalid,invalid,0.0
112,trailing_sharpe_252,0.05,test_invalid,invalid,0.0
113,trailing_sharpe_252,0.05,test_invalid,invalid,0.0
114,trailing_sharpe_252,0.05,test_invalid,invalid,0.0
115,trailing_sharpe_252,0.05,test_invalid,invalid,0.0
116,trailing_sharpe_252,0.05,test_invalid,invalid,0.0
117,trailing_sharpe_252,0.05,test_invalid,invalid,0.0
118,trailing_sharpe_252,0.05,test_invalid,invalid,0.0
119,trailing_sharpe_252,0.05,test_invalid,invalid,0.0
120,trailing_sharpe_252,0.05,test_invalid,invalid,0.0
121,trailing_sharpe_252,0.05,test_invalid,invalid,0.0
122,trailing_sharpe_252,0.05,test_invalid,invalid,0.0
123,trailing_sharpe_252,0.05,test_invalid,invalid,0.0
124,trailing_sharpe_252,0.05,test_invalid,invalid,0.0
125,trailing_sharpe_252,0.05,test_invalid,invalid,0.0
126,trailing_sharpe_252,0.05,test_invalid,invalid,0.0
127,trailing_sharpe_252,0.05,test_invalid,invalid,0.0
128,trailing_sharpe_252,0.05,test_invalid,invalid,0.0
129,trailing_sharpe_252,0.05,test_invalid,invalid,0.0
130,trailing_sharpe_252,0.05,test_invalid,invalid,0.0
131,trailing_sharpe_252,0.05,test_invalid,invalid,0.0
132,trailing_sharpe_252,0.05,test_invalid,invalid,0.0
133,trailing_sharpe_252,0.05,test_invalid,invalid,0.0
134,trailing_sharpe_252,0.05,test_invalid,invalid,0.0
135,trailing_sharpe_252,0.05,test_invalid,invalid,0.0
136,trailing_sharpe_252,0.05,test_invalid,invalid,0.0
137,trailing_sharpe_252,0.05,test_invalid,invalid,0.0
138,trailing_sharpe_252,0.05,test_invalid,invalid,0.0
139,trailing_sharpe_252,0.05,test_invalid,invalid,0.0
140,trailing_sharpe_252,0.05,test_invalid,invalid,0.0
141,trailing_sharpe_252,0.05,test_invalid,invalid,0.0
142,trailing_sharpe_252,0.05,test_invalid,invalid,0.0
143,trailing_sharpe_252,0.05,test_invalid,invalid,0.0
144,trailing_sharpe_252,0.05,test_invalid,invalid,0.0
145,trailing_sharpe_252,0.05,test_invalid,invalid,0.0
146,trailing_sharpe_252,0.05,test_invalid,invalid,0.0
147,trailing_sharpe_252,0.05,test_invalid,invalid,0.0
148,trailing_sharpe_252,0.05,test_invalid,invalid,0.0
149,trailing_sharpe_252,0.05,test_invalid,invalid,0.0
150,trailing_sharpe_252,0.05,test_invalid,invalid,0.0
151,trailing_sharpe_252,0.05,test_invalid,invalid,0.0
152,trailing_sharpe_252,0.05,test_invalid,invalid,0.0
153,trailing_sharpe_252,0.05,test_invalid,invalid,0.0
154,trailing_sharpe_252,0.05,test_invalid,invalid,0.0
155,trailing_sharpe_252,0.05,test_invalid,invalid,0.0
156,trailing_sharpe_252,0.05,test_invalid,invalid,0.0
157,trailing_sharpe_252,0.05,test_invalid,invalid,0.0
158,trailing_sharpe_252,0.05,test_invalid,invalid,0.0
159,trailing_sharpe_252,0.05,test_invalid,invalid,0.0
160,trailing_sharpe_252,0.05,test_invalid,invalid,0.0
161,trailing_sharpe_252,0.05,test_invalid,invalid,0.0
162,trailing_sharpe_252,0.05,test_invalid,invalid,0.0
163,trailing_sharpe_252,0.05,test_invalid,invalid,0.0
164,trailing_sharpe_252,0.05,test_invalid,invalid,0.0
165,trailing_sharpe_252,0.05,test_invalid,invalid,0.0
166,trailing_sharpe_252,0.05,test_invalid,invalid,0.0
167,trailing_sharpe_252,0.05,test_invalid,invalid,0.0
168,trailing_sharpe_252,0.05,test_invalid,invalid,0.0
169,trailing_sharpe_252,0.05,test_invalid,invalid,0.0
170,trailing_sharpe_252,0.05,test_invalid,invalid,0.0
171,trailing_sharpe_252,0.05,test_invalid,invalid,0.0
172,trailing_sharpe_252,0.05,test_invalid,invalid,0.0
173,trailing_sharpe_252,0.05,test_invalid,invalid,0.0
174,trailing_sharpe_252,0.05,test_invalid,invalid,0.0
175,trailing_sharpe_252,0.05,test_invalid,invalid,0.0
176,trailing_sharpe_252,0.05,test_invalid,invalid,0.0
177,trailing_sharpe_252,0.05,test_invalid,invalid,0.0
178,trailing_sharpe_252,0.05,test_invalid,invalid,0.0
179,trailing_sharpe_252,0.05,test_invalid,invalid,0.0
180,trailing_sharpe_252,0.05,test_invalid,invalid,0.0
181,trailing_sharpe_252,0.05,test_invalid,invalid,0.0
182,trailing_sharpe_252,0.05,test_invalid,invalid,0.0
183,trailing_sharpe_252,0.05,test_invalid,invalid,0.0
184,trailing_sharpe_252,0.05,test_invalid,invalid,0.0
185,trailing_sharpe_252,0.05,test_invalid,invalid,0.0
186,trailing_sharpe_252,0.05,test_invalid,invalid,0.0
187,trailing_sharpe_252,0.05,test_invalid,invalid,0.0
188,trailing_sharpe_252,0.05,test_invalid,invalid,0.0
189,trailing_sharpe_252,0.05,test_invalid,invalid,0.0
190,trailing_sharpe_252,0.05,test_invalid,invalid,0.0
191,trailing_sharpe_252,0.05,test_invalid,invalid,0.0
192,trailing_sharpe_252,0.05,test_invalid,invalid,0.0
193,trailing_sharpe_252,0.05,test_invalid,invalid,0.0
194,trailing_sharpe_252,0.05,test_invalid,invalid,0.0
195,trailing_sharpe_252,0.05,test_invalid,invalid,0.0
196,trailing_sharpe_252,0.05,test_invalid,invalid,0.0
197,trailing_sharpe_252,0.05,test_invalid,invalid,0.0
198,trailing_sharpe_252,0.05,test_invalid,invalid,0.0
199,trailing_sharpe_252,0.05,test_invalid,invalid,0.0
200,trailing_sharpe_252,0.05,test_invalid,invalid,0.0
201,trailing_sharpe_252,0.05,test_invalid,invalid,0.0
202,trailing_sharpe_252,0.05,test_invalid,invalid,0.0
203,trailing_sharpe_252,0.05,test_invalid,invalid,0.0
204,trailing_sharpe_252,0.05,test_invalid,invalid,0.0
205,trailing_sharpe_252,0.05,test_invalid,invalid,0.0
206,trailing_sharpe_252,0.05,test_invalid,invalid,0.0
207,trailing_sharpe_252,0.05,test_invalid,invalid,0.0
208,trailing_sharpe_252,0.05,test_invalid,invalid,0.0
209,trailing_sharpe_252,0.05,test_invalid,invalid,0.0
210,trailing_sharpe_252,0.05,test_invalid,invalid,0.0
211,trailing_sharpe_252,0.05,test_invalid,invalid,0.0
212,trailing_sharpe_252,0.05,test_invalid,invalid,0.0
213,trailing_sharpe_252,0.05,test_invalid,invalid,0.0
214,trailing_sharpe_252,0.05,test_invalid,invalid,0.0
215,trailing_sharpe_252,0.05,test_invalid,invalid,0.0
216,trailing_sharpe_252,0.05,test_invalid,invalid,0.0
217,trailing_sharpe_252,0.05,test_invalid,invalid,0.0
218,trailing_sharpe_252,0.05,test_invalid,invalid,0.0
219,trailing_sharpe_252,0.05,test_invalid,invalid,0.0
220,trailing_sharpe_252,0.05,test_invalid,invalid,0.0
221,trailing_sharpe_252,0.05,test_invalid,invalid,0.0
222,trailing_sharpe_252,0.05,test_invalid,invalid,0.0
223,trailing_sharpe_252,0.05,test_invalid,invalid,0.0
224,trailing_sharpe_252,0.05,test_invalid,invalid,0.0
225,trailing_sharpe_252,0.05,test_invalid,invalid,0.0
226,trailing_sharpe_252,0.05,test_invalid,invalid,0.0
227,trailing_sharpe_252,0.05,test_invalid,invalid,0.0
228,trailing_sharpe_252,0.05,test_invalid,invalid,0.0
229,trailing_sharpe_252,0.05,test_invalid,invalid,0.0
230,trailing_sharpe_252,0.05,test_invalid,invalid,0.0
231,trailing_sharpe_252,0.05,test_invalid,invalid,0.0
232,trailing_sharpe_252,0.05,test_invalid,invalid,0.0
233,trailing_sharpe_252,0.05,test_invalid,invalid,0.0
234,trailing_sharpe_252,0.05,test_invalid,invalid,0.0
235,trailing_sharpe_252,0.05,test_invalid,invalid,0.0
236,trailing_sharpe_252,0.05,test_invalid,invalid,0.0
237,trailing_sharpe_252,0.05,test_invalid,invalid,0.0
238,trailing_sharpe_252,0.05,test_invalid,invalid,0.0
239,trailing_sharpe_252,0.05,test_invalid,invalid,0.0
240,trailing_sharpe_252,0.05,test_invalid,invalid,0.0
241,trailing_sharpe_252,0.05,test_invalid,invalid,0.0
242,trailing_sharpe_252,0.05,test_invalid,invalid,0.0
243,trailing_sharpe_252,0.05,test_invalid,invalid,0.0
244,trailing_sharpe_252,0.05,test_invalid,invalid,0.0
245,trailing_sharpe_252,0.05,test_invalid,invalid,0.0
246,trailing_sharpe_252,0.05,test_invalid,invalid,0.0
247,trailing_sharpe_252,0.05,test_invalid,invalid,0.0
248,trailing_sharpe_252,0.05,test_invalid,invalid,0.0
249,trailing_sharpe_252,0.05,test_invalid,invalid,0.0
250,trailing_sharpe_252,0.05,test_invalid,invalid,0.0
251,trailing_sharpe_252,0.05,test_invalid,invalid,0.0
252,trailing_sharpe_252,0.05,test_invalid,invalid,0.0692
253,trailing_sharpe_252,0.05,test_invalid,invalid,0.0728
254,trailing_sharpe_252,0.05,test_invalid,invalid,0.076
255,trailing_sharpe_252,0.05,test_invalid,invalid,0.0794
256,trailing_sharpe_252,0.05,test_invalid,invalid,0.0812
257,trailing_sharpe_252,0.05,test_invalid,invalid,0.083
258,trailing_sharpe_252,0.05,test_invalid,invalid,0.0856
259,trailing_sharpe_252,0.05,test_invalid,invalid,0.087
260,trailing_sharpe_252,0.05,test_invalid,invalid,0.0882
261,trailing_sharpe_252,0.05,test_invalid,invalid,0.0902
262,trailing_sharpe_252,0.05,test_invalid,invalid,0.0922
263,trailing_sharpe_252,0.05,test_invalid,invalid,0.0938
264,trailing_sharpe_252,0.05,test_invalid,invalid,0.095
265,trailing_sharpe_252,0.05,test_invalid,invalid,0.0964
266,trailing_sharpe_252,0.05,test_invalid,invalid,0.0976
267,trailing_sharpe_252,0.05,test_invalid,invalid,0.0984
268,trailing_sharpe_252,0.05,test_invalid,invalid,0.0994
269,trailing_sharpe_252,0.05,test_invalid,invalid,0.1018
270,trailing_sharpe_252,0.05,test_invalid,invalid,0.104
271,trailing_sharpe_252,0.05,test_invalid,invalid,0.1054
272,trailing_sharpe_252,0.05,test_invalid,invalid,0.1064
273,trailing_sharpe_252,0.05,test_invalid,invalid,0.1082
274,trailing_sharpe_252,0.05,test_invalid,invalid,0.1096
275,trailing_sharpe_252,0.05,test_invalid,invalid,0.111
276,trailing_sharpe_252,0.05,test_invalid,invalid,0.113
277,trailing_sharpe_252,0.05,test_invalid,invalid,0.114
278,trailing_sharpe_252,0.05,test_invalid,invalid,0.1156
279,trailing_sharpe_252,0.05,test_invalid,invalid,0.1168
280,trailing_sharpe_252,0.05,test_invalid,invalid,0.1188
281,trailing_sharpe_252,0.05,test_invalid,invalid,0.1198
282,trailing_sharpe_252,0.05,test_invalid,invalid,0.12
283,trailing_sharpe_252,0.05,test_invalid,invalid,0.121
284,trailing_sharpe_252,0.05,test_invalid,invalid,0.1228
285,trailing_sharpe_252,0.05,test_invalid,invalid,0.1238
286,trailing_sharpe_252,0.05,test_invalid,invalid,0.1248
287,trailing_sharpe_252,0.05,test_invalid,invalid,0.1264
288,trailing_sharpe_252,0.05,test_invalid,invalid,0.1272
289,trailing_sharpe_252,0.05,test_invalid,invalid,0.1278
290,trailing_sharpe_252,0.05,test_invalid,invalid,0.1284
291,trailing_sharpe_252,0.05,test_invalid,invalid,0.1294
292,trailing_sharpe_252,0.05,test_invalid,invalid,0.1306
293,trailing_sharpe_252,0.05,test_invalid,invalid,0.1318
294,trailing_sharpe_252,0.05,test_invalid,invalid,0.1322
295,trailing_sharpe_252,0.05,test_invalid,invalid,0.1328
296,trailing_sharpe_252,0.05,test_invalid,invalid,0.1334
297,trailing_sharpe_252,0.05,test_invalid,invalid,0.1352
298,trailing_sharpe_252,0.05,test_invalid,invalid,0.1356
299,trailing_sharpe_252,0.05,test_invalid,invalid,0.137
300,trailing_sharpe_252,0.05,test_invalid,invalid,0.1378
301,trailing_sharpe_252,0.05,test_invalid,invalid,0.1384
302,trailing_sharpe_252,0.05,test_invalid,invalid,0.1392
303,trailing_sharpe_252,0.05,test_invalid,invalid,0.1396
304,trailing_sharpe_252,0.05,test_invalid,invalid,0.1404
305,trailing_sharpe_252,0.05,test_invalid,invalid,0.1412
306,trailing_sharpe_252,0.05,test_invalid,invalid,0.142
307,trailing_sharpe_252,0.05,test_invalid,invalid,0.1432
308,trailing_sharpe_252,0.05,test_invalid,invalid,0.144
309,trailing_sharpe_252,0.05,test_invalid,invalid,0.1446
310,trailing_sharpe_252,0.05,test_invalid,invalid,0.1454
311,trailing_sharpe_252,0.05,test_invalid,invalid,0.1466
312,trailing_sharpe_252,0.05,test_invalid,invalid,0.147
313,trailing_sharpe_252,0.05,test_invalid,invalid,0.1476
314,trailing_sharpe_252,0.05,test_invalid,invalid,0.1494
315,trailing_sharpe_252,0.05,test_invalid,invalid,0.1512
316,trailing_sharpe_252,0.05,test_invalid,invalid,0.1518
317,trailing_sharpe_252,0.05,test_invalid,invalid,0.1528
318,trailing_sharpe_252,0.05,test_invalid,invalid,0.1542
319,trailing_sharpe_252,0.05,test_invalid,invalid,0.155
320,trailing_sharpe_252,0.05,test_invalid,invalid,0.1564
321,trailing_sharpe_252,0.05,test_invalid,invalid,0.157
322,trailing_sharpe_252,0.05,test_invalid,invalid,0.158
323,trailing_sharpe_252,0.05,test_invalid,invalid,0.1592
324,trailing_sharpe_252,0.05,test_invalid,invalid,0.16
325,trailing_sharpe_252,0.05,test_invalid,invalid,0.161
326,trailing_sharpe_252,0.05,test_invalid,invalid,0.162
327,trailing_sharpe_252,0.05,test_invalid,invalid,0.1626
328,trailing_sharpe_252,0.05,test_invalid,invalid,0.1634
329,trailing_sharpe_252,0.05,test_invalid,invalid,0.1636
330,trailing_sharpe_252,0.05,test_invalid,invalid,0.164
331,trailing_sharpe_252,0.05,test_invalid,invalid,0.1654
332,trailing_sharpe_252,0.05,test_invalid,invalid,0.1666
333,trailing_sharpe_252,0.05,test_invalid,invalid,0.167
334,trailing_sharpe_252,0.05,test_invalid,invalid,0.1682
335,trailing_sharpe_252,0.05,test_invalid,invalid,0.1698
336,trailing_sharpe_252,0.05,test_invalid,invalid,0.1706
337,trailing_sharpe_252,0.05,test_invalid,invalid,0.171
338,trailing_sharpe_252,0.05,test_invalid,invalid,0.1718
339,trailing_sharpe_252,0.05,test_invalid,invalid,0.172
340,trailing_sharpe_252,0.05,test_invalid,invalid,0.1732
341,trailing_sharpe_252,0.05,test_invalid,invalid,0.1738
342,trailing_sharpe_252,0.05,test_invalid,invalid,0.175
343,trailing_sharpe_252,0.05,test_invalid,invalid,0.1758
344,trailing_sharpe_252,0.05,test_invalid,invalid,0.1778
345,trailing_sharpe_252,0.05,test_invalid,invalid,0.1784
346,trailing_sharpe_252,0.05,test_invalid,invalid,0.179
347,trailing_sharpe_252,0.05,test_invalid,invalid,0.1802
348,trailing_sharpe_252,0.05,test_invalid,invalid,0.1808
349,trailing_sharpe_252,0.05,test_invalid,invalid,0.1814
350,trailing_sharpe_252,0.05,test_invalid,invalid,0.182
351,trailing_sharpe_252,0.05,test_invalid,invalid,0.183
352,trailing_sharpe_252,0.05,test_invalid,invalid,0.1844
353,trailing_sharpe_252,0.05,test_invalid,invalid,0.1846
354,trailing_sharpe_252,0.05,test_invalid,invalid,0.1856
355,trailing_sharpe_252,0.05,test_invalid,invalid,0.186
356,trailing_sharpe_252,0.05,test_invalid,invalid,0.1864
357,trailing_sharpe_252,0.05,test_invalid,invalid,0.1868
358,trailing_sharpe_252,0.05,test_invalid,invalid,0.1874
359,trailing_sharpe_252,0.05,test_invalid,invalid,0.1884
360,trailing_sharpe_252,0.05,test_invalid,invalid,0.19
361,trailing_sharpe_252,0.05,test_invalid,invalid,0.191
362,trailing_sharpe_252,0.05,test_invalid,invalid,0.1924
363,trailing_sharpe_252,0.05,test_invalid,invalid,0.1926
364,trailing_sharpe_252,0.05,test_invalid,invalid,0.1936
365,trailing_sharpe_252,0.05,test_invalid,invalid,0.1938
366,trailing_sharpe_252,0.05,test_invalid,invalid,0.195
367,trailing_sharpe_252,0.05,test_invalid,invalid,0.1956
368,trailing_sharpe_252,0.05,test_invalid,invalid,0.197
369,trailing_sharpe_252,0.05,test_invalid,invalid,0.1978
370,trailing_sharpe_252,0.05,test_invalid,invalid,0.1988
371,trailing_sharpe_252,0.05,test_invalid,invalid,0.2
372,trailing_sharpe_252,0.05,test_invalid,invalid,0.2008
373,trailing_sharpe_252,0.05,test_invalid,invalid,0.2016
374,trailing_sharpe_252,0.05,test_invalid,invalid,0.2024
375,trailing_sharpe_252,0.05,test_invalid,invalid,0.2038
376,trailing_sharpe_252,0.05,test_invalid,invalid,0.2044
377,trailing_sharpe_252,0.05,test_invalid,invalid,0.2052
378,trailing_sharpe_252,0.05,test_invalid,invalid,0.2058
379,trailing_sharpe_252,0.05,test_invalid,invalid,0.207
380,trailing_sharpe_252,0.05,test_invalid,invalid,0.2078
381,trailing_sharpe_252,0.05,test_invalid,invalid,0.209
382,trailing_sharpe_252,0.05,test_invalid,invalid,0.2104
383,trailing_sharpe_252,0.05,test_invalid,invalid,0.2108
384,trailing_sharpe_252,0.05,test_invalid,invalid,0.2114
385,trailing_sharpe_252,0.05,test_invalid,invalid,0.2138
386,trailing_sharpe_252,0.05,test_invalid,invalid,0.2142
387,trailing_sharpe_252,0.05,test_invalid,invalid,0.2152
388,trailing_sharpe_252,0.05,test_invalid,invalid,0.2164
389,trailing_sharpe_252,0.05,test_invalid,invalid,0.2172
390,trailing_sharpe_252,0.05,test_invalid,invalid,0.2178
391,trailing_sharpe_252,0.05,test_invalid,invalid,0.2184
392,trailing_sharpe_252,0.05,test_invalid,invalid,0.2192
393,trailing_sharpe_252,0.05,test_invalid,invalid,0.22
394,trailing_sharpe_252,0.05,test_invalid,invalid,0.2208
395,trailing_sharpe_252,0.05,test_invalid,invalid,0.2212
396,trailing_sharpe_252,0.05,test_invalid,invalid,0.222
397,trailing_sharpe_252,0.05,test_invalid,invalid,0.223
398,trailing_sharpe_252,0.05,test_invalid,invalid,0.2242
399,trailing_sharpe_252,0.05,test_invalid,invalid,0.2262
400,trailing_sharpe_252,0.05,test_invalid,invalid,0.2272
401,trailing_sharpe_252,0.05,test_invalid,invalid,0.2288
402,trailing_sharpe_252,0.05,test_invalid,invalid,0.2298
403,trailing_sharpe_252,0.05,test_invalid,invalid,0.2308
404,trailing_sharpe_252,0.05,test_invalid,invalid,0.2316
405,trailing_sharpe_252,0.05,test_invalid,invalid,0.2326
406,trailing_sharpe_252,0.05,test_invalid,invalid,0.2338
407,trailing_sharpe_252,0.05,test_invalid,invalid,0.2346
408,trailing_sharpe_252,0.05,test_invalid,invalid,0.236
409,trailing_sharpe_252,0.05,test_invalid,invalid,0.2368
410,trailing_sharpe_252,0.05,test_invalid,invalid,0.2376
411,trailing_sharpe_252,0.05,test_invalid,invalid,0.2384
412,trailing_sharpe_252,0.05,test_invalid,invalid,0.2396
413,trailing_sharpe_252,0.05,test_invalid,invalid,0.2396
414,trailing_sharpe_252,0.05,test_invalid,invalid,0.2402
415,trailing_sharpe_252,0.05,test_invalid,invalid,0.241
416,trailing_sharpe_252,0.05,test_invalid,invalid,0.2422
417,trailing_sharpe_252,0.05,test_invalid,invalid,0.2424
418,trailing_sharpe_252,0.05,test_invalid,invalid,0.2434
419,trailing_sharpe_252,0.05,test_invalid,invalid,0.2442
420,trailing_sharpe_252,0.05,test_invalid,invalid,0.2454
421,trailing_sharpe_252,0.05,test_invalid,invalid,0.2458
422,trailing_sharpe_252,0.05,test_invalid,invalid,0.2474
423,trailing_sharpe_252,0.05,test_invalid,invalid,0.2478
424,trailing_sharpe_252,0.05,test_invalid,invalid,0.2482
425,trailing_sharpe_252,0.05,test_invalid,invalid,0.2494
426,trailing_sharpe_252,0.05,test_invalid,invalid,0.2502
427,trailing_sharpe_252,0.05,test_invalid,invalid,0.2512
428,trailing_sharpe_252,0.05,test_invalid,invalid,0.2514
429,trailing_sharpe_252,0.05,test_invalid,invalid,0.2518
430,trailing_sharpe_252,0.05,test_invalid,invalid,0.253
431,trailing_sharpe_252,0.05,test_invalid,invalid,0.2536
432,trailing_sharpe_252,0.05,test_invalid,invalid,0.2538
433,trailing_sharpe_252,0.05,test_invalid,invalid,0.2546
434,trailing_sharpe_252,0.05,test_invalid,invalid,0.2554
435,trailing_sharpe_252,0.05,test_invalid,invalid,0.2564
436,trailing_sharpe_252,0.05,test_invalid,invalid,0.257
437,trailing_sharpe_252,0.05,test_invalid,invalid,0.2578
438,trailing_sharpe_252,0.05,test_invalid,invalid,0.2582
439,trailing_sharpe_252,0.05,test_invalid,invalid,0.2602
440,trailing_sharpe_252,0.05,test_invalid,invalid,0.2608
441,trailing_sharpe_252,0.05,test_invalid,invalid,0.2616
442,trailing_sharpe_252,0.05,test_invalid,invalid,0.2626
443,trailing_sharpe_252,0.05,test_invalid,invalid,0.263
444,trailing_sharpe_252,0.05,test_invalid,invalid,0.2636
445,trailing_sharpe_252,0.05,test_invalid,invalid,0.2638
446,trailing_sharpe_252,0.05,test_invalid,invalid,0.2644
447,trailing_sharpe_252,0.05,test_invalid,invalid,0.2654
448,trailing_sharpe_252,0.05,test_invalid,invalid,0.266
449,trailing_sharpe_252,0.05,test_invalid,invalid,0.267
450,trailing_sharpe_252,0.05,test_invalid,invalid,0.2678
451,trailing_sharpe_252,0.05,test_invalid,invalid,0.268
452,trailing_sharpe_252,0.05,test_invalid,invalid,0.2686
453,trailing_sharpe_252,0.05,test_invalid,invalid,0.2694
454,trailing_sharpe_252,0.05,test_invalid,invalid,0.27
455,trailing_sharpe_252,0.05,test_invalid,invalid,0.2702
456,trailing_sharpe_252,0.05,test_invalid,invalid,0.2708
457,trailing_sharpe_252,0.05,test_invalid,invalid,0.2712
458,trailing_sharpe_252,0.05,test_invalid,invalid,0.272
459,trailing_sharpe_252,0.05,test_invalid,invalid,0.2728
460,trailing_sharpe_252,0.05,test_invalid,invalid,0.2732
461,trailing_sharpe_252,0.05,test_invalid,invalid,0.2744
462,trailing_sharpe_252,0.05,test_invalid,invalid,0.2754
463,trailing_sharpe_252,0.05,test_invalid,invalid,0.2762
464,trailing_sharpe_252,0.05,test_invalid,invalid,0.2772
465,trailing_sharpe_252,0.05,test_invalid,invalid,0.278
466,trailing_sharpe_252,0.05,test_invalid,invalid,0.2784
467,trailing_sharpe_252,0.05,test_invalid,invalid,0.2788
468,trailing_sharpe_252,0.05,test_invalid,invalid,0.2792
469,trailing_sharpe_252,0.05,test_invalid,invalid,0.2798
470,trailing_sharpe_252,0.05,test_invalid,invalid,0.2806
471,trailing_sharpe_252,0.05,test_invalid,invalid,0.2814
472,trailing_sharpe_252,0.05,test_invalid,invalid,0.2824
473,trailing_sharpe_252,0.05,test_invalid,invalid,0.2834
474,trailing_sharpe_252,0.05,test_invalid,invalid,0.284
475,trailing_sharpe_252,0.05,test_invalid,invalid,0.2848
476,trailing_sharpe_252,0.05,test_invalid,invalid,0.2862
477,trailing_sharpe_252,0.05,test_invalid,invalid,0.2876
478,trailing_sharpe_252,0.05,test_invalid,invalid,0.288
479,trailing_sharpe_252,0.05,test_invalid,invalid,0.2892
480,trailing_sharpe_252,0.05,test_invalid,invalid,0.2902
481,trailing_sharpe_252,0.05,test_invalid,invalid,0.2908
482,trailing_sharpe_252,0.05,test_invalid,invalid,0.2908
483,trailing_sharpe_252,0.05,test_invalid,invalid,0.292
484,trailing_sharpe_252,0.05,test_invalid,invalid,0.2926
485,trailing_sharpe_252,0.05,test_invalid,invalid,0.293
486,trailing_sharpe_252,0.05,test_invalid,invalid,0.2934
487,trailing_sharpe_252,0.05,test_invalid,invalid,0.2938
488,trailing_sharpe_252,0.05,test_invalid,invalid,0.2952
489,trailing_sharpe_252,0.05,test_invalid,invalid,0.2958
490,trailing_sharpe_252,0.05,test_invalid,invalid,0.2964
491,trailing_sharpe_252,0.05,test_invalid,invalid,0.297
492,trailing_sharpe_252,0.05,test_invalid,invalid,0.2984
493,trailing_sharpe_252,0.05,test_invalid,invalid,0.299
494,trailing_sharpe_252,0.05,test_invalid,invalid,0.2998
495,trailing_sharpe_252,0.05,test_invalid,invalid,0.3006
496,trailing_sharpe_252,0.05,test_invalid,invalid,0.3016
497,trailing_sharpe_252,0.05,test_invalid,invalid,0.3024
498,trailing_sharpe_252,0.05,test_invalid,invalid,0.303
499,trailing_sharpe_252,0.05,test_invalid,invalid,0.304
500,trailing_sharpe_252,0.05,test_invalid,invalid,0.3054
501,trailing_sharpe_252,0.05,test_invalid,invalid,0.3062
502,trailing_sharpe_252,0.05,test_invalid,invalid,0.3068
503,trailing_sharpe_252,0.05,test_invalid,invalid,0.3082
504,trailing_sharpe_252,0.05,test_invalid,invalid,0.3086
1,trailing_sharpe_252,0.15,test_valid,valid,0.0
2,trailing_sharpe_252,0.15,test_valid,valid,0.0
3,trailing_sharpe_252,0.15,test_valid,valid,0.0
4,trailing_sharpe_252,0.15,test_valid,valid,0.0
5,trailing_sharpe_252,0.15,test_valid,valid,0.0
6,trailing_sharpe_252,0.15,test_valid,valid,0.0
7,trailing_sharpe_252,0.15,test_valid,valid,0.0
8,trailing_sharpe_252,0.15,test_valid,valid,0.0
9,trailing_sharpe_252,0.15,test_valid,valid,0.0
10,trailing_sharpe_252,0.15,test_valid,valid,0.0
11,trailing_sharpe_252,0.15,test_valid,valid,0.0
12,trailing_sharpe_252,0.15,test_valid,valid,0.0
13,trailing_sharpe_252,0.15,test_valid,valid,0.0
14,trailing_sharpe_252,0.15,test_valid,valid,0.0
15,trailing_sharpe_252,0.15,test_valid,valid,0.0
16,trailing_sharpe_252,0.15,test_valid,valid,0.0
17,trailing_sharpe_252,0.15,test_valid,valid,0.0
18,trailing_sharpe_252,0.15,test_valid,valid,0.0
19,trailing_sharpe_252,0.15,test_valid,valid,0.0
20,trailing_sharpe_252,0.15,test_valid,valid,0.0
21,trailing_sharpe_252,0.15,test_valid,valid,0.0
22,trailing_sharpe_252,0.15,test_valid,valid,0.0
23,trailing_sharpe_252,0.15,test_valid,valid,0.0
24,trailing_sharpe_252,0.15,test_valid,valid,0.0
25,trailing_sharpe_252,0.15,test_valid,valid,0.0
26,trailing_sharpe_252,0.15,test_valid,valid,0.0
27,trailing_sharpe_252,0.15,test_valid,valid,0.0
28,trailing_sharpe_252,0.15,test_valid,valid,0.0
29,trailing_sharpe_252,0.15,test_valid,valid,0.0
30,trailing_sharpe_252,0.15,test_valid,valid,0.0
31,trailing_sharpe_252,0.15,test_valid,valid,0.0
32,trailing_sharpe_252,0.15,test_valid,valid,0.0
33,trailing_sharpe_252,0.15,test_valid,valid,0.0
34,trailing_sharpe_252,0.15,test_valid,valid,0.0
35,trailing_sharpe_252,0.15,test_valid,valid,0.0
36,trailing_sharpe_252,0.15,test_valid,valid,0.0
37,trailing_sharpe_252,0.15,test_valid,valid,0.0
38,trailing_sharpe_252,0.15,test_valid,valid,0.0
39,trailing_sharpe_252,0.15,test_valid,valid,0.0
40,trailing_sharpe_252,0.15,test_valid,valid,0.0
41,trailing_sharpe_252,0.15,test_valid,valid,0.0
42,trailing_sharpe_252,0.15,test_valid,valid,0.0
43,trailing_sharpe_252,0.15,test_valid,valid,0.0
44,trailing_sharpe_252,0.15,test_valid,valid,0.0
45,trailing_sharpe_252,0.15,test_valid,valid,0.0
46,trailing_sharpe_252,0.15,test_valid,valid,0.0
47,trailing_sharpe_252,0.15,test_valid,valid,0.0
48,trailing_sharpe_252,0.15,test_valid,valid,0.0
49,trailing_sharpe_252,0.15,test_valid,valid,0.0
50,trailing_sharpe_252,0.15,test_valid,valid,0.0
51,trailing_sharpe_252,0.15,test_valid,valid,0.0
52,trailing_sharpe_252,0.15,test_valid,valid,0.0
53,trailing_sharpe_252,0.15,test_valid,valid,0.0
54,trailing_sharpe_252,0.15,test_valid,valid,0.0
55,trailing_sharpe_252,0.15,test_valid,valid,0.0
56,trailing_sharpe_252,0.15,test_valid,valid,0.0
57,trailing_sharpe_252,0.15,test_valid,valid,0.0
58,trailing_sharpe_252,0.15,test_valid,valid,0.0
59,trailing_sharpe_252,0.15,test_valid,valid,0.0
60,trailing_sharpe_252,0.15,test_valid,valid,0.0
61,trailing_sharpe_252,0.15,test_valid,valid,0.0
62,trailing_sharpe_252,0.15,test_valid,valid,0.0
63,trailing_sharpe_252,0.15,test_valid,valid,0.0
64,trailing_sharpe_252,0.15,test_valid,valid,0.0
65,trailing_sharpe_252,0.15,test_valid,valid,0.0
66,trailing_sharpe_252,0.15,test_valid,valid,0.0
67,trailing_sharpe_252,0.15,test_valid,valid,0.0
68,trailing_sharpe_252,0.15,test_valid,valid,0.0
69,trailing_sharpe_252,0.15,test_valid,valid,0.0
70,trailing_sharpe_252,0.15,test_valid,valid,0.0
71,trailing_sharpe_252,0.15,test_valid,valid,0.0
72,trailing_sharpe_252,0.15,test_valid,valid,0.0
73,trailing_sharpe_252,0.15,test_valid,valid,0.0
74,trailing_sharpe_252,0.15,test_valid,valid,0.0
75,trailing_sharpe_252,0.15,test_valid,valid,0.0
76,trailing_sharpe_252,0.15,test_valid,valid,0.0
77,trailing_sharpe_252,0.15,test_valid,valid,0.0
78,trailing_sharpe_252,0.15,test_valid,valid,0.0
79,trailing_sharpe_252,0.15,test_valid,valid,0.0
80,trailing_sharpe_252,0.15,test_valid,valid,0.0
81,trailing_sharpe_252,0.15,test_valid,valid,0.0
82,trailing_sharpe_252,0.15,test_valid,valid,0.0
83,trailing_sharpe_252,0.15,test_valid,valid,0.0
84,trailing_sharpe_252,0.15,test_valid,valid,0.0
85,trailing_sharpe_252,0.15,test_valid,valid,0.0
86,trailing_sharpe_252,0.15,test_valid,valid,0.0
87,trailing_sharpe_252,0.15,test_valid,valid,0.0
88,trailing_sharpe_252,0.15,test_valid,valid,0.0
89,trailing_sharpe_252,0.15,test_valid,valid,0.0
90,trailing_sharpe_252,0.15,test_valid,valid,0.0
91,trailing_sharpe_252,0.15,test_valid,valid,0.0
92,trailing_sharpe_252,0.15,test_valid,valid,0.0
93,trailing_sharpe_252,0.15,test_valid,valid,0.0
94,trailing_sharpe_252,0.15,test_valid,valid,0.0
95,trailing_sharpe_252,0.15,test_valid,valid,0.0
96,trailing_sharpe_252,0.15,test_valid,valid,0.0
97,trailing_sharpe_252,0.15,test_valid,valid,0.0
98,trailing_sharpe_252,0.15,test_valid,valid,0.0
99,trailing_sharpe_252,0.15,test_valid,valid,0.0
100,trailing_sharpe_252,0.15,test_valid,valid,0.0
101,trailing_sharpe_252,0.15,test_valid,valid,0.0
102,trailing_sharpe_252,0.15,test_valid,valid,0.0
103,trailing_sharpe_252,0.15,test_valid,valid,0.0
104,trailing_sharpe_252,0.15,test_valid,valid,0.0
105,trailing_sharpe_252,0.15,test_valid,valid,0.0
106,trailing_sharpe_252,0.15,test_valid,valid,0.0
107,trailing_sharpe_252,0.15,test_valid,valid,0.0
108,trailing_sharpe_252,0.15,test_valid,valid,0.0
109,trailing_sharpe_252,0.15,test_valid,valid,0.0
110,trailing_sharpe_252,0.15,test_valid,valid,0.0
111,trailing_sharpe_252,0.15,test_valid,valid,0.0
112,trailing_sharpe_252,0.15,test_valid,valid,0.0
113,trailing_sharpe_252,0.15,test_valid,valid,0.0
114,trailing_sharpe_252,0.15,test_valid,valid,0.0
115,trailing_sharpe_252,0.15,test_valid,valid,0.0
116,trailing_sharpe_252,0.15,test_valid,valid,0.0
117,trailing_sharpe_252,0.15,test_valid,valid,0.0
118,trailing_sharpe_252,0.15,test_valid,valid,0.0
119,trailing_sharpe_252,0.15,test_valid,valid,0.0
120,trailing_sharpe_252,0.15,test_valid,valid,0.0
121,trailing_sharpe_252,0.15,test_valid,valid,0.0
122,trailing_sharpe_252,0.15,test_valid,valid,0.0
123,trailing_sharpe_252,0.15,test_valid,valid,0.0
124,trailing_sharpe_252,0.15,test_valid,valid,0.0
125,trailing_sharpe_252,0.15,test_valid,valid,0.0
126,trailing_sharpe_252,0.15,test_valid,valid,0.0
127,trailing_sharpe_252,0.15,test_valid,valid,0.0
128,trailing_sharpe_252,0.15,test_valid,valid,0.0
129,trailing_sharpe_252,0.15,test_valid,valid,0.0
130,trailing_sharpe_252,0.15,test_valid,valid,0.0
131,trailing_sharpe_252,0.15,test_valid,valid,0.0
132,trailing_sharpe_252,0.15,test_valid,valid,0.0
133,trailing_sharpe_252,0.15,test_valid,valid,0.0
134,trailing_sharpe_252,0.15,test_valid,valid,0.0
135,trailing_sharpe_252,0.15,test_valid,valid,0.0
136,trailing_sharpe_252,0.15,test_valid,valid,0.0
137,trailing_sharpe_252,0.15,test_valid,valid,0.0
138,trailing_sharpe_252,0.15,test_valid,valid,0.0
139,trailing_sharpe_252,0.15,test_valid,valid,0.0
140,trailing_sharpe_252,0.15,test_valid,valid,0.0
141,trailing_sharpe_252,0.15,test_valid,valid,0.0
142,trailing_sharpe_252,0.15,test_valid,valid,0.0
143,trailing_sharpe_252,0.15,test_valid,valid,0.0
144,trailing_sharpe_252,0.15,test_valid,valid,0.0
145,trailing_sharpe_252,0.15,test_valid,valid,0.0
146,trailing_sharpe_252,0.15,test_valid,valid,0.0
147,trailing_sharpe_252,0.15,test_valid,valid,0.0
148,trailing_sharpe_252,0.15,test_valid,valid,0.0
149,trailing_sharpe_252,0.15,test_valid,valid,0.0
150,trailing_sharpe_252,0.15,test_valid,valid,0.0
151,trailing_sharpe_252,0.15,test_valid,valid,0.0
152,trailing_sharpe_252,0.15,test_valid,valid,0.0
153,trailing_sharpe_252,0.15,test_valid,valid,0.0
154,trailing_sharpe_252,0.15,test_valid,valid,0.0
155,trailing_sharpe_252,0.15,test_valid,valid,0.0
156,trailing_sharpe_252,0.15,test_valid,valid,0.0
157,trailing_sharpe_252,0.15,test_valid,valid,0.0
158,trailing_sharpe_252,0.15,test_valid,valid,0.0
159,trailing_sharpe_252,0.15,test_valid,valid,0.0
160,trailing_sharpe_252,0.15,test_valid,valid,0.0
161,trailing_sharpe_252,0.15,test_valid,valid,0.0
162,trailing_sharpe_252,0.15,test_valid,valid,0.0
163,trailing_sharpe_252,0.15,test_valid,valid,0.0
164,trailing_sharpe_252,0.15,test_valid,valid,0.0
165,trailing_sharpe_252,0.15,test_valid,valid,0.0
166,trailing_sharpe_252,0.15,test_valid,valid,0.0
167,trailing_sharpe_252,0.15,test_valid,valid,0.0
168,trailing_sharpe_252,0.15,test_valid,valid,0.0
169,trailing_sharpe_252,0.15,test_valid,valid,0.0
170,trailing_sharpe_252,0.15,test_valid,valid,0.0
171,trailing_sharpe_252,0.15,test_valid,valid,0.0
172,trailing_sharpe_252,0.15,test_valid,valid,0.0
173,trailing_sharpe_252,0.15,test_valid,valid,0.0
174,trailing_sharpe_252,0.15,test_valid,valid,0.0
175,trailing_sharpe_252,0.15,test_valid,valid,0.0
176,trailing_sharpe_252,0.15,test_valid,valid,0.0
177,trailing_sharpe_252,0.15,test_valid,valid,0.0
178,trailing_sharpe_252,0.15,test_valid,valid,0.0
179,trailing_sharpe_252,0.15,test_valid,valid,0.0
180,trailing_sharpe_252,0.15,test_valid,valid,0.0
181,trailing_sharpe_252,0.15,test_valid,valid,0.0
182,trailing_sharpe_252,0.15,test_valid,valid,0.0
183,trailing_sharpe_252,0.15,test_valid,valid,0.0
184,trailing_sharpe_252,0.15,test_valid,valid,0.0
185,trailing_sharpe_252,0.15,test_valid,valid,0.0
186,trailing_sharpe_252,0.15,test_valid,valid,0.0
187,trailing_sharpe_252,0.15,test_valid,valid,0.0
188,trailing_sharpe_252,0.15,test_valid,valid,0.0
189,trailing_sharpe_252,0.15,test_valid,valid,0.0
190,trailing_sharpe_252,0.15,test_valid,valid,0.0
191,trailing_sharpe_252,0.15,test_valid,valid,0.0
192,trailing_sharpe_252,0.15,test_valid,valid,0.0
193,trailing_sharpe_252,0.15,test_valid,valid,0.0
194,trailing_sharpe_252,0.15,test_valid,valid,0.0
195,trailing_sharpe_252,0.15,test_valid,valid,0.0
196,trailing_sharpe_252,0.15,test_valid,valid,0.0
197,trailing_sharpe_252,0.15,test_valid,valid,0.0
198,trailing_sharpe_252,0.15,test_valid,valid,0.0
199,trailing_sharpe_252,0.15,test_valid,valid,0.0
200,trailing_sharpe_252,0.15,test_valid,valid,0.0
201,trailing_sharpe_252,0.15,test_valid,valid,0.0
202,trailing_sharpe_252,0.15,test_valid,valid,0.0
203,trailing_sharpe_252,0.15,test_valid,valid,0.0
204,trailing_sharpe_252,0.15,test_valid,valid,0.0
205,trailing_sharpe_252,0.15,test_valid,valid,0.0
206,trailing_sharpe_252,0.15,test_valid,valid,0.0
207,trailing_sharpe_252,0.15,test_valid,valid,0.0
208,trailing_sharpe_252,0.15,test_valid,valid,0.0
209,trailing_sharpe_252,0.15,test_valid,valid,0.0
210,trailing_sharpe_252,0.15,test_valid,valid,0.0
211,trailing_sharpe_252,0.15,test_valid,valid,0.0
212,trailing_sharpe_252,0.15,test_valid,valid,0.0
213,trailing_sharpe_252,0.15,test_valid,valid,0.0
214,trailing_sharpe_252,0.15,test_valid,valid,0.0
215,trailing_sharpe_252,0.15,test_valid,valid,0.0
216,trailing_sharpe_252,0.15,test_valid,valid,0.0
217,trailing_sharpe_252,0.15,test_valid,valid,0.0
218,trailing_sharpe_252,0.15,test_valid,valid,0.0
219,trailing_sharpe_252,0.15,test_valid,valid,0.0
220,trailing_sharpe_252,0.15,test_valid,valid,0.0
221,trailing_sharpe_252,0.15,test_valid,valid,0.0
222,trailing_sharpe_252,0.15,test_valid,valid,0.0
223,trailing_sharpe_252,0.15,test_valid,valid,0.0
224,trailing_sharpe_252,0.15,test_valid,valid,0.0
225,trailing_sharpe_252,0.15,test_valid,valid,0.0
226,trailing_sharpe_252,0.15,test_valid,valid,0.0
227,trailing_sharpe_252,0.15,test_valid,valid,0.0
228,trailing_sharpe_252,0.15,test_valid,valid,0.0
229,trailing_sharpe_252,0.15,test_valid,valid,0.0
230,trailing_sharpe_252,0.15,test_valid,valid,0.0
231,trailing_sharpe_252,0.15,test_valid,valid,0.0
232,trailing_sharpe_252,0.15,test_valid,valid,0.0
233,trailing_sharpe_252,0.15,test_valid,valid,0.0
234,trailing_sharpe_252,0.15,test_valid,valid,0.0
235,trailing_sharpe_252,0.15,test_valid,valid,0.0
236,trailing_sharpe_252,0.15,test_valid,valid,0.0
237,trailing_sharpe_252,0.15,test_valid,valid,0.0
238,trailing_sharpe_252,0.15,test_valid,valid,0.0
239,trailing_sharpe_252,0.15,test_valid,valid,0.0
240,trailing_sharpe_252,0.15,test_valid,valid,0.0
241,trailing_sharpe_252,0.15,test_valid,valid,0.0
242,trailing_sharpe_252,0.15,test_valid,valid,0.0
243,trailing_sharpe_252,0.15,test_valid,valid,0.0
244,trailing_sharpe_252,0.15,test_valid,valid,0.0
245,trailing_sharpe_252,0.15,test_valid,valid,0.0
246,trailing_sharpe_252,0.15,test_valid,valid,0.0
247,trailing_sharpe_252,0.15,test_valid,valid,0.0
248,trailing_sharpe_252,0.15,test_valid,valid,0.0
249,trailing_sharpe_252,0.15,test_valid,valid,0.0
250,trailing_sharpe_252,0.15,test_valid,valid,0.0
251,trailing_sharpe_252,0.15,test_valid,valid,0.0
252,trailing_sharpe_252,0.15,test_valid,valid,0.027
253,trailing_sharpe_252,0.15,test_valid,valid,0.031
254,trailing_sharpe_252,0.15,test_valid,valid,0.0326
255,trailing_sharpe_252,0.15,test_valid,valid,0.0344
256,trailing_sharpe_252,0.15,test_valid,valid,0.0348
257,trailing_sharpe_252,0.15,test_valid,valid,0.0354
258,trailing_sharpe_252,0.15,test_valid,valid,0.036
259,trailing_sharpe_252,0.15,test_valid,valid,0.0382
260,trailing_sharpe_252,0.15,test_valid,valid,0.0384
261,trailing_sharpe_252,0.15,test_valid,valid,0.039
262,trailing_sharpe_252,0.15,test_valid,valid,0.0396
263,trailing_sharpe_252,0.15,test_valid,valid,0.0404
264,trailing_sharpe_252,0.15,test_valid,valid,0.041
265,trailing_sharpe_252,0.15,test_valid,valid,0.0412
266,trailing_sharpe_252,0.15,test_valid,valid,0.0418
267,trailing_sharpe_252,0.15,test_valid,valid,0.0424
268,trailing_sharpe_252,0.15,test_valid,valid,0.0432
269,trailing_sharpe_252,0.15,test_valid,valid,0.0442
270,trailing_sharpe_252,0.15,test_valid,valid,0.045
271,trailing_sharpe_252,0.15,test_valid,valid,0.0456
272,trailing_sharpe_252,0.15,test_valid,valid,0.0466
273,trailing_sharpe_252,0.15,test_valid,valid,0.0466
274,trailing_sharpe_252,0.15,test_valid,valid,0.047
275,trailing_sharpe_252,0.15,test_valid,valid,0.0476
276,trailing_sharpe_252,0.15,test_valid,valid,0.048
277,trailing_sharpe_252,0.15,test_valid,valid,0.049
278,trailing_sharpe_252,0.15,test_valid,valid,0.0498
279,trailing_sharpe_252,0.15,test_valid,valid,0.0502
280,trailing_sharpe_252,0.15,test_valid,valid,0.0504
281,trailing_sharpe_252,0.15,test_valid,valid,0.051
282,trailing_sharpe_252,0.15,test_valid,valid,0.0514
283,trailing_sharpe_252,0.15,test_valid,valid,0.052
284,trailing_sharpe_252,0.15,test_valid,valid,0.0522
285,trailing_sharpe_252,0.15,test_valid,valid,0.0526
286,trailing_sharpe_252,0.15,test_valid,valid,0.053
287,trailing_sharpe_252,0.15,test_valid,valid,0.0538
288,trailing_sharpe_252,0.15,test_valid,valid,0.054
289,trailing_sharpe_252,0.15,test_valid,valid,0.054
290,trailing_sharpe_252,0.15,test_valid,valid,0.0542
291,trailing_sharpe_252,0.15,test_valid,valid,0.0548
292,trailing_sharpe_252,0.15,test_valid,valid,0.0554
293,trailing_sharpe_252,0.15,test_valid,valid,0.056
294,trailing_sharpe_252,0.15,test_valid,valid,0.0562
295,trailing_sharpe_252,0.15,test_valid,valid,0.0564
296,trailing_sharpe_252,0.15,test_valid,valid,0.0572
297,trailing_sharpe_252,0.15,test_valid,valid,0.0578
298,trailing_sharpe_252,0.15,test_valid,valid,0.058
299,trailing_sharpe_252,0.15,test_valid,valid,0.0582
300,trailing_sharpe_252,0.15,test_valid,valid,0.0592
301,trailing_sharpe_252,0.15,test_valid,valid,0.0596
302,trailing_sharpe_252,0.15,test_valid,valid,0.0598
303,trailing_sharpe_252,0.15,test_valid,valid,0.0602
304,trailing_sharpe_252,0.15,test_valid,valid,0.0606
305,trailing_sharpe_252,0.15,test_valid,valid,0.061
306,trailing_sharpe_252,0.15,test_valid,valid,0.0612
307,trailing_sharpe_252,0.15,test_valid,valid,0.0618
308,trailing_sharpe_252,0.15,test_valid,valid,0.0624
309,trailing_sharpe_252,0.15,test_valid,valid,0.0628
310,trailing_sharpe_252,0.15,test_valid,valid,0.0634
311,trailing_sharpe_252,0.15,test_valid,valid,0.0636
312,trailing_sharpe_252,0.15,test_valid,valid,0.064
313,trailing_sharpe_252,0.15,test_valid,valid,0.0648
314,trailing_sharpe_252,0.15,test_valid,valid,0.0658
315,trailing_sharpe_252,0.15,test_valid,valid,0.0664
316,trailing_sharpe_252,0.15,test_valid,valid,0.067
317,trailing_sharpe_252,0.15,test_valid,valid,0.0674
318,trailing_sharpe_252,0.15,test_valid,valid,0.0682
319,trailing_sharpe_252,0.15,test_valid,valid,0.0684
320,trailing_sharpe_252,0.15,test_valid,valid,0.0684
321,trailing_sharpe_252,0.15,test_valid,valid,0.069
322,trailing_sharpe_252,0.15,test_valid,valid,0.0692
323,trailing_sharpe_252,0.15,test_valid,valid,0.0696
324,trailing_sharpe_252,0.15,test_valid,valid,0.0704
325,trailing_sharpe_252,0.15,test_valid,valid,0.0716
326,trailing_sharpe_252,0.15,test_valid,valid,0.0722
327,trailing_sharpe_252,0.15,test_valid,valid,0.0728
328,trailing_sharpe_252,0.15,test_valid,valid,0.0734
329,trailing_sharpe_252,0.15,test_valid,valid,0.0742
330,trailing_sharpe_252,0.15,test_valid,valid,0.075
331,trailing_sharpe_252,0.15,test_valid,valid,0.0754
332,trailing_sharpe_252,0.15,test_valid,valid,0.0762
333,trailing_sharpe_252,0.15,test_valid,valid,0.077
334,trailing_sharpe_252,0.15,test_valid,valid,0.0778
335,trailing_sharpe_252,0.15,test_valid,valid,0.078
336,trailing_sharpe_252,0.15,test_valid,valid,0.08
337,trailing_sharpe_252,0.15,test_valid,valid,0.081
338,trailing_sharpe_252,0.15,test_valid,valid,0.0814
339,trailing_sharpe_252,0.15,test_valid,valid,0.0826
340,trailing_sharpe_252,0.15,test_valid,valid,0.0834
341,trailing_sharpe_252,0.15,test_valid,valid,0.0838
342,trailing_sharpe_252,0.15,test_valid,valid,0.0838
343,trailing_sharpe_252,0.15,test_valid,valid,0.0846
344,trailing_sharpe_252,0.15,test_valid,valid,0.085
345,trailing_sharpe_252,0.15,test_valid,valid,0.0852
346,trailing_sharpe_252,0.15,test_valid,valid,0.0862
347,trailing_sharpe_252,0.15,test_valid,valid,0.0862
348,trailing_sharpe_252,0.15,test_valid,valid,0.0862
349,trailing_sharpe_252,0.15,test_valid,valid,0.0868
350,trailing_sharpe_252,0.15,test_valid,valid,0.0872
351,trailing_sharpe_252,0.15,test_valid,valid,0.0876
352,trailing_sharpe_252,0.15,test_valid,valid,0.0882
353,trailing_sharpe_252,0.15,test_valid,valid,0.0882
354,trailing_sharpe_252,0.15,test_valid,valid,0.0884
355,trailing_sharpe_252,0.15,test_valid,valid,0.0892
356,trailing_sharpe_252,0.15,test_valid,valid,0.0894
357,trailing_sharpe_252,0.15,test_valid,valid,0.0898
358,trailing_sharpe_252,0.15,test_valid,valid,0.0904
359,trailing_sharpe_252,0.15,test_valid,valid,0.091
360,trailing_sharpe_252,0.15,test_valid,valid,0.0914
361,trailing_sharpe_252,0.15,test_valid,valid,0.0916
362,trailing_sharpe_252,0.15,test_valid,valid,0.0918
363,trailing_sharpe_252,0.15,test_valid,valid,0.0918
364,trailing_sharpe_252,0.15,test_valid,valid,0.0924
365,trailing_sharpe_252,0.15,test_valid,valid,0.0924
366,trailing_sharpe_252,0.15,test_valid,valid,0.0926
367,trailing_sharpe_252,0.15,test_valid,valid,0.093
368,trailing_sharpe_252,0.15,test_valid,valid,0.0944
369,trailing_sharpe_252,0.15,test_valid,valid,0.0948
370,trailing_sharpe_252,0.15,test_valid,valid,0.096
371,trailing_sharpe_252,0.15,test_valid,valid,0.0968
372,trailing_sharpe_252,0.15,test_valid,valid,0.0976
373,trailing_sharpe_252,0.15,test_valid,valid,0.0982
374,trailing_sharpe_252,0.15,test_valid,valid,0.0984
375,trailing_sharpe_252,0.15,test_valid,valid,0.0986
376,trailing_sharpe_252,0.15,test_valid,valid,0.0998
377,trailing_sharpe_252,0.15,test_valid,valid,0.0998
378,trailing_sharpe_252,0.15,test_valid,valid,0.1002
379,trailing_sharpe_252,0.15,test_valid,valid,0.101
380,trailing_sharpe_252,0.15,test_valid,valid,0.1014
381,trailing_sharpe_252,0.15,test_valid,valid,0.1018
382,trailing_sharpe_252,0.15,test_valid,valid,0.102
383,trailing_sharpe_252,0.15,test_valid,valid,0.1026
384,trailing_sharpe_252,0.15,test_valid,valid,0.1032
385,trailing_sharpe_252,0.15,test_valid,valid,0.1034
386,trailing_sharpe_252,0.15,test_valid,valid,0.1038
387,trailing_sharpe_252,0.15,test_valid,valid,0.104
388,trailing_sharpe_252,0.15,test_valid,valid,0.1042
389,trailing_sharpe_252,0.15,test_valid,valid,0.1046
390,trailing_sharpe_252,0.15,test_valid,valid,0.1046
391,trailing_sharpe_252,0.15,test_valid,valid,0.105
392,trailing_sharpe_252,0.15,test_valid,valid,0.1054
393,trailing_sharpe_252,0.15,test_valid,valid,0.1054
394,trailing_sharpe_252,0.15,test_valid,valid,0.1058
395,trailing_sharpe_252,0.15,test_valid,valid,0.106
396,trailing_sharpe_252,0.15,test_valid,valid,0.1066
397,trailing_sharpe_252,0.15,test_valid,valid,0.107
398,trailing_sharpe_252,0.15,test_valid,valid,0.1074
399,trailing_sharpe_252,0.15,test_valid,valid,0.108
400,trailing_sharpe_252,0.15,test_valid,valid,0.1092
401,trailing_sharpe_252,0.15,test_valid,valid,0.1092
402,trailing_sharpe_252,0.15,test_valid,valid,0.11
403,trailing_sharpe_252,0.15,test_valid,valid,0.1104
404,trailing_sharpe_252,0.15,test_valid,valid,0.1104
405,trailing_sharpe_252,0.15,test_valid,valid,0.111
406,trailing_sharpe_252,0.15,test_valid,valid,0.1112
407,trailing_sharpe_252,0.15,test_valid,valid,0.1114
408,trailing_sharpe_252,0.15,test_valid,valid,0.1116
409,trailing_sharpe_252,0.15,test_valid,valid,0.1126
410,trailing_sharpe_252,0.15,test_valid,valid,0.1128
411,trailing_sharpe_252,0.15,test_valid,valid,0.1134
412,trailing_sharpe_252,0.15,test_valid,valid,0.1142
413,trailing_sharpe_252,0.15,test_valid,valid,0.115
414,trailing_sharpe_252,0.15,test_valid,valid,0.116
415,trailing_sharpe_252,0.15,test_valid,valid,0.1168
416,trailing_sharpe_252,0.15,test_valid,valid,0.1176
417,trailing_sharpe_252,0.15,test_valid,valid,0.1182
418,trailing_sharpe_252,0.15,test_valid,valid,0.1186
419,trailing_sharpe_252,0.15,test_valid,valid,0.1192
420,trailing_sharpe_252,0.15,test_valid,valid,0.1196
421,trailing_sharpe_252,0.15,test_valid,valid,0.12
422,trailing_sharpe_252,0.15,test_valid,valid,0.1206
423,trailing_sharpe_252,0.15,test_valid,valid,0.121
424,trailing_sharpe_252,0.15,test_valid,valid,0.1212
425,trailing_sharpe_252,0.15,test_valid,valid,0.1222
426,trailing_sharpe_252,0.15,test_valid,valid,0.123
427,trailing_sharpe_252,0.15,test_valid,valid,0.1232
428,trailing_sharpe_252,0.15,test_valid,valid,0.1234
429,trailing_sharpe_252,0.15,test_valid,valid,0.1238
430,trailing_sharpe_252,0.15,test_valid,valid,0.1242
431,trailing_sharpe_252,0.15,test_valid,valid,0.1244
432,trailing_sharpe_252,0.15,test_valid,valid,0.125
433,trailing_sharpe_252,0.15,test_valid,valid,0.1252
434,trailing_sharpe_252,0.15,test_valid,valid,0.1258
435,trailing_sharpe_252,0.15,test_valid,valid,0.1266
436,trailing_sharpe_252,0.15,test_valid,valid,0.127
437,trailing_sharpe_252,0.15,test_valid,valid,0.1272
438,trailing_sharpe_252,0.15,test_valid,valid,0.1274
439,trailing_sharpe_252,0.15,test_valid,valid,0.1278
440,trailing_sharpe_252,0.15,test_valid,valid,0.1284
441,trailing_sharpe_252,0.15,test_valid,valid,0.1286
442,trailing_sharpe_252,0.15,test_valid,valid,0.1292
443,trailing_sharpe_252,0.15,test_valid,valid,0.1296
444,trailing_sharpe_252,0.15,test_valid,valid,0.13
445,trailing_sharpe_252,0.15,test_valid,valid,0.1302
446,trailing_sharpe_252,0.15,test_valid,valid,0.1306
447,trailing_sharpe_252,0.15,test_valid,valid,0.131
448,trailing_sharpe_252,0.15,test_valid,valid,0.1318
449,trailing_sharpe_252,0.15,test_valid,valid,0.132
450,trailing_sharpe_252,0.15,test_valid,valid,0.1322
451,trailing_sharpe_252,0.15,test_valid,valid,0.1328
452,trailing_sharpe_252,0.15,test_valid,valid,0.1334
453,trailing_sharpe_252,0.15,test_valid,valid,0.1336
454,trailing_sharpe_252,0.15,test_valid,valid,0.1338
455,trailing_sharpe_252,0.15,test_valid,valid,0.1342
456,trailing_sharpe_252,0.15,test_valid,valid,0.1342
457,trailing_sharpe_252,0.15,test_valid,valid,0.135
458,trailing_sharpe_252,0.15,test_valid,valid,0.1352
459,trailing_sharpe_252,0.15,test_valid,valid,0.1358
460,trailing_sharpe_252,0.15,test_valid,valid,0.1364
461,trailing_sharpe_252,0.15,test_valid,valid,0.1376
462,trailing_sharpe_252,0.15,test_valid,valid,0.1376
463,trailing_sharpe_252,0.15,test_valid,valid,0.1378
464,trailing_sharpe_252,0.15,test_valid,valid,0.1388
465,trailing_sharpe_252,0.15,test_valid,valid,0.139
466,trailing_sharpe_252,0.15,test_valid,valid,0.1398
467,trailing_sharpe_252,0.15,test_valid,valid,0.1402
468,trailing_sharpe_252,0.15,test_valid,valid,0.1416
469,trailing_sharpe_252,0.15,test_valid,valid,0.1424
470,trailing_sharpe_252,0.15,test_valid,valid,0.1428
471,trailing_sharpe_252,0.15,test_valid,valid,0.1432
472,trailing_sharpe_252,0.15,test_valid,valid,0.1434
473,trailing_sharpe_252,0.15,test_valid,valid,0.1438
474,trailing_sharpe_252,0.15,test_valid,valid,0.1444
475,trailing_sharpe_252,0.15,test_valid,valid,0.145
476,trailing_sharpe_252,0.15,test_valid,valid,0.146
477,trailing_sharpe_252,0.15,test_valid,valid,0.1464
478,trailing_sharpe_252,0.15,test_valid,valid,0.1466
479,trailing_sharpe_252,0.15,test_valid,valid,0.1468
480,trailing_sharpe_252,0.15,test_valid,valid,0.147
481,trailing_sharpe_252,0.15,test_valid,valid,0.1472
482,trailing_sharpe_252,0.15,test_valid,valid,0.148
483,trailing_sharpe_252,0.15,test_valid,valid,0.1484
484,trailing_sharpe_252,0.15,test_valid,valid,0.1486
485,trailing_sharpe_252,0.15,test_valid,valid,0.1486
486,trailing_sharpe_252,0.15,test_valid,valid,0.149
487,trailing_sharpe_252,0.15,test_valid,valid,0.1496
488,trailing_sharpe_252,0.15,test_valid,valid,0.1496
489,trailing_sharpe_252,0.15,test_valid,valid,0.1502
490,trailing_sharpe_252,0.15,test_valid,valid,0.1504
491,trailing_sharpe_252,0.15,test_valid,valid,0.151
492,trailing_sharpe_252,0.15,test_valid,valid,0.152
493,trailing_sharpe_252,0.15,test_valid,valid,0.1524
494,trailing_sharpe_252,0.15,test_valid,valid,0.153
495,trailing_sharpe_252,0.15,test_valid,valid,0.1538
496,trailing_sharpe_252,0.15,test_valid,valid,0.1544
497,trailing_sharpe_252,0.15,test_valid,valid,0.1546
498,trailing_sharpe_252,0.15,test_valid,valid,0.1552
499,trailing_sharpe_252,0.15,test_valid,valid,0.1558
500,trailing_sharpe_252,0.15,test_valid,valid,0.1564
501,trailing_sharpe_252,0.15,test_valid,valid,0.1564
502,trailing_sharpe_252,0.15,test_valid,valid,0.1568
503,trailing_sharpe_252,0.15,test_valid,valid,0.157
504,trailing_sharpe_252,0.15,test_valid,valid,0.1576
1,trailing_sharpe_252,0.15,test_invalid,invalid,0.0
2,trailing_sharpe_252,0.15,test_invalid,invalid,0.0
3,trailing_sharpe_252,0.15,test_invalid,invalid,0.0
4,trailing_sharpe_252,0.15,test_invalid,invalid,0.0
5,trailing_sharpe_252,0.15,test_invalid,invalid,0.0
6,trailing_sharpe_252,0.15,test_invalid,invalid,0.0
7,trailing_sharpe_252,0.15,test_invalid,invalid,0.0
8,trailing_sharpe_252,0.15,test_invalid,invalid,0.0
9,trailing_sharpe_252,0.15,test_invalid,invalid,0.0
10,trailing_sharpe_252,0.15,test_invalid,invalid,0.0
11,trailing_sharpe_252,0.15,test_invalid,invalid,0.0
12,trailing_sharpe_252,0.15,test_invalid,invalid,0.0
13,trailing_sharpe_252,0.15,test_invalid,invalid,0.0
14,trailing_sharpe_252,0.15,test_invalid,invalid,0.0
15,trailing_sharpe_252,0.15,test_invalid,invalid,0.0
16,trailing_sharpe_252,0.15,test_invalid,invalid,0.0
17,trailing_sharpe_252,0.15,test_invalid,invalid,0.0
18,trailing_sharpe_252,0.15,test_invalid,invalid,0.0
19,trailing_sharpe_252,0.15,test_invalid,invalid,0.0
20,trailing_sharpe_252,0.15,test_invalid,invalid,0.0
21,trailing_sharpe_252,0.15,test_invalid,invalid,0.0
22,trailing_sharpe_252,0.15,test_invalid,invalid,0.0
23,trailing_sharpe_252,0.15,test_invalid,invalid,0.0
24,trailing_sharpe_252,0.15,test_invalid,invalid,0.0
25,trailing_sharpe_252,0.15,test_invalid,invalid,0.0
26,trailing_sharpe_252,0.15,test_invalid,invalid,0.0
27,trailing_sharpe_252,0.15,test_invalid,invalid,0.0
28,trailing_sharpe_252,0.15,test_invalid,invalid,0.0
29,trailing_sharpe_252,0.15,test_invalid,invalid,0.0
30,trailing_sharpe_252,0.15,test_invalid,invalid,0.0
31,trailing_sharpe_252,0.15,test_invalid,invalid,0.0
32,trailing_sharpe_252,0.15,test_invalid,invalid,0.0
33,trailing_sharpe_252,0.15,test_invalid,invalid,0.0
34,trailing_sharpe_252,0.15,test_invalid,invalid,0.0
35,trailing_sharpe_252,0.15,test_invalid,invalid,0.0
36,trailing_sharpe_252,0.15,test_invalid,invalid,0.0
37,trailing_sharpe_252,0.15,test_invalid,invalid,0.0
38,trailing_sharpe_252,0.15,test_invalid,invalid,0.0
39,trailing_sharpe_252,0.15,test_invalid,invalid,0.0
40,trailing_sharpe_252,0.15,test_invalid,invalid,0.0
41,trailing_sharpe_252,0.15,test_invalid,invalid,0.0
42,trailing_sharpe_252,0.15,test_invalid,invalid,0.0
43,trailing_sharpe_252,0.15,test_invalid,invalid,0.0
44,trailing_sharpe_252,0.15,test_invalid,invalid,0.0
45,trailing_sharpe_252,0.15,test_invalid,invalid,0.0
46,trailing_sharpe_252,0.15,test_invalid,invalid,0.0
47,trailing_sharpe_252,0.15,test_invalid,invalid,0.0
48,trailing_sharpe_252,0.15,test_invalid,invalid,0.0
49,trailing_sharpe_252,0.15,test_invalid,invalid,0.0
50,trailing_sharpe_252,0.15,test_invalid,invalid,0.0
51,trailing_sharpe_252,0.15,test_invalid,invalid,0.0
52,trailing_sharpe_252,0.15,test_invalid,invalid,0.0
53,trailing_sharpe_252,0.15,test_invalid,invalid,0.0
54,trailing_sharpe_252,0.15,test_invalid,invalid,0.0
55,trailing_sharpe_252,0.15,test_invalid,invalid,0.0
56,trailing_sharpe_252,0.15,test_invalid,invalid,0.0
57,trailing_sharpe_252,0.15,test_invalid,invalid,0.0
58,trailing_sharpe_252,0.15,test_invalid,invalid,0.0
59,trailing_sharpe_252,0.15,test_invalid,invalid,0.0
60,trailing_sharpe_252,0.15,test_invalid,invalid,0.0
61,trailing_sharpe_252,0.15,test_invalid,invalid,0.0
62,trailing_sharpe_252,0.15,test_invalid,invalid,0.0
63,trailing_sharpe_252,0.15,test_invalid,invalid,0.0
64,trailing_sharpe_252,0.15,test_invalid,invalid,0.0
65,trailing_sharpe_252,0.15,test_invalid,invalid,0.0
66,trailing_sharpe_252,0.15,test_invalid,invalid,0.0
67,trailing_sharpe_252,0.15,test_invalid,invalid,0.0
68,trailing_sharpe_252,0.15,test_invalid,invalid,0.0
69,trailing_sharpe_252,0.15,test_invalid,invalid,0.0
70,trailing_sharpe_252,0.15,test_invalid,invalid,0.0
71,trailing_sharpe_252,0.15,test_invalid,invalid,0.0
72,trailing_sharpe_252,0.15,test_invalid,invalid,0.0
73,trailing_sharpe_252,0.15,test_invalid,invalid,0.0
74,trailing_sharpe_252,0.15,test_invalid,invalid,0.0
75,trailing_sharpe_252,0.15,test_invalid,invalid,0.0
76,trailing_sharpe_252,0.15,test_invalid,invalid,0.0
77,trailing_sharpe_252,0.15,test_invalid,invalid,0.0
78,trailing_sharpe_252,0.15,test_invalid,invalid,0.0
79,trailing_sharpe_252,0.15,test_invalid,invalid,0.0
80,trailing_sharpe_252,0.15,test_invalid,invalid,0.0
81,trailing_sharpe_252,0.15,test_invalid,invalid,0.0
82,trailing_sharpe_252,0.15,test_invalid,invalid,0.0
83,trailing_sharpe_252,0.15,test_invalid,invalid,0.0
84,trailing_sharpe_252,0.15,test_invalid,invalid,0.0
85,trailing_sharpe_252,0.15,test_invalid,invalid,0.0
86,trailing_sharpe_252,0.15,test_invalid,invalid,0.0
87,trailing_sharpe_252,0.15,test_invalid,invalid,0.0
88,trailing_sharpe_252,0.15,test_invalid,invalid,0.0
89,trailing_sharpe_252,0.15,test_invalid,invalid,0.0
90,trailing_sharpe_252,0.15,test_invalid,invalid,0.0
91,trailing_sharpe_252,0.15,test_invalid,invalid,0.0
92,trailing_sharpe_252,0.15,test_invalid,invalid,0.0
93,trailing_sharpe_252,0.15,test_invalid,invalid,0.0
94,trailing_sharpe_252,0.15,test_invalid,invalid,0.0
95,trailing_sharpe_252,0.15,test_invalid,invalid,0.0
96,trailing_sharpe_252,0.15,test_invalid,invalid,0.0
97,trailing_sharpe_252,0.15,test_invalid,invalid,0.0
98,trailing_sharpe_252,0.15,test_invalid,invalid,0.0
99,trailing_sharpe_252,0.15,test_invalid,invalid,0.0
100,trailing_sharpe_252,0.15,test_invalid,invalid,0.0
101,trailing_sharpe_252,0.15,test_invalid,invalid,0.0
102,trailing_sharpe_252,0.15,test_invalid,invalid,0.0
103,trailing_sharpe_252,0.15,test_invalid,invalid,0.0
104,trailing_sharpe_252,0.15,test_invalid,invalid,0.0
105,trailing_sharpe_252,0.15,test_invalid,invalid,0.0
106,trailing_sharpe_252,0.15,test_invalid,invalid,0.0
107,trailing_sharpe_252,0.15,test_invalid,invalid,0.0
108,trailing_sharpe_252,0.15,test_invalid,invalid,0.0
109,trailing_sharpe_252,0.15,test_invalid,invalid,0.0
110,trailing_sharpe_252,0.15,test_invalid,invalid,0.0
111,trailing_sharpe_252,0.15,test_invalid,invalid,0.0
112,trailing_sharpe_252,0.15,test_invalid,invalid,0.0
113,trailing_sharpe_252,0.15,test_invalid,invalid,0.0
114,trailing_sharpe_252,0.15,test_invalid,invalid,0.0
115,trailing_sharpe_252,0.15,test_invalid,invalid,0.0
116,trailing_sharpe_252,0.15,test_invalid,invalid,0.0
117,trailing_sharpe_252,0.15,test_invalid,invalid,0.0
118,trailing_sharpe_252,0.15,test_invalid,invalid,0.0
119,trailing_sharpe_252,0.15,test_invalid,invalid,0.0
120,trailing_sharpe_252,0.15,test_invalid,invalid,0.0
121,trailing_sharpe_252,0.15,test_invalid,invalid,0.0
122,trailing_sharpe_252,0.15,test_invalid,invalid,0.0
123,trailing_sharpe_252,0.15,test_invalid,invalid,0.0
124,trailing_sharpe_252,0.15,test_invalid,invalid,0.0
125,trailing_sharpe_252,0.15,test_invalid,invalid,0.0
126,trailing_sharpe_252,0.15,test_invalid,invalid,0.0
127,trailing_sharpe_252,0.15,test_invalid,invalid,0.0
128,trailing_sharpe_252,0.15,test_invalid,invalid,0.0
129,trailing_sharpe_252,0.15,test_invalid,invalid,0.0
130,trailing_sharpe_252,0.15,test_invalid,invalid,0.0
131,trailing_sharpe_252,0.15,test_invalid,invalid,0.0
132,trailing_sharpe_252,0.15,test_invalid,invalid,0.0
133,trailing_sharpe_252,0.15,test_invalid,invalid,0.0
134,trailing_sharpe_252,0.15,test_invalid,invalid,0.0
135,trailing_sharpe_252,0.15,test_invalid,invalid,0.0
136,trailing_sharpe_252,0.15,test_invalid,invalid,0.0
137,trailing_sharpe_252,0.15,test_invalid,invalid,0.0
138,trailing_sharpe_252,0.15,test_invalid,invalid,0.0
139,trailing_sharpe_252,0.15,test_invalid,invalid,0.0
140,trailing_sharpe_252,0.15,test_invalid,invalid,0.0
141,trailing_sharpe_252,0.15,test_invalid,invalid,0.0
142,trailing_sharpe_252,0.15,test_invalid,invalid,0.0
143,trailing_sharpe_252,0.15,test_invalid,invalid,0.0
144,trailing_sharpe_252,0.15,test_invalid,invalid,0.0
145,trailing_sharpe_252,0.15,test_invalid,invalid,0.0
146,trailing_sharpe_252,0.15,test_invalid,invalid,0.0
147,trailing_sharpe_252,0.15,test_invalid,invalid,0.0
148,trailing_sharpe_252,0.15,test_invalid,invalid,0.0
149,trailing_sharpe_252,0.15,test_invalid,invalid,0.0
150,trailing_sharpe_252,0.15,test_invalid,invalid,0.0
151,trailing_sharpe_252,0.15,test_invalid,invalid,0.0
152,trailing_sharpe_252,0.15,test_invalid,invalid,0.0
153,trailing_sharpe_252,0.15,test_invalid,invalid,0.0
154,trailing_sharpe_252,0.15,test_invalid,invalid,0.0
155,trailing_sharpe_252,0.15,test_invalid,invalid,0.0
156,trailing_sharpe_252,0.15,test_invalid,invalid,0.0
157,trailing_sharpe_252,0.15,test_invalid,invalid,0.0
158,trailing_sharpe_252,0.15,test_invalid,invalid,0.0
159,trailing_sharpe_252,0.15,test_invalid,invalid,0.0
160,trailing_sharpe_252,0.15,test_invalid,invalid,0.0
161,trailing_sharpe_252,0.15,test_invalid,invalid,0.0
162,trailing_sharpe_252,0.15,test_invalid,invalid,0.0
163,trailing_sharpe_252,0.15,test_invalid,invalid,0.0
164,trailing_sharpe_252,0.15,test_invalid,invalid,0.0
165,trailing_sharpe_252,0.15,test_invalid,invalid,0.0
166,trailing_sharpe_252,0.15,test_invalid,invalid,0.0
167,trailing_sharpe_252,0.15,test_invalid,invalid,0.0
168,trailing_sharpe_252,0.15,test_invalid,invalid,0.0
169,trailing_sharpe_252,0.15,test_invalid,invalid,0.0
170,trailing_sharpe_252,0.15,test_invalid,invalid,0.0
171,trailing_sharpe_252,0.15,test_invalid,invalid,0.0
172,trailing_sharpe_252,0.15,test_invalid,invalid,0.0
173,trailing_sharpe_252,0.15,test_invalid,invalid,0.0
174,trailing_sharpe_252,0.15,test_invalid,invalid,0.0
175,trailing_sharpe_252,0.15,test_invalid,invalid,0.0
176,trailing_sharpe_252,0.15,test_invalid,invalid,0.0
177,trailing_sharpe_252,0.15,test_invalid,invalid,0.0
178,trailing_sharpe_252,0.15,test_invalid,invalid,0.0
179,trailing_sharpe_252,0.15,test_invalid,invalid,0.0
180,trailing_sharpe_252,0.15,test_invalid,invalid,0.0
181,trailing_sharpe_252,0.15,test_invalid,invalid,0.0
182,trailing_sharpe_252,0.15,test_invalid,invalid,0.0
183,trailing_sharpe_252,0.15,test_invalid,invalid,0.0
184,trailing_sharpe_252,0.15,test_invalid,invalid,0.0
185,trailing_sharpe_252,0.15,test_invalid,invalid,0.0
186,trailing_sharpe_252,0.15,test_invalid,invalid,0.0
187,trailing_sharpe_252,0.15,test_invalid,invalid,0.0
188,trailing_sharpe_252,0.15,test_invalid,invalid,0.0
189,trailing_sharpe_252,0.15,test_invalid,invalid,0.0
190,trailing_sharpe_252,0.15,test_invalid,invalid,0.0
191,trailing_sharpe_252,0.15,test_invalid,invalid,0.0
192,trailing_sharpe_252,0.15,test_invalid,invalid,0.0
193,trailing_sharpe_252,0.15,test_invalid,invalid,0.0
194,trailing_sharpe_252,0.15,test_invalid,invalid,0.0
195,trailing_sharpe_252,0.15,test_invalid,invalid,0.0
196,trailing_sharpe_252,0.15,test_invalid,invalid,0.0
197,trailing_sharpe_252,0.15,test_invalid,invalid,0.0
198,trailing_sharpe_252,0.15,test_invalid,invalid,0.0
199,trailing_sharpe_252,0.15,test_invalid,invalid,0.0
200,trailing_sharpe_252,0.15,test_invalid,invalid,0.0
201,trailing_sharpe_252,0.15,test_invalid,invalid,0.0
202,trailing_sharpe_252,0.15,test_invalid,invalid,0.0
203,trailing_sharpe_252,0.15,test_invalid,invalid,0.0
204,trailing_sharpe_252,0.15,test_invalid,invalid,0.0
205,trailing_sharpe_252,0.15,test_invalid,invalid,0.0
206,trailing_sharpe_252,0.15,test_invalid,invalid,0.0
207,trailing_sharpe_252,0.15,test_invalid,invalid,0.0
208,trailing_sharpe_252,0.15,test_invalid,invalid,0.0
209,trailing_sharpe_252,0.15,test_invalid,invalid,0.0
210,trailing_sharpe_252,0.15,test_invalid,invalid,0.0
211,trailing_sharpe_252,0.15,test_invalid,invalid,0.0
212,trailing_sharpe_252,0.15,test_invalid,invalid,0.0
213,trailing_sharpe_252,0.15,test_invalid,invalid,0.0
214,trailing_sharpe_252,0.15,test_invalid,invalid,0.0
215,trailing_sharpe_252,0.15,test_invalid,invalid,0.0
216,trailing_sharpe_252,0.15,test_invalid,invalid,0.0
217,trailing_sharpe_252,0.15,test_invalid,invalid,0.0
218,trailing_sharpe_252,0.15,test_invalid,invalid,0.0
219,trailing_sharpe_252,0.15,test_invalid,invalid,0.0
220,trailing_sharpe_252,0.15,test_invalid,invalid,0.0
221,trailing_sharpe_252,0.15,test_invalid,invalid,0.0
222,trailing_sharpe_252,0.15,test_invalid,invalid,0.0
223,trailing_sharpe_252,0.15,test_invalid,invalid,0.0
224,trailing_sharpe_252,0.15,test_invalid,invalid,0.0
225,trailing_sharpe_252,0.15,test_invalid,invalid,0.0
226,trailing_sharpe_252,0.15,test_invalid,invalid,0.0
227,trailing_sharpe_252,0.15,test_invalid,invalid,0.0
228,trailing_sharpe_252,0.15,test_invalid,invalid,0.0
229,trailing_sharpe_252,0.15,test_invalid,invalid,0.0
230,trailing_sharpe_252,0.15,test_invalid,invalid,0.0
231,trailing_sharpe_252,0.15,test_invalid,invalid,0.0
232,trailing_sharpe_252,0.15,test_invalid,invalid,0.0
233,trailing_sharpe_252,0.15,test_invalid,invalid,0.0
234,trailing_sharpe_252,0.15,test_invalid,invalid,0.0
235,trailing_sharpe_252,0.15,test_invalid,invalid,0.0
236,trailing_sharpe_252,0.15,test_invalid,invalid,0.0
237,trailing_sharpe_252,0.15,test_invalid,invalid,0.0
238,trailing_sharpe_252,0.15,test_invalid,invalid,0.0
239,trailing_sharpe_252,0.15,test_invalid,invalid,0.0
240,trailing_sharpe_252,0.15,test_invalid,invalid,0.0
241,trailing_sharpe_252,0.15,test_invalid,invalid,0.0
242,trailing_sharpe_252,0.15,test_invalid,invalid,0.0
243,trailing_sharpe_252,0.15,test_invalid,invalid,0.0
244,trailing_sharpe_252,0.15,test_invalid,invalid,0.0
245,trailing_sharpe_252,0.15,test_invalid,invalid,0.0
246,trailing_sharpe_252,0.15,test_invalid,invalid,0.0
247,trailing_sharpe_252,0.15,test_invalid,invalid,0.0
248,trailing_sharpe_252,0.15,test_invalid,invalid,0.0
249,trailing_sharpe_252,0.15,test_invalid,invalid,0.0
250,trailing_sharpe_252,0.15,test_invalid,invalid,0.0
251,trailing_sharpe_252,0.15,test_invalid,invalid,0.0
252,trailing_sharpe_252,0.15,test_invalid,invalid,0.1642
253,trailing_sharpe_252,0.15,test_invalid,invalid,0.1742
254,trailing_sharpe_252,0.15,test_invalid,invalid,0.1808
255,trailing_sharpe_252,0.15,test_invalid,invalid,0.1858
256,trailing_sharpe_252,0.15,test_invalid,invalid,0.1912
257,trailing_sharpe_252,0.15,test_invalid,invalid,0.1956
258,trailing_sharpe_252,0.15,test_invalid,invalid,0.2004
259,trailing_sharpe_252,0.15,test_invalid,invalid,0.204
260,trailing_sharpe_252,0.15,test_invalid,invalid,0.2074
261,trailing_sharpe_252,0.15,test_invalid,invalid,0.2098
262,trailing_sharpe_252,0.15,test_invalid,invalid,0.214
263,trailing_sharpe_252,0.15,test_invalid,invalid,0.217
264,trailing_sharpe_252,0.15,test_invalid,invalid,0.2206
265,trailing_sharpe_252,0.15,test_invalid,invalid,0.2234
266,trailing_sharpe_252,0.15,test_invalid,invalid,0.2264
267,trailing_sharpe_252,0.15,test_invalid,invalid,0.2294
268,trailing_sharpe_252,0.15,test_invalid,invalid,0.2308
269,trailing_sharpe_252,0.15,test_invalid,invalid,0.2334
270,trailing_sharpe_252,0.15,test_invalid,invalid,0.2362
271,trailing_sharpe_252,0.15,test_invalid,invalid,0.2386
272,trailing_sharpe_252,0.15,test_invalid,invalid,0.2408
273,trailing_sharpe_252,0.15,test_invalid,invalid,0.2438
274,trailing_sharpe_252,0.15,test_invalid,invalid,0.2464
275,trailing_sharpe_252,0.15,test_invalid,invalid,0.2484
276,trailing_sharpe_252,0.15,test_invalid,invalid,0.2512
277,trailing_sharpe_252,0.15,test_invalid,invalid,0.253
278,trailing_sharpe_252,0.15,test_invalid,invalid,0.2544
279,trailing_sharpe_252,0.15,test_invalid,invalid,0.2568
280,trailing_sharpe_252,0.15,test_invalid,invalid,0.259
281,trailing_sharpe_252,0.15,test_invalid,invalid,0.2602
282,trailing_sharpe_252,0.15,test_invalid,invalid,0.2616
283,trailing_sharpe_252,0.15,test_invalid,invalid,0.2648
284,trailing_sharpe_252,0.15,test_invalid,invalid,0.2662
285,trailing_sharpe_252,0.15,test_invalid,invalid,0.268
286,trailing_sharpe_252,0.15,test_invalid,invalid,0.2694
287,trailing_sharpe_252,0.15,test_invalid,invalid,0.271
288,trailing_sharpe_252,0.15,test_invalid,invalid,0.2724
289,trailing_sharpe_252,0.15,test_invalid,invalid,0.276
290,trailing_sharpe_252,0.15,test_invalid,invalid,0.278
291,trailing_sharpe_252,0.15,test_invalid,invalid,0.2814
292,trailing_sharpe_252,0.15,test_invalid,invalid,0.2838
293,trailing_sharpe_252,0.15,test_invalid,invalid,0.2866
294,trailing_sharpe_252,0.15,test_invalid,invalid,0.2884
295,trailing_sharpe_252,0.15,test_invalid,invalid,0.2902
296,trailing_sharpe_252,0.15,test_invalid,invalid,0.2916
297,trailing_sharpe_252,0.15,test_invalid,invalid,0.2942
298,trailing_sharpe_252,0.15,test_invalid,invalid,0.296
299,trailing_sharpe_252,0.15,test_invalid,invalid,0.2978
300,trailing_sharpe_252,0.15,test_invalid,invalid,0.3004
301,trailing_sharpe_252,0.15,test_invalid,invalid,0.3018
302,trailing_sharpe_252,0.15,test_invalid,invalid,0.3038
303,trailing_sharpe_252,0.15,test_invalid,invalid,0.3062
304,trailing_sharpe_252,0.15,test_invalid,invalid,0.307
305,trailing_sharpe_252,0.15,test_invalid,invalid,0.3086
306,trailing_sharpe_252,0.15,test_invalid,invalid,0.3102
307,trailing_sharpe_252,0.15,test_invalid,invalid,0.3112
308,trailing_sharpe_252,0.15,test_invalid,invalid,0.3132
309,trailing_sharpe_252,0.15,test_invalid,invalid,0.3152
310,trailing_sharpe_252,0.15,test_invalid,invalid,0.3168
311,trailing_sharpe_252,0.15,test_invalid,invalid,0.3184
312,trailing_sharpe_252,0.15,test_invalid,invalid,0.319
313,trailing_sharpe_252,0.15,test_invalid,invalid,0.321
314,trailing_sharpe_252,0.15,test_invalid,invalid,0.3238
315,trailing_sharpe_252,0.15,test_invalid,invalid,0.325
316,trailing_sharpe_252,0.15,test_invalid,invalid,0.3266
317,trailing_sharpe_252,0.15,test_invalid,invalid,0.3286
318,trailing_sharpe_252,0.15,test_invalid,invalid,0.3302
319,trailing_sharpe_252,0.15,test_invalid,invalid,0.3312
320,trailing_sharpe_252,0.15,test_invalid,invalid,0.3324
321,trailing_sharpe_252,0.15,test_invalid,invalid,0.3332
322,trailing_sharpe_252,0.15,test_invalid,invalid,0.3342
323,trailing_sharpe_252,0.15,test_invalid,invalid,0.3348
324,trailing_sharpe_252,0.15,test_invalid,invalid,0.3372
325,trailing_sharpe_252,0.15,test_invalid,invalid,0.339
326,trailing_sharpe_252,0.15,test_invalid,invalid,0.341
327,trailing_sharpe_252,0.15,test_invalid,invalid,0.343
328,trailing_sharpe_252,0.15,test_invalid,invalid,0.3456
329,trailing_sharpe_252,0.15,test_invalid,invalid,0.347
330,trailing_sharpe_252,0.15,test_invalid,invalid,0.3478
331,trailing_sharpe_252,0.15,test_invalid,invalid,0.3492
332,trailing_sharpe_252,0.15,test_invalid,invalid,0.351
333,trailing_sharpe_252,0.15,test_invalid,invalid,0.352
334,trailing_sharpe_252,0.15,test_invalid,invalid,0.3544
335,trailing_sharpe_252,0.15,test_invalid,invalid,0.356
336,trailing_sharpe_252,0.15,test_invalid,invalid,0.357
337,trailing_sharpe_252,0.15,test_invalid,invalid,0.3584
338,trailing_sharpe_252,0.15,test_invalid,invalid,0.359
339,trailing_sharpe_252,0.15,test_invalid,invalid,0.3614
340,trailing_sharpe_252,0.15,test_invalid,invalid,0.3638
341,trailing_sharpe_252,0.15,test_invalid,invalid,0.3646
342,trailing_sharpe_252,0.15,test_invalid,invalid,0.3658
343,trailing_sharpe_252,0.15,test_invalid,invalid,0.3676
344,trailing_sharpe_252,0.15,test_invalid,invalid,0.369
345,trailing_sharpe_252,0.15,test_invalid,invalid,0.3698
346,trailing_sharpe_252,0.15,test_invalid,invalid,0.371
347,trailing_sharpe_252,0.15,test_invalid,invalid,0.3724
348,trailing_sharpe_252,0.15,test_invalid,invalid,0.3738
349,trailing_sharpe_252,0.15,test_invalid,invalid,0.3756
350,trailing_sharpe_252,0.15,test_invalid,invalid,0.378
351,trailing_sharpe_252,0.15,test_invalid,invalid,0.3792
352,trailing_sharpe_252,0.15,test_invalid,invalid,0.3806
353,trailing_sharpe_252,0.15,test_invalid,invalid,0.3812
354,trailing_sharpe_252,0.15,test_invalid,invalid,0.3826
355,trailing_sharpe_252,0.15,test_invalid,invalid,0.3838
356,trailing_sharpe_252,0.15,test_invalid,invalid,0.3856
357,trailing_sharpe_252,0.15,test_invalid,invalid,0.386
358,trailing_sharpe_252,0.15,test_invalid,invalid,0.3878
359,trailing_sharpe_252,0.15,test_invalid,invalid,0.3884
360,trailing_sharpe_252,0.15,test_invalid,invalid,0.3896
361,trailing_sharpe_252,0.15,test_invalid,invalid,0.3904
362,trailing_sharpe_252,0.15,test_invalid,invalid,0.3918
363,trailing_sharpe_252,0.15,test_invalid,invalid,0.3924
364,trailing_sharpe_252,0.15,test_invalid,invalid,0.3942
365,trailing_sharpe_252,0.15,test_invalid,invalid,0.396
366,trailing_sharpe_252,0.15,test_invalid,invalid,0.3976
367,trailing_sharpe_252,0.15,test_invalid,invalid,0.3982
368,trailing_sharpe_252,0.15,test_invalid,invalid,0.3988
369,trailing_sharpe_252,0.15,test_invalid,invalid,0.4006
370,trailing_sharpe_252,0.15,test_invalid,invalid,0.4022
371,trailing_sharpe_252,0.15,test_invalid,invalid,0.4036
372,trailing_sharpe_252,0.15,test_invalid,invalid,0.4042
373,trailing_sharpe_252,0.15,test_invalid,invalid,0.4052
374,trailing_sharpe_252,0.15,test_invalid,invalid,0.4064
375,trailing_sharpe_252,0.15,test_invalid,invalid,0.4084
376,trailing_sharpe_252,0.15,test_invalid,invalid,0.4092
377,trailing_sharpe_252,0.15,test_invalid,invalid,0.4112
378,trailing_sharpe_252,0.15,test_invalid,invalid,0.4124
379,trailing_sharpe_252,0.15,test_invalid,invalid,0.4136
380,trailing_sharpe_252,0.15,test_invalid,invalid,0.4148
381,trailing_sharpe_252,0.15,test_invalid,invalid,0.4152
382,trailing_sharpe_252,0.15,test_invalid,invalid,0.4166
383,trailing_sharpe_252,0.15,test_invalid,invalid,0.4176
384,trailing_sharpe_252,0.15,test_invalid,invalid,0.4182
385,trailing_sharpe_252,0.15,test_invalid,invalid,0.419
386,trailing_sharpe_252,0.15,test_invalid,invalid,0.4212
387,trailing_sharpe_252,0.15,test_invalid,invalid,0.4228
388,trailing_sharpe_252,0.15,test_invalid,invalid,0.4242
389,trailing_sharpe_252,0.15,test_invalid,invalid,0.426
390,trailing_sharpe_252,0.15,test_invalid,invalid,0.4268
391,trailing_sharpe_252,0.15,test_invalid,invalid,0.4288
392,trailing_sharpe_252,0.15,test_invalid,invalid,0.4294
393,trailing_sharpe_252,0.15,test_invalid,invalid,0.4308
394,trailing_sharpe_252,0.15,test_invalid,invalid,0.4314
395,trailing_sharpe_252,0.15,test_invalid,invalid,0.4328
396,trailing_sharpe_252,0.15,test_invalid,invalid,0.434
397,trailing_sharpe_252,0.15,test_invalid,invalid,0.4362
398,trailing_sharpe_252,0.15,test_invalid,invalid,0.438
399,trailing_sharpe_252,0.15,test_invalid,invalid,0.4388
400,trailing_sharpe_252,0.15,test_invalid,invalid,0.44
401,trailing_sharpe_252,0.15,test_invalid,invalid,0.442
402,trailing_sharpe_252,0.15,test_invalid,invalid,0.4428
403,trailing_sharpe_252,0.15,test_invalid,invalid,0.4436
404,trailing_sharpe_252,0.15,test_invalid,invalid,0.4444
405,trailing_sharpe_252,0.15,test_invalid,invalid,0.4454
406,trailing_sharpe_252,0.15,test_invalid,invalid,0.4468
407,trailing_sharpe_252,0.15,test_invalid,invalid,0.4476
408,trailing_sharpe_252,0.15,test_invalid,invalid,0.4492
409,trailing_sharpe_252,0.15,test_invalid,invalid,0.4502
410,trailing_sharpe_252,0.15,test_invalid,invalid,0.4512
411,trailing_sharpe_252,0.15,test_invalid,invalid,0.4528
412,trailing_sharpe_252,0.15,test_invalid,invalid,0.4534
413,trailing_sharpe_252,0.15,test_invalid,invalid,0.455
414,trailing_sharpe_252,0.15,test_invalid,invalid,0.457
415,trailing_sharpe_252,0.15,test_invalid,invalid,0.4584
416,trailing_sharpe_252,0.15,test_invalid,invalid,0.4592
417,trailing_sharpe_252,0.15,test_invalid,invalid,0.4602
418,trailing_sharpe_252,0.15,test_invalid,invalid,0.4624
419,trailing_sharpe_252,0.15,test_invalid,invalid,0.464
420,trailing_sharpe_252,0.15,test_invalid,invalid,0.4656
421,trailing_sharpe_252,0.15,test_invalid,invalid,0.467
422,trailing_sharpe_252,0.15,test_invalid,invalid,0.468
423,trailing_sharpe_252,0.15,test_invalid,invalid,0.4698
424,trailing_sharpe_252,0.15,test_invalid,invalid,0.4708
425,trailing_sharpe_252,0.15,test_invalid,invalid,0.4726
426,trailing_sharpe_252,0.15,test_invalid,invalid,0.473
427,trailing_sharpe_252,0.15,test_invalid,invalid,0.474
428,trailing_sharpe_252,0.15,test_invalid,invalid,0.4756
429,trailing_sharpe_252,0.15,test_invalid,invalid,0.477
430,trailing_sharpe_252,0.15,test_invalid,invalid,0.4786
431,trailing_sharpe_252,0.15,test_invalid,invalid,0.48
432,trailing_sharpe_252,0.15,test_invalid,invalid,0.4814
433,trailing_sharpe_252,0.15,test_invalid,invalid,0.4826
434,trailing_sharpe_252,0.15,test_invalid,invalid,0.4836
435,trailing_sharpe_252,0.15,test_invalid,invalid,0.485
436,trailing_sharpe_252,0.15,test_invalid,invalid,0.4864
437,trailing_sharpe_252,0.15,test_invalid,invalid,0.4876
438,trailing_sharpe_252,0.15,test_invalid,invalid,0.4876
439,trailing_sharpe_252,0.15,test_invalid,invalid,0.4886
440,trailing_sharpe_252,0.15,test_invalid,invalid,0.4898
441,trailing_sharpe_252,0.15,test_invalid,invalid,0.4904
442,trailing_sharpe_252,0.15,test_invalid,invalid,0.4912
443,trailing_sharpe_252,0.15,test_invalid,invalid,0.4918
444,trailing_sharpe_252,0.15,test_invalid,invalid,0.4926
445,trailing_sharpe_252,0.15,test_invalid,invalid,0.4932
446,trailing_sharpe_252,0.15,test_invalid,invalid,0.4946
447,trailing_sharpe_252,0.15,test_invalid,invalid,0.4956
448,trailing_sharpe_252,0.15,test_invalid,invalid,0.4964
449,trailing_sharpe_252,0.15,test_invalid,invalid,0.497
450,trailing_sharpe_252,0.15,test_invalid,invalid,0.4992
451,trailing_sharpe_252,0.15,test_invalid,invalid,0.5
452,trailing_sharpe_252,0.15,test_invalid,invalid,0.501
453,trailing_sharpe_252,0.15,test_invalid,invalid,0.5016
454,trailing_sharpe_252,0.15,test_invalid,invalid,0.5036
455,trailing_sharpe_252,0.15,test_invalid,invalid,0.5046
456,trailing_sharpe_252,0.15,test_invalid,invalid,0.5072
457,trailing_sharpe_252,0.15,test_invalid,invalid,0.5082
458,trailing_sharpe_252,0.15,test_invalid,invalid,0.51
459,trailing_sharpe_252,0.15,test_invalid,invalid,0.5112
460,trailing_sharpe_252,0.15,test_invalid,invalid,0.5118
461,trailing_sharpe_252,0.15,test_invalid,invalid,0.5128
462,trailing_sharpe_252,0.15,test_invalid,invalid,0.5138
463,trailing_sharpe_252,0.15,test_invalid,invalid,0.5158
464,trailing_sharpe_252,0.15,test_invalid,invalid,0.5162
465,trailing_sharpe_252,0.15,test_invalid,invalid,0.5166
466,trailing_sharpe_252,0.15,test_invalid,invalid,0.5172
467,trailing_sharpe_252,0.15,test_invalid,invalid,0.5188
468,trailing_sharpe_252,0.15,test_invalid,invalid,0.5196
469,trailing_sharpe_252,0.15,test_invalid,invalid,0.5206
470,trailing_sharpe_252,0.15,test_invalid,invalid,0.5214
471,trailing_sharpe_252,0.15,test_invalid,invalid,0.5216
472,trailing_sharpe_252,0.15,test_invalid,invalid,0.5224
473,trailing_sharpe_252,0.15,test_invalid,invalid,0.5232
474,trailing_sharpe_252,0.15,test_invalid,invalid,0.5244
475,trailing_sharpe_252,0.15,test_invalid,invalid,0.5252
476,trailing_sharpe_252,0.15,test_invalid,invalid,0.5266
477,trailing_sharpe_252,0.15,test_invalid,invalid,0.5274
478,trailing_sharpe_252,0.15,test_invalid,invalid,0.5282
479,trailing_sharpe_252,0.15,test_invalid,invalid,0.5296
480,trailing_sharpe_252,0.15,test_invalid,invalid,0.5308
481,trailing_sharpe_252,0.15,test_invalid,invalid,0.5326
482,trailing_sharpe_252,0.15,test_invalid,invalid,0.5342
483,trailing_sharpe_252,0.15,test_invalid,invalid,0.5352
484,trailing_sharpe_252,0.15,test_invalid,invalid,0.5368
485,trailing_sharpe_252,0.15,test_invalid,invalid,0.538
486,trailing_sharpe_252,0.15,test_invalid,invalid,0.5396
487,trailing_sharpe_252,0.15,test_invalid,invalid,0.5414
488,trailing_sharpe_252,0.15,test_invalid,invalid,0.5422
489,trailing_sharpe_252,0.15,test_invalid,invalid,0.5428
490,trailing_sharpe_252,0.15,test_invalid,invalid,0.5446
491,trailing_sharpe_252,0.15,test_invalid,invalid,0.5454
492,trailing_sharpe_252,0.15,test_invalid,invalid,0.5464
493,trailing_sharpe_252,0.15,test_invalid,invalid,0.5478
494,trailing_sharpe_252,0.15,test_invalid,invalid,0.5488
495,trailing_sharpe_252,0.15,test_invalid,invalid,0.5508
496,trailing_sharpe_252,0.15,test_invalid,invalid,0.551
497,trailing_sharpe_252,0.15,test_invalid,invalid,0.552
498,trailing_sharpe_252,0.15,test_invalid,invalid,0.553
499,trailing_sharpe_252,0.15,test_invalid,invalid,0.5536
500,trailing_sharpe_252,0.15,test_invalid,invalid,0.554
501,trailing_sharpe_252,0.15,test_invalid,invalid,0.555
502,trailing_sharpe_252,0.15,test_invalid,invalid,0.555
503,trailing_sharpe_252,0.15,test_invalid,invalid,0.5552
504,trailing_sharpe_252,0.15,test_invalid,invalid,0.5564
1,known_vol_rolling_252,0.05,test_valid,valid,0.0
2,known_vol_rolling_252,0.05,test_valid,valid,0.0
3,known_vol_rolling_252,0.05,test_valid,valid,0.0
4,known_vol_rolling_252,0.05,test_valid,valid,0.0
5,known_vol_rolling_252,0.05,test_valid,valid,0.0
6,known_vol_rolling_252,0.05,test_valid,valid,0.0
7,known_vol_rolling_252,0.05,test_valid,valid,0.0
8,known_vol_rolling_252,0.05,test_valid,valid,0.0
9,known_vol_rolling_252,0.05,test_valid,valid,0.0
10,known_vol_rolling_252,0.05,test_valid,valid,0.0
11,known_vol_rolling_252,0.05,test_valid,valid,0.0
12,known_vol_rolling_252,0.05,test_valid,valid,0.0
13,known_vol_rolling_252,0.05,test_valid,valid,0.0
14,known_vol_rolling_252,0.05,test_valid,valid,0.0
15,known_vol_rolling_252,0.05,test_valid,valid,0.0
16,known_vol_rolling_252,0.05,test_valid,valid,0.0
17,known_vol_rolling_252,0.05,test_valid,valid,0.0
18,known_vol_rolling_252,0.05,test_valid,valid,0.0
19,known_vol_rolling_252,0.05,test_valid,valid,0.0
20,known_vol_rolling_252,0.05,test_valid,valid,0.0
21,known_vol_rolling_252,0.05,test_valid,valid,0.0
22,known_vol_rolling_252,0.05,test_valid,valid,0.0
23,known_vol_rolling_252,0.05,test_valid,valid,0.0
24,known_vol_rolling_252,0.05,test_valid,valid,0.0
25,known_vol_rolling_252,0.05,test_valid,valid,0.0
26,known_vol_rolling_252,0.05,test_valid,valid,0.0
27,known_vol_rolling_252,0.05,test_valid,valid,0.0
28,known_vol_rolling_252,0.05,test_valid,valid,0.0
29,known_vol_rolling_252,0.05,test_valid,valid,0.0
30,known_vol_rolling_252,0.05,test_valid,valid,0.0
31,known_vol_rolling_252,0.05,test_valid,valid,0.0
32,known_vol_rolling_252,0.05,test_valid,valid,0.0
33,known_vol_rolling_252,0.05,test_valid,valid,0.0
34,known_vol_rolling_252,0.05,test_valid,valid,0.0
35,known_vol_rolling_252,0.05,test_valid,valid,0.0
36,known_vol_rolling_252,0.05,test_valid,valid,0.0
37,known_vol_rolling_252,0.05,test_valid,valid,0.0
38,known_vol_rolling_252,0.05,test_valid,valid,0.0
39,known_vol_rolling_252,0.05,test_valid,valid,0.0
40,known_vol_rolling_252,0.05,test_valid,valid,0.0
41,known_vol_rolling_252,0.05,test_valid,valid,0.0
42,known_vol_rolling_252,0.05,test_valid,valid,0.0
43,known_vol_rolling_252,0.05,test_valid,valid,0.0
44,known_vol_rolling_252,0.05,test_valid,valid,0.0
45,known_vol_rolling_252,0.05,test_valid,valid,0.0
46,known_vol_rolling_252,0.05,test_valid,valid,0.0
47,known_vol_rolling_252,0.05,test_valid,valid,0.0
48,known_vol_rolling_252,0.05,test_valid,valid,0.0
49,known_vol_rolling_252,0.05,test_valid,valid,0.0
50,known_vol_rolling_252,0.05,test_valid,valid,0.0
51,known_vol_rolling_252,0.05,test_valid,valid,0.0
52,known_vol_rolling_252,0.05,test_valid,valid,0.0
53,known_vol_rolling_252,0.05,test_valid,valid,0.0
54,known_vol_rolling_252,0.05,test_valid,valid,0.0
55,known_vol_rolling_252,0.05,test_valid,valid,0.0
56,known_vol_rolling_252,0.05,test_valid,valid,0.0
57,known_vol_rolling_252,0.05,test_valid,valid,0.0
58,known_vol_rolling_252,0.05,test_valid,valid,0.0
59,known_vol_rolling_252,0.05,test_valid,valid,0.0
60,known_vol_rolling_252,0.05,test_valid,valid,0.0
61,known_vol_rolling_252,0.05,test_valid,valid,0.0
62,known_vol_rolling_252,0.05,test_valid,valid,0.0
63,known_vol_rolling_252,0.05,test_valid,valid,0.0
64,known_vol_rolling_252,0.05,test_valid,valid,0.0
65,known_vol_rolling_252,0.05,test_valid,valid,0.0
66,known_vol_rolling_252,0.05,test_valid,valid,0.0
67,known_vol_rolling_252,0.05,test_valid,valid,0.0
68,known_vol_rolling_252,0.05,test_valid,valid,0.0
69,known_vol_rolling_252,0.05,test_valid,valid,0.0
70,known_vol_rolling_252,0.05,test_valid,valid,0.0
71,known_vol_rolling_252,0.05,test_valid,valid,0.0
72,known_vol_rolling_252,0.05,test_valid,valid,0.0
73,known_vol_rolling_252,0.05,test_valid,valid,0.0
74,known_vol_rolling_252,0.05,test_valid,valid,0.0
75,known_vol_rolling_252,0.05,test_valid,valid,0.0
76,known_vol_rolling_252,0.05,test_valid,valid,0.0
77,known_vol_rolling_252,0.05,test_valid,valid,0.0
78,known_vol_rolling_252,0.05,test_valid,valid,0.0
79,known_vol_rolling_252,0.05,test_valid,valid,0.0
80,known_vol_rolling_252,0.05,test_valid,valid,0.0
81,known_vol_rolling_252,0.05,test_valid,valid,0.0
82,known_vol_rolling_252,0.05,test_valid,valid,0.0
83,known_vol_rolling_252,0.05,test_valid,valid,0.0
84,known_vol_rolling_252,0.05,test_valid,valid,0.0
85,known_vol_rolling_252,0.05,test_valid,valid,0.0
86,known_vol_rolling_252,0.05,test_valid,valid,0.0
87,known_vol_rolling_252,0.05,test_valid,valid,0.0
88,known_vol_rolling_252,0.05,test_valid,valid,0.0
89,known_vol_rolling_252,0.05,test_valid,valid,0.0
90,known_vol_rolling_252,0.05,test_valid,valid,0.0
91,known_vol_rolling_252,0.05,test_valid,valid,0.0
92,known_vol_rolling_252,0.05,test_valid,valid,0.0
93,known_vol_rolling_252,0.05,test_valid,valid,0.0
94,known_vol_rolling_252,0.05,test_valid,valid,0.0
95,known_vol_rolling_252,0.05,test_valid,valid,0.0
96,known_vol_rolling_252,0.05,test_valid,valid,0.0
97,known_vol_rolling_252,0.05,test_valid,valid,0.0
98,known_vol_rolling_252,0.05,test_valid,valid,0.0
99,known_vol_rolling_252,0.05,test_valid,valid,0.0
100,known_vol_rolling_252,0.05,test_valid,valid,0.0
101,known_vol_rolling_252,0.05,test_valid,valid,0.0
102,known_vol_rolling_252,0.05,test_valid,valid,0.0
103,known_vol_rolling_252,0.05,test_valid,valid,0.0
104,known_vol_rolling_252,0.05,test_valid,valid,0.0
105,known_vol_rolling_252,0.05,test_valid,valid,0.0
106,known_vol_rolling_252,0.05,test_valid,valid,0.0
107,known_vol_rolling_252,0.05,test_valid,valid,0.0
108,known_vol_rolling_252,0.05,test_valid,valid,0.0
109,known_vol_rolling_252,0.05,test_valid,valid,0.0
110,known_vol_rolling_252,0.05,test_valid,valid,0.0
111,known_vol_rolling_252,0.05,test_valid,valid,0.0
112,known_vol_rolling_252,0.05,test_valid,valid,0.0
113,known_vol_rolling_252,0.05,test_valid,valid,0.0
114,known_vol_rolling_252,0.05,test_valid,valid,0.0
115,known_vol_rolling_252,0.05,test_valid,valid,0.0
116,known_vol_rolling_252,0.05,test_valid,valid,0.0
117,known_vol_rolling_252,0.05,test_valid,valid,0.0
118,known_vol_rolling_252,0.05,test_valid,valid,0.0
119,known_vol_rolling_252,0.05,test_valid,valid,0.0
120,known_vol_rolling_252,0.05,test_valid,valid,0.0
121,known_vol_rolling_252,0.05,test_valid,valid,0.0
122,known_vol_rolling_252,0.05,test_valid,valid,0.0
123,known_vol_rolling_252,0.05,test_valid,valid,0.0
124,known_vol_rolling_252,0.05,test_valid,valid,0.0
125,known_vol_rolling_252,0.05,test_valid,valid,0.0
126,known_vol_rolling_252,0.05,test_valid,valid,0.0
127,known_vol_rolling_252,0.05,test_valid,valid,0.0
128,known_vol_rolling_252,0.05,test_valid,valid,0.0
129,known_vol_rolling_252,0.05,test_valid,valid,0.0
130,known_vol_rolling_252,0.05,test_valid,valid,0.0
131,known_vol_rolling_252,0.05,test_valid,valid,0.0
132,known_vol_rolling_252,0.05,test_valid,valid,0.0
133,known_vol_rolling_252,0.05,test_valid,valid,0.0
134,known_vol_rolling_252,0.05,test_valid,valid,0.0
135,known_vol_rolling_252,0.05,test_valid,valid,0.0
136,known_vol_rolling_252,0.05,test_valid,valid,0.0
137,known_vol_rolling_252,0.05,test_valid,valid,0.0
138,known_vol_rolling_252,0.05,test_valid,valid,0.0
139,known_vol_rolling_252,0.05,test_valid,valid,0.0
140,known_vol_rolling_252,0.05,test_valid,valid,0.0
141,known_vol_rolling_252,0.05,test_valid,valid,0.0
142,known_vol_rolling_252,0.05,test_valid,valid,0.0
143,known_vol_rolling_252,0.05,test_valid,valid,0.0
144,known_vol_rolling_252,0.05,test_valid,valid,0.0
145,known_vol_rolling_252,0.05,test_valid,valid,0.0
146,known_vol_rolling_252,0.05,test_valid,valid,0.0
147,known_vol_rolling_252,0.05,test_valid,valid,0.0
148,known_vol_rolling_252,0.05,test_valid,valid,0.0
149,known_vol_rolling_252,0.05,test_valid,valid,0.0
150,known_vol_rolling_252,0.05,test_valid,valid,0.0
151,known_vol_rolling_252,0.05,test_valid,valid,0.0
152,known_vol_rolling_252,0.05,test_valid,valid,0.0
153,known_vol_rolling_252,0.05,test_valid,valid,0.0
154,known_vol_rolling_252,0.05,test_valid,valid,0.0
155,known_vol_rolling_252,0.05,test_valid,valid,0.0
156,known_vol_rolling_252,0.05,test_valid,valid,0.0
157,known_vol_rolling_252,0.05,test_valid,valid,0.0
158,known_vol_rolling_252,0.05,test_valid,valid,0.0
159,known_vol_rolling_252,0.05,test_valid,valid,0.0
160,known_vol_rolling_252,0.05,test_valid,valid,0.0
161,known_vol_rolling_252,0.05,test_valid,valid,0.0
162,known_vol_rolling_252,0.05,test_valid,valid,0.0
163,known_vol_rolling_252,0.05,test_valid,valid,0.0
164,known_vol_rolling_252,0.05,test_valid,valid,0.0
165,known_vol_rolling_252,0.05,test_valid,valid,0.0
166,known_vol_rolling_252,0.05,test_valid,valid,0.0
167,known_vol_rolling_252,0.05,test_valid,valid,0.0
168,known_vol_rolling_252,0.05,test_valid,valid,0.0
169,known_vol_rolling_252,0.05,test_valid,valid,0.0
170,known_vol_rolling_252,0.05,test_valid,valid,0.0
171,known_vol_rolling_252,0.05,test_valid,valid,0.0
172,known_vol_rolling_252,0.05,test_valid,valid,0.0
173,known_vol_rolling_252,0.05,test_valid,valid,0.0
174,known_vol_rolling_252,0.05,test_valid,valid,0.0
175,known_vol_rolling_252,0.05,test_valid,valid,0.0
176,known_vol_rolling_252,0.05,test_valid,valid,0.0
177,known_vol_rolling_252,0.05,test_valid,valid,0.0
178,known_vol_rolling_252,0.05,test_valid,valid,0.0
179,known_vol_rolling_252,0.05,test_valid,valid,0.0
180,known_vol_rolling_252,0.05,test_valid,valid,0.0
181,known_vol_rolling_252,0.05,test_valid,valid,0.0
182,known_vol_rolling_252,0.05,test_valid,valid,0.0
183,known_vol_rolling_252,0.05,test_valid,valid,0.0
184,known_vol_rolling_252,0.05,test_valid,valid,0.0
185,known_vol_rolling_252,0.05,test_valid,valid,0.0
186,known_vol_rolling_252,0.05,test_valid,valid,0.0
187,known_vol_rolling_252,0.05,test_valid,valid,0.0
188,known_vol_rolling_252,0.05,test_valid,valid,0.0
189,known_vol_rolling_252,0.05,test_valid,valid,0.0
190,known_vol_rolling_252,0.05,test_valid,valid,0.0
191,known_vol_rolling_252,0.05,test_valid,valid,0.0
192,known_vol_rolling_252,0.05,test_valid,valid,0.0
193,known_vol_rolling_252,0.05,test_valid,valid,0.0
194,known_vol_rolling_252,0.05,test_valid,valid,0.0
195,known_vol_rolling_252,0.05,test_valid,valid,0.0
196,known_vol_rolling_252,0.05,test_valid,valid,0.0
197,known_vol_rolling_252,0.05,test_valid,valid,0.0
198,known_vol_rolling_252,0.05,test_valid,valid,0.0
199,known_vol_rolling_252,0.05,test_valid,valid,0.0
200,known_vol_rolling_252,0.05,test_valid,valid,0.0
201,known_vol_rolling_252,0.05,test_valid,valid,0.0
202,known_vol_rolling_252,0.05,test_valid,valid,0.0
203,known_vol_rolling_252,0.05,test_valid,valid,0.0
204,known_vol_rolling_252,0.05,test_valid,valid,0.0
205,known_vol_rolling_252,0.05,test_valid,valid,0.0
206,known_vol_rolling_252,0.05,test_valid,valid,0.0
207,known_vol_rolling_252,0.05,test_valid,valid,0.0
208,known_vol_rolling_252,0.05,test_valid,valid,0.0
209,known_vol_rolling_252,0.05,test_valid,valid,0.0
210,known_vol_rolling_252,0.05,test_valid,valid,0.0
211,known_vol_rolling_252,0.05,test_valid,valid,0.0
212,known_vol_rolling_252,0.05,test_valid,valid,0.0
213,known_vol_rolling_252,0.05,test_valid,valid,0.0
214,known_vol_rolling_252,0.05,test_valid,valid,0.0
215,known_vol_rolling_252,0.05,test_valid,valid,0.0
216,known_vol_rolling_252,0.05,test_valid,valid,0.0
217,known_vol_rolling_252,0.05,test_valid,valid,0.0
218,known_vol_rolling_252,0.05,test_valid,valid,0.0
219,known_vol_rolling_252,0.05,test_valid,valid,0.0
220,known_vol_rolling_252,0.05,test_valid,valid,0.0
221,known_vol_rolling_252,0.05,test_valid,valid,0.0
222,known_vol_rolling_252,0.05,test_valid,valid,0.0
223,known_vol_rolling_252,0.05,test_valid,valid,0.0
224,known_vol_rolling_252,0.05,test_valid,valid,0.0
225,known_vol_rolling_252,0.05,test_valid,valid,0.0
226,known_vol_rolling_252,0.05,test_valid,valid,0.0
227,known_vol_rolling_252,0.05,test_valid,valid,0.0
228,known_vol_rolling_252,0.05,test_valid,valid,0.0
229,known_vol_rolling_252,0.05,test_valid,valid,0.0
230,known_vol_rolling_252,0.05,test_valid,valid,0.0
231,known_vol_rolling_252,0.05,test_valid,valid,0.0
232,known_vol_rolling_252,0.05,test_valid,valid,0.0
233,known_vol_rolling_252,0.05,test_valid,valid,0.0
234,known_vol_rolling_252,0.05,test_valid,valid,0.0
235,known_vol_rolling_252,0.05,test_valid,valid,0.0
236,known_vol_rolling_252,0.05,test_valid,valid,0.0
237,known_vol_rolling_252,0.05,test_valid,valid,0.0
238,known_vol_rolling_252,0.05,test_valid,valid,0.0
239,known_vol_rolling_252,0.05,test_valid,valid,0.0
240,known_vol_rolling_252,0.05,test_valid,valid,0.0
241,known_vol_rolling_252,0.05,test_valid,valid,0.0
242,known_vol_rolling_252,0.05,test_valid,valid,0.0
243,known_vol_rolling_252,0.05,test_valid,valid,0.0
244,known_vol_rolling_252,0.05,test_valid,valid,0.0
245,known_vol_rolling_252,0.05,test_valid,valid,0.0
246,known_vol_rolling_252,0.05,test_valid,valid,0.0
247,known_vol_rolling_252,0.05,test_valid,valid,0.0
248,known_vol_rolling_252,0.05,test_valid,valid,0.0
249,known_vol_rolling_252,0.05,test_valid,valid,0.0
250,known_vol_rolling_252,0.05,test_valid,valid,0.0
251,known_vol_rolling_252,0.05,test_valid,valid,0.0
252,known_vol_rolling_252,0.05,test_valid,valid,0.0076
253,known_vol_rolling_252,0.05,test_valid,valid,0.0082
254,known_vol_rolling_252,0.05,test_valid,valid,0.0088
255,known_vol_rolling_252,0.05,test_valid,valid,0.009
256,known_vol_rolling_252,0.05,test_valid,valid,0.0092
257,known_vol_rolling_252,0.05,test_valid,valid,0.0094
258,known_vol_rolling_252,0.05,test_valid,valid,0.0096
259,known_vol_rolling_252,0.05,test_valid,valid,0.0098
260,known_vol_rolling_252,0.05,test_valid,valid,0.0102
261,known_vol_rolling_252,0.05,test_valid,valid,0.0106
262,known_vol_rolling_252,0.05,test_valid,valid,0.0108
263,known_vol_rolling_252,0.05,test_valid,valid,0.0108
264,known_vol_rolling_252,0.05,test_valid,valid,0.0112
265,known_vol_rolling_252,0.05,test_valid,valid,0.0112
266,known_vol_rolling_252,0.05,test_valid,valid,0.0116
267,known_vol_rolling_252,0.05,test_valid,valid,0.0126
268,known_vol_rolling_252,0.05,test_valid,valid,0.0132
269,known_vol_rolling_252,0.05,test_valid,valid,0.0134
270,known_vol_rolling_252,0.05,test_valid,valid,0.0136
271,known_vol_rolling_252,0.05,test_valid,valid,0.0138
272,known_vol_rolling_252,0.05,test_valid,valid,0.0138
273,known_vol_rolling_252,0.05,test_valid,valid,0.014
274,known_vol_rolling_252,0.05,test_valid,valid,0.0142
275,known_vol_rolling_252,0.05,test_valid,valid,0.0146
276,known_vol_rolling_252,0.05,test_valid,valid,0.0148
277,known_vol_rolling_252,0.05,test_valid,valid,0.0152
278,known_vol_rolling_252,0.05,test_valid,valid,0.0154
279,known_vol_rolling_252,0.05,test_valid,valid,0.0158
280,known_vol_rolling_252,0.05,test_valid,valid,0.0158
281,known_vol_rolling_252,0.05,test_valid,valid,0.0158
282,known_vol_rolling_252,0.05,test_valid,valid,0.016
283,known_vol_rolling_252,0.05,test_valid,valid,0.016
284,known_vol_rolling_252,0.05,test_valid,valid,0.0162
285,known_vol_rolling_252,0.05,test_valid,valid,0.0162
286,known_vol_rolling_252,0.05,test_valid,valid,0.0162
287,known_vol_rolling_252,0.05,test_valid,valid,0.0164
288,known_vol_rolling_252,0.05,test_valid,valid,0.0168
289,known_vol_rolling_252,0.05,test_valid,valid,0.0172
290,known_vol_rolling_252,0.05,test_valid,valid,0.0172
291,known_vol_rolling_252,0.05,test_valid,valid,0.0176
292,known_vol_rolling_252,0.05,test_valid,valid,0.0176
293,known_vol_rolling_252,0.05,test_valid,valid,0.0178
294,known_vol_rolling_252,0.05,test_valid,valid,0.0184
295,known_vol_rolling_252,0.05,test_valid,valid,0.0184
296,known_vol_rolling_252,0.05,test_valid,valid,0.0186
297,known_vol_rolling_252,0.05,test_valid,valid,0.0186
298,known_vol_rolling_252,0.05,test_valid,valid,0.019
299,known_vol_rolling_252,0.05,test_valid,valid,0.019
300,known_vol_rolling_252,0.05,test_valid,valid,0.019
301,known_vol_rolling_252,0.05,test_valid,valid,0.019
302,known_vol_rolling_252,0.05,test_valid,valid,0.019
303,known_vol_rolling_252,0.05,test_valid,valid,0.0192
304,known_vol_rolling_252,0.05,test_valid,valid,0.0192
305,known_vol_rolling_252,0.05,test_valid,valid,0.0192
306,known_vol_rolling_252,0.05,test_valid,valid,0.0192
307,known_vol_rolling_252,0.05,test_valid,valid,0.0192
308,known_vol_rolling_252,0.05,test_valid,valid,0.0198
309,known_vol_rolling_252,0.05,test_valid,valid,0.02
310,known_vol_rolling_252,0.05,test_valid,valid,0.02
311,known_vol_rolling_252,0.05,test_valid,valid,0.0202
312,known_vol_rolling_252,0.05,test_valid,valid,0.0202
313,known_vol_rolling_252,0.05,test_valid,valid,0.0202
314,known_vol_rolling_252,0.05,test_valid,valid,0.0202
315,known_vol_rolling_252,0.05,test_valid,valid,0.0206
316,known_vol_rolling_252,0.05,test_valid,valid,0.0208
317,known_vol_rolling_252,0.05,test_valid,valid,0.021
318,known_vol_rolling_252,0.05,test_valid,valid,0.021
319,known_vol_rolling_252,0.05,test_valid,valid,0.0212
320,known_vol_rolling_252,0.05,test_valid,valid,0.0214
321,known_vol_rolling_252,0.05,test_valid,valid,0.0214
322,known_vol_rolling_252,0.05,test_valid,valid,0.0214
323,known_vol_rolling_252,0.05,test_valid,valid,0.0218
324,known_vol_rolling_252,0.05,test_valid,valid,0.0218
325,known_vol_rolling_252,0.05,test_valid,valid,0.0218
326,known_vol_rolling_252,0.05,test_valid,valid,0.0222
327,known_vol_rolling_252,0.05,test_valid,valid,0.0228
328,known_vol_rolling_252,0.05,test_valid,valid,0.0228
329,known_vol_rolling_252,0.05,test_valid,valid,0.0232
330,known_vol_rolling_252,0.05,test_valid,valid,0.0232
331,known_vol_rolling_252,0.05,test_valid,valid,0.0232
332,known_vol_rolling_252,0.05,test_valid,valid,0.0238
333,known_vol_rolling_252,0.05,test_valid,valid,0.0238
334,known_vol_rolling_252,0.05,test_valid,valid,0.0238
335,known_vol_rolling_252,0.05,test_valid,valid,0.0238
336,known_vol_rolling_252,0.05,test_valid,valid,0.024
337,known_vol_rolling_252,0.05,test_valid,valid,0.0244
338,known_vol_rolling_252,0.05,test_valid,valid,0.0246
339,known_vol_rolling_252,0.05,test_valid,valid,0.0248
340,known_vol_rolling_252,0.05,test_valid,valid,0.0254
341,known_vol_rolling_252,0.05,test_valid,valid,0.0256
342,known_vol_rolling_252,0.05,test_valid,valid,0.0256
343,known_vol_rolling_252,0.05,test_valid,valid,0.0256
344,known_vol_rolling_252,0.05,test_valid,valid,0.0256
345,known_vol_rolling_252,0.05,test_valid,valid,0.0256
346,known_vol_rolling_252,0.05,test_valid,valid,0.0258
347,known_vol_rolling_252,0.05,test_valid,valid,0.0262
348,known_vol_rolling_252,0.05,test_valid,valid,0.0262
349,known_vol_rolling_252,0.05,test_valid,valid,0.0264
350,known_vol_rolling_252,0.05,test_valid,valid,0.0264
351,known_vol_rolling_252,0.05,test_valid,valid,0.0266
352,known_vol_rolling_252,0.05,test_valid,valid,0.0266
353,known_vol_rolling_252,0.05,test_valid,valid,0.0268
354,known_vol_rolling_252,0.05,test_valid,valid,0.0268
355,known_vol_rolling_252,0.05,test_valid,valid,0.027
356,known_vol_rolling_252,0.05,test_valid,valid,0.027
357,known_vol_rolling_252,0.05,test_valid,valid,0.0272
358,known_vol_rolling_252,0.05,test_valid,valid,0.0274
359,known_vol_rolling_252,0.05,test_valid,valid,0.0274
360,known_vol_rolling_252,0.05,test_valid,valid,0.0276
361,known_vol_rolling_252,0.05,test_valid,valid,0.0276
362,known_vol_rolling_252,0.05,test_valid,valid,0.0276
363,known_vol_rolling_252,0.05,test_valid,valid,0.0278
364,known_vol_rolling_252,0.05,test_valid,valid,0.028
365,known_vol_rolling_252,0.05,test_valid,valid,0.0282
366,known_vol_rolling_252,0.05,test_valid,valid,0.0284
367,known_vol_rolling_252,0.05,test_valid,valid,0.0288
368,known_vol_rolling_252,0.05,test_valid,valid,0.029
369,known_vol_rolling_252,0.05,test_valid,valid,0.0292
370,known_vol_rolling_252,0.05,test_valid,valid,0.0296
371,known_vol_rolling_252,0.05,test_valid,valid,0.0298
372,known_vol_rolling_252,0.05,test_valid,valid,0.03
373,known_vol_rolling_252,0.05,test_valid,valid,0.0304
374,known_vol_rolling_252,0.05,test_valid,valid,0.0308
375,known_vol_rolling_252,0.05,test_valid,valid,0.0314
376,known_vol_rolling_252,0.05,test_valid,valid,0.0314
377,known_vol_rolling_252,0.05,test_valid,valid,0.0316
378,known_vol_rolling_252,0.05,test_valid,valid,0.032
379,known_vol_rolling_252,0.05,test_valid,valid,0.0324
380,known_vol_rolling_252,0.05,test_valid,valid,0.0324
381,known_vol_rolling_252,0.05,test_valid,valid,0.0324
382,known_vol_rolling_252,0.05,test_valid,valid,0.0324
383,known_vol_rolling_252,0.05,test_valid,valid,0.0328
384,known_vol_rolling_252,0.05,test_valid,valid,0.033
385,known_vol_rolling_252,0.05,test_valid,valid,0.0334
386,known_vol_rolling_252,0.05,test_valid,valid,0.0338
387,known_vol_rolling_252,0.05,test_valid,valid,0.0338
388,known_vol_rolling_252,0.05,test_valid,valid,0.0338
389,known_vol_rolling_252,0.05,test_valid,valid,0.0338
390,known_vol_rolling_252,0.05,test_valid,valid,0.034
391,known_vol_rolling_252,0.05,test_valid,valid,0.034
392,known_vol_rolling_252,0.05,test_valid,valid,0.034
393,known_vol_rolling_252,0.05,test_valid,valid,0.034
394,known_vol_rolling_252,0.05,test_valid,valid,0.0344
395,known_vol_rolling_252,0.05,test_valid,valid,0.0344
396,known_vol_rolling_252,0.05,test_valid,valid,0.0344
397,known_vol_rolling_252,0.05,test_valid,valid,0.0348
398,known_vol_rolling_252,0.05,test_valid,valid,0.035
399,known_vol_rolling_252,0.05,test_valid,valid,0.0354
400,known_vol_rolling_252,0.05,test_valid,valid,0.0354
401,known_vol_rolling_252,0.05,test_valid,valid,0.0356
402,known_vol_rolling_252,0.05,test_valid,valid,0.0358
403,known_vol_rolling_252,0.05,test_valid,valid,0.036
404,known_vol_rolling_252,0.05,test_valid,valid,0.0362
405,known_vol_rolling_252,0.05,test_valid,valid,0.0362
406,known_vol_rolling_252,0.05,test_valid,valid,0.0362
407,known_vol_rolling_252,0.05,test_valid,valid,0.0362
408,known_vol_rolling_252,0.05,test_valid,valid,0.0362
409,known_vol_rolling_252,0.05,test_valid,valid,0.0366
410,known_vol_rolling_252,0.05,test_valid,valid,0.0368
411,known_vol_rolling_252,0.05,test_valid,valid,0.0372
412,known_vol_rolling_252,0.05,test_valid,valid,0.0376
413,known_vol_rolling_252,0.05,test_valid,valid,0.038
414,known_vol_rolling_252,0.05,test_valid,valid,0.038
415,known_vol_rolling_252,0.05,test_valid,valid,0.0386
416,known_vol_rolling_252,0.05,test_valid,valid,0.0388
417,known_vol_rolling_252,0.05,test_valid,valid,0.0388
418,known_vol_rolling_252,0.05,test_valid,valid,0.0388
419,known_vol_rolling_252,0.05,test_valid,valid,0.0388
420,known_vol_rolling_252,0.05,test_valid,valid,0.0388
421,known_vol_rolling_252,0.05,test_valid,valid,0.0392
422,known_vol_rolling_252,0.05,test_valid,valid,0.0392
423,known_vol_rolling_252,0.05,test_valid,valid,0.0392
424,known_vol_rolling_252,0.05,test_valid,valid,0.0392
425,known_vol_rolling_252,0.05,test_valid,valid,0.0396
426,known_vol_rolling_252,0.05,test_valid,valid,0.0398
427,known_vol_rolling_252,0.05,test_valid,valid,0.04
428,known_vol_rolling_252,0.05,test_valid,valid,0.0402
429,known_vol_rolling_252,0.05,test_valid,valid,0.0406
430,known_vol_rolling_252,0.05,test_valid,valid,0.0408
431,known_vol_rolling_252,0.05,test_valid,valid,0.0416
432,known_vol_rolling_252,0.05,test_valid,valid,0.0416
433,known_vol_rolling_252,0.05,test_valid,valid,0.042
434,known_vol_rolling_252,0.05,test_valid,valid,0.042
435,known_vol_rolling_252,0.05,test_valid,valid,0.0422
436,known_vol_rolling_252,0.05,test_valid,valid,0.0424
437,known_vol_rolling_252,0.05,test_valid,valid,0.0424
438,known_vol_rolling_252,0.05,test_valid,valid,0.0426
439,known_vol_rolling_252,0.05,test_valid,valid,0.0428
440,known_vol_rolling_252,0.05,test_valid,valid,0.043
441,known_vol_rolling_252,0.05,test_valid,valid,0.043
442,known_vol_rolling_252,0.05,test_valid,valid,0.0432
443,known_vol_rolling_252,0.05,test_valid,valid,0.0434
444,known_vol_rolling_252,0.05,test_valid,valid,0.0434
445,known_vol_rolling_252,0.05,test_valid,valid,0.0438
446,known_vol_rolling_252,0.05,test_valid,valid,0.044
447,known_vol_rolling_252,0.05,test_valid,valid,0.044
448,known_vol_rolling_252,0.05,test_valid,valid,0.044
449,known_vol_rolling_252,0.05,test_valid,valid,0.044
450,known_vol_rolling_252,0.05,test_valid,valid,0.0444
451,known_vol_rolling_252,0.05,test_valid,valid,0.0448
452,known_vol_rolling_252,0.05,test_valid,valid,0.045
453,known_vol_rolling_252,0.05,test_valid,valid,0.0456
454,known_vol_rolling_252,0.05,test_valid,valid,0.0458
455,known_vol_rolling_252,0.05,test_valid,valid,0.046
456,known_vol_rolling_252,0.05,test_valid,valid,0.0464
457,known_vol_rolling_252,0.05,test_valid,valid,0.0464
458,known_vol_rolling_252,0.05,test_valid,valid,0.0464
459,known_vol_rolling_252,0.05,test_valid,valid,0.0466
460,known_vol_rolling_252,0.05,test_valid,valid,0.0466
461,known_vol_rolling_252,0.05,test_valid,valid,0.0466
462,known_vol_rolling_252,0.05,test_valid,valid,0.0466
463,known_vol_rolling_252,0.05,test_valid,valid,0.047
464,known_vol_rolling_252,0.05,test_valid,valid,0.0474
465,known_vol_rolling_252,0.05,test_valid,valid,0.0476
466,known_vol_rolling_252,0.05,test_valid,valid,0.0476
467,known_vol_rolling_252,0.05,test_valid,valid,0.0476
468,known_vol_rolling_252,0.05,test_valid,valid,0.0476
469,known_vol_rolling_252,0.05,test_valid,valid,0.0476
470,known_vol_rolling_252,0.05,test_valid,valid,0.0478
471,known_vol_rolling_252,0.05,test_valid,valid,0.048
472,known_vol_rolling_252,0.05,test_valid,valid,0.048
473,known_vol_rolling_252,0.05,test_valid,valid,0.048
474,known_vol_rolling_252,0.05,test_valid,valid,0.0482
475,known_vol_rolling_252,0.05,test_valid,valid,0.0484
476,known_vol_rolling_252,0.05,test_valid,valid,0.0484
477,known_vol_rolling_252,0.05,test_valid,valid,0.0488
478,known_vol_rolling_252,0.05,test_valid,valid,0.0488
479,known_vol_rolling_252,0.05,test_valid,valid,0.0488
480,known_vol_rolling_252,0.05,test_valid,valid,0.0488
481,known_vol_rolling_252,0.05,test_valid,valid,0.049
482,known_vol_rolling_252,0.05,test_valid,valid,0.0492
483,known_vol_rolling_252,0.05,test_valid,valid,0.0494
484,known_vol_rolling_252,0.05,test_valid,valid,0.0496
485,known_vol_rolling_252,0.05,test_valid,valid,0.0496
486,known_vol_rolling_252,0.05,test_valid,valid,0.0496
487,known_vol_rolling_252,0.05,test_valid,valid,0.05
488,known_vol_rolling_252,0.05,test_valid,valid,0.05
489,known_vol_rolling_252,0.05,test_valid,valid,0.05
490,known_vol_rolling_252,0.05,test_valid,valid,0.05
491,known_vol_rolling_252,0.05,test_valid,valid,0.05
492,known_vol_rolling_252,0.05,test_valid,valid,0.05
493,known_vol_rolling_252,0.05,test_valid,valid,0.05
494,known_vol_rolling_252,0.05,test_valid,valid,0.0502
495,known_vol_rolling_252,0.05,test_valid,valid,0.0504
496,known_vol_rolling_252,0.05,test_valid,valid,0.0508
497,known_vol_rolling_252,0.05,test_valid,valid,0.0512
498,known_vol_rolling_252,0.05,test_valid,valid,0.0516
499,known_vol_rolling_252,0.05,test_valid,valid,0.0516
500,known_vol_rolling_252,0.05,test_valid,valid,0.0524
501,known_vol_rolling_252,0.05,test_valid,valid,0.0526
502,known_vol_rolling_252,0.05,test_valid,valid,0.0528
503,known_vol_rolling_252,0.05,test_valid,valid,0.0532
504,known_vol_rolling_252,0.05,test_valid,valid,0.0532
1,known_vol_rolling_252,0.05,test_invalid,invalid,0.0
2,known_vol_rolling_252,0.05,test_invalid,invalid,0.0
3,known_vol_rolling_252,0.05,test_invalid,invalid,0.0
4,known_vol_rolling_252,0.05,test_invalid,invalid,0.0
5,known_vol_rolling_252,0.05,test_invalid,invalid,0.0
6,known_vol_rolling_252,0.05,test_invalid,invalid,0.0
7,known_vol_rolling_252,0.05,test_invalid,invalid,0.0
8,known_vol_rolling_252,0.05,test_invalid,invalid,0.0
9,known_vol_rolling_252,0.05,test_invalid,invalid,0.0
10,known_vol_rolling_252,0.05,test_invalid,invalid,0.0
11,known_vol_rolling_252,0.05,test_invalid,invalid,0.0
12,known_vol_rolling_252,0.05,test_invalid,invalid,0.0
13,known_vol_rolling_252,0.05,test_invalid,invalid,0.0
14,known_vol_rolling_252,0.05,test_invalid,invalid,0.0
15,known_vol_rolling_252,0.05,test_invalid,invalid,0.0
16,known_vol_rolling_252,0.05,test_invalid,invalid,0.0
17,known_vol_rolling_252,0.05,test_invalid,invalid,0.0
18,known_vol_rolling_252,0.05,test_invalid,invalid,0.0
19,known_vol_rolling_252,0.05,test_invalid,invalid,0.0
20,known_vol_rolling_252,0.05,test_invalid,invalid,0.0
21,known_vol_rolling_252,0.05,test_invalid,invalid,0.0
22,known_vol_rolling_252,0.05,test_invalid,invalid,0.0
23,known_vol_rolling_252,0.05,test_invalid,invalid,0.0
24,known_vol_rolling_252,0.05,test_invalid,invalid,0.0
25,known_vol_rolling_252,0.05,test_invalid,invalid,0.0
26,known_vol_rolling_252,0.05,test_invalid,invalid,0.0
27,known_vol_rolling_252,0.05,test_invalid,invalid,0.0
28,known_vol_rolling_252,0.05,test_invalid,invalid,0.0
29,known_vol_rolling_252,0.05,test_invalid,invalid,0.0
30,known_vol_rolling_252,0.05,test_invalid,invalid,0.0
31,known_vol_rolling_252,0.05,test_invalid,invalid,0.0
32,known_vol_rolling_252,0.05,test_invalid,invalid,0.0
33,known_vol_rolling_252,0.05,test_invalid,invalid,0.0
34,known_vol_rolling_252,0.05,test_invalid,invalid,0.0
35,known_vol_rolling_252,0.05,test_invalid,invalid,0.0
36,known_vol_rolling_252,0.05,test_invalid,invalid,0.0
37,known_vol_rolling_252,0.05,test_invalid,invalid,0.0
38,known_vol_rolling_252,0.05,test_invalid,invalid,0.0
39,known_vol_rolling_252,0.05,test_invalid,invalid,0.0
40,known_vol_rolling_252,0.05,test_invalid,invalid,0.0
41,known_vol_rolling_252,0.05,test_invalid,invalid,0.0
42,known_vol_rolling_252,0.05,test_invalid,invalid,0.0
43,known_vol_rolling_252,0.05,test_invalid,invalid,0.0
44,known_vol_rolling_252,0.05,test_invalid,invalid,0.0
45,known_vol_rolling_252,0.05,test_invalid,invalid,0.0
46,known_vol_rolling_252,0.05,test_invalid,invalid,0.0
47,known_vol_rolling_252,0.05,test_invalid,invalid,0.0
48,known_vol_rolling_252,0.05,test_invalid,invalid,0.0
49,known_vol_rolling_252,0.05,test_invalid,invalid,0.0
50,known_vol_rolling_252,0.05,test_invalid,invalid,0.0
51,known_vol_rolling_252,0.05,test_invalid,invalid,0.0
52,known_vol_rolling_252,0.05,test_invalid,invalid,0.0
53,known_vol_rolling_252,0.05,test_invalid,invalid,0.0
54,known_vol_rolling_252,0.05,test_invalid,invalid,0.0
55,known_vol_rolling_252,0.05,test_invalid,invalid,0.0
56,known_vol_rolling_252,0.05,test_invalid,invalid,0.0
57,known_vol_rolling_252,0.05,test_invalid,invalid,0.0
58,known_vol_rolling_252,0.05,test_invalid,invalid,0.0
59,known_vol_rolling_252,0.05,test_invalid,invalid,0.0
60,known_vol_rolling_252,0.05,test_invalid,invalid,0.0
61,known_vol_rolling_252,0.05,test_invalid,invalid,0.0
62,known_vol_rolling_252,0.05,test_invalid,invalid,0.0
63,known_vol_rolling_252,0.05,test_invalid,invalid,0.0
64,known_vol_rolling_252,0.05,test_invalid,invalid,0.0
65,known_vol_rolling_252,0.05,test_invalid,invalid,0.0
66,known_vol_rolling_252,0.05,test_invalid,invalid,0.0
67,known_vol_rolling_252,0.05,test_invalid,invalid,0.0
68,known_vol_rolling_252,0.05,test_invalid,invalid,0.0
69,known_vol_rolling_252,0.05,test_invalid,invalid,0.0
70,known_vol_rolling_252,0.05,test_invalid,invalid,0.0
71,known_vol_rolling_252,0.05,test_invalid,invalid,0.0
72,known_vol_rolling_252,0.05,test_invalid,invalid,0.0
73,known_vol_rolling_252,0.05,test_invalid,invalid,0.0
74,known_vol_rolling_252,0.05,test_invalid,invalid,0.0
75,known_vol_rolling_252,0.05,test_invalid,invalid,0.0
76,known_vol_rolling_252,0.05,test_invalid,invalid,0.0
77,known_vol_rolling_252,0.05,test_invalid,invalid,0.0
78,known_vol_rolling_252,0.05,test_invalid,invalid,0.0
79,known_vol_rolling_252,0.05,test_invalid,invalid,0.0
80,known_vol_rolling_252,0.05,test_invalid,invalid,0.0
81,known_vol_rolling_252,0.05,test_invalid,invalid,0.0
82,known_vol_rolling_252,0.05,test_invalid,invalid,0.0
83,known_vol_rolling_252,0.05,test_invalid,invalid,0.0
84,known_vol_rolling_252,0.05,test_invalid,invalid,0.0
85,known_vol_rolling_252,0.05,test_invalid,invalid,0.0
86,known_vol_rolling_252,0.05,test_invalid,invalid,0.0
87,known_vol_rolling_252,0.05,test_invalid,invalid,0.0
88,known_vol_rolling_252,0.05,test_invalid,invalid,0.0
89,known_vol_rolling_252,0.05,test_invalid,invalid,0.0
90,known_vol_rolling_252,0.05,test_invalid,invalid,0.0
91,known_vol_rolling_252,0.05,test_invalid,invalid,0.0
92,known_vol_rolling_252,0.05,test_invalid,invalid,0.0
93,known_vol_rolling_252,0.05,test_invalid,invalid,0.0
94,known_vol_rolling_252,0.05,test_invalid,invalid,0.0
95,known_vol_rolling_252,0.05,test_invalid,invalid,0.0
96,known_vol_rolling_252,0.05,test_invalid,invalid,0.0
97,known_vol_rolling_252,0.05,test_invalid,invalid,0.0
98,known_vol_rolling_252,0.05,test_invalid,invalid,0.0
99,known_vol_rolling_252,0.05,test_invalid,invalid,0.0
100,known_vol_rolling_252,0.05,test_invalid,invalid,0.0
101,known_vol_rolling_252,0.05,test_invalid,invalid,0.0
102,known_vol_rolling_252,0.05,test_invalid,invalid,0.0
103,known_vol_rolling_252,0.05,test_invalid,invalid,0.0
104,known_vol_rolling_252,0.05,test_invalid,invalid,0.0
105,known_vol_rolling_252,0.05,test_invalid,invalid,0.0
106,known_vol_rolling_252,0.05,test_invalid,invalid,0.0
107,known_vol_rolling_252,0.05,test_invalid,invalid,0.0
108,known_vol_rolling_252,0.05,test_invalid,invalid,0.0
109,known_vol_rolling_252,0.05,test_invalid,invalid,0.0
110,known_vol_rolling_252,0.05,test_invalid,invalid,0.0
111,known_vol_rolling_252,0.05,test_invalid,invalid,0.0
112,known_vol_rolling_252,0.05,test_invalid,invalid,0.0
113,known_vol_rolling_252,0.05,test_invalid,invalid,0.0
114,known_vol_rolling_252,0.05,test_invalid,invalid,0.0
115,known_vol_rolling_252,0.05,test_invalid,invalid,0.0
116,known_vol_rolling_252,0.05,test_invalid,invalid,0.0
117,known_vol_rolling_252,0.05,test_invalid,invalid,0.0
118,known_vol_rolling_252,0.05,test_invalid,invalid,0.0
119,known_vol_rolling_252,0.05,test_invalid,invalid,0.0
120,known_vol_rolling_252,0.05,test_invalid,invalid,0.0
121,known_vol_rolling_252,0.05,test_invalid,invalid,0.0
122,known_vol_rolling_252,0.05,test_invalid,invalid,0.0
123,known_vol_rolling_252,0.05,test_invalid,invalid,0.0
124,known_vol_rolling_252,0.05,test_invalid,invalid,0.0
125,known_vol_rolling_252,0.05,test_invalid,invalid,0.0
126,known_vol_rolling_252,0.05,test_invalid,invalid,0.0
127,known_vol_rolling_252,0.05,test_invalid,invalid,0.0
128,known_vol_rolling_252,0.05,test_invalid,invalid,0.0
129,known_vol_rolling_252,0.05,test_invalid,invalid,0.0
130,known_vol_rolling_252,0.05,test_invalid,invalid,0.0
131,known_vol_rolling_252,0.05,test_invalid,invalid,0.0
132,known_vol_rolling_252,0.05,test_invalid,invalid,0.0
133,known_vol_rolling_252,0.05,test_invalid,invalid,0.0
134,known_vol_rolling_252,0.05,test_invalid,invalid,0.0
135,known_vol_rolling_252,0.05,test_invalid,invalid,0.0
136,known_vol_rolling_252,0.05,test_invalid,invalid,0.0
137,known_vol_rolling_252,0.05,test_invalid,invalid,0.0
138,known_vol_rolling_252,0.05,test_invalid,invalid,0.0
139,known_vol_rolling_252,0.05,test_invalid,invalid,0.0
140,known_vol_rolling_252,0.05,test_invalid,invalid,0.0
141,known_vol_rolling_252,0.05,test_invalid,invalid,0.0
142,known_vol_rolling_252,0.05,test_invalid,invalid,0.0
143,known_vol_rolling_252,0.05,test_invalid,invalid,0.0
144,known_vol_rolling_252,0.05,test_invalid,invalid,0.0
145,known_vol_rolling_252,0.05,test_invalid,invalid,0.0
146,known_vol_rolling_252,0.05,test_invalid,invalid,0.0
147,known_vol_rolling_252,0.05,test_invalid,invalid,0.0
148,known_vol_rolling_252,0.05,test_invalid,invalid,0.0
149,known_vol_rolling_252,0.05,test_invalid,invalid,0.0
150,known_vol_rolling_252,0.05,test_invalid,invalid,0.0
151,known_vol_rolling_252,0.05,test_invalid,invalid,0.0
152,known_vol_rolling_252,0.05,test_invalid,invalid,0.0
153,known_vol_rolling_252,0.05,test_invalid,invalid,0.0
154,known_vol_rolling_252,0.05,test_invalid,invalid,0.0
155,known_vol_rolling_252,0.05,test_invalid,invalid,0.0
156,known_vol_rolling_252,0.05,test_invalid,invalid,0.0
157,known_vol_rolling_252,0.05,test_invalid,invalid,0.0
158,known_vol_rolling_252,0.05,test_invalid,invalid,0.0
159,known_vol_rolling_252,0.05,test_invalid,invalid,0.0
160,known_vol_rolling_252,0.05,test_invalid,invalid,0.0
161,known_vol_rolling_252,0.05,test_invalid,invalid,0.0
162,known_vol_rolling_252,0.05,test_invalid,invalid,0.0
163,known_vol_rolling_252,0.05,test_invalid,invalid,0.0
164,known_vol_rolling_252,0.05,test_invalid,invalid,0.0
165,known_vol_rolling_252,0.05,test_invalid,invalid,0.0
166,known_vol_rolling_252,0.05,test_invalid,invalid,0.0
167,known_vol_rolling_252,0.05,test_invalid,invalid,0.0
168,known_vol_rolling_252,0.05,test_invalid,invalid,0.0
169,known_vol_rolling_252,0.05,test_invalid,invalid,0.0
170,known_vol_rolling_252,0.05,test_invalid,invalid,0.0
171,known_vol_rolling_252,0.05,test_invalid,invalid,0.0
172,known_vol_rolling_252,0.05,test_invalid,invalid,0.0
173,known_vol_rolling_252,0.05,test_invalid,invalid,0.0
174,known_vol_rolling_252,0.05,test_invalid,invalid,0.0
175,known_vol_rolling_252,0.05,test_invalid,invalid,0.0
176,known_vol_rolling_252,0.05,test_invalid,invalid,0.0
177,known_vol_rolling_252,0.05,test_invalid,invalid,0.0
178,known_vol_rolling_252,0.05,test_invalid,invalid,0.0
179,known_vol_rolling_252,0.05,test_invalid,invalid,0.0
180,known_vol_rolling_252,0.05,test_invalid,invalid,0.0
181,known_vol_rolling_252,0.05,test_invalid,invalid,0.0
182,known_vol_rolling_252,0.05,test_invalid,invalid,0.0
183,known_vol_rolling_252,0.05,test_invalid,invalid,0.0
184,known_vol_rolling_252,0.05,test_invalid,invalid,0.0
185,known_vol_rolling_252,0.05,test_invalid,invalid,0.0
186,known_vol_rolling_252,0.05,test_invalid,invalid,0.0
187,known_vol_rolling_252,0.05,test_invalid,invalid,0.0
188,known_vol_rolling_252,0.05,test_invalid,invalid,0.0
189,known_vol_rolling_252,0.05,test_invalid,invalid,0.0
190,known_vol_rolling_252,0.05,test_invalid,invalid,0.0
191,known_vol_rolling_252,0.05,test_invalid,invalid,0.0
192,known_vol_rolling_252,0.05,test_invalid,invalid,0.0
193,known_vol_rolling_252,0.05,test_invalid,invalid,0.0
194,known_vol_rolling_252,0.05,test_invalid,invalid,0.0
195,known_vol_rolling_252,0.05,test_invalid,invalid,0.0
196,known_vol_rolling_252,0.05,test_invalid,invalid,0.0
197,known_vol_rolling_252,0.05,test_invalid,invalid,0.0
198,known_vol_rolling_252,0.05,test_invalid,invalid,0.0
199,known_vol_rolling_252,0.05,test_invalid,invalid,0.0
200,known_vol_rolling_252,0.05,test_invalid,invalid,0.0
201,known_vol_rolling_252,0.05,test_invalid,invalid,0.0
202,known_vol_rolling_252,0.05,test_invalid,invalid,0.0
203,known_vol_rolling_252,0.05,test_invalid,invalid,0.0
204,known_vol_rolling_252,0.05,test_invalid,invalid,0.0
205,known_vol_rolling_252,0.05,test_invalid,invalid,0.0
206,known_vol_rolling_252,0.05,test_invalid,invalid,0.0
207,known_vol_rolling_252,0.05,test_invalid,invalid,0.0
208,known_vol_rolling_252,0.05,test_invalid,invalid,0.0
209,known_vol_rolling_252,0.05,test_invalid,invalid,0.0
210,known_vol_rolling_252,0.05,test_invalid,invalid,0.0
211,known_vol_rolling_252,0.05,test_invalid,invalid,0.0
212,known_vol_rolling_252,0.05,test_invalid,invalid,0.0
213,known_vol_rolling_252,0.05,test_invalid,invalid,0.0
214,known_vol_rolling_252,0.05,test_invalid,invalid,0.0
215,known_vol_rolling_252,0.05,test_invalid,invalid,0.0
216,known_vol_rolling_252,0.05,test_invalid,invalid,0.0
217,known_vol_rolling_252,0.05,test_invalid,invalid,0.0
218,known_vol_rolling_252,0.05,test_invalid,invalid,0.0
219,known_vol_rolling_252,0.05,test_invalid,invalid,0.0
220,known_vol_rolling_252,0.05,test_invalid,invalid,0.0
221,known_vol_rolling_252,0.05,test_invalid,invalid,0.0
222,known_vol_rolling_252,0.05,test_invalid,invalid,0.0
223,known_vol_rolling_252,0.05,test_invalid,invalid,0.0
224,known_vol_rolling_252,0.05,test_invalid,invalid,0.0
225,known_vol_rolling_252,0.05,test_invalid,invalid,0.0
226,known_vol_rolling_252,0.05,test_invalid,invalid,0.0
227,known_vol_rolling_252,0.05,test_invalid,invalid,0.0
228,known_vol_rolling_252,0.05,test_invalid,invalid,0.0
229,known_vol_rolling_252,0.05,test_invalid,invalid,0.0
230,known_vol_rolling_252,0.05,test_invalid,invalid,0.0
231,known_vol_rolling_252,0.05,test_invalid,invalid,0.0
232,known_vol_rolling_252,0.05,test_invalid,invalid,0.0
233,known_vol_rolling_252,0.05,test_invalid,invalid,0.0
234,known_vol_rolling_252,0.05,test_invalid,invalid,0.0
235,known_vol_rolling_252,0.05,test_invalid,invalid,0.0
236,known_vol_rolling_252,0.05,test_invalid,invalid,0.0
237,known_vol_rolling_252,0.05,test_invalid,invalid,0.0
238,known_vol_rolling_252,0.05,test_invalid,invalid,0.0
239,known_vol_rolling_252,0.05,test_invalid,invalid,0.0
240,known_vol_rolling_252,0.05,test_invalid,invalid,0.0
241,known_vol_rolling_252,0.05,test_invalid,invalid,0.0
242,known_vol_rolling_252,0.05,test_invalid,invalid,0.0
243,known_vol_rolling_252,0.05,test_invalid,invalid,0.0
244,known_vol_rolling_252,0.05,test_invalid,invalid,0.0
245,known_vol_rolling_252,0.05,test_invalid,invalid,0.0
246,known_vol_rolling_252,0.05,test_invalid,invalid,0.0
247,known_vol_rolling_252,0.05,test_invalid,invalid,0.0
248,known_vol_rolling_252,0.05,test_invalid,invalid,0.0
249,known_vol_rolling_252,0.05,test_invalid,invalid,0.0
250,known_vol_rolling_252,0.05,test_invalid,invalid,0.0
251,known_vol_rolling_252,0.05,test_invalid,invalid,0.0
252,known_vol_rolling_252,0.05,test_invalid,invalid,0.0702
253,known_vol_rolling_252,0.05,test_invalid,invalid,0.0756
254,known_vol_rolling_252,0.05,test_invalid,invalid,0.0786
255,known_vol_rolling_252,0.05,test_invalid,invalid,0.082
256,known_vol_rolling_252,0.05,test_invalid,invalid,0.0838
257,known_vol_rolling_252,0.05,test_invalid,invalid,0.0858
258,known_vol_rolling_252,0.05,test_invalid,invalid,0.0878
259,known_vol_rolling_252,0.05,test_invalid,invalid,0.0898
260,known_vol_rolling_252,0.05,test_invalid,invalid,0.0912
261,known_vol_rolling_252,0.05,test_invalid,invalid,0.0928
262,known_vol_rolling_252,0.05,test_invalid,invalid,0.0946
263,known_vol_rolling_252,0.05,test_invalid,invalid,0.0964
264,known_vol_rolling_252,0.05,test_invalid,invalid,0.0974
265,known_vol_rolling_252,0.05,test_invalid,invalid,0.0988
266,known_vol_rolling_252,0.05,test_invalid,invalid,0.1
267,known_vol_rolling_252,0.05,test_invalid,invalid,0.101
268,known_vol_rolling_252,0.05,test_invalid,invalid,0.1024
269,known_vol_rolling_252,0.05,test_invalid,invalid,0.1046
270,known_vol_rolling_252,0.05,test_invalid,invalid,0.107
271,known_vol_rolling_252,0.05,test_invalid,invalid,0.108
272,known_vol_rolling_252,0.05,test_invalid,invalid,0.109
273,known_vol_rolling_252,0.05,test_invalid,invalid,0.1118
274,known_vol_rolling_252,0.05,test_invalid,invalid,0.1136
275,known_vol_rolling_252,0.05,test_invalid,invalid,0.1144
276,known_vol_rolling_252,0.05,test_invalid,invalid,0.1156
277,known_vol_rolling_252,0.05,test_invalid,invalid,0.1168
278,known_vol_rolling_252,0.05,test_invalid,invalid,0.1182
279,known_vol_rolling_252,0.05,test_invalid,invalid,0.1194
280,known_vol_rolling_252,0.05,test_invalid,invalid,0.1206
281,known_vol_rolling_252,0.05,test_invalid,invalid,0.1216
282,known_vol_rolling_252,0.05,test_invalid,invalid,0.1224
283,known_vol_rolling_252,0.05,test_invalid,invalid,0.1232
284,known_vol_rolling_252,0.05,test_invalid,invalid,0.1258
285,known_vol_rolling_252,0.05,test_invalid,invalid,0.1264
286,known_vol_rolling_252,0.05,test_invalid,invalid,0.1272
287,known_vol_rolling_252,0.05,test_invalid,invalid,0.1284
288,known_vol_rolling_252,0.05,test_invalid,invalid,0.1292
289,known_vol_rolling_252,0.05,test_invalid,invalid,0.1296
290,known_vol_rolling_252,0.05,test_invalid,invalid,0.1302
291,known_vol_rolling_252,0.05,test_invalid,invalid,0.132
292,known_vol_rolling_252,0.05,test_invalid,invalid,0.1332
293,known_vol_rolling_252,0.05,test_invalid,invalid,0.134
294,known_vol_rolling_252,0.05,test_invalid,invalid,0.1342
295,known_vol_rolling_252,0.05,test_invalid,invalid,0.135
296,known_vol_rolling_252,0.05,test_invalid,invalid,0.1364
297,known_vol_rolling_252,0.05,test_invalid,invalid,0.137
298,known_vol_rolling_252,0.05,test_invalid,invalid,0.1376
299,known_vol_rolling_252,0.05,test_invalid,invalid,0.1388
300,known_vol_rolling_252,0.05,test_invalid,invalid,0.1398
301,known_vol_rolling_252,0.05,test_invalid,invalid,0.1406
302,known_vol_rolling_252,0.05,test_invalid,invalid,0.1416
303,known_vol_rolling_252,0.05,test_invalid,invalid,0.142
304,known_vol_rolling_252,0.05,test_invalid,invalid,0.143
305,known_vol_rolling_252,0.05,test_invalid,invalid,0.144
306,known_vol_rolling_252,0.05,test_invalid,invalid,0.1446
307,known_vol_rolling_252,0.05,test_invalid,invalid,0.1458
308,known_vol_rolling_252,0.05,test_invalid,invalid,0.1466
309,known_vol_rolling_252,0.05,test_invalid,invalid,0.1472
310,known_vol_rolling_252,0.05,test_invalid,invalid,0.1476
311,known_vol_rolling_252,0.05,test_invalid,invalid,0.148
312,known_vol_rolling_252,0.05,test_invalid,invalid,0.1492
313,known_vol_rolling_252,0.05,test_invalid,invalid,0.15
314,known_vol_rolling_252,0.05,test_invalid,invalid,0.1514
315,known_vol_rolling_252,0.05,test_invalid,invalid,0.1534
316,known_vol_rolling_252,0.05,test_invalid,invalid,0.154
317,known_vol_rolling_252,0.05,test_invalid,invalid,0.1542
318,known_vol_rolling_252,0.05,test_invalid,invalid,0.1556
319,known_vol_rolling_252,0.05,test_invalid,invalid,0.157
320,known_vol_rolling_252,0.05,test_invalid,invalid,0.1584
321,known_vol_rolling_252,0.05,test_invalid,invalid,0.1588
322,known_vol_rolling_252,0.05,test_invalid,invalid,0.16
323,known_vol_rolling_252,0.05,test_invalid,invalid,0.161
324,known_vol_rolling_252,0.05,test_invalid,invalid,0.1626
325,known_vol_rolling_252,0.05,test_invalid,invalid,0.1636
326,known_vol_rolling_252,0.05,test_invalid,invalid,0.1638
327,known_vol_rolling_252,0.05,test_invalid,invalid,0.1644
328,known_vol_rolling_252,0.05,test_invalid,invalid,0.1654
329,known_vol_rolling_252,0.05,test_invalid,invalid,0.1658
330,known_vol_rolling_252,0.05,test_invalid,invalid,0.1666
331,known_vol_rolling_252,0.05,test_invalid,invalid,0.1678
332,known_vol_rolling_252,0.05,test_invalid,invalid,0.1684
333,known_vol_rolling_252,0.05,test_invalid,invalid,0.1686
334,known_vol_rolling_252,0.05,test_invalid,invalid,0.1692
335,known_vol_rolling_252,0.05,test_invalid,invalid,0.1698
336,known_vol_rolling_252,0.05,test_invalid,invalid,0.172
337,known_vol_rolling_252,0.05,test_invalid,invalid,0.1722
338,known_vol_rolling_252,0.05,test_invalid,invalid,0.1728
339,known_vol_rolling_252,0.05,test_invalid,invalid,0.1734
340,known_vol_rolling_252,0.05,test_invalid,invalid,0.1746
341,known_vol_rolling_252,0.05,test_invalid,invalid,0.175
342,known_vol_rolling_252,0.05,test_invalid,invalid,0.1764
343,known_vol_rolling_252,0.05,test_invalid,invalid,0.177
344,known_vol_rolling_252,0.05,test_invalid,invalid,0.1794
345,known_vol_rolling_252,0.05,test_invalid,invalid,0.1796
346,known_vol_rolling_252,0.05,test_invalid,invalid,0.18
347,known_vol_rolling_252,0.05,test_invalid,invalid,0.181
348,known_vol_rolling_252,0.05,test_invalid,invalid,0.1814
349,known_vol_rolling_252,0.05,test_invalid,invalid,0.182
350,known_vol_rolling_252,0.05,test_invalid,invalid,0.1836
351,known_vol_rolling_252,0.05,test_invalid,invalid,0.1848
352,known_vol_rolling_252,0.05,test_invalid,invalid,0.1856
353,known_vol_rolling_252,0.05,test_invalid,invalid,0.1864
354,known_vol_rolling_252,0.05,test_invalid,invalid,0.1868
355,known_vol_rolling_252,0.05,test_invalid,invalid,0.1878
356,known_vol_rolling_252,0.05,test_invalid,invalid,0.1884
357,known_vol_rolling_252,0.05,test_invalid,invalid,0.1894
358,known_vol_rolling_252,0.05,test_invalid,invalid,0.1904
359,known_vol_rolling_252,0.05,test_invalid,invalid,0.1908
360,known_vol_rolling_252,0.05,test_invalid,invalid,0.192
361,known_vol_rolling_252,0.05,test_invalid,invalid,0.1932
362,known_vol_rolling_252,0.05,test_invalid,invalid,0.1938
363,known_vol_rolling_252,0.05,test_invalid,invalid,0.1946
364,known_vol_rolling_252,0.05,test_invalid,invalid,0.1954
365,known_vol_rolling_252,0.05,test_invalid,invalid,0.196
366,known_vol_rolling_252,0.05,test_invalid,invalid,0.1978
367,known_vol_rolling_252,0.05,test_invalid,invalid,0.1986
368,known_vol_rolling_252,0.05,test_invalid,invalid,0.1996
369,known_vol_rolling_252,0.05,test_invalid,invalid,0.201
370,known_vol_rolling_252,0.05,test_invalid,invalid,0.2024
371,known_vol_rolling_252,0.05,test_invalid,invalid,0.2032
372,known_vol_rolling_252,0.05,test_invalid,invalid,0.204
373,known_vol_rolling_252,0.05,test_invalid,invalid,0.2048
374,known_vol_rolling_252,0.05,test_invalid,invalid,0.2054
375,known_vol_rolling_252,0.05,test_invalid,invalid,0.2062
376,known_vol_rolling_252,0.05,test_invalid,invalid,0.2066
377,known_vol_rolling_252,0.05,test_invalid,invalid,0.2076
378,known_vol_rolling_252,0.05,test_invalid,invalid,0.208
379,known_vol_rolling_252,0.05,test_invalid,invalid,0.209
380,known_vol_rolling_252,0.05,test_invalid,invalid,0.2098
381,known_vol_rolling_252,0.05,test_invalid,invalid,0.2116
382,known_vol_rolling_252,0.05,test_invalid,invalid,0.2128
383,known_vol_rolling_252,0.05,test_invalid,invalid,0.2138
384,known_vol_rolling_252,0.05,test_invalid,invalid,0.2152
385,known_vol_rolling_252,0.05,test_invalid,invalid,0.217
386,known_vol_rolling_252,0.05,test_invalid,invalid,0.2176
387,known_vol_rolling_252,0.05,test_invalid,invalid,0.2186
388,known_vol_rolling_252,0.05,test_invalid,invalid,0.2192
389,known_vol_rolling_252,0.05,test_invalid,invalid,0.2204
390,known_vol_rolling_252,0.05,test_invalid,invalid,0.2208
391,known_vol_rolling_252,0.05,test_invalid,invalid,0.2218
392,known_vol_rolling_252,0.05,test_invalid,invalid,0.2226
393,known_vol_rolling_252,0.05,test_invalid,invalid,0.2238
394,known_vol_rolling_252,0.05,test_invalid,invalid,0.225
395,known_vol_rolling_252,0.05,test_invalid,invalid,0.2264
396,known_vol_rolling_252,0.05,test_invalid,invalid,0.227
397,known_vol_rolling_252,0.05,test_invalid,invalid,0.2276
398,known_vol_rolling_252,0.05,test_invalid,invalid,0.2286
399,known_vol_rolling_252,0.05,test_invalid,invalid,0.2298
400,known_vol_rolling_252,0.05,test_invalid,invalid,0.2312
401,known_vol_rolling_252,0.05,test_invalid,invalid,0.2322
402,known_vol_rolling_252,0.05,test_invalid,invalid,0.233
403,known_vol_rolling_252,0.05,test_invalid,invalid,0.2338
404,known_vol_rolling_252,0.05,test_invalid,invalid,0.235
405,known_vol_rolling_252,0.05,test_invalid,invalid,0.2364
406,known_vol_rolling_252,0.05,test_invalid,invalid,0.238
407,known_vol_rolling_252,0.05,test_invalid,invalid,0.2388
408,known_vol_rolling_252,0.05,test_invalid,invalid,0.2394
409,known_vol_rolling_252,0.05,test_invalid,invalid,0.24
410,known_vol_rolling_252,0.05,test_invalid,invalid,0.2406
411,known_vol_rolling_252,0.05,test_invalid,invalid,0.2416
412,known_vol_rolling_252,0.05,test_invalid,invalid,0.2424
413,known_vol_rolling_252,0.05,test_invalid,invalid,0.2428
414,known_vol_rolling_252,0.05,test_invalid,invalid,0.2432
415,known_vol_rolling_252,0.05,test_invalid,invalid,0.2438
416,known_vol_rolling_252,0.05,test_invalid,invalid,0.2454
417,known_vol_rolling_252,0.05,test_invalid,invalid,0.2458
418,known_vol_rolling_252,0.05,test_invalid,invalid,0.2462
419,known_vol_rolling_252,0.05,test_invalid,invalid,0.2472
420,known_vol_rolling_252,0.05,test_invalid,invalid,0.2474
421,known_vol_rolling_252,0.05,test_invalid,invalid,0.248
422,known_vol_rolling_252,0.05,test_invalid,invalid,0.2488
423,known_vol_rolling_252,0.05,test_invalid,invalid,0.2494
424,known_vol_rolling_252,0.05,test_invalid,invalid,0.2498
425,known_vol_rolling_252,0.05,test_invalid,invalid,0.2508
426,known_vol_rolling_252,0.05,test_invalid,invalid,0.2516
427,known_vol_rolling_252,0.05,test_invalid,invalid,0.2528
428,known_vol_rolling_252,0.05,test_invalid,invalid,0.2536
429,known_vol_rolling_252,0.05,test_invalid,invalid,0.2538
430,known_vol_rolling_252,0.05,test_invalid,invalid,0.2554
431,known_vol_rolling_252,0.05,test_invalid,invalid,0.2562
432,known_vol_rolling_252,0.05,test_invalid,invalid,0.2564
433,known_vol_rolling_252,0.05,test_invalid,invalid,0.2572
434,known_vol_rolling_252,0.05,test_invalid,invalid,0.2574
435,known_vol_rolling_252,0.05,test_invalid,invalid,0.2584
436,known_vol_rolling_252,0.05,test_invalid,invalid,0.2594
437,known_vol_rolling_252,0.05,test_invalid,invalid,0.2604
438,known_vol_rolling_252,0.05,test_invalid,invalid,0.2616
439,known_vol_rolling_252,0.05,test_invalid,invalid,0.2624
440,known_vol_rolling_252,0.05,test_invalid,invalid,0.263
441,known_vol_rolling_252,0.05,test_invalid,invalid,0.2638
442,known_vol_rolling_252,0.05,test_invalid,invalid,0.2652
443,known_vol_rolling_252,0.05,test_invalid,invalid,0.2654
444,known_vol_rolling_252,0.05,test_invalid,invalid,0.2656
445,known_vol_rolling_252,0.05,test_invalid,invalid,0.2658
446,known_vol_rolling_252,0.05,test_invalid,invalid,0.2666
447,known_vol_rolling_252,0.05,test_invalid,invalid,0.267
448,known_vol_rolling_252,0.05,test_invalid,invalid,0.268
449,known_vol_rolling_252,0.05,test_invalid,invalid,0.2686
450,known_vol_rolling_252,0.05,test_invalid,invalid,0.2694
451,known_vol_rolling_252,0.05,test_invalid,invalid,0.2698
452,known_vol_rolling_252,0.05,test_invalid,invalid,0.2706
453,known_vol_rolling_252,0.05,test_invalid,invalid,0.2712
454,known_vol_rolling_252,0.05,test_invalid,invalid,0.272
455,known_vol_rolling_252,0.05,test_invalid,invalid,0.2724
456,known_vol_rolling_252,0.05,test_invalid,invalid,0.2726
457,known_vol_rolling_252,0.05,test_invalid,invalid,0.2736
458,known_vol_rolling_252,0.05,test_invalid,invalid,0.2744
459,known_vol_rolling_252,0.05,test_invalid,invalid,0.2754
460,known_vol_rolling_252,0.05,test_invalid,invalid,0.2758
461,known_vol_rolling_252,0.05,test_invalid,invalid,0.2768
462,known_vol_rolling_252,0.05,test_invalid,invalid,0.2772
463,known_vol_rolling_252,0.05,test_invalid,invalid,0.2776
464,known_vol_rolling_252,0.05,test_invalid,invalid,0.2786
465,known_vol_rolling_252,0.05,test_invalid,invalid,0.279
466,known_vol_rolling_252,0.05,test_invalid,invalid,0.2792
467,known_vol_rolling_252,0.05,test_invalid,invalid,0.2794
468,known_vol_rolling_252,0.05,test_invalid,invalid,0.2798
469,known_vol_rolling_252,0.05,test_invalid,invalid,0.2808
470,known_vol_rolling_252,0.05,test_invalid,invalid,0.2816
471,known_vol_rolling_252,0.05,test_invalid,invalid,0.2826
472,known_vol_rolling_252,0.05,test_invalid,invalid,0.2838
473,known_vol_rolling_252,0.05,test_invalid,invalid,0.2848
474,known_vol_rolling_252,0.05,test_invalid,invalid,0.2858
475,known_vol_rolling_252,0.05,test_invalid,invalid,0.287
476,known_vol_rolling_252,0.05,test_invalid,invalid,0.2876
477,known_vol_rolling_252,0.05,test_invalid,invalid,0.2886
478,known_vol_rolling_252,0.05,test_invalid,invalid,0.2892
479,known_vol_rolling_252,0.05,test_invalid,invalid,0.2904
480,known_vol_rolling_252,0.05,test_invalid,invalid,0.2914
481,known_vol_rolling_252,0.05,test_invalid,invalid,0.2922
482,known_vol_rolling_252,0.05,test_invalid,invalid,0.2924
483,known_vol_rolling_252,0.05,test_invalid,invalid,0.2932
484,known_vol_rolling_252,0.05,test_invalid,invalid,0.294
485,known_vol_rolling_252,0.05,test_invalid,invalid,0.2946
486,known_vol_rolling_252,0.05,test_invalid,invalid,0.2952
487,known_vol_rolling_252,0.05,test_invalid,invalid,0.2958
488,known_vol_rolling_252,0.05,test_invalid,invalid,0.297
489,known_vol_rolling_252,0.05,test_invalid,invalid,0.298
490,known_vol_rolling_252,0.05,test_invalid,invalid,0.2986
491,known_vol_rolling_252,0.05,test_invalid,invalid,0.2992
492,known_vol_rolling_252,0.05,test_invalid,invalid,0.3002
493,known_vol_rolling_252,0.05,test_invalid,invalid,0.301
494,known_vol_rolling_252,0.05,test_invalid,invalid,0.3024
495,known_vol_rolling_252,0.05,test_invalid,invalid,0.3032
496,known_vol_rolling_252,0.05,test_invalid,invalid,0.3038
497,known_vol_rolling_252,0.05,test_invalid,invalid,0.3052
498,known_vol_rolling_252,0.05,test_invalid,invalid,0.3062
499,known_vol_rolling_252,0.05,test_invalid,invalid,0.3072
500,known_vol_rolling_252,0.05,test_invalid,invalid,0.308
501,known_vol_rolling_252,0.05,test_invalid,invalid,0.3086
502,known_vol_rolling_252,0.05,test_invalid,invalid,0.3098
503,known_vol_rolling_252,0.05,test_invalid,invalid,0.3108
504,known_vol_rolling_252,0.05,test_invalid,invalid,0.3124
1,known_vol_rolling_252,0.15,test_valid,valid,0.0
2,known_vol_rolling_252,0.15,test_valid,valid,0.0
3,known_vol_rolling_252,0.15,test_valid,valid,0.0
4,known_vol_rolling_252,0.15,test_valid,valid,0.0
5,known_vol_rolling_252,0.15,test_valid,valid,0.0
6,known_vol_rolling_252,0.15,test_valid,valid,0.0
7,known_vol_rolling_252,0.15,test_valid,valid,0.0
8,known_vol_rolling_252,0.15,test_valid,valid,0.0
9,known_vol_rolling_252,0.15,test_valid,valid,0.0
10,known_vol_rolling_252,0.15,test_valid,valid,0.0
11,known_vol_rolling_252,0.15,test_valid,valid,0.0
12,known_vol_rolling_252,0.15,test_valid,valid,0.0
13,known_vol_rolling_252,0.15,test_valid,valid,0.0
14,known_vol_rolling_252,0.15,test_valid,valid,0.0
15,known_vol_rolling_252,0.15,test_valid,valid,0.0
16,known_vol_rolling_252,0.15,test_valid,valid,0.0
17,known_vol_rolling_252,0.15,test_valid,valid,0.0
18,known_vol_rolling_252,0.15,test_valid,valid,0.0
19,known_vol_rolling_252,0.15,test_valid,valid,0.0
20,known_vol_rolling_252,0.15,test_valid,valid,0.0
21,known_vol_rolling_252,0.15,test_valid,valid,0.0
22,known_vol_rolling_252,0.15,test_valid,valid,0.0
23,known_vol_rolling_252,0.15,test_valid,valid,0.0
24,known_vol_rolling_252,0.15,test_valid,valid,0.0
25,known_vol_rolling_252,0.15,test_valid,valid,0.0
26,known_vol_rolling_252,0.15,test_valid,valid,0.0
27,known_vol_rolling_252,0.15,test_valid,valid,0.0
28,known_vol_rolling_252,0.15,test_valid,valid,0.0
29,known_vol_rolling_252,0.15,test_valid,valid,0.0
30,known_vol_rolling_252,0.15,test_valid,valid,0.0
31,known_vol_rolling_252,0.15,test_valid,valid,0.0
32,known_vol_rolling_252,0.15,test_valid,valid,0.0
33,known_vol_rolling_252,0.15,test_valid,valid,0.0
34,known_vol_rolling_252,0.15,test_valid,valid,0.0
35,known_vol_rolling_252,0.15,test_valid,valid,0.0
36,known_vol_rolling_252,0.15,test_valid,valid,0.0
37,known_vol_rolling_252,0.15,test_valid,valid,0.0
38,known_vol_rolling_252,0.15,test_valid,valid,0.0
39,known_vol_rolling_252,0.15,test_valid,valid,0.0
40,known_vol_rolling_252,0.15,test_valid,valid,0.0
41,known_vol_rolling_252,0.15,test_valid,valid,0.0
42,known_vol_rolling_252,0.15,test_valid,valid,0.0
43,known_vol_rolling_252,0.15,test_valid,valid,0.0
44,known_vol_rolling_252,0.15,test_valid,valid,0.0
45,known_vol_rolling_252,0.15,test_valid,valid,0.0
46,known_vol_rolling_252,0.15,test_valid,valid,0.0
47,known_vol_rolling_252,0.15,test_valid,valid,0.0
48,known_vol_rolling_252,0.15,test_valid,valid,0.0
49,known_vol_rolling_252,0.15,test_valid,valid,0.0
50,known_vol_rolling_252,0.15,test_valid,valid,0.0
51,known_vol_rolling_252,0.15,test_valid,valid,0.0
52,known_vol_rolling_252,0.15,test_valid,valid,0.0
53,known_vol_rolling_252,0.15,test_valid,valid,0.0
54,known_vol_rolling_252,0.15,test_valid,valid,0.0
55,known_vol_rolling_252,0.15,test_valid,valid,0.0
56,known_vol_rolling_252,0.15,test_valid,valid,0.0
57,known_vol_rolling_252,0.15,test_valid,valid,0.0
58,known_vol_rolling_252,0.15,test_valid,valid,0.0
59,known_vol_rolling_252,0.15,test_valid,valid,0.0
60,known_vol_rolling_252,0.15,test_valid,valid,0.0
61,known_vol_rolling_252,0.15,test_valid,valid,0.0
62,known_vol_rolling_252,0.15,test_valid,valid,0.0
63,known_vol_rolling_252,0.15,test_valid,valid,0.0
64,known_vol_rolling_252,0.15,test_valid,valid,0.0
65,known_vol_rolling_252,0.15,test_valid,valid,0.0
66,known_vol_rolling_252,0.15,test_valid,valid,0.0
67,known_vol_rolling_252,0.15,test_valid,valid,0.0
68,known_vol_rolling_252,0.15,test_valid,valid,0.0
69,known_vol_rolling_252,0.15,test_valid,valid,0.0
70,known_vol_rolling_252,0.15,test_valid,valid,0.0
71,known_vol_rolling_252,0.15,test_valid,valid,0.0
72,known_vol_rolling_252,0.15,test_valid,valid,0.0
73,known_vol_rolling_252,0.15,test_valid,valid,0.0
74,known_vol_rolling_252,0.15,test_valid,valid,0.0
75,known_vol_rolling_252,0.15,test_valid,valid,0.0
76,known_vol_rolling_252,0.15,test_valid,valid,0.0
77,known_vol_rolling_252,0.15,test_valid,valid,0.0
78,known_vol_rolling_252,0.15,test_valid,valid,0.0
79,known_vol_rolling_252,0.15,test_valid,valid,0.0
80,known_vol_rolling_252,0.15,test_valid,valid,0.0
81,known_vol_rolling_252,0.15,test_valid,valid,0.0
82,known_vol_rolling_252,0.15,test_valid,valid,0.0
83,known_vol_rolling_252,0.15,test_valid,valid,0.0
84,known_vol_rolling_252,0.15,test_valid,valid,0.0
85,known_vol_rolling_252,0.15,test_valid,valid,0.0
86,known_vol_rolling_252,0.15,test_valid,valid,0.0
87,known_vol_rolling_252,0.15,test_valid,valid,0.0
88,known_vol_rolling_252,0.15,test_valid,valid,0.0
89,known_vol_rolling_252,0.15,test_valid,valid,0.0
90,known_vol_rolling_252,0.15,test_valid,valid,0.0
91,known_vol_rolling_252,0.15,test_valid,valid,0.0
92,known_vol_rolling_252,0.15,test_valid,valid,0.0
93,known_vol_rolling_252,0.15,test_valid,valid,0.0
94,known_vol_rolling_252,0.15,test_valid,valid,0.0
95,known_vol_rolling_252,0.15,test_valid,valid,0.0
96,known_vol_rolling_252,0.15,test_valid,valid,0.0
97,known_vol_rolling_252,0.15,test_valid,valid,0.0
98,known_vol_rolling_252,0.15,test_valid,valid,0.0
99,known_vol_rolling_252,0.15,test_valid,valid,0.0
100,known_vol_rolling_252,0.15,test_valid,valid,0.0
101,known_vol_rolling_252,0.15,test_valid,valid,0.0
102,known_vol_rolling_252,0.15,test_valid,valid,0.0
103,known_vol_rolling_252,0.15,test_valid,valid,0.0
104,known_vol_rolling_252,0.15,test_valid,valid,0.0
105,known_vol_rolling_252,0.15,test_valid,valid,0.0
106,known_vol_rolling_252,0.15,test_valid,valid,0.0
107,known_vol_rolling_252,0.15,test_valid,valid,0.0
108,known_vol_rolling_252,0.15,test_valid,valid,0.0
109,known_vol_rolling_252,0.15,test_valid,valid,0.0
110,known_vol_rolling_252,0.15,test_valid,valid,0.0
111,known_vol_rolling_252,0.15,test_valid,valid,0.0
112,known_vol_rolling_252,0.15,test_valid,valid,0.0
113,known_vol_rolling_252,0.15,test_valid,valid,0.0
114,known_vol_rolling_252,0.15,test_valid,valid,0.0
115,known_vol_rolling_252,0.15,test_valid,valid,0.0
116,known_vol_rolling_252,0.15,test_valid,valid,0.0
117,known_vol_rolling_252,0.15,test_valid,valid,0.0
118,known_vol_rolling_252,0.15,test_valid,valid,0.0
119,known_vol_rolling_252,0.15,test_valid,valid,0.0
120,known_vol_rolling_252,0.15,test_valid,valid,0.0
121,known_vol_rolling_252,0.15,test_valid,valid,0.0
122,known_vol_rolling_252,0.15,test_valid,valid,0.0
123,known_vol_rolling_252,0.15,test_valid,valid,0.0
124,known_vol_rolling_252,0.15,test_valid,valid,0.0
125,known_vol_rolling_252,0.15,test_valid,valid,0.0
126,known_vol_rolling_252,0.15,test_valid,valid,0.0
127,known_vol_rolling_252,0.15,test_valid,valid,0.0
128,known_vol_rolling_252,0.15,test_valid,valid,0.0
129,known_vol_rolling_252,0.15,test_valid,valid,0.0
130,known_vol_rolling_252,0.15,test_valid,valid,0.0
131,known_vol_rolling_252,0.15,test_valid,valid,0.0
132,known_vol_rolling_252,0.15,test_valid,valid,0.0
133,known_vol_rolling_252,0.15,test_valid,valid,0.0
134,known_vol_rolling_252,0.15,test_valid,valid,0.0
135,known_vol_rolling_252,0.15,test_valid,valid,0.0
136,known_vol_rolling_252,0.15,test_valid,valid,0.0
137,known_vol_rolling_252,0.15,test_valid,valid,0.0
138,known_vol_rolling_252,0.15,test_valid,valid,0.0
139,known_vol_rolling_252,0.15,test_valid,valid,0.0
140,known_vol_rolling_252,0.15,test_valid,valid,0.0
141,known_vol_rolling_252,0.15,test_valid,valid,0.0
142,known_vol_rolling_252,0.15,test_valid,valid,0.0
143,known_vol_rolling_252,0.15,test_valid,valid,0.0
144,known_vol_rolling_252,0.15,test_valid,valid,0.0
145,known_vol_rolling_252,0.15,test_valid,valid,0.0
146,known_vol_rolling_252,0.15,test_valid,valid,0.0
147,known_vol_rolling_252,0.15,test_valid,valid,0.0
148,known_vol_rolling_252,0.15,test_valid,valid,0.0
149,known_vol_rolling_252,0.15,test_valid,valid,0.0
150,known_vol_rolling_252,0.15,test_valid,valid,0.0
151,known_vol_rolling_252,0.15,test_valid,valid,0.0
152,known_vol_rolling_252,0.15,test_valid,valid,0.0
153,known_vol_rolling_252,0.15,test_valid,valid,0.0
154,known_vol_rolling_252,0.15,test_valid,valid,0.0
155,known_vol_rolling_252,0.15,test_valid,valid,0.0
156,known_vol_rolling_252,0.15,test_valid,valid,0.0
157,known_vol_rolling_252,0.15,test_valid,valid,0.0
158,known_vol_rolling_252,0.15,test_valid,valid,0.0
159,known_vol_rolling_252,0.15,test_valid,valid,0.0
160,known_vol_rolling_252,0.15,test_valid,valid,0.0
161,known_vol_rolling_252,0.15,test_valid,valid,0.0
162,known_vol_rolling_252,0.15,test_valid,valid,0.0
163,known_vol_rolling_252,0.15,test_valid,valid,0.0
164,known_vol_rolling_252,0.15,test_valid,valid,0.0
165,known_vol_rolling_252,0.15,test_valid,valid,0.0
166,known_vol_rolling_252,0.15,test_valid,valid,0.0
167,known_vol_rolling_252,0.15,test_valid,valid,0.0
168,known_vol_rolling_252,0.15,test_valid,valid,0.0
169,known_vol_rolling_252,0.15,test_valid,valid,0.0
170,known_vol_rolling_252,0.15,test_valid,valid,0.0
171,known_vol_rolling_252,0.15,test_valid,valid,0.0
172,known_vol_rolling_252,0.15,test_valid,valid,0.0
173,known_vol_rolling_252,0.15,test_valid,valid,0.0
174,known_vol_rolling_252,0.15,test_valid,valid,0.0
175,known_vol_rolling_252,0.15,test_valid,valid,0.0
176,known_vol_rolling_252,0.15,test_valid,valid,0.0
177,known_vol_rolling_252,0.15,test_valid,valid,0.0
178,known_vol_rolling_252,0.15,test_valid,valid,0.0
179,known_vol_rolling_252,0.15,test_valid,valid,0.0
180,known_vol_rolling_252,0.15,test_valid,valid,0.0
181,known_vol_rolling_252,0.15,test_valid,valid,0.0
182,known_vol_rolling_252,0.15,test_valid,valid,0.0
183,known_vol_rolling_252,0.15,test_valid,valid,0.0
184,known_vol_rolling_252,0.15,test_valid,valid,0.0
185,known_vol_rolling_252,0.15,test_valid,valid,0.0
186,known_vol_rolling_252,0.15,test_valid,valid,0.0
187,known_vol_rolling_252,0.15,test_valid,valid,0.0
188,known_vol_rolling_252,0.15,test_valid,valid,0.0
189,known_vol_rolling_252,0.15,test_valid,valid,0.0
190,known_vol_rolling_252,0.15,test_valid,valid,0.0
191,known_vol_rolling_252,0.15,test_valid,valid,0.0
192,known_vol_rolling_252,0.15,test_valid,valid,0.0
193,known_vol_rolling_252,0.15,test_valid,valid,0.0
194,known_vol_rolling_252,0.15,test_valid,valid,0.0
195,known_vol_rolling_252,0.15,test_valid,valid,0.0
196,known_vol_rolling_252,0.15,test_valid,valid,0.0
197,known_vol_rolling_252,0.15,test_valid,valid,0.0
198,known_vol_rolling_252,0.15,test_valid,valid,0.0
199,known_vol_rolling_252,0.15,test_valid,valid,0.0
200,known_vol_rolling_252,0.15,test_valid,valid,0.0
201,known_vol_rolling_252,0.15,test_valid,valid,0.0
202,known_vol_rolling_252,0.15,test_valid,valid,0.0
203,known_vol_rolling_252,0.15,test_valid,valid,0.0
204,known_vol_rolling_252,0.15,test_valid,valid,0.0
205,known_vol_rolling_252,0.15,test_valid,valid,0.0
206,known_vol_rolling_252,0.15,test_valid,valid,0.0
207,known_vol_rolling_252,0.15,test_valid,valid,0.0
208,known_vol_rolling_252,0.15,test_valid,valid,0.0
209,known_vol_rolling_252,0.15,test_valid,valid,0.0
210,known_vol_rolling_252,0.15,test_valid,valid,0.0
211,known_vol_rolling_252,0.15,test_valid,valid,0.0
212,known_vol_rolling_252,0.15,test_valid,valid,0.0
213,known_vol_rolling_252,0.15,test_valid,valid,0.0
214,known_vol_rolling_252,0.15,test_valid,valid,0.0
215,known_vol_rolling_252,0.15,test_valid,valid,0.0
216,known_vol_rolling_252,0.15,test_valid,valid,0.0
217,known_vol_rolling_252,0.15,test_valid,valid,0.0
218,known_vol_rolling_252,0.15,test_valid,valid,0.0
219,known_vol_rolling_252,0.15,test_valid,valid,0.0
220,known_vol_rolling_252,0.15,test_valid,valid,0.0
221,known_vol_rolling_252,0.15,test_valid,valid,0.0
222,known_vol_rolling_252,0.15,test_valid,valid,0.0
223,known_vol_rolling_252,0.15,test_valid,valid,0.0
224,known_vol_rolling_252,0.15,test_valid,valid,0.0
225,known_vol_rolling_252,0.15,test_valid,valid,0.0
226,known_vol_rolling_252,0.15,test_valid,valid,0.0
227,known_vol_rolling_252,0.15,test_valid,valid,0.0
228,known_vol_rolling_252,0.15,test_valid,valid,0.0
229,known_vol_rolling_252,0.15,test_valid,valid,0.0
230,known_vol_rolling_252,0.15,test_valid,valid,0.0
231,known_vol_rolling_252,0.15,test_valid,valid,0.0
232,known_vol_rolling_252,0.15,test_valid,valid,0.0
233,known_vol_rolling_252,0.15,test_valid,valid,0.0
234,known_vol_rolling_252,0.15,test_valid,valid,0.0
235,known_vol_rolling_252,0.15,test_valid,valid,0.0
236,known_vol_rolling_252,0.15,test_valid,valid,0.0
237,known_vol_rolling_252,0.15,test_valid,valid,0.0
238,known_vol_rolling_252,0.15,test_valid,valid,0.0
239,known_vol_rolling_252,0.15,test_valid,valid,0.0
240,known_vol_rolling_252,0.15,test_valid,valid,0.0
241,known_vol_rolling_252,0.15,test_valid,valid,0.0
242,known_vol_rolling_252,0.15,test_valid,valid,0.0
243,known_vol_rolling_252,0.15,test_valid,valid,0.0
244,known_vol_rolling_252,0.15,test_valid,valid,0.0
245,known_vol_rolling_252,0.15,test_valid,valid,0.0
246,known_vol_rolling_252,0.15,test_valid,valid,0.0
247,known_vol_rolling_252,0.15,test_valid,valid,0.0
248,known_vol_rolling_252,0.15,test_valid,valid,0.0
249,known_vol_rolling_252,0.15,test_valid,valid,0.0
250,known_vol_rolling_252,0.15,test_valid,valid,0.0
251,known_vol_rolling_252,0.15,test_valid,valid,0.0
252,known_vol_rolling_252,0.15,test_valid,valid,0.0266
253,known_vol_rolling_252,0.15,test_valid,valid,0.0298
254,known_vol_rolling_252,0.15,test_valid,valid,0.0318
255,known_vol_rolling_252,0.15,test_valid,valid,0.0332
256,known_vol_rolling_252,0.15,test_valid,valid,0.0336
257,known_vol_rolling_252,0.15,test_valid,valid,0.0344
258,known_vol_rolling_252,0.15,test_valid,valid,0.0354
259,known_vol_rolling_252,0.15,test_valid,valid,0.0374
260,known_vol_rolling_252,0.15,test_valid,valid,0.0378
261,known_vol_rolling_252,0.15,test_valid,valid,0.0382
262,known_vol_rolling_252,0.15,test_valid,valid,0.039
263,known_vol_rolling_252,0.15,test_valid,valid,0.0394
264,known_vol_rolling_252,0.15,test_valid,valid,0.0398
265,known_vol_rolling_252,0.15,test_valid,valid,0.041
266,known_vol_rolling_252,0.15,test_valid,valid,0.0418
267,known_vol_rolling_252,0.15,test_valid,valid,0.043
268,known_vol_rolling_252,0.15,test_valid,valid,0.0436
269,known_vol_rolling_252,0.15,test_valid,valid,0.0444
270,known_vol_rolling_252,0.15,test_valid,valid,0.0448
271,known_vol_rolling_252,0.15,test_valid,valid,0.0452
272,known_vol_rolling_252,0.15,test_valid,valid,0.0458
273,known_vol_rolling_252,0.15,test_valid,valid,0.0462
274,known_vol_rolling_252,0.15,test_valid,valid,0.0468
275,known_vol_rolling_252,0.15,test_valid,valid,0.0474
276,known_vol_rolling_252,0.15,test_valid,valid,0.0478
277,known_vol_rolling_252,0.15,test_valid,valid,0.0492
278,known_vol_rolling_252,0.15,test_valid,valid,0.0496
279,known_vol_rolling_252,0.15,test_valid,valid,0.0502
280,known_vol_rolling_252,0.15,test_valid,valid,0.0502
281,known_vol_rolling_252,0.15,test_valid,valid,0.0508
282,known_vol_rolling_252,0.15,test_valid,valid,0.051
283,known_vol_rolling_252,0.15,test_valid,valid,0.0518
284,known_vol_rolling_252,0.15,test_valid,valid,0.0518
285,known_vol_rolling_252,0.15,test_valid,valid,0.0522
286,known_vol_rolling_252,0.15,test_valid,valid,0.0524
287,known_vol_rolling_252,0.15,test_valid,valid,0.0534
288,known_vol_rolling_252,0.15,test_valid,valid,0.0534
289,known_vol_rolling_252,0.15,test_valid,valid,0.0538
290,known_vol_rolling_252,0.15,test_valid,valid,0.0542
291,known_vol_rolling_252,0.15,test_valid,valid,0.0546
292,known_vol_rolling_252,0.15,test_valid,valid,0.0548
293,known_vol_rolling_252,0.15,test_valid,valid,0.0552
294,known_vol_rolling_252,0.15,test_valid,valid,0.056
295,known_vol_rolling_252,0.15,test_valid,valid,0.0562
296,known_vol_rolling_252,0.15,test_valid,valid,0.0572
297,known_vol_rolling_252,0.15,test_valid,valid,0.058
298,known_vol_rolling_252,0.15,test_valid,valid,0.058
299,known_vol_rolling_252,0.15,test_valid,valid,0.0582
300,known_vol_rolling_252,0.15,test_valid,valid,0.059
301,known_vol_rolling_252,0.15,test_valid,valid,0.0596
302,known_vol_rolling_252,0.15,test_valid,valid,0.0598
303,known_vol_rolling_252,0.15,test_valid,valid,0.06
304,known_vol_rolling_252,0.15,test_valid,valid,0.0602
305,known_vol_rolling_252,0.15,test_valid,valid,0.0606
306,known_vol_rolling_252,0.15,test_valid,valid,0.0606
307,known_vol_rolling_252,0.15,test_valid,valid,0.0608
308,known_vol_rolling_252,0.15,test_valid,valid,0.0618
309,known_vol_rolling_252,0.15,test_valid,valid,0.0624
310,known_vol_rolling_252,0.15,test_valid,valid,0.0628
311,known_vol_rolling_252,0.15,test_valid,valid,0.0632
312,known_vol_rolling_252,0.15,test_valid,valid,0.0642
313,known_vol_rolling_252,0.15,test_valid,valid,0.0648
314,known_vol_rolling_252,0.15,test_valid,valid,0.0656
315,known_vol_rolling_252,0.15,test_valid,valid,0.0656
316,known_vol_rolling_252,0.15,test_valid,valid,0.0664
317,known_vol_rolling_252,0.15,test_valid,valid,0.0668
318,known_vol_rolling_252,0.15,test_valid,valid,0.0674
319,known_vol_rolling_252,0.15,test_valid,valid,0.068
320,known_vol_rolling_252,0.15,test_valid,valid,0.068
321,known_vol_rolling_252,0.15,test_valid,valid,0.0684
322,known_vol_rolling_252,0.15,test_valid,valid,0.0686
323,known_vol_rolling_252,0.15,test_valid,valid,0.0688
324,known_vol_rolling_252,0.15,test_valid,valid,0.0698
325,known_vol_rolling_252,0.15,test_valid,valid,0.0706
326,known_vol_rolling_252,0.15,test_valid,valid,0.0712
327,known_vol_rolling_252,0.15,test_valid,valid,0.0718
328,known_vol_rolling_252,0.15,test_valid,valid,0.0722
329,known_vol_rolling_252,0.15,test_valid,valid,0.0728
330,known_vol_rolling_252,0.15,test_valid,valid,0.0734
331,known_vol_rolling_252,0.15,test_valid,valid,0.0738
332,known_vol_rolling_252,0.15,test_valid,valid,0.0746
333,known_vol_rolling_252,0.15,test_valid,valid,0.0752
334,known_vol_rolling_252,0.15,test_valid,valid,0.0756
335,known_vol_rolling_252,0.15,test_valid,valid,0.0764
336,known_vol_rolling_252,0.15,test_valid,valid,0.0786
337,known_vol_rolling_252,0.15,test_valid,valid,0.0796
338,known_vol_rolling_252,0.15,test_valid,valid,0.0798
339,known_vol_rolling_252,0.15,test_valid,valid,0.0812
340,known_vol_rolling_252,0.15,test_valid,valid,0.0818
341,known_vol_rolling_252,0.15,test_valid,valid,0.0822
342,known_vol_rolling_252,0.15,test_valid,valid,0.0822
343,known_vol_rolling_252,0.15,test_valid,valid,0.0826
344,known_vol_rolling_252,0.15,test_valid,valid,0.083
345,known_vol_rolling_252,0.15,test_valid,valid,0.0838
346,known_vol_rolling_252,0.15,test_valid,valid,0.0844
347,known_vol_rolling_252,0.15,test_valid,valid,0.0844
348,known_vol_rolling_252,0.15,test_valid,valid,0.085
349,known_vol_rolling_252,0.15,test_valid,valid,0.0852
350,known_vol_rolling_252,0.15,test_valid,valid,0.0858
351,known_vol_rolling_252,0.15,test_valid,valid,0.0864
352,known_vol_rolling_252,0.15,test_valid,valid,0.0872
353,known_vol_rolling_252,0.15,test_valid,valid,0.0874
354,known_vol_rolling_252,0.15,test_valid,valid,0.0878
355,known_vol_rolling_252,0.15,test_valid,valid,0.0884
356,known_vol_rolling_252,0.15,test_valid,valid,0.0884
357,known_vol_rolling_252,0.15,test_valid,valid,0.0894
358,known_vol_rolling_252,0.15,test_valid,valid,0.0896
359,known_vol_rolling_252,0.15,test_valid,valid,0.0902
360,known_vol_rolling_252,0.15,test_valid,valid,0.0908
361,known_vol_rolling_252,0.15,test_valid,valid,0.0908
362,known_vol_rolling_252,0.15,test_valid,valid,0.0912
363,known_vol_rolling_252,0.15,test_valid,valid,0.0914
364,known_vol_rolling_252,0.15,test_valid,valid,0.0916
365,known_vol_rolling_252,0.15,test_valid,valid,0.0918
366,known_vol_rolling_252,0.15,test_valid,valid,0.0924
367,known_vol_rolling_252,0.15,test_valid,valid,0.0928
368,known_vol_rolling_252,0.15,test_valid,valid,0.0934
369,known_vol_rolling_252,0.15,test_valid,valid,0.094
370,known_vol_rolling_252,0.15,test_valid,valid,0.0952
371,known_vol_rolling_252,0.15,test_valid,valid,0.0956
372,known_vol_rolling_252,0.15,test_valid,valid,0.0966
373,known_vol_rolling_252,0.15,test_valid,valid,0.097
374,known_vol_rolling_252,0.15,test_valid,valid,0.0972
375,known_vol_rolling_252,0.15,test_valid,valid,0.0978
376,known_vol_rolling_252,0.15,test_valid,valid,0.0986
377,known_vol_rolling_252,0.15,test_valid,valid,0.0988
378,known_vol_rolling_252,0.15,test_valid,valid,0.099
379,known_vol_rolling_252,0.15,test_valid,valid,0.0994
380,known_vol_rolling_252,0.15,test_valid,valid,0.1006
381,known_vol_rolling_252,0.15,test_valid,valid,0.1006
382,known_vol_rolling_252,0.15,test_valid,valid,0.1008
383,known_vol_rolling_252,0.15,test_valid,valid,0.101
384,known_vol_rolling_252,0.15,test_valid,valid,0.1016
385,known_vol_rolling_252,0.15,test_valid,valid,0.1018
386,known_vol_rolling_252,0.15,test_valid,valid,0.1024
387,known_vol_rolling_252,0.15,test_valid,valid,0.1024
388,known_vol_rolling_252,0.15,test_valid,valid,0.1026
389,known_vol_rolling_252,0.15,test_valid,valid,0.103
390,known_vol_rolling_252,0.15,test_valid,valid,0.1038
391,known_vol_rolling_252,0.15,test_valid,valid,0.1042
392,known_vol_rolling_252,0.15,test_valid,valid,0.1044
393,known_vol_rolling_252,0.15,test_valid,valid,0.1046
394,known_vol_rolling_252,0.15,test_valid,valid,0.1048
395,known_vol_rolling_252,0.15,test_valid,valid,0.1054
396,known_vol_rolling_252,0.15,test_valid,valid,0.106
397,known_vol_rolling_252,0.15,test_valid,valid,0.1062
398,known_vol_rolling_252,0.15,test_valid,valid,0.1068
399,known_vol_rolling_252,0.15,test_valid,valid,0.1072
400,known_vol_rolling_252,0.15,test_valid,valid,0.108
401,known_vol_rolling_252,0.15,test_valid,valid,0.108
402,known_vol_rolling_252,0.15,test_valid,valid,0.1088
403,known_vol_rolling_252,0.15,test_valid,valid,0.1092
404,known_vol_rolling_252,0.15,test_valid,valid,0.1094
405,known_vol_rolling_252,0.15,test_valid,valid,0.11
406,known_vol_rolling_252,0.15,test_valid,valid,0.1104
407,known_vol_rolling_252,0.15,test_valid,valid,0.111
408,known_vol_rolling_252,0.15,test_valid,valid,0.1116
409,known_vol_rolling_252,0.15,test_valid,valid,0.1124
410,known_vol_rolling_252,0.15,test_valid,valid,0.1126
411,known_vol_rolling_252,0.15,test_valid,valid,0.1132
412,known_vol_rolling_252,0.15,test_valid,valid,0.1136
413,known_vol_rolling_252,0.15,test_valid,valid,0.1146
414,known_vol_rolling_252,0.15,test_valid,valid,0.1156
415,known_vol_rolling_252,0.15,test_valid,valid,0.1162
416,known_vol_rolling_252,0.15,test_valid,valid,0.1166
417,known_vol_rolling_252,0.15,test_valid,valid,0.1176
418,known_vol_rolling_252,0.15,test_valid,valid,0.1182
419,known_vol_rolling_252,0.15,test_valid,valid,0.1182
420,known_vol_rolling_252,0.15,test_valid,valid,0.1188
421,known_vol_rolling_252,0.15,test_valid,valid,0.1192
422,known_vol_rolling_252,0.15,test_valid,valid,0.1202
423,known_vol_rolling_252,0.15,test_valid,valid,0.1206
424,known_vol_rolling_252,0.15,test_valid,valid,0.1208
425,known_vol_rolling_252,0.15,test_valid,valid,0.1214
426,known_vol_rolling_252,0.15,test_valid,valid,0.122
427,known_vol_rolling_252,0.15,test_valid,valid,0.1224
428,known_vol_rolling_252,0.15,test_valid,valid,0.1232
429,known_vol_rolling_252,0.15,test_valid,valid,0.1234
430,known_vol_rolling_252,0.15,test_valid,valid,0.124
431,known_vol_rolling_252,0.15,test_valid,valid,0.1242
432,known_vol_rolling_252,0.15,test_valid,valid,0.1244
433,known_vol_rolling_252,0.15,test_valid,valid,0.1246
434,known_vol_rolling_252,0.15,test_valid,valid,0.125
435,known_vol_rolling_252,0.15,test_valid,valid,0.1258
436,known_vol_rolling_252,0.15,test_valid,valid,0.1262
437,known_vol_rolling_252,0.15,test_valid,valid,0.1266
438,known_vol_rolling_252,0.15,test_valid,valid,0.127
439,known_vol_rolling_252,0.15,test_valid,valid,0.1274
440,known_vol_rolling_252,0.15,test_valid,valid,0.128
441,known_vol_rolling_252,0.15,test_valid,valid,0.1282
442,known_vol_rolling_252,0.15,test_valid,valid,0.1284
443,known_vol_rolling_252,0.15,test_valid,valid,0.1286
444,known_vol_rolling_252,0.15,test_valid,valid,0.1292
445,known_vol_rolling_252,0.15,test_valid,valid,0.1294
446,known_vol_rolling_252,0.15,test_valid,valid,0.1296
447,known_vol_rolling_252,0.15,test_valid,valid,0.1304
448,known_vol_rolling_252,0.15,test_valid,valid,0.131
449,known_vol_rolling_252,0.15,test_valid,valid,0.1312
450,known_vol_rolling_252,0.15,test_valid,valid,0.1316
451,known_vol_rolling_252,0.15,test_valid,valid,0.1322
452,known_vol_rolling_252,0.15,test_valid,valid,0.1326
453,known_vol_rolling_252,0.15,test_valid,valid,0.133
454,known_vol_rolling_252,0.15,test_valid,valid,0.1332
455,known_vol_rolling_252,0.15,test_valid,valid,0.1336
456,known_vol_rolling_252,0.15,test_valid,valid,0.1338
457,known_vol_rolling_252,0.15,test_valid,valid,0.1348
458,known_vol_rolling_252,0.15,test_valid,valid,0.1348
459,known_vol_rolling_252,0.15,test_valid,valid,0.135
460,known_vol_rolling_252,0.15,test_valid,valid,0.1362
461,known_vol_rolling_252,0.15,test_valid,valid,0.1364
462,known_vol_rolling_252,0.15,test_valid,valid,0.1366
463,known_vol_rolling_252,0.15,test_valid,valid,0.1372
464,known_vol_rolling_252,0.15,test_valid,valid,0.1376
465,known_vol_rolling_252,0.15,test_valid,valid,0.1382
466,known_vol_rolling_252,0.15,test_valid,valid,0.1388
467,known_vol_rolling_252,0.15,test_valid,valid,0.14
468,known_vol_rolling_252,0.15,test_valid,valid,0.141
469,known_vol_rolling_252,0.15,test_valid,valid,0.1414
470,known_vol_rolling_252,0.15,test_valid,valid,0.142
471,known_vol_rolling_252,0.15,test_valid,valid,0.1424
472,known_vol_rolling_252,0.15,test_valid,valid,0.1424
473,known_vol_rolling_252,0.15,test_valid,valid,0.1428
474,known_vol_rolling_252,0.15,test_valid,valid,0.1434
475,known_vol_rolling_252,0.15,test_valid,valid,0.1444
476,known_vol_rolling_252,0.15,test_valid,valid,0.1448
477,known_vol_rolling_252,0.15,test_valid,valid,0.1452
478,known_vol_rolling_252,0.15,test_valid,valid,0.1458
479,known_vol_rolling_252,0.15,test_valid,valid,0.1458
480,known_vol_rolling_252,0.15,test_valid,valid,0.1458
481,known_vol_rolling_252,0.15,test_valid,valid,0.146
482,known_vol_rolling_252,0.15,test_valid,valid,0.1466
483,known_vol_rolling_252,0.15,test_valid,valid,0.1474
484,known_vol_rolling_252,0.15,test_valid,valid,0.1478
485,known_vol_rolling_252,0.15,test_valid,valid,0.1478
486,known_vol_rolling_252,0.15,test_valid,valid,0.1478
487,known_vol_rolling_252,0.15,test_valid,valid,0.1488
488,known_vol_rolling_252,0.15,test_valid,valid,0.1488
489,known_vol_rolling_252,0.15,test_valid,valid,0.149
490,known_vol_rolling_252,0.15,test_valid,valid,0.1498
491,known_vol_rolling_252,0.15,test_valid,valid,0.1502
492,known_vol_rolling_252,0.15,test_valid,valid,0.1508
493,known_vol_rolling_252,0.15,test_valid,valid,0.1514
494,known_vol_rolling_252,0.15,test_valid,valid,0.1518
495,known_vol_rolling_252,0.15,test_valid,valid,0.1524
496,known_vol_rolling_252,0.15,test_valid,valid,0.153
497,known_vol_rolling_252,0.15,test_valid,valid,0.1534
498,known_vol_rolling_252,0.15,test_valid,valid,0.154
499,known_vol_rolling_252,0.15,test_valid,valid,0.1544
500,known_vol_rolling_252,0.15,test_valid,valid,0.155
501,known_vol_rolling_252,0.15,test_valid,valid,0.1552
502,known_vol_rolling_252,0.15,test_valid,valid,0.1556
503,known_vol_rolling_252,0.15,test_valid,valid,0.156
504,known_vol_rolling_252,0.15,test_valid,valid,0.1562
1,known_vol_rolling_252,0.15,test_invalid,invalid,0.0
2,known_vol_rolling_252,0.15,test_invalid,invalid,0.0
3,known_vol_rolling_252,0.15,test_invalid,invalid,0.0
4,known_vol_rolling_252,0.15,test_invalid,invalid,0.0
5,known_vol_rolling_252,0.15,test_invalid,invalid,0.0
6,known_vol_rolling_252,0.15,test_invalid,invalid,0.0
7,known_vol_rolling_252,0.15,test_invalid,invalid,0.0
8,known_vol_rolling_252,0.15,test_invalid,invalid,0.0
9,known_vol_rolling_252,0.15,test_invalid,invalid,0.0
10,known_vol_rolling_252,0.15,test_invalid,invalid,0.0
11,known_vol_rolling_252,0.15,test_invalid,invalid,0.0
12,known_vol_rolling_252,0.15,test_invalid,invalid,0.0
13,known_vol_rolling_252,0.15,test_invalid,invalid,0.0
14,known_vol_rolling_252,0.15,test_invalid,invalid,0.0
15,known_vol_rolling_252,0.15,test_invalid,invalid,0.0
16,known_vol_rolling_252,0.15,test_invalid,invalid,0.0
17,known_vol_rolling_252,0.15,test_invalid,invalid,0.0
18,known_vol_rolling_252,0.15,test_invalid,invalid,0.0
19,known_vol_rolling_252,0.15,test_invalid,invalid,0.0
20,known_vol_rolling_252,0.15,test_invalid,invalid,0.0
21,known_vol_rolling_252,0.15,test_invalid,invalid,0.0
22,known_vol_rolling_252,0.15,test_invalid,invalid,0.0
23,known_vol_rolling_252,0.15,test_invalid,invalid,0.0
24,known_vol_rolling_252,0.15,test_invalid,invalid,0.0
25,known_vol_rolling_252,0.15,test_invalid,invalid,0.0
26,known_vol_rolling_252,0.15,test_invalid,invalid,0.0
27,known_vol_rolling_252,0.15,test_invalid,invalid,0.0
28,known_vol_rolling_252,0.15,test_invalid,invalid,0.0
29,known_vol_rolling_252,0.15,test_invalid,invalid,0.0
30,known_vol_rolling_252,0.15,test_invalid,invalid,0.0
31,known_vol_rolling_252,0.15,test_invalid,invalid,0.0
32,known_vol_rolling_252,0.15,test_invalid,invalid,0.0
33,known_vol_rolling_252,0.15,test_invalid,invalid,0.0
34,known_vol_rolling_252,0.15,test_invalid,invalid,0.0
35,known_vol_rolling_252,0.15,test_invalid,invalid,0.0
36,known_vol_rolling_252,0.15,test_invalid,invalid,0.0
37,known_vol_rolling_252,0.15,test_invalid,invalid,0.0
38,known_vol_rolling_252,0.15,test_invalid,invalid,0.0
39,known_vol_rolling_252,0.15,test_invalid,invalid,0.0
40,known_vol_rolling_252,0.15,test_invalid,invalid,0.0
41,known_vol_rolling_252,0.15,test_invalid,invalid,0.0
42,known_vol_rolling_252,0.15,test_invalid,invalid,0.0
43,known_vol_rolling_252,0.15,test_invalid,invalid,0.0
44,known_vol_rolling_252,0.15,test_invalid,invalid,0.0
45,known_vol_rolling_252,0.15,test_invalid,invalid,0.0
46,known_vol_rolling_252,0.15,test_invalid,invalid,0.0
47,known_vol_rolling_252,0.15,test_invalid,invalid,0.0
48,known_vol_rolling_252,0.15,test_invalid,invalid,0.0
49,known_vol_rolling_252,0.15,test_invalid,invalid,0.0
50,known_vol_rolling_252,0.15,test_invalid,invalid,0.0
51,known_vol_rolling_252,0.15,test_invalid,invalid,0.0
52,known_vol_rolling_252,0.15,test_invalid,invalid,0.0
53,known_vol_rolling_252,0.15,test_invalid,invalid,0.0
54,known_vol_rolling_252,0.15,test_invalid,invalid,0.0
55,known_vol_rolling_252,0.15,test_invalid,invalid,0.0
56,known_vol_rolling_252,0.15,test_invalid,invalid,0.0
57,known_vol_rolling_252,0.15,test_invalid,invalid,0.0
58,known_vol_rolling_252,0.15,test_invalid,invalid,0.0
59,known_vol_rolling_252,0.15,test_invalid,invalid,0.0
60,known_vol_rolling_252,0.15,test_invalid,invalid,0.0
61,known_vol_rolling_252,0.15,test_invalid,invalid,0.0
62,known_vol_rolling_252,0.15,test_invalid,invalid,0.0
63,known_vol_rolling_252,0.15,test_invalid,invalid,0.0
64,known_vol_rolling_252,0.15,test_invalid,invalid,0.0
65,known_vol_rolling_252,0.15,test_invalid,invalid,0.0
66,known_vol_rolling_252,0.15,test_invalid,invalid,0.0
67,known_vol_rolling_252,0.15,test_invalid,invalid,0.0
68,known_vol_rolling_252,0.15,test_invalid,invalid,0.0
69,known_vol_rolling_252,0.15,test_invalid,invalid,0.0
70,known_vol_rolling_252,0.15,test_invalid,invalid,0.0
71,known_vol_rolling_252,0.15,test_invalid,invalid,0.0
72,known_vol_rolling_252,0.15,test_invalid,invalid,0.0
73,known_vol_rolling_252,0.15,test_invalid,invalid,0.0
74,known_vol_rolling_252,0.15,test_invalid,invalid,0.0
75,known_vol_rolling_252,0.15,test_invalid,invalid,0.0
76,known_vol_rolling_252,0.15,test_invalid,invalid,0.0
77,known_vol_rolling_252,0.15,test_invalid,invalid,0.0
78,known_vol_rolling_252,0.15,test_invalid,invalid,0.0
79,known_vol_rolling_252,0.15,test_invalid,invalid,0.0
80,known_vol_rolling_252,0.15,test_invalid,invalid,0.0
81,known_vol_rolling_252,0.15,test_invalid,invalid,0.0
82,known_vol_rolling_252,0.15,test_invalid,invalid,0.0
83,known_vol_rolling_252,0.15,test_invalid,invalid,0.0
84,known_vol_rolling_252,0.15,test_invalid,invalid,0.0
85,known_vol_rolling_252,0.15,test_invalid,invalid,0.0
86,known_vol_rolling_252,0.15,test_invalid,invalid,0.0
87,known_vol_rolling_252,0.15,test_invalid,invalid,0.0
88,known_vol_rolling_252,0.15,test_invalid,invalid,0.0
89,known_vol_rolling_252,0.15,test_invalid,invalid,0.0
90,known_vol_rolling_252,0.15,test_invalid,invalid,0.0
91,known_vol_rolling_252,0.15,test_invalid,invalid,0.0
92,known_vol_rolling_252,0.15,test_invalid,invalid,0.0
93,known_vol_rolling_252,0.15,test_invalid,invalid,0.0
94,known_vol_rolling_252,0.15,test_invalid,invalid,0.0
95,known_vol_rolling_252,0.15,test_invalid,invalid,0.0
96,known_vol_rolling_252,0.15,test_invalid,invalid,0.0
97,known_vol_rolling_252,0.15,test_invalid,invalid,0.0
98,known_vol_rolling_252,0.15,test_invalid,invalid,0.0
99,known_vol_rolling_252,0.15,test_invalid,invalid,0.0
100,known_vol_rolling_252,0.15,test_invalid,invalid,0.0
101,known_vol_rolling_252,0.15,test_invalid,invalid,0.0
102,known_vol_rolling_252,0.15,test_invalid,invalid,0.0
103,known_vol_rolling_252,0.15,test_invalid,invalid,0.0
104,known_vol_rolling_252,0.15,test_invalid,invalid,0.0
105,known_vol_rolling_252,0.15,test_invalid,invalid,0.0
106,known_vol_rolling_252,0.15,test_invalid,invalid,0.0
107,known_vol_rolling_252,0.15,test_invalid,invalid,0.0
108,known_vol_rolling_252,0.15,test_invalid,invalid,0.0
109,known_vol_rolling_252,0.15,test_invalid,invalid,0.0
110,known_vol_rolling_252,0.15,test_invalid,invalid,0.0
111,known_vol_rolling_252,0.15,test_invalid,invalid,0.0
112,known_vol_rolling_252,0.15,test_invalid,invalid,0.0
113,known_vol_rolling_252,0.15,test_invalid,invalid,0.0
114,known_vol_rolling_252,0.15,test_invalid,invalid,0.0
115,known_vol_rolling_252,0.15,test_invalid,invalid,0.0
116,known_vol_rolling_252,0.15,test_invalid,invalid,0.0
117,known_vol_rolling_252,0.15,test_invalid,invalid,0.0
118,known_vol_rolling_252,0.15,test_invalid,invalid,0.0
119,known_vol_rolling_252,0.15,test_invalid,invalid,0.0
120,known_vol_rolling_252,0.15,test_invalid,invalid,0.0
121,known_vol_rolling_252,0.15,test_invalid,invalid,0.0
122,known_vol_rolling_252,0.15,test_invalid,invalid,0.0
123,known_vol_rolling_252,0.15,test_invalid,invalid,0.0
124,known_vol_rolling_252,0.15,test_invalid,invalid,0.0
125,known_vol_rolling_252,0.15,test_invalid,invalid,0.0
126,known_vol_rolling_252,0.15,test_invalid,invalid,0.0
127,known_vol_rolling_252,0.15,test_invalid,invalid,0.0
128,known_vol_rolling_252,0.15,test_invalid,invalid,0.0
129,known_vol_rolling_252,0.15,test_invalid,invalid,0.0
130,known_vol_rolling_252,0.15,test_invalid,invalid,0.0
131,known_vol_rolling_252,0.15,test_invalid,invalid,0.0
132,known_vol_rolling_252,0.15,test_invalid,invalid,0.0
133,known_vol_rolling_252,0.15,test_invalid,invalid,0.0
134,known_vol_rolling_252,0.15,test_invalid,invalid,0.0
135,known_vol_rolling_252,0.15,test_invalid,invalid,0.0
136,known_vol_rolling_252,0.15,test_invalid,invalid,0.0
137,known_vol_rolling_252,0.15,test_invalid,invalid,0.0
138,known_vol_rolling_252,0.15,test_invalid,invalid,0.0
139,known_vol_rolling_252,0.15,test_invalid,invalid,0.0
140,known_vol_rolling_252,0.15,test_invalid,invalid,0.0
141,known_vol_rolling_252,0.15,test_invalid,invalid,0.0
142,known_vol_rolling_252,0.15,test_invalid,invalid,0.0
143,known_vol_rolling_252,0.15,test_invalid,invalid,0.0
144,known_vol_rolling_252,0.15,test_invalid,invalid,0.0
145,known_vol_rolling_252,0.15,test_invalid,invalid,0.0
146,known_vol_rolling_252,0.15,test_invalid,invalid,0.0
147,known_vol_rolling_252,0.15,test_invalid,invalid,0.0
148,known_vol_rolling_252,0.15,test_invalid,invalid,0.0
149,known_vol_rolling_252,0.15,test_invalid,invalid,0.0
150,known_vol_rolling_252,0.15,test_invalid,invalid,0.0
151,known_vol_rolling_252,0.15,test_invalid,invalid,0.0
152,known_vol_rolling_252,0.15,test_invalid,invalid,0.0
153,known_vol_rolling_252,0.15,test_invalid,invalid,0.0
154,known_vol_rolling_252,0.15,test_invalid,invalid,0.0
155,known_vol_rolling_252,0.15,test_invalid,invalid,0.0
156,known_vol_rolling_252,0.15,test_invalid,invalid,0.0
157,known_vol_rolling_252,0.15,test_invalid,invalid,0.0
158,known_vol_rolling_252,0.15,test_invalid,invalid,0.0
159,known_vol_rolling_252,0.15,test_invalid,invalid,0.0
160,known_vol_rolling_252,0.15,test_invalid,invalid,0.0
161,known_vol_rolling_252,0.15,test_invalid,invalid,0.0
162,known_vol_rolling_252,0.15,test_invalid,invalid,0.0
163,known_vol_rolling_252,0.15,test_invalid,invalid,0.0
164,known_vol_rolling_252,0.15,test_invalid,invalid,0.0
165,known_vol_rolling_252,0.15,test_invalid,invalid,0.0
166,known_vol_rolling_252,0.15,test_invalid,invalid,0.0
167,known_vol_rolling_252,0.15,test_invalid,invalid,0.0
168,known_vol_rolling_252,0.15,test_invalid,invalid,0.0
169,known_vol_rolling_252,0.15,test_invalid,invalid,0.0
170,known_vol_rolling_252,0.15,test_invalid,invalid,0.0
171,known_vol_rolling_252,0.15,test_invalid,invalid,0.0
172,known_vol_rolling_252,0.15,test_invalid,invalid,0.0
173,known_vol_rolling_252,0.15,test_invalid,invalid,0.0
174,known_vol_rolling_252,0.15,test_invalid,invalid,0.0
175,known_vol_rolling_252,0.15,test_invalid,invalid,0.0
176,known_vol_rolling_252,0.15,test_invalid,invalid,0.0
177,known_vol_rolling_252,0.15,test_invalid,invalid,0.0
178,known_vol_rolling_252,0.15,test_invalid,invalid,0.0
179,known_vol_rolling_252,0.15,test_invalid,invalid,0.0
180,known_vol_rolling_252,0.15,test_invalid,invalid,0.0
181,known_vol_rolling_252,0.15,test_invalid,invalid,0.0
182,known_vol_rolling_252,0.15,test_invalid,invalid,0.0
183,known_vol_rolling_252,0.15,test_invalid,invalid,0.0
184,known_vol_rolling_252,0.15,test_invalid,invalid,0.0
185,known_vol_rolling_252,0.15,test_invalid,invalid,0.0
186,known_vol_rolling_252,0.15,test_invalid,invalid,0.0
187,known_vol_rolling_252,0.15,test_invalid,invalid,0.0
188,known_vol_rolling_252,0.15,test_invalid,invalid,0.0
189,known_vol_rolling_252,0.15,test_invalid,invalid,0.0
190,known_vol_rolling_252,0.15,test_invalid,invalid,0.0
191,known_vol_rolling_252,0.15,test_invalid,invalid,0.0
192,known_vol_rolling_252,0.15,test_invalid,invalid,0.0
193,known_vol_rolling_252,0.15,test_invalid,invalid,0.0
194,known_vol_rolling_252,0.15,test_invalid,invalid,0.0
195,known_vol_rolling_252,0.15,test_invalid,invalid,0.0
196,known_vol_rolling_252,0.15,test_invalid,invalid,0.0
197,known_vol_rolling_252,0.15,test_invalid,invalid,0.0
198,known_vol_rolling_252,0.15,test_invalid,invalid,0.0
199,known_vol_rolling_252,0.15,test_invalid,invalid,0.0
200,known_vol_rolling_252,0.15,test_invalid,invalid,0.0
201,known_vol_rolling_252,0.15,test_invalid,invalid,0.0
202,known_vol_rolling_252,0.15,test_invalid,invalid,0.0
203,known_vol_rolling_252,0.15,test_invalid,invalid,0.0
204,known_vol_rolling_252,0.15,test_invalid,invalid,0.0
205,known_vol_rolling_252,0.15,test_invalid,invalid,0.0
206,known_vol_rolling_252,0.15,test_invalid,invalid,0.0
207,known_vol_rolling_252,0.15,test_invalid,invalid,0.0
208,known_vol_rolling_252,0.15,test_invalid,invalid,0.0
209,known_vol_rolling_252,0.15,test_invalid,invalid,0.0
210,known_vol_rolling_252,0.15,test_invalid,invalid,0.0
211,known_vol_rolling_252,0.15,test_invalid,invalid,0.0
212,known_vol_rolling_252,0.15,test_invalid,invalid,0.0
213,known_vol_rolling_252,0.15,test_invalid,invalid,0.0
214,known_vol_rolling_252,0.15,test_invalid,invalid,0.0
215,known_vol_rolling_252,0.15,test_invalid,invalid,0.0
216,known_vol_rolling_252,0.15,test_invalid,invalid,0.0
217,known_vol_rolling_252,0.15,test_invalid,invalid,0.0
218,known_vol_rolling_252,0.15,test_invalid,invalid,0.0
219,known_vol_rolling_252,0.15,test_invalid,invalid,0.0
220,known_vol_rolling_252,0.15,test_invalid,invalid,0.0
221,known_vol_rolling_252,0.15,test_invalid,invalid,0.0
222,known_vol_rolling_252,0.15,test_invalid,invalid,0.0
223,known_vol_rolling_252,0.15,test_invalid,invalid,0.0
224,known_vol_rolling_252,0.15,test_invalid,invalid,0.0
225,known_vol_rolling_252,0.15,test_invalid,invalid,0.0
226,known_vol_rolling_252,0.15,test_invalid,invalid,0.0
227,known_vol_rolling_252,0.15,test_invalid,invalid,0.0
228,known_vol_rolling_252,0.15,test_invalid,invalid,0.0
229,known_vol_rolling_252,0.15,test_invalid,invalid,0.0
230,known_vol_rolling_252,0.15,test_invalid,invalid,0.0
231,known_vol_rolling_252,0.15,test_invalid,invalid,0.0
232,known_vol_rolling_252,0.15,test_invalid,invalid,0.0
233,known_vol_rolling_252,0.15,test_invalid,invalid,0.0
234,known_vol_rolling_252,0.15,test_invalid,invalid,0.0
235,known_vol_rolling_252,0.15,test_invalid,invalid,0.0
236,known_vol_rolling_252,0.15,test_invalid,invalid,0.0
237,known_vol_rolling_252,0.15,test_invalid,invalid,0.0
238,known_vol_rolling_252,0.15,test_invalid,invalid,0.0
239,known_vol_rolling_252,0.15,test_invalid,invalid,0.0
240,known_vol_rolling_252,0.15,test_invalid,invalid,0.0
241,known_vol_rolling_252,0.15,test_invalid,invalid,0.0
242,known_vol_rolling_252,0.15,test_invalid,invalid,0.0
243,known_vol_rolling_252,0.15,test_invalid,invalid,0.0
244,known_vol_rolling_252,0.15,test_invalid,invalid,0.0
245,known_vol_rolling_252,0.15,test_invalid,invalid,0.0
246,known_vol_rolling_252,0.15,test_invalid,invalid,0.0
247,known_vol_rolling_252,0.15,test_invalid,invalid,0.0
248,known_vol_rolling_252,0.15,test_invalid,invalid,0.0
249,known_vol_rolling_252,0.15,test_invalid,invalid,0.0
250,known_vol_rolling_252,0.15,test_invalid,invalid,0.0
251,known_vol_rolling_252,0.15,test_invalid,invalid,0.0
252,known_vol_rolling_252,0.15,test_invalid,invalid,0.1656
253,known_vol_rolling_252,0.15,test_invalid,invalid,0.1732
254,known_vol_rolling_252,0.15,test_invalid,invalid,0.1826
255,known_vol_rolling_252,0.15,test_invalid,invalid,0.1876
256,known_vol_rolling_252,0.15,test_invalid,invalid,0.1926
257,known_vol_rolling_252,0.15,test_invalid,invalid,0.1964
258,known_vol_rolling_252,0.15,test_invalid,invalid,0.2014
259,known_vol_rolling_252,0.15,test_invalid,invalid,0.2046
260,known_vol_rolling_252,0.15,test_invalid,invalid,0.209
261,known_vol_rolling_252,0.15,test_invalid,invalid,0.2108
262,known_vol_rolling_252,0.15,test_invalid,invalid,0.2144
263,known_vol_rolling_252,0.15,test_invalid,invalid,0.2172
264,known_vol_rolling_252,0.15,test_invalid,invalid,0.2198
265,known_vol_rolling_252,0.15,test_invalid,invalid,0.2236
266,known_vol_rolling_252,0.15,test_invalid,invalid,0.226
267,known_vol_rolling_252,0.15,test_invalid,invalid,0.2286
268,known_vol_rolling_252,0.15,test_invalid,invalid,0.2306
269,known_vol_rolling_252,0.15,test_invalid,invalid,0.2324
270,known_vol_rolling_252,0.15,test_invalid,invalid,0.2358
271,known_vol_rolling_252,0.15,test_invalid,invalid,0.2384
272,known_vol_rolling_252,0.15,test_invalid,invalid,0.241
273,known_vol_rolling_252,0.15,test_invalid,invalid,0.2434
274,known_vol_rolling_252,0.15,test_invalid,invalid,0.2462
275,known_vol_rolling_252,0.15,test_invalid,invalid,0.247
276,known_vol_rolling_252,0.15,test_invalid,invalid,0.2494
277,known_vol_rolling_252,0.15,test_invalid,invalid,0.2512
278,known_vol_rolling_252,0.15,test_invalid,invalid,0.253
279,known_vol_rolling_252,0.15,test_invalid,invalid,0.2562
280,known_vol_rolling_252,0.15,test_invalid,invalid,0.2574
281,known_vol_rolling_252,0.15,test_invalid,invalid,0.259
282,known_vol_rolling_252,0.15,test_invalid,invalid,0.2606
283,known_vol_rolling_252,0.15,test_invalid,invalid,0.2634
284,known_vol_rolling_252,0.15,test_invalid,invalid,0.265
285,known_vol_rolling_252,0.15,test_invalid,invalid,0.2666
286,known_vol_rolling_252,0.15,test_invalid,invalid,0.2686
287,known_vol_rolling_252,0.15,test_invalid,invalid,0.2706
288,known_vol_rolling_252,0.15,test_invalid,invalid,0.273
289,known_vol_rolling_252,0.15,test_invalid,invalid,0.276
290,known_vol_rolling_252,0.15,test_invalid,invalid,0.2784
291,known_vol_rolling_252,0.15,test_invalid,invalid,0.2812
292,known_vol_rolling_252,0.15,test_invalid,invalid,0.283
293,known_vol_rolling_252,0.15,test_invalid,invalid,0.2856
294,known_vol_rolling_252,0.15,test_invalid,invalid,0.2868
295,known_vol_rolling_252,0.15,test_invalid,invalid,0.2898
296,known_vol_rolling_252,0.15,test_invalid,invalid,0.2912
297,known_vol_rolling_252,0.15,test_invalid,invalid,0.2928
298,known_vol_rolling_252,0.15,test_invalid,invalid,0.2952
299,known_vol_rolling_252,0.15,test_invalid,invalid,0.297
300,known_vol_rolling_252,0.15,test_invalid,invalid,0.3
301,known_vol_rolling_252,0.15,test_invalid,invalid,0.3016
302,known_vol_rolling_252,0.15,test_invalid,invalid,0.3036
303,known_vol_rolling_252,0.15,test_invalid,invalid,0.3062
304,known_vol_rolling_252,0.15,test_invalid,invalid,0.308
305,known_vol_rolling_252,0.15,test_invalid,invalid,0.3102
306,known_vol_rolling_252,0.15,test_invalid,invalid,0.3116
307,known_vol_rolling_252,0.15,test_invalid,invalid,0.3122
308,known_vol_rolling_252,0.15,test_invalid,invalid,0.3134
309,known_vol_rolling_252,0.15,test_invalid,invalid,0.3158
310,known_vol_rolling_252,0.15,test_invalid,invalid,0.3186
311,known_vol_rolling_252,0.15,test_invalid,invalid,0.3198
312,known_vol_rolling_252,0.15,test_invalid,invalid,0.322
313,known_vol_rolling_252,0.15,test_invalid,invalid,0.3242
314,known_vol_rolling_252,0.15,test_invalid,invalid,0.3258
315,known_vol_rolling_252,0.15,test_invalid,invalid,0.3264
316,known_vol_rolling_252,0.15,test_invalid,invalid,0.3286
317,known_vol_rolling_252,0.15,test_invalid,invalid,0.33
318,known_vol_rolling_252,0.15,test_invalid,invalid,0.3314
319,known_vol_rolling_252,0.15,test_invalid,invalid,0.3322
320,known_vol_rolling_252,0.15,test_invalid,invalid,0.333
321,known_vol_rolling_252,0.15,test_invalid,invalid,0.3342
322,known_vol_rolling_252,0.15,test_invalid,invalid,0.3352
323,known_vol_rolling_252,0.15,test_invalid,invalid,0.3362
324,known_vol_rolling_252,0.15,test_invalid,invalid,0.3378
325,known_vol_rolling_252,0.15,test_invalid,invalid,0.3402
326,known_vol_rolling_252,0.15,test_invalid,invalid,0.3426
327,known_vol_rolling_252,0.15,test_invalid,invalid,0.344
328,known_vol_rolling_252,0.15,test_invalid,invalid,0.3464
329,known_vol_rolling_252,0.15,test_invalid,invalid,0.3478
330,known_vol_rolling_252,0.15,test_invalid,invalid,0.3488
331,known_vol_rolling_252,0.15,test_invalid,invalid,0.3506
332,known_vol_rolling_252,0.15,test_invalid,invalid,0.3522
333,known_vol_rolling_252,0.15,test_invalid,invalid,0.3534
334,known_vol_rolling_252,0.15,test_invalid,invalid,0.3556
335,known_vol_rolling_252,0.15,test_invalid,invalid,0.358
336,known_vol_rolling_252,0.15,test_invalid,invalid,0.3592
337,known_vol_rolling_252,0.15,test_invalid,invalid,0.3606
338,known_vol_rolling_252,0.15,test_invalid,invalid,0.3616
339,known_vol_rolling_252,0.15,test_invalid,invalid,0.3636
340,known_vol_rolling_252,0.15,test_invalid,invalid,0.3646
341,known_vol_rolling_252,0.15,test_invalid,invalid,0.3666
342,known_vol_rolling_252,0.15,test_invalid,invalid,0.3676
343,known_vol_rolling_252,0.15,test_invalid,invalid,0.3694
344,known_vol_rolling_252,0.15,test_invalid,invalid,0.3708
345,known_vol_rolling_252,0.15,test_invalid,invalid,0.3718
346,known_vol_rolling_252,0.15,test_invalid,invalid,0.374
347,known_vol_rolling_252,0.15,test_invalid,invalid,0.375
348,known_vol_rolling_252,0.15,test_invalid,invalid,0.3758
349,known_vol_rolling_252,0.15,test_invalid,invalid,0.3774
350,known_vol_rolling_252,0.15,test_invalid,invalid,0.3802
351,known_vol_rolling_252,0.15,test_invalid,invalid,0.3808
352,known_vol_rolling_252,0.15,test_invalid,invalid,0.3818
353,known_vol_rolling_252,0.15,test_invalid,invalid,0.3828
354,known_vol_rolling_252,0.15,test_invalid,invalid,0.3842
355,known_vol_rolling_252,0.15,test_invalid,invalid,0.385
356,known_vol_rolling_252,0.15,test_invalid,invalid,0.3866
357,known_vol_rolling_252,0.15,test_invalid,invalid,0.3876
358,known_vol_rolling_252,0.15,test_invalid,invalid,0.3892
359,known_vol_rolling_252,0.15,test_invalid,invalid,0.3902
360,known_vol_rolling_252,0.15,test_invalid,invalid,0.3916
361,known_vol_rolling_252,0.15,test_invalid,invalid,0.393
362,known_vol_rolling_252,0.15,test_invalid,invalid,0.3944
363,known_vol_rolling_252,0.15,test_invalid,invalid,0.3952
364,known_vol_rolling_252,0.15,test_invalid,invalid,0.3972
365,known_vol_rolling_252,0.15,test_invalid,invalid,0.3986
366,known_vol_rolling_252,0.15,test_invalid,invalid,0.4
367,known_vol_rolling_252,0.15,test_invalid,invalid,0.4014
368,known_vol_rolling_252,0.15,test_invalid,invalid,0.4024
369,known_vol_rolling_252,0.15,test_invalid,invalid,0.404
370,known_vol_rolling_252,0.15,test_invalid,invalid,0.4052
371,known_vol_rolling_252,0.15,test_invalid,invalid,0.4066
372,known_vol_rolling_252,0.15,test_invalid,invalid,0.4072
373,known_vol_rolling_252,0.15,test_invalid,invalid,0.4082
374,known_vol_rolling_252,0.15,test_invalid,invalid,0.4094
375,known_vol_rolling_252,0.15,test_invalid,invalid,0.4104
376,known_vol_rolling_252,0.15,test_invalid,invalid,0.4116
377,known_vol_rolling_252,0.15,test_invalid,invalid,0.4128
378,known_vol_rolling_252,0.15,test_invalid,invalid,0.4138
379,known_vol_rolling_252,0.15,test_invalid,invalid,0.4154
380,known_vol_rolling_252,0.15,test_invalid,invalid,0.4158
381,known_vol_rolling_252,0.15,test_invalid,invalid,0.4174
382,known_vol_rolling_252,0.15,test_invalid,invalid,0.4186
383,known_vol_rolling_252,0.15,test_invalid,invalid,0.42
384,known_vol_rolling_252,0.15,test_invalid,invalid,0.4204
385,known_vol_rolling_252,0.15,test_invalid,invalid,0.4216
386,known_vol_rolling_252,0.15,test_invalid,invalid,0.4228
387,known_vol_rolling_252,0.15,test_invalid,invalid,0.424
388,known_vol_rolling_252,0.15,test_invalid,invalid,0.4258
389,known_vol_rolling_252,0.15,test_invalid,invalid,0.428
390,known_vol_rolling_252,0.15,test_invalid,invalid,0.4292
391,known_vol_rolling_252,0.15,test_invalid,invalid,0.4306
392,known_vol_rolling_252,0.15,test_invalid,invalid,0.4312
393,known_vol_rolling_252,0.15,test_invalid,invalid,0.4326
394,known_vol_rolling_252,0.15,test_invalid,invalid,0.4332
395,known_vol_rolling_252,0.15,test_invalid,invalid,0.434
396,known_vol_rolling_252,0.15,test_invalid,invalid,0.4356
397,known_vol_rolling_252,0.15,test_invalid,invalid,0.4372
398,known_vol_rolling_252,0.15,test_invalid,invalid,0.4384
399,known_vol_rolling_252,0.15,test_invalid,invalid,0.4396
400,known_vol_rolling_252,0.15,test_invalid,invalid,0.441
401,known_vol_rolling_252,0.15,test_invalid,invalid,0.443
402,known_vol_rolling_252,0.15,test_invalid,invalid,0.4442
403,known_vol_rolling_252,0.15,test_invalid,invalid,0.445
404,known_vol_rolling_252,0.15,test_invalid,invalid,0.4462
405,known_vol_rolling_252,0.15,test_invalid,invalid,0.4472
406,known_vol_rolling_252,0.15,test_invalid,invalid,0.4482
407,known_vol_rolling_252,0.15,test_invalid,invalid,0.4486
408,known_vol_rolling_252,0.15,test_invalid,invalid,0.4494
409,known_vol_rolling_252,0.15,test_invalid,invalid,0.451
410,known_vol_rolling_252,0.15,test_invalid,invalid,0.452
411,known_vol_rolling_252,0.15,test_invalid,invalid,0.4534
412,known_vol_rolling_252,0.15,test_invalid,invalid,0.4548
413,known_vol_rolling_252,0.15,test_invalid,invalid,0.456
414,known_vol_rolling_252,0.15,test_invalid,invalid,0.4578
415,known_vol_rolling_252,0.15,test_invalid,invalid,0.4594
416,known_vol_rolling_252,0.15,test_invalid,invalid,0.4612
417,known_vol_rolling_252,0.15,test_invalid,invalid,0.4618
418,known_vol_rolling_252,0.15,test_invalid,invalid,0.4636
419,known_vol_rolling_252,0.15,test_invalid,invalid,0.465
420,known_vol_rolling_252,0.15,test_invalid,invalid,0.4668
421,known_vol_rolling_252,0.15,test_invalid,invalid,0.4684
422,known_vol_rolling_252,0.15,test_invalid,invalid,0.4694
423,known_vol_rolling_252,0.15,test_invalid,invalid,0.47
424,known_vol_rolling_252,0.15,test_invalid,invalid,0.4718
425,known_vol_rolling_252,0.15,test_invalid,invalid,0.4732
426,known_vol_rolling_252,0.15,test_invalid,invalid,0.4738
427,known_vol_rolling_252,0.15,test_invalid,invalid,0.4752
428,known_vol_rolling_252,0.15,test_invalid,invalid,0.477
429,known_vol_rolling_252,0.15,test_invalid,invalid,0.4784
430,known_vol_rolling_252,0.15,test_invalid,invalid,0.4798
431,known_vol_rolling_252,0.15,test_invalid,invalid,0.4814
432,known_vol_rolling_252,0.15,test_invalid,invalid,0.483
433,known_vol_rolling_252,0.15,test_invalid,invalid,0.4838
434,known_vol_rolling_252,0.15,test_invalid,invalid,0.4846
435,known_vol_rolling_252,0.15,test_invalid,invalid,0.4862
436,known_vol_rolling_252,0.15,test_invalid,invalid,0.4882
437,known_vol_rolling_252,0.15,test_invalid,invalid,0.4896
438,known_vol_rolling_252,0.15,test_invalid,invalid,0.49
439,known_vol_rolling_252,0.15,test_invalid,invalid,0.4904
440,known_vol_rolling_252,0.15,test_invalid,invalid,0.4914
441,known_vol_rolling_252,0.15,test_invalid,invalid,0.492
442,known_vol_rolling_252,0.15,test_invalid,invalid,0.4932
443,known_vol_rolling_252,0.15,test_invalid,invalid,0.4938
444,known_vol_rolling_252,0.15,test_invalid,invalid,0.4944
445,known_vol_rolling_252,0.15,test_invalid,invalid,0.4952
446,known_vol_rolling_252,0.15,test_invalid,invalid,0.4964
447,known_vol_rolling_252,0.15,test_invalid,invalid,0.4976
448,known_vol_rolling_252,0.15,test_invalid,invalid,0.4982
449,known_vol_rolling_252,0.15,test_invalid,invalid,0.499
450,known_vol_rolling_252,0.15,test_invalid,invalid,0.5008
451,known_vol_rolling_252,0.15,test_invalid,invalid,0.5018
452,known_vol_rolling_252,0.15,test_invalid,invalid,0.5028
453,known_vol_rolling_252,0.15,test_invalid,invalid,0.503
454,known_vol_rolling_252,0.15,test_invalid,invalid,0.5044
455,known_vol_rolling_252,0.15,test_invalid,invalid,0.5064
456,known_vol_rolling_252,0.15,test_invalid,invalid,0.5082
457,known_vol_rolling_252,0.15,test_invalid,invalid,0.5098
458,known_vol_rolling_252,0.15,test_invalid,invalid,0.511
459,known_vol_rolling_252,0.15,test_invalid,invalid,0.5122
460,known_vol_rolling_252,0.15,test_invalid,invalid,0.5128
461,known_vol_rolling_252,0.15,test_invalid,invalid,0.5146
462,known_vol_rolling_252,0.15,test_invalid,invalid,0.5158
463,known_vol_rolling_252,0.15,test_invalid,invalid,0.5176
464,known_vol_rolling_252,0.15,test_invalid,invalid,0.5176
465,known_vol_rolling_252,0.15,test_invalid,invalid,0.5182
466,known_vol_rolling_252,0.15,test_invalid,invalid,0.5194
467,known_vol_rolling_252,0.15,test_invalid,invalid,0.5206
468,known_vol_rolling_252,0.15,test_invalid,invalid,0.5218
469,known_vol_rolling_252,0.15,test_invalid,invalid,0.523
470,known_vol_rolling_252,0.15,test_invalid,invalid,0.5238
471,known_vol_rolling_252,0.15,test_invalid,invalid,0.5248
472,known_vol_rolling_252,0.15,test_invalid,invalid,0.525
473,known_vol_rolling_252,0.15,test_invalid,invalid,0.5262
474,known_vol_rolling_252,0.15,test_invalid,invalid,0.527
475,known_vol_rolling_252,0.15,test_invalid,invalid,0.5276
476,known_vol_rolling_252,0.15,test_invalid,invalid,0.5288
477,known_vol_rolling_252,0.15,test_invalid,invalid,0.5296
478,known_vol_rolling_252,0.15,test_invalid,invalid,0.5304
479,known_vol_rolling_252,0.15,test_invalid,invalid,0.532
480,known_vol_rolling_252,0.15,test_invalid,invalid,0.5328
481,known_vol_rolling_252,0.15,test_invalid,invalid,0.5344
482,known_vol_rolling_252,0.15,test_invalid,invalid,0.536
483,known_vol_rolling_252,0.15,test_invalid,invalid,0.537
484,known_vol_rolling_252,0.15,test_invalid,invalid,0.5382
485,known_vol_rolling_252,0.15,test_invalid,invalid,0.5396
486,known_vol_rolling_252,0.15,test_invalid,invalid,0.5414
487,known_vol_rolling_252,0.15,test_invalid,invalid,0.5426
488,known_vol_rolling_252,0.15,test_invalid,invalid,0.5432
489,known_vol_rolling_252,0.15,test_invalid,invalid,0.5442
490,known_vol_rolling_252,0.15,test_invalid,invalid,0.5458
491,known_vol_rolling_252,0.15,test_invalid,invalid,0.5466
492,known_vol_rolling_252,0.15,test_invalid,invalid,0.548
493,known_vol_rolling_252,0.15,test_invalid,invalid,0.5494
494,known_vol_rolling_252,0.15,test_invalid,invalid,0.5504
495,known_vol_rolling_252,0.15,test_invalid,invalid,0.5516
496,known_vol_rolling_252,0.15,test_invalid,invalid,0.5526
497,known_vol_rolling_252,0.15,test_invalid,invalid,0.5534
498,known_vol_rolling_252,0.15,test_invalid,invalid,0.5546
499,known_vol_rolling_252,0.15,test_invalid,invalid,0.5552
500,known_vol_rolling_252,0.15,test_invalid,invalid,0.5562
501,known_vol_rolling_252,0.15,test_invalid,invalid,0.5564
502,known_vol_rolling_252,0.15,test_invalid,invalid,0.5564
503,known_vol_rolling_252,0.15,test_invalid,invalid,0.5566
504,known_vol_rolling_252,0.15,test_invalid,invalid,0.5572
1,random_closure,0.05,test_valid,valid,0.00010176723086308126
2,random_closure,0.05,test_valid,valid,0.00020352410515689368
3,random_closure,0.05,test_valid,valid,0.00030527062393537197
4,random_closure,0.05,test_valid,valid,0.0004070067882523398
5,random_closure,0.05,test_valid,valid,0.000508732599161732
6,random_closure,0.05,test_valid,valid,0.000610448057716928
7,random_closure,0.05,test_valid,valid,0.0007121531649715296
8,random_closure,0.05,test_valid,valid,0.0008138479219791384
9,random_closure,0.05,test_valid,valid,0.0009155323297928009
10,random_closure,0.05,test_valid,valid,0.0010172063894658967
11,random_closure,0.05,test_valid,valid,0.0011188701020515834
12,random_closure,0.05,test_valid,valid,0.0012205234686026856
13,random_closure,0.05,test_valid,valid,0.0013221664901721386
14,random_closure,0.05,test_valid,valid,0.001423799167812767
15,random_closure,0.05,test_valid,valid,0.0015254215025771733
16,random_closure,0.05,test_valid,valid,0.001627033495518071
17,random_closure,0.05,test_valid,valid,0.0017286351476878403
18,random_closure,0.05,test_valid,valid,0.0018302264601387508
19,random_closure,0.05,test_valid,valid,0.0019318074339230717
20,random_closure,0.05,test_valid,valid,0.0020333780700930726
21,random_closure,0.05,test_valid,valid,0.0021349383697006896
22,random_closure,0.05,test_valid,valid,0.002236488333797859
23,random_closure,0.05,test_valid,valid,0.0023380279634362955
24,random_closure,0.05,test_valid,valid,0.002439557259667824
25,random_closure,0.05,test_valid,valid,0.0025410762235440476
26,random_closure,0.05,test_valid,valid,0.002642584856116459
27,random_closure,0.05,test_valid,valid,0.002744083158436439
28,random_closure,0.05,test_valid,valid,0.002845571131555258
29,random_closure,0.05,test_valid,valid,0.002947048776524075
30,random_closure,0.05,test_valid,valid,0.0030485160943939382
31,random_closure,0.05,test_valid,valid,0.003149973086215785
32,random_closure,0.05,test_valid,valid,0.003251419753040663
33,random_closure,0.05,test_valid,valid,0.0033528560959190656
34,random_closure,0.05,test_valid,valid,0.003454282115901819
35,random_closure,0.05,test_valid,valid,0.0035556978140393047
36,random_closure,0.05,test_valid,valid,0.0036571031913821272
37,random_closure,0.05,test_valid,valid,0.0037584982489803354
38,random_closure,0.05,test_valid,valid,0.003859882987884422
39,random_closure,0.05,test_valid,valid,0.003961257409144436
40,random_closure,0.05,test_valid,valid,0.004062621513810205
41,random_closure,0.05,test_valid,valid,0.004163975302931777
42,random_closure,0.05,test_valid,valid,0.00426531877755898
43,random_closure,0.05,test_valid,valid,0.004366651938741306
44,random_closure,0.05,test_valid,valid,0.0044679747875283615
45,random_closure,0.05,test_valid,valid,0.004569287324969751
46,random_closure,0.05,test_valid,valid,0.004670589552114746
47,random_closure,0.05,test_valid,valid,0.004771881470012618
48,random_closure,0.05,test_valid,valid,0.004873163079712528
49,random_closure,0.05,test_valid,valid,0.004974434382263415
50,random_closure,0.05,test_valid,valid,0.005075695378714329
51,random_closure,0.05,test_valid,valid,0.005176946070113986
52,random_closure,0.05,test_valid,valid,0.005278186457511214
53,random_closure,0.05,test_valid,valid,0.005379416541954507
54,random_closure,0.05,test_valid,valid,0.005480636324492472
55,random_closure,0.05,test_valid,valid,0.005581845806173491
56,random_closure,0.05,test_valid,valid,0.005683044988045727
57,random_closure,0.05,test_valid,valid,0.0057842338711575625
58,random_closure,0.05,test_valid,valid,0.005885412456556827
59,random_closure,0.05,test_valid,valid,0.005986580745291792
60,random_closure,0.05,test_valid,valid,0.0060877387384100645
61,random_closure,0.05,test_valid,valid,0.006188886436959473
62,random_closure,0.05,test_valid,valid,0.006290023841987735
63,random_closure,0.05,test_valid,valid,0.006391150954542346
64,random_closure,0.05,test_valid,valid,0.006492267775670801
65,random_closure,0.05,test_valid,valid,0.006593374306420374
66,random_closure,0.05,test_valid,valid,0.006694470547838227
67,random_closure,0.05,test_valid,valid,0.006795556500971522
68,random_closure,0.05,test_valid,valid,0.006896632166867311
69,random_closure,0.05,test_valid,valid,0.006997697546572534
70,random_closure,0.05,test_valid,valid,0.00709875264113391
71,random_closure,0.05,test_valid,valid,0.0071997974515980445
72,random_closure,0.05,test_valid,valid,0.007300831979011768
73,random_closure,0.05,test_valid,valid,0.007401856224421355
74,random_closure,0.05,test_valid,valid,0.00750287018887319
75,random_closure,0.05,test_valid,valid,0.007603873873413658
76,random_closure,0.05,test_valid,valid,0.007704867279088812
77,random_closure,0.05,test_valid,valid,0.007805850406944703
78,random_closure,0.05,test_valid,valid,0.007906823258027273
79,random_closure,0.05,test_valid,valid,0.008007785833382464
80,random_closure,0.05,test_valid,valid,0.008108738134055993
81,random_closure,0.05,test_valid,valid,0.008209680161093358
82,random_closure,0.05,test_valid,valid,0.008310611915540167
83,random_closure,0.05,test_valid,valid,0.008411533398441806
84,random_closure,0.05,test_valid,valid,0.008512444610843661
85,random_closure,0.05,test_valid,valid,0.008613345553790785
86,random_closure,0.05,test_valid,valid,0.008714236228328454
87,random_closure,0.05,test_valid,valid,0.008815116635501496
88,random_closure,0.05,test_valid,valid,0.008915986776354856
89,random_closure,0.05,test_valid,valid,0.009016846651933252
90,random_closure,0.05,test_valid,valid,0.009117696263281405
91,random_closure,0.05,test_valid,valid,0.009218535611443923
92,random_closure,0.05,test_valid,valid,0.009319364697465304
93,random_closure,0.05,test_valid,valid,0.009420183522389713
94,random_closure,0.05,test_valid,valid,0.009520992087261426
95,random_closure,0.05,test_valid,valid,0.009621790393124718
96,random_closure,0.05,test_valid,valid,0.009722578441023533
97,random_closure,0.05,test_valid,valid,0.009823356232001923
98,random_closure,0.05,test_valid,valid,0.009924123767103388
99,random_closure,0.05,test_valid,valid,0.01002488104737198
100,random_closure,0.05,test_valid,valid,0.0101256280738512
101,random_closure,0.05,test_valid,valid,0.010226364847584435
102,random_closure,0.05,test_valid,valid,0.010327091369615182
103,random_closure,0.05,test_valid,valid,0.01042780764098672
104,random_closure,0.05,test_valid,valid,0.010528513662742212
105,random_closure,0.05,test_valid,valid,0.010629209435924714
106,random_closure,0.05,test_valid,valid,0.010729894961577169
107,random_closure,0.05,test_valid,valid,0.010830570240742632
108,random_closure,0.05,test_valid,valid,0.010931235274463602
109,random_closure,0.05,test_valid,valid,0.011031890063782912
110,random_closure,0.05,test_valid,valid,0.011132534609743061
111,random_closure,0.05,test_valid,valid,0.011233168913386327
112,random_closure,0.05,test_valid,valid,0.011333792975755319
113,random_closure,0.05,test_valid,valid,0.011434406797892094
114,random_closure,0.05,test_valid,valid,0.011535010380838817
115,random_closure,0.05,test_valid,valid,0.011635603725637433
116,random_closure,0.05,test_valid,valid,0.011736186833329887
117,random_closure,0.05,test_valid,valid,0.011836759704958122
118,random_closure,0.05,test_valid,valid,0.011937322341563639
119,random_closure,0.05,test_valid,valid,0.012037874744188048
120,random_closure,0.05,test_valid,valid,0.012138416913872963
121,random_closure,0.05,test_valid,valid,0.012238948851659659
122,random_closure,0.05,test_valid,valid,0.012339470558589416
123,random_closure,0.05,test_valid,valid,0.0124399820357034
124,random_closure,0.05,test_valid,valid,0.01254048328404278
125,random_closure,0.05,test_valid,valid,0.012640974304648389
126,random_closure,0.05,test_valid,valid,0.01274145509856106
127,random_closure,0.05,test_valid,valid,0.012841925666821519
128,random_closure,0.05,test_valid,valid,0.012942386010470597
129,random_closure,0.05,test_valid,valid,0.013042836130548574
130,random_closure,0.05,test_valid,valid,0.013143276028096063
131,random_closure,0.05,test_valid,valid,0.013243705704153341
132,random_closure,0.05,test_valid,valid,0.013344125159760578
133,random_closure,0.05,test_valid,valid,0.01344453439595783
134,random_closure,0.05,test_valid,valid,0.013544933413785154
135,random_closure,0.05,test_valid,valid,0.013645322214282496
136,random_closure,0.05,test_valid,valid,0.01374570079848958
137,random_closure,0.05,test_valid,valid,0.013846069167446129
138,random_closure,0.05,test_valid,valid,0.013946427322191757
139,random_closure,0.05,test_valid,valid,0.014046775263765743
140,random_closure,0.05,test_valid,valid,0.0141471129932077
141,random_closure,0.05,test_valid,valid,0.014247440511556797
142,random_closure,0.05,test_valid,valid,0.014347757819852092
143,random_closure,0.05,test_valid,valid,0.014448064919132753
144,random_closure,0.05,test_valid,valid,0.014548361810437727
145,random_closure,0.05,test_valid,valid,0.014648648494805738
146,random_closure,0.05,test_valid,valid,0.014748924973275623
147,random_closure,0.05,test_valid,valid,0.014849191246885995
148,random_closure,0.05,test_valid,valid,0.014949447316675246
149,random_closure,0.05,test_valid,valid,0.01504969318368199
150,random_closure,0.05,test_valid,valid,0.015149928848944505
151,random_closure,0.05,test_valid,valid,0.015250154313500852
152,random_closure,0.05,test_valid,valid,0.0153503695783892
153,random_closure,0.05,test_valid,valid,0.015450574644647497
154,random_closure,0.05,test_valid,valid,0.0155507695133138
155,random_closure,0.05,test_valid,valid,0.015650954185425725
156,random_closure,0.05,test_valid,valid,0.015751128662020997
157,random_closure,0.05,test_valid,valid,0.01585129294413712
158,random_closure,0.05,test_valid,valid,0.015951447032811705
159,random_closure,0.05,test_valid,valid,0.016051590929082038
160,random_closure,0.05,test_valid,valid,0.016151724633985287
161,random_closure,0.05,test_valid,valid,0.016251848148558734
162,random_closure,0.05,test_valid,valid,0.016351961473839327
163,random_closure,0.05,test_valid,valid,0.016452064610864015
164,random_closure,0.05,test_valid,valid,0.016552157560669634
165,random_closure,0.05,test_valid,valid,0.01665224032429302
166,random_closure,0.05,test_valid,valid,0.016752312902770572
167,random_closure,0.05,test_valid,valid,0.01685237529713901
168,random_closure,0.05,test_valid,valid,0.01695242750843462
169,random_closure,0.05,test_valid,valid,0.017052469537693793
170,random_closure,0.05,test_valid,valid,0.01715250138595259
171,random_closure,0.05,test_valid,valid,0.017252523054247293
172,random_closure,0.05,test_valid,valid,0.01735253454361374
173,random_closure,0.05,test_valid,valid,0.01745253585508788
174,random_closure,0.05,test_valid,valid,0.01755252698970544
175,random_closure,0.05,test_valid,valid,0.01765250794850215
176,random_closure,0.05,test_valid,valid,0.01775247873251351
177,random_closure,0.05,test_valid,valid,0.01785243934277503
178,random_closure,0.05,test_valid,valid,0.017952389780321987
179,random_closure,0.05,test_valid,valid,0.01805233004618978
180,random_closure,0.05,test_valid,valid,0.018152260141413468
181,random_closure,0.05,test_valid,valid,0.018252180067028
182,random_closure,0.05,test_valid,valid,0.01835208982406844
183,random_closure,0.05,test_valid,valid,0.018451989413569625
184,random_closure,0.05,test_valid,valid,0.01855187883656617
185,random_closure,0.05,test_valid,valid,0.018651758094092696
186,random_closure,0.05,test_valid,valid,0.018751627187183817
187,random_closure,0.05,test_valid,valid,0.018851486116873928
188,random_closure,0.05,test_valid,valid,0.018951334884197202
189,random_closure,0.05,test_valid,valid,0.019051173490188034
190,random_closure,0.05,test_valid,valid,0.019151001935880263
191,random_closure,0.05,test_valid,valid,0.019250820222308063
192,random_closure,0.05,test_valid,valid,0.019350628350505272
193,random_closure,0.05,test_valid,valid,0.01945042632150573
194,random_closure,0.05,test_valid,valid,0.019550214136342947
195,random_closure,0.05,test_valid,valid,0.019649991796050537
196,random_closure,0.05,test_valid,valid,0.019749759301662118
197,random_closure,0.05,test_valid,valid,0.019849516654210864
198,random_closure,0.05,test_valid,valid,0.01994926385473006
199,random_closure,0.05,test_valid,valid,0.02004900090425288
200,random_closure,0.05,test_valid,valid,0.020148727803812383
201,random_closure,0.05,test_valid,valid,0.020248444554441414
202,random_closure,0.05,test_valid,valid,0.020348151157172922
203,random_closure,0.05,test_valid,valid,0.020447847613039527
204,random_closure,0.05,test_valid,valid,0.020547533923073957
205,random_closure,0.05,test_valid,valid,0.02064721008830861
206,random_closure,0.05,test_valid,valid,0.02074687610977599
207,random_closure,0.05,test_valid,valid,0.020846531988508277
208,random_closure,0.05,test_valid,valid,0.02094617772553775
209,random_closure,0.05,test_valid,valid,0.02104581332189659
210,random_closure,0.05,test_valid,valid,0.021145438778616632
211,random_closure,0.05,test_valid,valid,0.021245054096729832
212,random_closure,0.05,test_valid,valid,0.02134465927726792
213,random_closure,0.05,test_valid,valid,0.021444254321262624
214,random_closure,0.05,test_valid,valid,0.021543839229745565
215,random_closure,0.05,test_valid,valid,0.02164341400374803
216,random_closure,0.05,test_valid,valid,0.021742978644301525
217,random_closure,0.05,test_valid,valid,0.021842533152437338
218,random_closure,0.05,test_valid,valid,0.02194207752918642
219,random_closure,0.05,test_valid,valid,0.02204161177557995
220,random_closure,0.05,test_valid,valid,0.022141135892648878
221,random_closure,0.05,test_valid,valid,0.022240649881424046
222,random_closure,0.05,test_valid,valid,0.022340153742936075
223,random_closure,0.05,test_valid,valid,0.022439647478215696
224,random_closure,0.05,test_valid,valid,0.022539131088293307
225,random_closure,0.05,test_valid,valid,0.022638604574199528
226,random_closure,0.05,test_valid,valid,0.022738067936964423
227,random_closure,0.05,test_valid,valid,0.02283752117761839
228,random_closure,0.05,test_valid,valid,0.022936964297191498
229,random_closure,0.05,test_valid,valid,0.023036397296713695
230,random_closure,0.05,test_valid,valid,0.023135820177214828
231,random_closure,0.05,test_valid,valid,0.023235232939724626
232,random_closure,0.05,test_valid,valid,0.023334635585273045
233,random_closure,0.05,test_valid,valid,0.02343402811488937
234,random_closure,0.05,test_valid,valid,0.023533410529603227
235,random_closure,0.05,test_valid,valid,0.02363278283044401
236,random_closure,0.05,test_valid,valid,0.023732145018440787
237,random_closure,0.05,test_valid,valid,0.023831497094622955
238,random_closure,0.05,test_valid,valid,0.02393083906001936
239,random_closure,0.05,test_valid,valid,0.024030170915659066
240,random_closure,0.05,test_valid,valid,0.024129492662570917
241,random_closure,0.05,test_valid,valid,0.024228804301783535
242,random_closure,0.05,test_valid,valid,0.024328105834325764
243,random_closure,0.05,test_valid,valid,0.02442739726122589
244,random_closure,0.05,test_valid,valid,0.02452667858351254
245,random_closure,0.05,test_valid,valid,0.024625949802213887
246,random_closure,0.05,test_valid,valid,0.02472521091835822
247,random_closure,0.05,test_valid,valid,0.024824461932973718
248,random_closure,0.05,test_valid,valid,0.024923702847088114
249,random_closure,0.05,test_valid,valid,0.025022933661729585
250,random_closure,0.05,test_valid,valid,0.025122154377925865
251,random_closure,0.05,test_valid,valid,0.025221364996704576
252,random_closure,0.05,test_valid,valid,0.025320565519093452
253,random_closure,0.05,test_valid,valid,0.02541975594611967
254,random_closure,0.05,test_valid,valid,0.025518936278810966
255,random_closure,0.05,test_valid,valid,0.025618106518194406
256,random_closure,0.05,test_valid,valid,0.025717266665297167
257,random_closure,0.05,test_valid,valid,0.025816416721146318
258,random_closure,0.05,test_valid,valid,0.025915556686768926
259,random_closure,0.05,test_valid,valid,0.026014686563191725
260,random_closure,0.05,test_valid,valid,0.02611380635144145
261,random_closure,0.05,test_valid,valid,0.026212916052544832
262,random_closure,0.05,test_valid,valid,0.026312015667528388
263,random_closure,0.05,test_valid,valid,0.026411105197418627
264,random_closure,0.05,test_valid,valid,0.02651018464324173
265,random_closure,0.05,test_valid,valid,0.026609254006023986
266,random_closure,0.05,test_valid,valid,0.026708313286791463
267,random_closure,0.05,test_valid,valid,0.02680736248657034
268,random_closure,0.05,test_valid,valid,0.026906401606386465
269,random_closure,0.05,test_valid,valid,0.02700543064726557
270,random_closure,0.05,test_valid,valid,0.027104449610233394
271,random_closure,0.05,test_valid,valid,0.027203458496315558
272,random_closure,0.05,test_valid,valid,0.027302457306537575
273,random_closure,0.05,test_valid,valid,0.02740144604192485
274,random_closure,0.05,test_valid,valid,0.027500424703502557
275,random_closure,0.05,test_valid,valid,0.027599393292295993
276,random_closure,0.05,test_valid,valid,0.027698351809330224
277,random_closure,0.05,test_valid,valid,0.02779730025563021
278,random_closure,0.05,test_valid,valid,0.027896238632220793
279,random_closure,0.05,test_valid,valid,0.027995166940126825
280,random_closure,0.05,test_valid,valid,0.02809408518037282
281,random_closure,0.05,test_valid,valid,0.02819299335398351
282,random_closure,0.05,test_valid,valid,0.028291891461983187
283,random_closure,0.05,test_valid,valid,0.02839077950539637
284,random_closure,0.05,test_valid,valid,0.028489657485247122
285,random_closure,0.05,test_valid,valid,0.028588525402559628
286,random_closure,0.05,test_valid,valid,0.028687383258358068
287,random_closure,0.05,test_valid,valid,0.02878623105366629
288,random_closure,0.05,test_valid,valid,0.028885068789508028
289,random_closure,0.05,test_valid,valid,0.028983896466907133
290,random_closure,0.05,test_valid,valid,0.029082714086887118
291,random_closure,0.05,test_valid,valid,0.02918152165047161
292,random_closure,0.05,test_valid,valid,0.0292803191586839
293,random_closure,0.05,test_valid,valid,0.02937910661254739
294,random_closure,0.05,test_valid,valid,0.029477884013085376
295,random_closure,0.05,test_valid,valid,0.029576651361320705
296,random_closure,0.05,test_valid,valid,0.02967540865827656
297,random_closure,0.05,test_valid,valid,0.029774155904975674
298,random_closure,0.05,test_valid,valid,0.029872893102441123
299,random_closure,0.05,test_valid,valid,0.029971620251695308
300,random_closure,0.05,test_valid,valid,0.030070337353760856
301,random_closure,0.05,test_valid,valid,0.030169044409660284
302,random_closure,0.05,test_valid,valid,0.030267741420415994
303,random_closure,0.05,test_valid,valid,0.03036642838705028
304,random_closure,0.05,test_valid,valid,0.030465105310585217
305,random_closure,0.05,test_valid,valid,0.03056377219204287
306,random_closure,0.05,test_valid,valid,0.030662429032445204
307,random_closure,0.05,test_valid,valid,0.030761075832814178
308,random_closure,0.05,test_valid,valid,0.030859712594171418
309,random_closure,0.05,test_valid,valid,0.030958339317538552
310,random_closure,0.05,test_valid,valid,0.031056956003937097
311,random_closure,0.05,test_valid,valid,0.03115556265438868
312,random_closure,0.05,test_valid,valid,0.03125415926991437
313,random_closure,0.05,test_valid,valid,0.03135274585153569
314,random_closure,0.05,test_valid,valid,0.031451322400273485
315,random_closure,0.05,test_valid,valid,0.03154988891714883
316,random_closure,0.05,test_valid,valid,0.03164844540318279
317,random_closure,0.05,test_valid,valid,0.03174699185939611
318,random_closure,0.05,test_valid,valid,0.03184552828680942
319,random_closure,0.05,test_valid,valid,0.031944054686443346
320,random_closure,0.05,test_valid,valid,0.032042571059318514
321,random_closure,0.05,test_valid,valid,0.03214107740645511
322,random_closure,0.05,test_valid,valid,0.03223957372887365
323,random_closure,0.05,test_valid,valid,0.032338060027594095
324,random_closure,0.05,test_valid,valid,0.03243653630363663
325,random_closure,0.05,test_valid,valid,0.03253500255802133
326,random_closure,0.05,test_valid,valid,0.03263345879176793
327,random_closure,0.05,test_valid,valid,0.03273190500589629
328,random_closure,0.05,test_valid,valid,0.03283034120142614
329,random_closure,0.05,test_valid,valid,0.03292876737937678
330,random_closure,0.05,test_valid,valid,0.033027183540767946
331,random_closure,0.05,test_valid,valid,0.03312558968661894
332,random_closure,0.05,test_valid,valid,0.03322398581794883
333,random_closure,0.05,test_valid,valid,0.03332237193577703
334,random_closure,0.05,test_valid,valid,0.03342074804112238
335,random_closure,0.05,test_valid,valid,0.03351911413500397
336,random_closure,0.05,test_valid,valid,0.033617470218440526
337,random_closure,0.05,test_valid,valid,0.033715816292450906
338,random_closure,0.05,test_valid,valid,0.03381415235805363
339,random_closure,0.05,test_valid,valid,0.03391247841626721
340,random_closure,0.05,test_valid,valid,0.03401079446811017
341,random_closure,0.05,test_valid,valid,0.03410910051460081
342,random_closure,0.05,test_valid,valid,0.0342073965567572
343,random_closure,0.05,test_valid,valid,0.03430568259559774
344,random_closure,0.05,test_valid,valid,0.034403958632140186
345,random_closure,0.05,test_valid,valid,0.03450222466740249
346,random_closure,0.05,test_valid,valid,0.034600480702402625
347,random_closure,0.05,test_valid,valid,0.0346987267381581
348,random_closure,0.05,test_valid,valid,0.03479696277568656
349,random_closure,0.05,test_valid,valid,0.03489518881600551
350,random_closure,0.05,test_valid,valid,0.03499340486013225
351,random_closure,0.05,test_valid,valid,0.0350916109090843
352,random_closure,0.05,test_valid,valid,0.035189806963878634
353,random_closure,0.05,test_valid,valid,0.03528799302553243
354,random_closure,0.05,test_valid,valid,0.035386169095062536
355,random_closure,0.05,test_valid,valid,0.035484335173485926
356,random_closure,0.05,test_valid,valid,0.03558249126181945
357,random_closure,0.05,test_valid,valid,0.035680637361079626
358,random_closure,0.05,test_valid,valid,0.035778773472282976
359,random_closure,0.05,test_valid,valid,0.03587689959644613
360,random_closure,0.05,test_valid,valid,0.03597501573458528
361,random_closure,0.05,test_valid,valid,0.03607312188771683
362,random_closure,0.05,test_valid,valid,0.03617121805685686
363,random_closure,0.05,test_valid,valid,0.03626930424302133
364,random_closure,0.05,test_valid,valid,0.036367380447226316
365,random_closure,0.05,test_valid,valid,0.036465446670487456
366,random_closure,0.05,test_valid,valid,0.03656350291382071
367,random_closure,0.05,test_valid,valid,0.036661549178241604
368,random_closure,0.05,test_valid,valid,0.036759585464765654
369,random_closure,0.05,test_valid,valid,0.03685761177440838
370,random_closure,0.05,test_valid,valid,0.03695562810818487
371,random_closure,0.05,test_valid,valid,0.03705363446711063
372,random_closure,0.05,test_valid,valid,0.03715163085220052
373,random_closure,0.05,test_valid,valid,0.03724961726446974
374,random_closure,0.05,test_valid,valid,0.037347593704933124
375,random_closure,0.05,test_valid,valid,0.03744556017460543
376,random_closure,0.05,test_valid,valid,0.03754351667450151
377,random_closure,0.05,test_valid,valid,0.03764146320563566
378,random_closure,0.05,test_valid,valid,0.03773939976902274
379,random_closure,0.05,test_valid,valid,0.03783732636567683
380,random_closure,0.05,test_valid,valid,0.03793524299661244
381,random_closure,0.05,test_valid,valid,0.03803314966284366
382,random_closure,0.05,test_valid,valid,0.03813104636538456
383,random_closure,0.05,test_valid,valid,0.03822893310524911
384,random_closure,0.05,test_valid,valid,0.038326809883451274
385,random_closure,0.05,test_valid,valid,0.03842467670100469
386,random_closure,0.05,test_valid,valid,0.0385225335589231
387,random_closure,0.05,test_valid,valid,0.03862038045822003
388,random_closure,0.05,test_valid,valid,0.038718217399908994
389,random_closure,0.05,test_valid,valid,0.0388160443850033
390,random_closure,0.05,test_valid,valid,0.03891386141451625
391,random_closure,0.05,test_valid,valid,0.03901166848946103
392,random_closure,0.05,test_valid,valid,0.0391094656108506
393,random_closure,0.05,test_valid,valid,0.03920725277969794
394,random_closure,0.05,test_valid,valid,0.039305029997015906
395,random_closure,0.05,test_valid,valid,0.039402797263817124
396,random_closure,0.05,test_valid,valid,0.039500554581114455
397,random_closure,0.05,test_valid,valid,0.0395983019499202
398,random_closure,0.05,test_valid,valid,0.039696039371246994
399,random_closure,0.05,test_valid,valid,0.039793766846107026
400,random_closure,0.05,test_valid,valid,0.0398914843755126
401,random_closure,0.05,test_valid,valid,0.03998919196047579
402,random_closure,0.05,test_valid,valid,0.04008688960200857
403,random_closure,0.05,test_valid,valid,0.040184577301122903
404,random_closure,0.05,test_valid,valid,0.04028225505883065
405,random_closure,0.05,test_valid,valid,0.04037992287614345
406,random_closure,0.05,test_valid,valid,0.04047758075407304
407,random_closure,0.05,test_valid,valid,0.04057522869363073
408,random_closure,0.05,test_valid,valid,0.040672866695828036
409,random_closure,0.05,test_valid,valid,0.04077049476167616
410,random_closure,0.05,test_valid,valid,0.0408681128921865
411,random_closure,0.05,test_valid,valid,0.04096572108836993
412,random_closure,0.05,test_valid,valid,0.041063319351237526
413,random_closure,0.05,test_valid,valid,0.04116090768180014
414,random_closure,0.05,test_valid,valid,0.041258486081068635
415,random_closure,0.05,test_valid,valid,0.041356054550053645
416,random_closure,0.05,test_valid,valid,0.041453613089765806
417,random_closure,0.05,test_valid,valid,0.04155116170121542
418,random_closure,0.05,test_valid,valid,0.04164870038541302
419,random_closure,0.05,test_valid,valid,0.041746229143368896
420,random_closure,0.05,test_valid,valid,0.041843747976093026
421,random_closure,0.05,test_valid,valid,0.0419412568845956
422,random_closure,0.05,test_valid,valid,0.0420387558698867
423,random_closure,0.05,test_valid,valid,0.042136244932975964
424,random_closure,0.05,test_valid,valid,0.04223372407487325
425,random_closure,0.05,test_valid,valid,0.04233119329658819
426,random_closure,0.05,test_valid,valid,0.04242865259913031
427,random_closure,0.05,test_valid,valid,0.042526101983509146
428,random_closure,0.05,test_valid,valid,0.04262354145073399
429,random_closure,0.05,test_valid,valid,0.042720971001814045
430,random_closure,0.05,test_valid,valid,0.0428183906377585
431,random_closure,0.05,test_valid,valid,0.04291580035957632
432,random_closure,0.05,test_valid,valid,0.04301320016827659
433,random_closure,0.05,test_valid,valid,0.04311059006486795
434,random_closure,0.05,test_valid,valid,0.04320797005035926
435,random_closure,0.05,test_valid,valid,0.04330534012575915
436,random_closure,0.05,test_valid,valid,0.043402700292076046
437,random_closure,0.05,test_valid,valid,0.04350005055031836
438,random_closure,0.05,test_valid,valid,0.043597390901494504
439,random_closure,0.05,test_valid,valid,0.043694721346612675
440,random_closure,0.05,test_valid,valid,0.043792041886681066
441,random_closure,0.05,test_valid,valid,0.043889352522707425
442,random_closure,0.05,test_valid,valid,0.04398665325569995
443,random_closure,0.05,test_valid,valid,0.04408394408666627
444,random_closure,0.05,test_valid,valid,0.044181225016614145
445,random_closure,0.05,test_valid,valid,0.0442784960465511
446,random_closure,0.05,test_valid,valid,0.044375757177484765
447,random_closure,0.05,test_valid,valid,0.044473008410422454
448,random_closure,0.05,test_valid,valid,0.04457024974637147
449,random_closure,0.05,test_valid,valid,0.0446674811863389
450,random_closure,0.05,test_valid,valid,0.04476470273133204
451,random_closure,0.05,test_valid,valid,0.04486191438235776
452,random_closure,0.05,test_valid,valid,0.04495911614042292
453,random_closure,0.05,test_valid,valid,0.045056308006534374
454,random_closure,0.05,test_valid,valid,0.04515348998169866
455,random_closure,0.05,test_valid,valid,0.04525066206692252
456,random_closure,0.05,test_valid,valid,0.04534782426321238
457,random_closure,0.05,test_valid,valid,0.045444976571574536
458,random_closure,0.05,test_valid,valid,0.0455421189930153
459,random_closure,0.05,test_valid,valid,0.04563925152854076
460,random_closure,0.05,test_valid,valid,0.0457363741791571
461,random_closure,0.05,test_valid,valid,0.045833486945870305
462,random_closure,0.05,test_valid,valid,0.04593058982968612
463,random_closure,0.05,test_valid,valid,0.046027682831610295
464,random_closure,0.05,test_valid,valid,0.04612476595264858
465,random_closure,0.05,test_valid,valid,0.0462218391938064
466,random_closure,0.05,test_valid,valid,0.04631890255608939
467,random_closure,0.05,test_valid,valid,0.04641595604050264
468,random_closure,0.05,test_valid,valid,0.04651299964805167
469,random_closure,0.05,test_valid,valid,0.046610033379741456
470,random_closure,0.05,test_valid,valid,0.046707057236576976
471,random_closure,0.05,test_valid,valid,0.046804071219563426
472,random_closure,0.05,test_valid,valid,0.04690107532970533
473,random_closure,0.05,test_valid,valid,0.04699806956800756
474,random_closure,0.05,test_valid,valid,0.04709505393547486
475,random_closure,0.05,test_valid,valid,0.047192028433111544
476,random_closure,0.05,test_valid,valid,0.047288993061922135
477,random_closure,0.05,test_valid,valid,0.047385947822911056
478,random_closure,0.05,test_valid,valid,0.04748289271708239
479,random_closure,0.05,test_valid,valid,0.04757982774544023
480,random_closure,0.05,test_valid,valid,0.04767675290898876
481,random_closure,0.05,test_valid,valid,0.047773668208731745
482,random_closure,0.05,test_valid,valid,0.04787057364567304
483,random_closure,0.05,test_valid,valid,0.047967469220816406
484,random_closure,0.05,test_valid,valid,0.048064354935165365
485,random_closure,0.05,test_valid,valid,0.04816123078972345
486,random_closure,0.05,test_valid,valid,0.04825809678549409
487,random_closure,0.05,test_valid,valid,0.048354952923480576
488,random_closure,0.05,test_valid,valid,0.04845179920468612
489,random_closure,0.05,test_valid,valid,0.0485486356301138
490,random_closure,0.05,test_valid,valid,0.04864546220076671
491,random_closure,0.05,test_valid,valid,0.048742278917647486
492,random_closure,0.05,test_valid,valid,0.04883908578175922
493,random_closure,0.05,test_valid,valid,0.048935882794104435
494,random_closure,0.05,test_valid,valid,0.04903266995568567
495,random_closure,0.05,test_valid,valid,0.049129447267505566
496,random_closure,0.05,test_valid,valid,0.04922621473056632
497,random_closure,0.05,test_valid,valid,0.049322972345870464
498,random_closure,0.05,test_valid,valid,0.049419720114419974
499,random_closure,0.05,test_valid,valid,0.04951645803721694
500,random_closure,0.05,test_valid,valid,0.04961318611526344
501,random_closure,0.05,test_valid,valid,0.04970990434956124
502,random_closure,0.05,test_valid,valid,0.0498066127411122
503,random_closure,0.05,test_valid,valid,0.04990331129091796
504,random_closure,0.05,test_valid,valid,0.04999999999998006
1,random_closure,0.05,test_invalid,invalid,0.00010176723086308126
2,random_closure,0.05,test_invalid,invalid,0.00020352410515689368
3,random_closure,0.05,test_invalid,invalid,0.00030527062393537197
4,random_closure,0.05,test_invalid,invalid,0.0004070067882523398
5,random_closure,0.05,test_invalid,invalid,0.000508732599161732
6,random_closure,0.05,test_invalid,invalid,0.000610448057716928
7,random_closure,0.05,test_invalid,invalid,0.0007121531649715296
8,random_closure,0.05,test_invalid,invalid,0.0008138479219791384
9,random_closure,0.05,test_invalid,invalid,0.0009155323297928009
10,random_closure,0.05,test_invalid,invalid,0.0010172063894658967
11,random_closure,0.05,test_invalid,invalid,0.0011188701020515834
12,random_closure,0.05,test_invalid,invalid,0.0012205234686026856
13,random_closure,0.05,test_invalid,invalid,0.0013221664901721386
14,random_closure,0.05,test_invalid,invalid,0.001423799167812767
15,random_closure,0.05,test_invalid,invalid,0.0015254215025771733
16,random_closure,0.05,test_invalid,invalid,0.001627033495518071
17,random_closure,0.05,test_invalid,invalid,0.0017286351476878403
18,random_closure,0.05,test_invalid,invalid,0.0018302264601387508
19,random_closure,0.05,test_invalid,invalid,0.0019318074339230717
20,random_closure,0.05,test_invalid,invalid,0.0020333780700930726
21,random_closure,0.05,test_invalid,invalid,0.0021349383697006896
22,random_closure,0.05,test_invalid,invalid,0.002236488333797859
23,random_closure,0.05,test_invalid,invalid,0.0023380279634362955
24,random_closure,0.05,test_invalid,invalid,0.002439557259667824
25,random_closure,0.05,test_invalid,invalid,0.0025410762235440476
26,random_closure,0.05,test_invalid,invalid,0.002642584856116459
27,random_closure,0.05,test_invalid,invalid,0.002744083158436439
28,random_closure,0.05,test_invalid,invalid,0.002845571131555258
29,random_closure,0.05,test_invalid,invalid,0.002947048776524075
30,random_closure,0.05,test_invalid,invalid,0.0030485160943939382
31,random_closure,0.05,test_invalid,invalid,0.003149973086215785
32,random_closure,0.05,test_invalid,invalid,0.003251419753040663
33,random_closure,0.05,test_invalid,invalid,0.0033528560959190656
34,random_closure,0.05,test_invalid,invalid,0.003454282115901819
35,random_closure,0.05,test_invalid,invalid,0.0035556978140393047
36,random_closure,0.05,test_invalid,invalid,0.0036571031913821272
37,random_closure,0.05,test_invalid,invalid,0.0037584982489803354
38,random_closure,0.05,test_invalid,invalid,0.003859882987884422
39,random_closure,0.05,test_invalid,invalid,0.003961257409144436
40,random_closure,0.05,test_invalid,invalid,0.004062621513810205
41,random_closure,0.05,test_invalid,invalid,0.004163975302931777
42,random_closure,0.05,test_invalid,invalid,0.00426531877755898
43,random_closure,0.05,test_invalid,invalid,0.004366651938741306
44,random_closure,0.05,test_invalid,invalid,0.0044679747875283615
45,random_closure,0.05,test_invalid,invalid,0.004569287324969751
46,random_closure,0.05,test_invalid,invalid,0.004670589552114746
47,random_closure,0.05,test_invalid,invalid,0.004771881470012618
48,random_closure,0.05,test_invalid,invalid,0.004873163079712528
49,random_closure,0.05,test_invalid,invalid,0.004974434382263415
50,random_closure,0.05,test_invalid,invalid,0.005075695378714329
51,random_closure,0.05,test_invalid,invalid,0.005176946070113986
52,random_closure,0.05,test_invalid,invalid,0.005278186457511214
53,random_closure,0.05,test_invalid,invalid,0.005379416541954507
54,random_closure,0.05,test_invalid,invalid,0.005480636324492472
55,random_closure,0.05,test_invalid,invalid,0.005581845806173491
56,random_closure,0.05,test_invalid,invalid,0.005683044988045727
57,random_closure,0.05,test_invalid,invalid,0.0057842338711575625
58,random_closure,0.05,test_invalid,invalid,0.005885412456556827
59,random_closure,0.05,test_invalid,invalid,0.005986580745291792
60,random_closure,0.05,test_invalid,invalid,0.0060877387384100645
61,random_closure,0.05,test_invalid,invalid,0.006188886436959473
62,random_closure,0.05,test_invalid,invalid,0.006290023841987735
63,random_closure,0.05,test_invalid,invalid,0.006391150954542346
64,random_closure,0.05,test_invalid,invalid,0.006492267775670801
65,random_closure,0.05,test_invalid,invalid,0.006593374306420374
66,random_closure,0.05,test_invalid,invalid,0.006694470547838227
67,random_closure,0.05,test_invalid,invalid,0.006795556500971522
68,random_closure,0.05,test_invalid,invalid,0.006896632166867311
69,random_closure,0.05,test_invalid,invalid,0.006997697546572534
70,random_closure,0.05,test_invalid,invalid,0.00709875264113391
71,random_closure,0.05,test_invalid,invalid,0.0071997974515980445
72,random_closure,0.05,test_invalid,invalid,0.007300831979011768
73,random_closure,0.05,test_invalid,invalid,0.007401856224421355
74,random_closure,0.05,test_invalid,invalid,0.00750287018887319
75,random_closure,0.05,test_invalid,invalid,0.007603873873413658
76,random_closure,0.05,test_invalid,invalid,0.007704867279088812
77,random_closure,0.05,test_invalid,invalid,0.007805850406944703
78,random_closure,0.05,test_invalid,invalid,0.007906823258027273
79,random_closure,0.05,test_invalid,invalid,0.008007785833382464
80,random_closure,0.05,test_invalid,invalid,0.008108738134055993
81,random_closure,0.05,test_invalid,invalid,0.008209680161093358
82,random_closure,0.05,test_invalid,invalid,0.008310611915540167
83,random_closure,0.05,test_invalid,invalid,0.008411533398441806
84,random_closure,0.05,test_invalid,invalid,0.008512444610843661
85,random_closure,0.05,test_invalid,invalid,0.008613345553790785
86,random_closure,0.05,test_invalid,invalid,0.008714236228328454
87,random_closure,0.05,test_invalid,invalid,0.008815116635501496
88,random_closure,0.05,test_invalid,invalid,0.008915986776354856
89,random_closure,0.05,test_invalid,invalid,0.009016846651933252
90,random_closure,0.05,test_invalid,invalid,0.009117696263281405
91,random_closure,0.05,test_invalid,invalid,0.009218535611443923
92,random_closure,0.05,test_invalid,invalid,0.009319364697465304
93,random_closure,0.05,test_invalid,invalid,0.009420183522389713
94,random_closure,0.05,test_invalid,invalid,0.009520992087261426
95,random_closure,0.05,test_invalid,invalid,0.009621790393124718
96,random_closure,0.05,test_invalid,invalid,0.009722578441023533
97,random_closure,0.05,test_invalid,invalid,0.009823356232001923
98,random_closure,0.05,test_invalid,invalid,0.009924123767103388
99,random_closure,0.05,test_invalid,invalid,0.01002488104737198
100,random_closure,0.05,test_invalid,invalid,0.0101256280738512
101,random_closure,0.05,test_invalid,invalid,0.010226364847584435
102,random_closure,0.05,test_invalid,invalid,0.010327091369615182
103,random_closure,0.05,test_invalid,invalid,0.01042780764098672
104,random_closure,0.05,test_invalid,invalid,0.010528513662742212
105,random_closure,0.05,test_invalid,invalid,0.010629209435924714
106,random_closure,0.05,test_invalid,invalid,0.010729894961577169
107,random_closure,0.05,test_invalid,invalid,0.010830570240742632
108,random_closure,0.05,test_invalid,invalid,0.010931235274463602
109,random_closure,0.05,test_invalid,invalid,0.011031890063782912
110,random_closure,0.05,test_invalid,invalid,0.011132534609743061
111,random_closure,0.05,test_invalid,invalid,0.011233168913386327
112,random_closure,0.05,test_invalid,invalid,0.011333792975755319
113,random_closure,0.05,test_invalid,invalid,0.011434406797892094
114,random_closure,0.05,test_invalid,invalid,0.011535010380838817
115,random_closure,0.05,test_invalid,invalid,0.011635603725637433
116,random_closure,0.05,test_invalid,invalid,0.011736186833329887
117,random_closure,0.05,test_invalid,invalid,0.011836759704958122
118,random_closure,0.05,test_invalid,invalid,0.011937322341563639
119,random_closure,0.05,test_invalid,invalid,0.012037874744188048
120,random_closure,0.05,test_invalid,invalid,0.012138416913872963
121,random_closure,0.05,test_invalid,invalid,0.012238948851659659
122,random_closure,0.05,test_invalid,invalid,0.012339470558589416
123,random_closure,0.05,test_invalid,invalid,0.0124399820357034
124,random_closure,0.05,test_invalid,invalid,0.01254048328404278
125,random_closure,0.05,test_invalid,invalid,0.012640974304648389
126,random_closure,0.05,test_invalid,invalid,0.01274145509856106
127,random_closure,0.05,test_invalid,invalid,0.012841925666821519
128,random_closure,0.05,test_invalid,invalid,0.012942386010470597
129,random_closure,0.05,test_invalid,invalid,0.013042836130548574
130,random_closure,0.05,test_invalid,invalid,0.013143276028096063
131,random_closure,0.05,test_invalid,invalid,0.013243705704153341
132,random_closure,0.05,test_invalid,invalid,0.013344125159760578
133,random_closure,0.05,test_invalid,invalid,0.01344453439595783
134,random_closure,0.05,test_invalid,invalid,0.013544933413785154
135,random_closure,0.05,test_invalid,invalid,0.013645322214282496
136,random_closure,0.05,test_invalid,invalid,0.01374570079848958
137,random_closure,0.05,test_invalid,invalid,0.013846069167446129
138,random_closure,0.05,test_invalid,invalid,0.013946427322191757
139,random_closure,0.05,test_invalid,invalid,0.014046775263765743
140,random_closure,0.05,test_invalid,invalid,0.0141471129932077
141,random_closure,0.05,test_invalid,invalid,0.014247440511556797
142,random_closure,0.05,test_invalid,invalid,0.014347757819852092
143,random_closure,0.05,test_invalid,invalid,0.014448064919132753
144,random_closure,0.05,test_invalid,invalid,0.014548361810437727
145,random_closure,0.05,test_invalid,invalid,0.014648648494805738
146,random_closure,0.05,test_invalid,invalid,0.014748924973275623
147,random_closure,0.05,test_invalid,invalid,0.014849191246885995
148,random_closure,0.05,test_invalid,invalid,0.014949447316675246
149,random_closure,0.05,test_invalid,invalid,0.01504969318368199
150,random_closure,0.05,test_invalid,invalid,0.015149928848944505
151,random_closure,0.05,test_invalid,invalid,0.015250154313500852
152,random_closure,0.05,test_invalid,invalid,0.0153503695783892
153,random_closure,0.05,test_invalid,invalid,0.015450574644647497
154,random_closure,0.05,test_invalid,invalid,0.0155507695133138
155,random_closure,0.05,test_invalid,invalid,0.015650954185425725
156,random_closure,0.05,test_invalid,invalid,0.015751128662020997
157,random_closure,0.05,test_invalid,invalid,0.01585129294413712
158,random_closure,0.05,test_invalid,invalid,0.015951447032811705
159,random_closure,0.05,test_invalid,invalid,0.016051590929082038
160,random_closure,0.05,test_invalid,invalid,0.016151724633985287
161,random_closure,0.05,test_invalid,invalid,0.016251848148558734
162,random_closure,0.05,test_invalid,invalid,0.016351961473839327
163,random_closure,0.05,test_invalid,invalid,0.016452064610864015
164,random_closure,0.05,test_invalid,invalid,0.016552157560669634
165,random_closure,0.05,test_invalid,invalid,0.01665224032429302
166,random_closure,0.05,test_invalid,invalid,0.016752312902770572
167,random_closure,0.05,test_invalid,invalid,0.01685237529713901
168,random_closure,0.05,test_invalid,invalid,0.01695242750843462
169,random_closure,0.05,test_invalid,invalid,0.017052469537693793
170,random_closure,0.05,test_invalid,invalid,0.01715250138595259
171,random_closure,0.05,test_invalid,invalid,0.017252523054247293
172,random_closure,0.05,test_invalid,invalid,0.01735253454361374
173,random_closure,0.05,test_invalid,invalid,0.01745253585508788
174,random_closure,0.05,test_invalid,invalid,0.01755252698970544
175,random_closure,0.05,test_invalid,invalid,0.01765250794850215
176,random_closure,0.05,test_invalid,invalid,0.01775247873251351
177,random_closure,0.05,test_invalid,invalid,0.01785243934277503
178,random_closure,0.05,test_invalid,invalid,0.017952389780321987
179,random_closure,0.05,test_invalid,invalid,0.01805233004618978
180,random_closure,0.05,test_invalid,invalid,0.018152260141413468
181,random_closure,0.05,test_invalid,invalid,0.018252180067028
182,random_closure,0.05,test_invalid,invalid,0.01835208982406844
183,random_closure,0.05,test_invalid,invalid,0.018451989413569625
184,random_closure,0.05,test_invalid,invalid,0.01855187883656617
185,random_closure,0.05,test_invalid,invalid,0.018651758094092696
186,random_closure,0.05,test_invalid,invalid,0.018751627187183817
187,random_closure,0.05,test_invalid,invalid,0.018851486116873928
188,random_closure,0.05,test_invalid,invalid,0.018951334884197202
189,random_closure,0.05,test_invalid,invalid,0.019051173490188034
190,random_closure,0.05,test_invalid,invalid,0.019151001935880263
191,random_closure,0.05,test_invalid,invalid,0.019250820222308063
192,random_closure,0.05,test_invalid,invalid,0.019350628350505272
193,random_closure,0.05,test_invalid,invalid,0.01945042632150573
194,random_closure,0.05,test_invalid,invalid,0.019550214136342947
195,random_closure,0.05,test_invalid,invalid,0.019649991796050537
196,random_closure,0.05,test_invalid,invalid,0.019749759301662118
197,random_closure,0.05,test_invalid,invalid,0.019849516654210864
198,random_closure,0.05,test_invalid,invalid,0.01994926385473006
199,random_closure,0.05,test_invalid,invalid,0.02004900090425288
200,random_closure,0.05,test_invalid,invalid,0.020148727803812383
201,random_closure,0.05,test_invalid,invalid,0.020248444554441414
202,random_closure,0.05,test_invalid,invalid,0.020348151157172922
203,random_closure,0.05,test_invalid,invalid,0.020447847613039527
204,random_closure,0.05,test_invalid,invalid,0.020547533923073957
205,random_closure,0.05,test_invalid,invalid,0.02064721008830861
206,random_closure,0.05,test_invalid,invalid,0.02074687610977599
207,random_closure,0.05,test_invalid,invalid,0.020846531988508277
208,random_closure,0.05,test_invalid,invalid,0.02094617772553775
209,random_closure,0.05,test_invalid,invalid,0.02104581332189659
210,random_closure,0.05,test_invalid,invalid,0.021145438778616632
211,random_closure,0.05,test_invalid,invalid,0.021245054096729832
212,random_closure,0.05,test_invalid,invalid,0.02134465927726792
213,random_closure,0.05,test_invalid,invalid,0.021444254321262624
214,random_closure,0.05,test_invalid,invalid,0.021543839229745565
215,random_closure,0.05,test_invalid,invalid,0.02164341400374803
216,random_closure,0.05,test_invalid,invalid,0.021742978644301525
217,random_closure,0.05,test_invalid,invalid,0.021842533152437338
218,random_closure,0.05,test_invalid,invalid,0.02194207752918642
219,random_closure,0.05,test_invalid,invalid,0.02204161177557995
220,random_closure,0.05,test_invalid,invalid,0.022141135892648878
221,random_closure,0.05,test_invalid,invalid,0.022240649881424046
222,random_closure,0.05,test_invalid,invalid,0.022340153742936075
223,random_closure,0.05,test_invalid,invalid,0.022439647478215696
224,random_closure,0.05,test_invalid,invalid,0.022539131088293307
225,random_closure,0.05,test_invalid,invalid,0.022638604574199528
226,random_closure,0.05,test_invalid,invalid,0.022738067936964423
227,random_closure,0.05,test_invalid,invalid,0.02283752117761839
228,random_closure,0.05,test_invalid,invalid,0.022936964297191498
229,random_closure,0.05,test_invalid,invalid,0.023036397296713695
230,random_closure,0.05,test_invalid,invalid,0.023135820177214828
231,random_closure,0.05,test_invalid,invalid,0.023235232939724626
232,random_closure,0.05,test_invalid,invalid,0.023334635585273045
233,random_closure,0.05,test_invalid,invalid,0.02343402811488937
234,random_closure,0.05,test_invalid,invalid,0.023533410529603227
235,random_closure,0.05,test_invalid,invalid,0.02363278283044401
236,random_closure,0.05,test_invalid,invalid,0.023732145018440787
237,random_closure,0.05,test_invalid,invalid,0.023831497094622955
238,random_closure,0.05,test_invalid,invalid,0.02393083906001936
239,random_closure,0.05,test_invalid,invalid,0.024030170915659066
240,random_closure,0.05,test_invalid,invalid,0.024129492662570917
241,random_closure,0.05,test_invalid,invalid,0.024228804301783535
242,random_closure,0.05,test_invalid,invalid,0.024328105834325764
243,random_closure,0.05,test_invalid,invalid,0.02442739726122589
244,random_closure,0.05,test_invalid,invalid,0.02452667858351254
245,random_closure,0.05,test_invalid,invalid,0.024625949802213887
246,random_closure,0.05,test_invalid,invalid,0.02472521091835822
247,random_closure,0.05,test_invalid,invalid,0.024824461932973718
248,random_closure,0.05,test_invalid,invalid,0.024923702847088114
249,random_closure,0.05,test_invalid,invalid,0.025022933661729585
250,random_closure,0.05,test_invalid,invalid,0.025122154377925865
251,random_closure,0.05,test_invalid,invalid,0.025221364996704576
252,random_closure,0.05,test_invalid,invalid,0.025320565519093452
253,random_closure,0.05,test_invalid,invalid,0.02541975594611967
254,random_closure,0.05,test_invalid,invalid,0.025518936278810966
255,random_closure,0.05,test_invalid,invalid,0.025618106518194406
256,random_closure,0.05,test_invalid,invalid,0.025717266665297167
257,random_closure,0.05,test_invalid,invalid,0.025816416721146318
258,random_closure,0.05,test_invalid,invalid,0.025915556686768926
259,random_closure,0.05,test_invalid,invalid,0.026014686563191725
260,random_closure,0.05,test_invalid,invalid,0.02611380635144145
261,random_closure,0.05,test_invalid,invalid,0.026212916052544832
262,random_closure,0.05,test_invalid,invalid,0.026312015667528388
263,random_closure,0.05,test_invalid,invalid,0.026411105197418627
264,random_closure,0.05,test_invalid,invalid,0.02651018464324173
265,random_closure,0.05,test_invalid,invalid,0.026609254006023986
266,random_closure,0.05,test_invalid,invalid,0.026708313286791463
267,random_closure,0.05,test_invalid,invalid,0.02680736248657034
268,random_closure,0.05,test_invalid,invalid,0.026906401606386465
269,random_closure,0.05,test_invalid,invalid,0.02700543064726557
270,random_closure,0.05,test_invalid,invalid,0.027104449610233394
271,random_closure,0.05,test_invalid,invalid,0.027203458496315558
272,random_closure,0.05,test_invalid,invalid,0.027302457306537575
273,random_closure,0.05,test_invalid,invalid,0.02740144604192485
274,random_closure,0.05,test_invalid,invalid,0.027500424703502557
275,random_closure,0.05,test_invalid,invalid,0.027599393292295993
276,random_closure,0.05,test_invalid,invalid,0.027698351809330224
277,random_closure,0.05,test_invalid,invalid,0.02779730025563021
278,random_closure,0.05,test_invalid,invalid,0.027896238632220793
279,random_closure,0.05,test_invalid,invalid,0.027995166940126825
280,random_closure,0.05,test_invalid,invalid,0.02809408518037282
281,random_closure,0.05,test_invalid,invalid,0.02819299335398351
282,random_closure,0.05,test_invalid,invalid,0.028291891461983187
283,random_closure,0.05,test_invalid,invalid,0.02839077950539637
284,random_closure,0.05,test_invalid,invalid,0.028489657485247122
285,random_closure,0.05,test_invalid,invalid,0.028588525402559628
286,random_closure,0.05,test_invalid,invalid,0.028687383258358068
287,random_closure,0.05,test_invalid,invalid,0.02878623105366629
288,random_closure,0.05,test_invalid,invalid,0.028885068789508028
289,random_closure,0.05,test_invalid,invalid,0.028983896466907133
290,random_closure,0.05,test_invalid,invalid,0.029082714086887118
291,random_closure,0.05,test_invalid,invalid,0.02918152165047161
292,random_closure,0.05,test_invalid,invalid,0.0292803191586839
293,random_closure,0.05,test_invalid,invalid,0.02937910661254739
294,random_closure,0.05,test_invalid,invalid,0.029477884013085376
295,random_closure,0.05,test_invalid,invalid,0.029576651361320705
296,random_closure,0.05,test_invalid,invalid,0.02967540865827656
297,random_closure,0.05,test_invalid,invalid,0.029774155904975674
298,random_closure,0.05,test_invalid,invalid,0.029872893102441123
299,random_closure,0.05,test_invalid,invalid,0.029971620251695308
300,random_closure,0.05,test_invalid,invalid,0.030070337353760856
301,random_closure,0.05,test_invalid,invalid,0.030169044409660284
302,random_closure,0.05,test_invalid,invalid,0.030267741420415994
303,random_closure,0.05,test_invalid,invalid,0.03036642838705028
304,random_closure,0.05,test_invalid,invalid,0.030465105310585217
305,random_closure,0.05,test_invalid,invalid,0.03056377219204287
306,random_closure,0.05,test_invalid,invalid,0.030662429032445204
307,random_closure,0.05,test_invalid,invalid,0.030761075832814178
308,random_closure,0.05,test_invalid,invalid,0.030859712594171418
309,random_closure,0.05,test_invalid,invalid,0.030958339317538552
310,random_closure,0.05,test_invalid,invalid,0.031056956003937097
311,random_closure,0.05,test_invalid,invalid,0.03115556265438868
312,random_closure,0.05,test_invalid,invalid,0.03125415926991437
313,random_closure,0.05,test_invalid,invalid,0.03135274585153569
314,random_closure,0.05,test_invalid,invalid,0.031451322400273485
315,random_closure,0.05,test_invalid,invalid,0.03154988891714883
316,random_closure,0.05,test_invalid,invalid,0.03164844540318279
317,random_closure,0.05,test_invalid,invalid,0.03174699185939611
318,random_closure,0.05,test_invalid,invalid,0.03184552828680942
319,random_closure,0.05,test_invalid,invalid,0.031944054686443346
320,random_closure,0.05,test_invalid,invalid,0.032042571059318514
321,random_closure,0.05,test_invalid,invalid,0.03214107740645511
322,random_closure,0.05,test_invalid,invalid,0.03223957372887365
323,random_closure,0.05,test_invalid,invalid,0.032338060027594095
324,random_closure,0.05,test_invalid,invalid,0.03243653630363663
325,random_closure,0.05,test_invalid,invalid,0.03253500255802133
326,random_closure,0.05,test_invalid,invalid,0.03263345879176793
327,random_closure,0.05,test_invalid,invalid,0.03273190500589629
328,random_closure,0.05,test_invalid,invalid,0.03283034120142614
329,random_closure,0.05,test_invalid,invalid,0.03292876737937678
330,random_closure,0.05,test_invalid,invalid,0.033027183540767946
331,random_closure,0.05,test_invalid,invalid,0.03312558968661894
332,random_closure,0.05,test_invalid,invalid,0.03322398581794883
333,random_closure,0.05,test_invalid,invalid,0.03332237193577703
334,random_closure,0.05,test_invalid,invalid,0.03342074804112238
335,random_closure,0.05,test_invalid,invalid,0.03351911413500397
336,random_closure,0.05,test_invalid,invalid,0.033617470218440526
337,random_closure,0.05,test_invalid,invalid,0.033715816292450906
338,random_closure,0.05,test_invalid,invalid,0.03381415235805363
339,random_closure,0.05,test_invalid,invalid,0.03391247841626721
340,random_closure,0.05,test_invalid,invalid,0.03401079446811017
341,random_closure,0.05,test_invalid,invalid,0.03410910051460081
342,random_closure,0.05,test_invalid,invalid,0.0342073965567572
343,random_closure,0.05,test_invalid,invalid,0.03430568259559774
344,random_closure,0.05,test_invalid,invalid,0.034403958632140186
345,random_closure,0.05,test_invalid,invalid,0.03450222466740249
346,random_closure,0.05,test_invalid,invalid,0.034600480702402625
347,random_closure,0.05,test_invalid,invalid,0.0346987267381581
348,random_closure,0.05,test_invalid,invalid,0.03479696277568656
349,random_closure,0.05,test_invalid,invalid,0.03489518881600551
350,random_closure,0.05,test_invalid,invalid,0.03499340486013225
351,random_closure,0.05,test_invalid,invalid,0.0350916109090843
352,random_closure,0.05,test_invalid,invalid,0.035189806963878634
353,random_closure,0.05,test_invalid,invalid,0.03528799302553243
354,random_closure,0.05,test_invalid,invalid,0.035386169095062536
355,random_closure,0.05,test_invalid,invalid,0.035484335173485926
356,random_closure,0.05,test_invalid,invalid,0.03558249126181945
357,random_closure,0.05,test_invalid,invalid,0.035680637361079626
358,random_closure,0.05,test_invalid,invalid,0.035778773472282976
359,random_closure,0.05,test_invalid,invalid,0.03587689959644613
360,random_closure,0.05,test_invalid,invalid,0.03597501573458528
361,random_closure,0.05,test_invalid,invalid,0.03607312188771683
362,random_closure,0.05,test_invalid,invalid,0.03617121805685686
363,random_closure,0.05,test_invalid,invalid,0.03626930424302133
364,random_closure,0.05,test_invalid,invalid,0.036367380447226316
365,random_closure,0.05,test_invalid,invalid,0.036465446670487456
366,random_closure,0.05,test_invalid,invalid,0.03656350291382071
367,random_closure,0.05,test_invalid,invalid,0.036661549178241604
368,random_closure,0.05,test_invalid,invalid,0.036759585464765654
369,random_closure,0.05,test_invalid,invalid,0.03685761177440838
370,random_closure,0.05,test_invalid,invalid,0.03695562810818487
371,random_closure,0.05,test_invalid,invalid,0.03705363446711063
372,random_closure,0.05,test_invalid,invalid,0.03715163085220052
373,random_closure,0.05,test_invalid,invalid,0.03724961726446974
374,random_closure,0.05,test_invalid,invalid,0.037347593704933124
375,random_closure,0.05,test_invalid,invalid,0.03744556017460543
376,random_closure,0.05,test_invalid,invalid,0.03754351667450151
377,random_closure,0.05,test_invalid,invalid,0.03764146320563566
378,random_closure,0.05,test_invalid,invalid,0.03773939976902274
379,random_closure,0.05,test_invalid,invalid,0.03783732636567683
380,random_closure,0.05,test_invalid,invalid,0.03793524299661244
381,random_closure,0.05,test_invalid,invalid,0.03803314966284366
382,random_closure,0.05,test_invalid,invalid,0.03813104636538456
383,random_closure,0.05,test_invalid,invalid,0.03822893310524911
384,random_closure,0.05,test_invalid,invalid,0.038326809883451274
385,random_closure,0.05,test_invalid,invalid,0.03842467670100469
386,random_closure,0.05,test_invalid,invalid,0.0385225335589231
387,random_closure,0.05,test_invalid,invalid,0.03862038045822003
388,random_closure,0.05,test_invalid,invalid,0.038718217399908994
389,random_closure,0.05,test_invalid,invalid,0.0388160443850033
390,random_closure,0.05,test_invalid,invalid,0.03891386141451625
391,random_closure,0.05,test_invalid,invalid,0.03901166848946103
392,random_closure,0.05,test_invalid,invalid,0.0391094656108506
393,random_closure,0.05,test_invalid,invalid,0.03920725277969794
394,random_closure,0.05,test_invalid,invalid,0.039305029997015906
395,random_closure,0.05,test_invalid,invalid,0.039402797263817124
396,random_closure,0.05,test_invalid,invalid,0.039500554581114455
397,random_closure,0.05,test_invalid,invalid,0.0395983019499202
398,random_closure,0.05,test_invalid,invalid,0.039696039371246994
399,random_closure,0.05,test_invalid,invalid,0.039793766846107026
400,random_closure,0.05,test_invalid,invalid,0.0398914843755126
401,random_closure,0.05,test_invalid,invalid,0.03998919196047579
402,random_closure,0.05,test_invalid,invalid,0.04008688960200857
403,random_closure,0.05,test_invalid,invalid,0.040184577301122903
404,random_closure,0.05,test_invalid,invalid,0.04028225505883065
405,random_closure,0.05,test_invalid,invalid,0.04037992287614345
406,random_closure,0.05,test_invalid,invalid,0.04047758075407304
407,random_closure,0.05,test_invalid,invalid,0.04057522869363073
408,random_closure,0.05,test_invalid,invalid,0.040672866695828036
409,random_closure,0.05,test_invalid,invalid,0.04077049476167616
410,random_closure,0.05,test_invalid,invalid,0.0408681128921865
411,random_closure,0.05,test_invalid,invalid,0.04096572108836993
412,random_closure,0.05,test_invalid,invalid,0.041063319351237526
413,random_closure,0.05,test_invalid,invalid,0.04116090768180014
414,random_closure,0.05,test_invalid,invalid,0.041258486081068635
415,random_closure,0.05,test_invalid,invalid,0.041356054550053645
416,random_closure,0.05,test_invalid,invalid,0.041453613089765806
417,random_closure,0.05,test_invalid,invalid,0.04155116170121542
418,random_closure,0.05,test_invalid,invalid,0.04164870038541302
419,random_closure,0.05,test_invalid,invalid,0.041746229143368896
420,random_closure,0.05,test_invalid,invalid,0.041843747976093026
421,random_closure,0.05,test_invalid,invalid,0.0419412568845956
422,random_closure,0.05,test_invalid,invalid,0.0420387558698867
423,random_closure,0.05,test_invalid,invalid,0.042136244932975964
424,random_closure,0.05,test_invalid,invalid,0.04223372407487325
425,random_closure,0.05,test_invalid,invalid,0.04233119329658819
426,random_closure,0.05,test_invalid,invalid,0.04242865259913031
427,random_closure,0.05,test_invalid,invalid,0.042526101983509146
428,random_closure,0.05,test_invalid,invalid,0.04262354145073399
429,random_closure,0.05,test_invalid,invalid,0.042720971001814045
430,random_closure,0.05,test_invalid,invalid,0.0428183906377585
431,random_closure,0.05,test_invalid,invalid,0.04291580035957632
432,random_closure,0.05,test_invalid,invalid,0.04301320016827659
433,random_closure,0.05,test_invalid,invalid,0.04311059006486795
434,random_closure,0.05,test_invalid,invalid,0.04320797005035926
435,random_closure,0.05,test_invalid,invalid,0.04330534012575915
436,random_closure,0.05,test_invalid,invalid,0.043402700292076046
437,random_closure,0.05,test_invalid,invalid,0.04350005055031836
438,random_closure,0.05,test_invalid,invalid,0.043597390901494504
439,random_closure,0.05,test_invalid,invalid,0.043694721346612675
440,random_closure,0.05,test_invalid,invalid,0.043792041886681066
441,random_closure,0.05,test_invalid,invalid,0.043889352522707425
442,random_closure,0.05,test_invalid,invalid,0.04398665325569995
443,random_closure,0.05,test_invalid,invalid,0.04408394408666627
444,random_closure,0.05,test_invalid,invalid,0.044181225016614145
445,random_closure,0.05,test_invalid,invalid,0.0442784960465511
446,random_closure,0.05,test_invalid,invalid,0.044375757177484765
447,random_closure,0.05,test_invalid,invalid,0.044473008410422454
448,random_closure,0.05,test_invalid,invalid,0.04457024974637147
449,random_closure,0.05,test_invalid,invalid,0.0446674811863389
450,random_closure,0.05,test_invalid,invalid,0.04476470273133204
451,random_closure,0.05,test_invalid,invalid,0.04486191438235776
452,random_closure,0.05,test_invalid,invalid,0.04495911614042292
453,random_closure,0.05,test_invalid,invalid,0.045056308006534374
454,random_closure,0.05,test_invalid,invalid,0.04515348998169866
455,random_closure,0.05,test_invalid,invalid,0.04525066206692252
456,random_closure,0.05,test_invalid,invalid,0.04534782426321238
457,random_closure,0.05,test_invalid,invalid,0.045444976571574536
458,random_closure,0.05,test_invalid,invalid,0.0455421189930153
459,random_closure,0.05,test_invalid,invalid,0.04563925152854076
460,random_closure,0.05,test_invalid,invalid,0.0457363741791571
461,random_closure,0.05,test_invalid,invalid,0.045833486945870305
462,random_closure,0.05,test_invalid,invalid,0.04593058982968612
463,random_closure,0.05,test_invalid,invalid,0.046027682831610295
464,random_closure,0.05,test_invalid,invalid,0.04612476595264858
465,random_closure,0.05,test_invalid,invalid,0.0462218391938064
466,random_closure,0.05,test_invalid,invalid,0.04631890255608939
467,random_closure,0.05,test_invalid,invalid,0.04641595604050264
468,random_closure,0.05,test_invalid,invalid,0.04651299964805167
469,random_closure,0.05,test_invalid,invalid,0.046610033379741456
470,random_closure,0.05,test_invalid,invalid,0.046707057236576976
471,random_closure,0.05,test_invalid,invalid,0.046804071219563426
472,random_closure,0.05,test_invalid,invalid,0.04690107532970533
473,random_closure,0.05,test_invalid,invalid,0.04699806956800756
474,random_closure,0.05,test_invalid,invalid,0.04709505393547486
475,random_closure,0.05,test_invalid,invalid,0.047192028433111544
476,random_closure,0.05,test_invalid,invalid,0.047288993061922135
477,random_closure,0.05,test_invalid,invalid,0.047385947822911056
478,random_closure,0.05,test_invalid,invalid,0.04748289271708239
479,random_closure,0.05,test_invalid,invalid,0.04757982774544023
480,random_closure,0.05,test_invalid,invalid,0.04767675290898876
481,random_closure,0.05,test_invalid,invalid,0.047773668208731745
482,random_closure,0.05,test_invalid,invalid,0.04787057364567304
483,random_closure,0.05,test_invalid,invalid,0.047967469220816406
484,random_closure,0.05,test_invalid,invalid,0.048064354935165365
485,random_closure,0.05,test_invalid,invalid,0.04816123078972345
486,random_closure,0.05,test_invalid,invalid,0.04825809678549409
487,random_closure,0.05,test_invalid,invalid,0.048354952923480576
488,random_closure,0.05,test_invalid,invalid,0.04845179920468612
489,random_closure,0.05,test_invalid,invalid,0.0485486356301138
490,random_closure,0.05,test_invalid,invalid,0.04864546220076671
491,random_closure,0.05,test_invalid,invalid,0.048742278917647486
492,random_closure,0.05,test_invalid,invalid,0.04883908578175922
493,random_closure,0.05,test_invalid,invalid,0.048935882794104435
494,random_closure,0.05,test_invalid,invalid,0.04903266995568567
495,random_closure,0.05,test_invalid,invalid,0.049129447267505566
496,random_closure,0.05,test_invalid,invalid,0.04922621473056632
497,random_closure,0.05,test_invalid,invalid,0.049322972345870464
498,random_closure,0.05,test_invalid,invalid,0.049419720114419974
499,random_closure,0.05,test_invalid,invalid,0.04951645803721694
500,random_closure,0.05,test_invalid,invalid,0.04961318611526344
501,random_closure,0.05,test_invalid,invalid,0.04970990434956124
502,random_closure,0.05,test_invalid,invalid,0.0498066127411122
503,random_closure,0.05,test_invalid,invalid,0.04990331129091796
504,random_closure,0.05,test_invalid,invalid,0.04999999999998006
1,random_closure,0.15,test_valid,valid,0.0003224062093923896
2,random_closure,0.15,test_valid,valid,0.0006447084730208941
3,random_closure,0.15,test_valid,valid,0.0009669068243983725
4,random_closure,0.15,test_valid,valid,0.0012890012970266929
5,random_closure,0.15,test_valid,valid,0.001610991924396954
6,random_closure,0.15,test_valid,valid,0.0019328787399897074
7,random_closure,0.15,test_valid,valid,0.0022546617772742916
8,random_closure,0.15,test_valid,valid,0.002576341069709609
9,random_closure,0.15,test_valid,valid,0.0028979166507435705
10,random_closure,0.15,test_valid,valid,0.0032193885538134293
11,random_closure,0.15,test_valid,valid,0.003540756812345669
12,random_closure,0.15,test_valid,valid,0.0038620214597557823
13,random_closure,0.15,test_valid,valid,0.004183182529448826
14,random_closure,0.15,test_valid,valid,0.004504240054818642
15,random_closure,0.15,test_valid,valid,0.0048251940692487505
16,random_closure,0.15,test_valid,valid,0.005146044606111677
17,random_closure,0.15,test_valid,valid,0.005466791698769291
18,random_closure,0.15,test_valid,valid,0.005787435380572581
19,random_closure,0.15,test_valid,valid,0.006107975684861766
20,random_closure,0.15,test_valid,valid,0.006428412644966519
21,random_closure,0.15,test_valid,valid,0.006748746294205632
22,random_closure,0.15,test_valid,valid,0.007068976665887128
23,random_closure,0.15,test_valid,valid,0.0073891037933084824
24,random_closure,0.15,test_valid,valid,0.0077091277097560695
25,random_closure,0.15,test_valid,valid,0.008029048448505827
26,random_closure,0.15,test_valid,valid,0.008348866042822811
27,random_closure,0.15,test_valid,valid,0.008668580525961644
28,random_closure,0.15,test_valid,valid,0.008988191931165845
29,random_closure,0.15,test_valid,valid,0.009307700291668386
30,random_closure,0.15,test_valid,valid,0.00962710564069158
31,random_closure,0.15,test_valid,valid,0.009946408011446972
32,random_closure,0.15,test_valid,valid,0.010265607437135338
33,random_closure,0.15,test_valid,valid,0.010584703950946794
34,random_closure,0.15,test_valid,valid,0.010903697586060801
35,random_closure,0.15,test_valid,valid,0.011222588375646159
36,random_closure,0.15,test_valid,valid,0.011541376352860788
37,random_closure,0.15,test_valid,valid,0.011860061550852063
38,random_closure,0.15,test_valid,valid,0.0121786440027567
39,random_closure,0.15,test_valid,valid,0.012497123741700644
40,random_closure,0.15,test_valid,valid,0.012815500800799073
41,random_closure,0.15,test_valid,valid,0.01313377521315684
42,random_closure,0.15,test_valid,valid,0.013451947011867804
43,random_closure,0.15,test_valid,valid,0.013770016230015059
44,random_closure,0.15,test_valid,valid,0.01408798290067148
45,random_closure,0.15,test_valid,valid,0.014405847056898846
46,random_closure,0.15,test_valid,valid,0.014723608731748605
47,random_closure,0.15,test_valid,valid,0.015041267958261217
48,random_closure,0.15,test_valid,valid,0.015358824769466706
49,random_closure,0.15,test_valid,valid,0.015676279198384435
50,random_closure,0.15,test_valid,valid,0.015993631278023113
51,random_closure,0.15,test_valid,valid,0.016310881041380787
52,random_closure,0.15,test_valid,valid,0.016628028521444738
53,random_closure,0.15,test_valid,valid,0.016945073751191808
54,random_closure,0.15,test_valid,valid,0.017262016763588295
55,random_closure,0.15,test_valid,valid,0.017578857591589392
56,random_closure,0.15,test_valid,valid,0.0178955962681403
57,random_closure,0.15,test_valid,valid,0.018212232826175012
58,random_closure,0.15,test_valid,valid,0.0185287672986173
59,random_closure,0.15,test_valid,valid,0.01884519971838028
60,random_closure,0.15,test_valid,valid,0.019161530118366188
61,random_closure,0.15,test_valid,valid,0.019477758531466938
62,random_closure,0.15,test_valid,valid,0.01979388499056378
63,random_closure,0.15,test_valid,valid,0.020109909528527203
64,random_closure,0.15,test_valid,valid,0.02042583217821725
65,random_closure,0.15,test_valid,valid,0.020741652972483426
66,random_closure,0.15,test_valid,valid,0.02105737194416446
67,random_closure,0.15,test_valid,valid,0.021372989126088537
68,random_closure,0.15,test_valid,valid,0.021688504551073406
69,random_closure,0.15,test_valid,valid,0.022003918251926047
70,random_closure,0.15,test_valid,valid,0.022319230261443113
71,random_closure,0.15,test_valid,valid,0.022634440612410267
72,random_closure,0.15,test_valid,valid,0.02294954933760318
73,random_closure,0.15,test_valid,valid,0.023264556469786313
74,random_closure,0.15,test_valid,valid,0.023579462041714128
75,random_closure,0.15,test_valid,valid,0.0238942660861301
76,random_closure,0.15,test_valid,valid,0.02420896863576749
77,random_closure,0.15,test_valid,valid,0.02452356972334868
78,random_closure,0.15,test_valid,valid,0.024838069381585837
79,random_closure,0.15,test_valid,valid,0.025152467643180243
80,random_closure,0.15,test_valid,valid,0.025466764540822973
81,random_closure,0.15,test_valid,valid,0.025780960107194217
82,random_closure,0.15,test_valid,valid,0.026095054374963955
83,random_closure,0.15,test_valid,valid,0.026409047376791395
84,random_closure,0.15,test_valid,valid,0.02672293914532542
85,random_closure,0.15,test_valid,valid,0.027036729713204144
86,random_closure,0.15,test_valid,valid,0.027350419113055358
87,random_closure,0.15,test_valid,valid,0.02766400737749619
88,random_closure,0.15,test_valid,valid,0.02797749453913334
89,random_closure,0.15,test_valid,valid,0.028290880630563175
90,random_closure,0.15,test_valid,valid,0.028604165684371075
91,random_closure,0.15,test_valid,valid,0.028917349733132314
92,random_closure,0.15,test_valid,valid,0.02923043280941151
93,random_closure,0.15,test_valid,valid,0.029543414945762958
94,random_closure,0.15,test_valid,valid,0.02985629617473018
95,random_closure,0.15,test_valid,valid,0.030169076528846372
96,random_closure,0.15,test_valid,valid,0.03048175604063419
97,random_closure,0.15,test_valid,valid,0.030794334742605955
98,random_closure,0.15,test_valid,valid,0.03110681266726323
99,random_closure,0.15,test_valid,valid,0.03141918984709724
100,random_closure,0.15,test_valid,valid,0.031731466314588896
101,random_closure,0.15,test_valid,valid,0.032043642102208336
102,random_closure,0.15,test_valid,valid,0.03235571724241537
103,random_closure,0.15,test_valid,valid,0.03266769176765949
104,random_closure,0.15,test_valid,valid,0.03297956571037952
105,random_closure,0.15,test_valid,valid,0.03329133910300375
106,random_closure,0.15,test_valid,valid,0.03360301197795035
107,random_closure,0.15,test_valid,valid,0.03391458436762673
108,random_closure,0.15,test_valid,valid,0.0342260563044301
109,random_closure,0.15,test_valid,valid,0.03453742782074687
110,random_closure,0.15,test_valid,valid,0.03484869894895348
111,random_closure,0.15,test_valid,valid,0.03515986972141549
112,random_closure,0.15,test_valid,valid,0.03547094017048824
113,random_closure,0.15,test_valid,valid,0.03578191032851663
114,random_closure,0.15,test_valid,valid,0.03609278022783524
115,random_closure,0.15,test_valid,valid,0.036403549900767884
116,random_closure,0.15,test_valid,valid,0.03671421937962838
117,random_closure,0.15,test_valid,valid,0.03702478869671977
118,random_closure,0.15,test_valid,valid,0.037335257884334894
119,random_closure,0.15,test_valid,valid,0.03764562697475615
120,random_closure,0.15,test_valid,valid,0.037955896000255396
121,random_closure,0.15,test_valid,valid,0.03826606499309426
122,random_closure,0.15,test_valid,valid,0.03857613398552384
123,random_closure,0.15,test_valid,valid,0.0388861030097849
124,random_closure,0.15,test_valid,valid,0.03919597209810788
125,random_closure,0.15,test_valid,valid,0.03950574128271267
126,random_closure,0.15,test_valid,valid,0.03981541059580884
127,random_closure,0.15,test_valid,valid,0.04012498006959564
128,random_closure,0.15,test_valid,valid,0.04043444973626187
129,random_closure,0.15,test_valid,valid,0.0407438196279859
130,random_closure,0.15,test_valid,valid,0.04105308977693589
131,random_closure,0.15,test_valid,valid,0.04136226021526945
132,random_closure,0.15,test_valid,valid,0.04167133097513398
133,random_closure,0.15,test_valid,valid,0.04198030208866632
134,random_closure,0.15,test_valid,valid,0.04228917358799311
135,random_closure,0.15,test_valid,valid,0.04259794550523066
136,random_closure,0.15,test_valid,valid,0.04290661787248484
137,random_closure,0.15,test_valid,valid,0.04321519072185109
138,random_closure,0.15,test_valid,valid,0.04352366408541475
139,random_closure,0.15,test_valid,valid,0.043832037995250483
140,random_closure,0.15,test_valid,valid,0.04414031248342287
141,random_closure,0.15,test_valid,valid,0.04444848758198605
142,random_closure,0.15,test_valid,valid,0.044756563322983944
143,random_closure,0.15,test_valid,valid,0.04506453973844993
144,random_closure,0.15,test_valid,valid,0.04537241686040716
145,random_closure,0.15,test_valid,valid,0.045680194720868705
146,random_closure,0.15,test_valid,valid,0.04598787335183674
147,random_closure,0.15,test_valid,valid,0.04629545278530378
148,random_closure,0.15,test_valid,valid,0.04660293305325158
149,random_closure,0.15,test_valid,valid,0.04691031418765168
150,random_closure,0.15,test_valid,valid,0.047217596220465397
151,random_closure,0.15,test_valid,valid,0.04752477918364373
152,random_closure,0.15,test_valid,valid,0.04783186310912735
153,random_closure,0.15,test_valid,valid,0.048138848028846604
154,random_closure,0.15,test_valid,valid,0.048445733974721406
155,random_closure,0.15,test_valid,valid,0.048752520978661784
156,random_closure,0.15,test_valid,valid,0.04905920907256711
157,random_closure,0.15,test_valid,valid,0.04936579828832666
158,random_closure,0.15,test_valid,valid,0.04967228865781925
159,random_closure,0.15,test_valid,valid,0.04997868021291363
160,random_closure,0.15,test_valid,valid,0.05028497298546819
161,random_closure,0.15,test_valid,valid,0.050591167007330906
162,random_closure,0.15,test_valid,valid,0.05089726231033975
163,random_closure,0.15,test_valid,valid,0.05120325892632216
164,random_closure,0.15,test_valid,valid,0.051509156887095564
165,random_closure,0.15,test_valid,valid,0.05181495622446708
166,random_closure,0.15,test_valid,valid,0.05212065697023327
167,random_closure,0.15,test_valid,valid,0.05242625915618082
168,random_closure,0.15,test_valid,valid,0.05273176281408609
169,random_closure,0.15,test_valid,valid,0.053037167975715005
170,random_closure,0.15,test_valid,valid,0.05334247467282338
171,random_closure,0.15,test_valid,valid,0.05364768293715694
172,random_closure,0.15,test_valid,valid,0.053952792800450844
173,random_closure,0.15,test_valid,valid,0.05425780429443028
174,random_closure,0.15,test_valid,valid,0.054562717450810205
175,random_closure,0.15,test_valid,valid,0.05486753230129515
176,random_closure,0.15,test_valid,valid,0.055172248877579544
177,random_closure,0.15,test_valid,valid,0.0554768672113477
178,random_closure,0.15,test_valid,valid,0.05578138733427351
179,random_closure,0.15,test_valid,valid,0.05608580927802076
180,random_closure,0.15,test_valid,valid,0.05639013307424312
181,random_closure,0.15,test_valid,valid,0.05669435875458395
182,random_closure,0.15,test_valid,valid,0.05699848635067628
183,random_closure,0.15,test_valid,valid,0.05730251589414326
184,random_closure,0.15,test_valid,valid,0.057606447416597595
185,random_closure,0.15,test_valid,valid,0.05791028094964179
186,random_closure,0.15,test_valid,valid,0.05821401652486835
187,random_closure,0.15,test_valid,valid,0.05851765417385946
188,random_closure,0.15,test_valid,valid,0.05882119392818719
189,random_closure,0.15,test_valid,valid,0.059124635819413185
190,random_closure,0.15,test_valid,valid,0.05942797987908932
191,random_closure,0.15,test_valid,valid,0.05973122613875714
192,random_closure,0.15,test_valid,valid,0.06003437462994776
193,random_closure,0.15,test_valid,valid,0.06033742538418241
194,random_closure,0.15,test_valid,valid,0.06064037843297221
195,random_closure,0.15,test_valid,valid,0.060943233807817965
196,random_closure,0.15,test_valid,valid,0.061245991540210154
197,random_closure,0.15,test_valid,valid,0.061548651661629594
198,random_closure,0.15,test_valid,valid,0.061851214203546556
199,random_closure,0.15,test_valid,valid,0.06215367919742132
200,random_closure,0.15,test_valid,valid,0.062456046674703836
201,random_closure,0.15,test_valid,valid,0.06275831666683418
202,random_closure,0.15,test_valid,valid,0.06306048920524221
203,random_closure,0.15,test_valid,valid,0.06336256432134746
204,random_closure,0.15,test_valid,valid,0.06366454204655969
205,random_closure,0.15,test_valid,valid,0.06396642241227812
206,random_closure,0.15,test_valid,valid,0.0642682054498922
207,random_closure,0.15,test_valid,valid,0.06456989119078105
208,random_closure,0.15,test_valid,valid,0.06487147966631368
209,random_closure,0.15,test_valid,valid,0.06517297090784924
210,random_closure,0.15,test_valid,valid,0.06547436494673631
211,random_closure,0.15,test_valid,valid,0.06577566181431393
212,random_closure,0.15,test_valid,valid,0.0660768615419105
213,random_closure,0.15,test_valid,valid,0.06637796416084463
214,random_closure,0.15,test_valid,valid,0.0666789697024247
215,random_closure,0.15,test_valid,valid,0.06697987819794915
216,random_closure,0.15,test_valid,valid,0.06728068967870615
217,random_closure,0.15,test_valid,valid,0.06758140417597391
218,random_closure,0.15,test_valid,valid,0.06788202172102054
219,random_closure,0.15,test_valid,valid,0.0681825423451039
220,random_closure,0.15,test_valid,valid,0.06848296607947213
221,random_closure,0.15,test_valid,valid,0.0687832929553629
222,random_closure,0.15,test_valid,valid,0.069083523004004
223,random_closure,0.15,test_valid,valid,0.06938365625661314
224,random_closure,0.15,test_valid,valid,0.06968369274439812
225,random_closure,0.15,test_valid,valid,0.06998363249855633
226,random_closure,0.15,test_valid,valid,0.07028347555027536
227,random_closure,0.15,test_valid,valid,0.07058322193073263
228,random_closure,0.15,test_valid,valid,0.07088287167109564
229,random_closure,0.15,test_valid,valid,0.07118242480252168
230,random_closure,0.15,test_valid,valid,0.07148188135615818
231,random_closure,0.15,test_valid,valid,0.07178124136314223
232,random_closure,0.15,test_valid,valid,0.07208050485460127
233,random_closure,0.15,test_valid,valid,0.0723796718616524
234,random_closure,0.15,test_valid,valid,0.07267874241540284
235,random_closure,0.15,test_valid,valid,0.07297771654694962
236,random_closure,0.15,test_valid,valid,0.07327659428737998
237,random_closure,0.15,test_valid,valid,0.07357537566777106
238,random_closure,0.15,test_valid,valid,0.07387406071918978
239,random_closure,0.15,test_valid,valid,0.0741726494726932
240,random_closure,0.15,test_valid,valid,0.07447114195932858
241,random_closure,0.15,test_valid,valid,0.07476953821013277
242,random_closure,0.15,test_valid,valid,0.07506783825613272
243,random_closure,0.15,test_valid,valid,0.07536604212834574
244,random_closure,0.15,test_valid,valid,0.07566414985777858
245,random_closure,0.15,test_valid,valid,0.07596216147542845
246,random_closure,0.15,test_valid,valid,0.07626007701228232
247,random_closure,0.15,test_valid,valid,0.07655789649931721
248,random_closure,0.15,test_valid,valid,0.07685561996750012
249,random_closure,0.15,test_valid,valid,0.07715324744778829
250,random_closure,0.15,test_valid,valid,0.07745077897112873
251,random_closure,0.15,test_valid,valid,0.0777482145684586
252,random_closure,0.15,test_valid,valid,0.07804555427070492
253,random_closure,0.15,test_valid,valid,0.07834279810878497
254,random_closure,0.15,test_valid,valid,0.07863994611360592
255,random_closure,0.15,test_valid,valid,0.07893699831606504
256,random_closure,0.15,test_valid,valid,0.07923395474704953
257,random_closure,0.15,test_valid,valid,0.07953081543743667
258,random_closure,0.15,test_valid,valid,0.07982758041809401
259,random_closure,0.15,test_valid,valid,0.08012424971987886
260,random_closure,0.15,test_valid,valid,0.08042082337363865
261,random_closure,0.15,test_valid,valid,0.08071730141021094
262,random_closure,0.15,test_valid,valid,0.08101368386042329
263,random_closure,0.15,test_valid,valid,0.08130997075509327
264,random_closure,0.15,test_valid,valid,0.08160616212502869
265,random_closure,0.15,test_valid,valid,0.08190225800102735
266,random_closure,0.15,test_valid,valid,0.08219825841387696
267,random_closure,0.15,test_valid,valid,0.08249416339435545
268,random_closure,0.15,test_valid,valid,0.08278997297323087
269,random_closure,0.15,test_valid,valid,0.0830856871812613
270,random_closure,0.15,test_valid,valid,0.0833813060491948
271,random_closure,0.15,test_valid,valid,0.08367682960776968
272,random_closure,0.15,test_valid,valid,0.08397225788771423
273,random_closure,0.15,test_valid,valid,0.0842675909197469
274,random_closure,0.15,test_valid,valid,0.08456282873457621
275,random_closure,0.15,test_valid,valid,0.08485797136290085
276,random_closure,0.15,test_valid,valid,0.08515301883540938
277,random_closure,0.15,test_valid,valid,0.08544797118278069
278,random_closure,0.15,test_valid,valid,0.08574282843568382
279,random_closure,0.15,test_valid,valid,0.08603759062477767
280,random_closure,0.15,test_valid,valid,0.08633225778071152
281,random_closure,0.15,test_valid,valid,0.08662682993412452
282,random_closure,0.15,test_valid,valid,0.08692130711564616
283,random_closure,0.15,test_valid,valid,0.08721568935589596
284,random_closure,0.15,test_valid,valid,0.08750997668548355
285,random_closure,0.15,test_valid,valid,0.08780416913500877
286,random_closure,0.15,test_valid,valid,0.08809826673506149
287,random_closure,0.15,test_valid,valid,0.08839226951622181
288,random_closure,0.15,test_valid,valid,0.08868617750905983
289,random_closure,0.15,test_valid,valid,0.0889799907441361
290,random_closure,0.15,test_valid,valid,0.08927370925200084
291,random_closure,0.15,test_valid,valid,0.08956733306319486
292,random_closure,0.15,test_valid,valid,0.08986086220824896
293,random_closure,0.15,test_valid,valid,0.09015429671768416
294,random_closure,0.15,test_valid,valid,0.09044763662201127
295,random_closure,0.15,test_valid,valid,0.09074088195173191
296,random_closure,0.15,test_valid,valid,0.09103403273733734
297,random_closure,0.15,test_valid,valid,0.09132708900930919
298,random_closure,0.15,test_valid,valid,0.09162005079811919
299,random_closure,0.15,test_valid,valid,0.09191291813422942
300,random_closure,0.15,test_valid,valid,0.09220569104809195
301,random_closure,0.15,test_valid,valid,0.09249836957014912
302,random_closure,0.15,test_valid,valid,0.09279095373083346
303,random_closure,0.15,test_valid,valid,0.09308344356056752
304,random_closure,0.15,test_valid,valid,0.09337583908976443
305,random_closure,0.15,test_valid,valid,0.09366814034882698
306,random_closure,0.15,test_valid,valid,0.09396034736814873
307,random_closure,0.15,test_valid,valid,0.09425246017811295
308,random_closure,0.15,test_valid,valid,0.09454447880909345
309,random_closure,0.15,test_valid,valid,0.09483640329145393
310,random_closure,0.15,test_valid,valid,0.09512823365554879
311,random_closure,0.15,test_valid,valid,0.09541996993172208
312,random_closure,0.15,test_valid,valid,0.09571161215030843
313,random_closure,0.15,test_valid,valid,0.09600316034163259
314,random_closure,0.15,test_valid,valid,0.09629461453600963
315,random_closure,0.15,test_valid,valid,0.09658597476374453
316,random_closure,0.15,test_valid,valid,0.09687724105513285
317,random_closure,0.15,test_valid,valid,0.09716841344046023
318,random_closure,0.15,test_valid,valid,0.09745949195000259
319,random_closure,0.15,test_valid,valid,0.09775047661402614
320,random_closure,0.15,test_valid,valid,0.09804136746278713
321,random_closure,0.15,test_valid,valid,0.09833216452653215
322,random_closure,0.15,test_valid,valid,0.09862286783549823
323,random_closure,0.15,test_valid,valid,0.0989134774199123
324,random_closure,0.15,test_valid,valid,0.09920399330999197
325,random_closure,0.15,test_valid,valid,0.09949441553594462
326,random_closure,0.15,test_valid,valid,0.09978474412796845
327,random_closure,0.15,test_valid,valid,0.1000749791162513
328,random_closure,0.15,test_valid,valid,0.1003651205309718
329,random_closure,0.15,test_valid,valid,0.1006551684022986
330,random_closure,0.15,test_valid,valid,0.1009451227603907
331,random_closure,0.15,test_valid,valid,0.10123498363539718
332,random_closure,0.15,test_valid,valid,0.10152475105745784
333,random_closure,0.15,test_valid,valid,0.10181442505670224
334,random_closure,0.15,test_valid,valid,0.10210400566325062
335,random_closure,0.15,test_valid,valid,0.10239349290721333
336,random_closure,0.15,test_valid,valid,0.10268288681869109
337,random_closure,0.15,test_valid,valid,0.10297218742777481
338,random_closure,0.15,test_valid,valid,0.10326139476454577
339,random_closure,0.15,test_valid,valid,0.10355050885907557
340,random_closure,0.15,test_valid,valid,0.10383952974142607
341,random_closure,0.15,test_valid,valid,0.10412845744164945
342,random_closure,0.15,test_valid,valid,0.10441729198978811
343,random_closure,0.15,test_valid,valid,0.10470603341587514
344,random_closure,0.15,test_valid,valid,0.10499468174993332
345,random_closure,0.15,test_valid,valid,0.1052832370219764
346,random_closure,0.15,test_valid,valid,0.10557169926200793
347,random_closure,0.15,test_valid,valid,0.10586006850002216
348,random_closure,0.15,test_valid,valid,0.10614834476600343
349,random_closure,0.15,test_valid,valid,0.10643652808992654
350,random_closure,0.15,test_valid,valid,0.10672461850175663
351,random_closure,0.15,test_valid,valid,0.10701261603144896
352,random_closure,0.15,test_valid,valid,0.10730052070894947
353,random_closure,0.15,test_valid,valid,0.10758833256419431
354,random_closure,0.15,test_valid,valid,0.10787605162710978
355,random_closure,0.15,test_valid,valid,0.10816367792761283
356,random_closure,0.15,test_valid,valid,0.10845121149561066
357,random_closure,0.15,test_valid,valid,0.10873865236100078
358,random_closure,0.15,test_valid,valid,0.10902600055367107
359,random_closure,0.15,test_valid,valid,0.10931325610349973
360,random_closure,0.15,test_valid,valid,0.10960041904035545
361,random_closure,0.15,test_valid,valid,0.1098874893940972
362,random_closure,0.15,test_valid,valid,0.11017446719457435
363,random_closure,0.15,test_valid,valid,0.1104613524716267
364,random_closure,0.15,test_valid,valid,0.11074814525508436
365,random_closure,0.15,test_valid,valid,0.11103484557476784
366,random_closure,0.15,test_valid,valid,0.11132145346048805
367,random_closure,0.15,test_valid,valid,0.11160796894204617
368,random_closure,0.15,test_valid,valid,0.1118943920492339
369,random_closure,0.15,test_valid,valid,0.11218072281183344
370,random_closure,0.15,test_valid,valid,0.11246696125961719
371,random_closure,0.15,test_valid,valid,0.11275310742234801
372,random_closure,0.15,test_valid,valid,0.11303916132977909
373,random_closure,0.15,test_valid,valid,0.11332512301165432
374,random_closure,0.15,test_valid,valid,0.11361099249770756
375,random_closure,0.15,test_valid,valid,0.1138967698176635
376,random_closure,0.15,test_valid,valid,0.11418245500123692
377,random_closure,0.15,test_valid,valid,0.11446804807813327
378,random_closure,0.15,test_valid,valid,0.11475354907804824
379,random_closure,0.15,test_valid,valid,0.11503895803066799
380,random_closure,0.15,test_valid,valid,0.11532427496566933
381,random_closure,0.15,test_valid,valid,0.11560949991271907
382,random_closure,0.15,test_valid,valid,0.11589463290147484
383,random_closure,0.15,test_valid,valid,0.11617967396158457
384,random_closure,0.15,test_valid,valid,0.11646462312268657
385,random_closure,0.15,test_valid,valid,0.11674948041440969
386,random_closure,0.15,test_valid,valid,0.11703424586637312
387,random_closure,0.15,test_valid,valid,0.11731891950818663
388,random_closure,0.15,test_valid,valid,0.1176035013694503
389,random_closure,0.15,test_valid,valid,0.11788799147975493
390,random_closure,0.15,test_valid,valid,0.1181723898686815
391,random_closure,0.15,test_valid,valid,0.11845669656580149
392,random_closure,0.15,test_valid,valid,0.1187409116006769
393,random_closure,0.15,test_valid,valid,0.11902503500286032
394,random_closure,0.15,test_valid,valid,0.11930906680189468
395,random_closure,0.15,test_valid,valid,0.11959300702731335
396,random_closure,0.15,test_valid,valid,0.11987685570864015
397,random_closure,0.15,test_valid,valid,0.1201606128753897
398,random_closure,0.15,test_valid,valid,0.12044427855706663
399,random_closure,0.15,test_valid,valid,0.12072785278316644
400,random_closure,0.15,test_valid,valid,0.1210113355831749
401,random_closure,0.15,test_valid,valid,0.1212947269865684
402,random_closure,0.15,test_valid,valid,0.12157802702281384
403,random_closure,0.15,test_valid,valid,0.12186123572136831
404,random_closure,0.15,test_valid,valid,0.12214435311167993
405,random_closure,0.15,test_valid,valid,0.12242737922318692
406,random_closure,0.15,test_valid,valid,0.12271031408531807
407,random_closure,0.15,test_valid,valid,0.12299315772749286
408,random_closure,0.15,test_valid,valid,0.1232759101791212
409,random_closure,0.15,test_valid,valid,0.12355857146960336
410,random_closure,0.15,test_valid,valid,0.12384114162833026
411,random_closure,0.15,test_valid,valid,0.12412362068468341
412,random_closure,0.15,test_valid,valid,0.12440600866803486
413,random_closure,0.15,test_valid,valid,0.12468830560774691
414,random_closure,0.15,test_valid,valid,0.12497051153317273
415,random_closure,0.15,test_valid,valid,0.12525262647365587
416,random_closure,0.15,test_valid,valid,0.12553465045853052
417,random_closure,0.15,test_valid,valid,0.1258165835171211
418,random_closure,0.15,test_valid,valid,0.12609842567874308
419,random_closure,0.15,test_valid,valid,0.12638017697270199
420,random_closure,0.15,test_valid,valid,0.1266618374282943
421,random_closure,0.15,test_valid,valid,0.12694340707480678
422,random_closure,0.15,test_valid,valid,0.12722488594151682
423,random_closure,0.15,test_valid,valid,0.12750627405769244
424,random_closure,0.15,test_valid,valid,0.12778757145259212
425,random_closure,0.15,test_valid,valid,0.12806877815546502
426,random_closure,0.15,test_valid,valid,0.12834989419555076
427,random_closure,0.15,test_valid,valid,0.12863091960207962
428,random_closure,0.15,test_valid,valid,0.12891185440427244
429,random_closure,0.15,test_valid,valid,0.12919269863134064
430,random_closure,0.15,test_valid,valid,0.1294734523124862
431,random_closure,0.15,test_valid,valid,0.12975411547690152
432,random_closure,0.15,test_valid,valid,0.13003468815376995
433,random_closure,0.15,test_valid,valid,0.13031517037226514
434,random_closure,0.15,test_valid,valid,0.13059556216155144
435,random_closure,0.15,test_valid,valid,0.13087586355078396
436,random_closure,0.15,test_valid,valid,0.13115607456910794
437,random_closure,0.15,test_valid,valid,0.13143619524565975
438,random_closure,0.15,test_valid,valid,0.13171622560956597
439,random_closure,0.15,test_valid,valid,0.1319961656899441
440,random_closure,0.15,test_valid,valid,0.13227601551590207
441,random_closure,0.15,test_valid,valid,0.1325557751165385
442,random_closure,0.15,test_valid,valid,0.13283544452094243
443,random_closure,0.15,test_valid,valid,0.13311502375819395
444,random_closure,0.15,test_valid,valid,0.13339451285736326
445,random_closure,0.15,test_valid,valid,0.13367391184751154
446,random_closure,0.15,test_valid,valid,0.13395322075769056
447,random_closure,0.15,test_valid,valid,0.13423243961694253
448,random_closure,0.15,test_valid,valid,0.13451156845430057
449,random_closure,0.15,test_valid,valid,0.1347906072987881
450,random_closure,0.15,test_valid,valid,0.13506955617941963
451,random_closure,0.15,test_valid,valid,0.1353484151251999
452,random_closure,0.15,test_valid,valid,0.13562718416512454
453,random_closure,0.15,test_valid,valid,0.13590586332817967
454,random_closure,0.15,test_valid,valid,0.13618445264334222
455,random_closure,0.15,test_valid,valid,0.1364629521395797
456,random_closure,0.15,test_valid,valid,0.13674136184585028
457,random_closure,0.15,test_valid,valid,0.1370196817911028
458,random_closure,0.15,test_valid,valid,0.13729791200427677
459,random_closure,0.15,test_valid,valid,0.13757605251430238
460,random_closure,0.15,test_valid,valid,0.1378541033501004
461,random_closure,0.15,test_valid,valid,0.13813206454058247
462,random_closure,0.15,test_valid,valid,0.1384099361146508
463,random_closure,0.15,test_valid,valid,0.1386877181011983
464,random_closure,0.15,test_valid,valid,0.13896541052910838
465,random_closure,0.15,test_valid,valid,0.13924301342725542
466,random_closure,0.15,test_valid,valid,0.13952052682450433
467,random_closure,0.15,test_valid,valid,0.1397979507497108
468,random_closure,0.15,test_valid,valid,0.1400752852317212
469,random_closure,0.15,test_valid,valid,0.14035253029937245
470,random_closure,0.15,test_valid,valid,0.1406296859814924
471,random_closure,0.15,test_valid,valid,0.14090675230689942
472,random_closure,0.15,test_valid,valid,0.1411837293044027
473,random_closure,0.15,test_valid,valid,0.1414606170028022
474,random_closure,0.15,test_valid,valid,0.14173741543088847
475,random_closure,0.15,test_valid,valid,0.14201412461744267
476,random_closure,0.15,test_valid,valid,0.14229074459123703
477,random_closure,0.15,test_valid,valid,0.1425672753810341
478,random_closure,0.15,test_valid,valid,0.1428437170155875
479,random_closure,0.15,test_valid,valid,0.1431200695236413
480,random_closure,0.15,test_valid,valid,0.14339633293393061
481,random_closure,0.15,test_valid,valid,0.143672507275181
482,random_closure,0.15,test_valid,valid,0.14394859257610892
483,random_closure,0.15,test_valid,valid,0.14422458886542144
484,random_closure,0.15,test_valid,valid,0.1445004961718166
485,random_closure,0.15,test_valid,valid,0.14477631452398287
486,random_closure,0.15,test_valid,valid,0.14505204395059978
487,random_closure,0.15,test_valid,valid,0.1453276844803375
488,random_closure,0.15,test_valid,valid,0.14560323614185677
489,random_closure,0.15,test_valid,valid,0.14587869896380945
490,random_closure,0.15,test_valid,valid,0.14615407297483785
491,random_closure,0.15,test_valid,valid,0.14642935820357517
492,random_closure,0.15,test_valid,valid,0.1467045546786453
493,random_closure,0.15,test_valid,valid,0.14697966242866323
494,random_closure,0.15,test_valid,valid,0.1472546814822342
495,random_closure,0.15,test_valid,valid,0.14752961186795455
496,random_closure,0.15,test_valid,valid,0.14780445361441152
497,random_closure,0.15,test_valid,valid,0.1480792067501827
498,random_closure,0.15,test_valid,valid,0.14835387130383704
499,random_closure,0.15,test_valid,valid,0.14862844730393365
500,random_closure,0.15,test_valid,valid,0.14890293477902283
501,random_closure,0.15,test_valid,valid,0.14917733375764575
502,random_closure,0.15,test_valid,valid,0.14945164426833413
503,random_closure,0.15,test_valid,valid,0.1497258663396105
504,random_closure,0.15,test_valid,valid,0.14999999999998825
1,random_closure,0.15,test_invalid,invalid,0.0003224062093923896
2,random_closure,0.15,test_invalid,invalid,0.0006447084730208941
3,random_closure,0.15,test_invalid,invalid,0.0009669068243983725
4,random_closure,0.15,test_invalid,invalid,0.0012890012970266929
5,random_closure,0.15,test_invalid,invalid,0.001610991924396954
6,random_closure,0.15,test_invalid,invalid,0.0019328787399897074
7,random_closure,0.15,test_invalid,invalid,0.0022546617772742916
8,random_closure,0.15,test_invalid,invalid,0.002576341069709609
9,random_closure,0.15,test_invalid,invalid,0.0028979166507435705
10,random_closure,0.15,test_invalid,invalid,0.0032193885538134293
11,random_closure,0.15,test_invalid,invalid,0.003540756812345669
12,random_closure,0.15,test_invalid,invalid,0.0038620214597557823
13,random_closure,0.15,test_invalid,invalid,0.004183182529448826
14,random_closure,0.15,test_invalid,invalid,0.004504240054818642
15,random_closure,0.15,test_invalid,invalid,0.0048251940692487505
16,random_closure,0.15,test_invalid,invalid,0.005146044606111677
17,random_closure,0.15,test_invalid,invalid,0.005466791698769291
18,random_closure,0.15,test_invalid,invalid,0.005787435380572581
19,random_closure,0.15,test_invalid,invalid,0.006107975684861766
20,random_closure,0.15,test_invalid,invalid,0.006428412644966519
21,random_closure,0.15,test_invalid,invalid,0.006748746294205632
22,random_closure,0.15,test_invalid,invalid,0.007068976665887128
23,random_closure,0.15,test_invalid,invalid,0.0073891037933084824
24,random_closure,0.15,test_invalid,invalid,0.0077091277097560695
25,random_closure,0.15,test_invalid,invalid,0.008029048448505827
26,random_closure,0.15,test_invalid,invalid,0.008348866042822811
27,random_closure,0.15,test_invalid,invalid,0.008668580525961644
28,random_closure,0.15,test_invalid,invalid,0.008988191931165845
29,random_closure,0.15,test_invalid,invalid,0.009307700291668386
30,random_closure,0.15,test_invalid,invalid,0.00962710564069158
31,random_closure,0.15,test_invalid,invalid,0.009946408011446972
32,random_closure,0.15,test_invalid,invalid,0.010265607437135338
33,random_closure,0.15,test_invalid,invalid,0.010584703950946794
34,random_closure,0.15,test_invalid,invalid,0.010903697586060801
35,random_closure,0.15,test_invalid,invalid,0.011222588375646159
36,random_closure,0.15,test_invalid,invalid,0.011541376352860788
37,random_closure,0.15,test_invalid,invalid,0.011860061550852063
38,random_closure,0.15,test_invalid,invalid,0.0121786440027567
39,random_closure,0.15,test_invalid,invalid,0.012497123741700644
40,random_closure,0.15,test_invalid,invalid,0.012815500800799073
41,random_closure,0.15,test_invalid,invalid,0.01313377521315684
42,random_closure,0.15,test_invalid,invalid,0.013451947011867804
43,random_closure,0.15,test_invalid,invalid,0.013770016230015059
44,random_closure,0.15,test_invalid,invalid,0.01408798290067148
45,random_closure,0.15,test_invalid,invalid,0.014405847056898846
46,random_closure,0.15,test_invalid,invalid,0.014723608731748605
47,random_closure,0.15,test_invalid,invalid,0.015041267958261217
48,random_closure,0.15,test_invalid,invalid,0.015358824769466706
49,random_closure,0.15,test_invalid,invalid,0.015676279198384435
50,random_closure,0.15,test_invalid,invalid,0.015993631278023113
51,random_closure,0.15,test_invalid,invalid,0.016310881041380787
52,random_closure,0.15,test_invalid,invalid,0.016628028521444738
53,random_closure,0.15,test_invalid,invalid,0.016945073751191808
54,random_closure,0.15,test_invalid,invalid,0.017262016763588295
55,random_closure,0.15,test_invalid,invalid,0.017578857591589392
56,random_closure,0.15,test_invalid,invalid,0.0178955962681403
57,random_closure,0.15,test_invalid,invalid,0.018212232826175012
58,random_closure,0.15,test_invalid,invalid,0.0185287672986173
59,random_closure,0.15,test_invalid,invalid,0.01884519971838028
60,random_closure,0.15,test_invalid,invalid,0.019161530118366188
61,random_closure,0.15,test_invalid,invalid,0.019477758531466938
62,random_closure,0.15,test_invalid,invalid,0.01979388499056378
63,random_closure,0.15,test_invalid,invalid,0.020109909528527203
64,random_closure,0.15,test_invalid,invalid,0.02042583217821725
65,random_closure,0.15,test_invalid,invalid,0.020741652972483426
66,random_closure,0.15,test_invalid,invalid,0.02105737194416446
67,random_closure,0.15,test_invalid,invalid,0.021372989126088537
68,random_closure,0.15,test_invalid,invalid,0.021688504551073406
69,random_closure,0.15,test_invalid,invalid,0.022003918251926047
70,random_closure,0.15,test_invalid,invalid,0.022319230261443113
71,random_closure,0.15,test_invalid,invalid,0.022634440612410267
72,random_closure,0.15,test_invalid,invalid,0.02294954933760318
73,random_closure,0.15,test_invalid,invalid,0.023264556469786313
74,random_closure,0.15,test_invalid,invalid,0.023579462041714128
75,random_closure,0.15,test_invalid,invalid,0.0238942660861301
76,random_closure,0.15,test_invalid,invalid,0.02420896863576749
77,random_closure,0.15,test_invalid,invalid,0.02452356972334868
78,random_closure,0.15,test_invalid,invalid,0.024838069381585837
79,random_closure,0.15,test_invalid,invalid,0.025152467643180243
80,random_closure,0.15,test_invalid,invalid,0.025466764540822973
81,random_closure,0.15,test_invalid,invalid,0.025780960107194217
82,random_closure,0.15,test_invalid,invalid,0.026095054374963955
83,random_closure,0.15,test_invalid,invalid,0.026409047376791395
84,random_closure,0.15,test_invalid,invalid,0.02672293914532542
85,random_closure,0.15,test_invalid,invalid,0.027036729713204144
86,random_closure,0.15,test_invalid,invalid,0.027350419113055358
87,random_closure,0.15,test_invalid,invalid,0.02766400737749619
88,random_closure,0.15,test_invalid,invalid,0.02797749453913334
89,random_closure,0.15,test_invalid,invalid,0.028290880630563175
90,random_closure,0.15,test_invalid,invalid,0.028604165684371075
91,random_closure,0.15,test_invalid,invalid,0.028917349733132314
92,random_closure,0.15,test_invalid,invalid,0.02923043280941151
93,random_closure,0.15,test_invalid,invalid,0.029543414945762958
94,random_closure,0.15,test_invalid,invalid,0.02985629617473018
95,random_closure,0.15,test_invalid,invalid,0.030169076528846372
96,random_closure,0.15,test_invalid,invalid,0.03048175604063419
97,random_closure,0.15,test_invalid,invalid,0.030794334742605955
98,random_closure,0.15,test_invalid,invalid,0.03110681266726323
99,random_closure,0.15,test_invalid,invalid,0.03141918984709724
100,random_closure,0.15,test_invalid,invalid,0.031731466314588896
101,random_closure,0.15,test_invalid,invalid,0.032043642102208336
102,random_closure,0.15,test_invalid,invalid,0.03235571724241537
103,random_closure,0.15,test_invalid,invalid,0.03266769176765949
104,random_closure,0.15,test_invalid,invalid,0.03297956571037952
105,random_closure,0.15,test_invalid,invalid,0.03329133910300375
106,random_closure,0.15,test_invalid,invalid,0.03360301197795035
107,random_closure,0.15,test_invalid,invalid,0.03391458436762673
108,random_closure,0.15,test_invalid,invalid,0.0342260563044301
109,random_closure,0.15,test_invalid,invalid,0.03453742782074687
110,random_closure,0.15,test_invalid,invalid,0.03484869894895348
111,random_closure,0.15,test_invalid,invalid,0.03515986972141549
112,random_closure,0.15,test_invalid,invalid,0.03547094017048824
113,random_closure,0.15,test_invalid,invalid,0.03578191032851663
114,random_closure,0.15,test_invalid,invalid,0.03609278022783524
115,random_closure,0.15,test_invalid,invalid,0.036403549900767884
116,random_closure,0.15,test_invalid,invalid,0.03671421937962838
117,random_closure,0.15,test_invalid,invalid,0.03702478869671977
118,random_closure,0.15,test_invalid,invalid,0.037335257884334894
119,random_closure,0.15,test_invalid,invalid,0.03764562697475615
120,random_closure,0.15,test_invalid,invalid,0.037955896000255396
121,random_closure,0.15,test_invalid,invalid,0.03826606499309426
122,random_closure,0.15,test_invalid,invalid,0.03857613398552384
123,random_closure,0.15,test_invalid,invalid,0.0388861030097849
124,random_closure,0.15,test_invalid,invalid,0.03919597209810788
125,random_closure,0.15,test_invalid,invalid,0.03950574128271267
126,random_closure,0.15,test_invalid,invalid,0.03981541059580884
127,random_closure,0.15,test_invalid,invalid,0.04012498006959564
128,random_closure,0.15,test_invalid,invalid,0.04043444973626187
129,random_closure,0.15,test_invalid,invalid,0.0407438196279859
130,random_closure,0.15,test_invalid,invalid,0.04105308977693589
131,random_closure,0.15,test_invalid,invalid,0.04136226021526945
132,random_closure,0.15,test_invalid,invalid,0.04167133097513398
133,random_closure,0.15,test_invalid,invalid,0.04198030208866632
134,random_closure,0.15,test_invalid,invalid,0.04228917358799311
135,random_closure,0.15,test_invalid,invalid,0.04259794550523066
136,random_closure,0.15,test_invalid,invalid,0.04290661787248484
137,random_closure,0.15,test_invalid,invalid,0.04321519072185109
138,random_closure,0.15,test_invalid,invalid,0.04352366408541475
139,random_closure,0.15,test_invalid,invalid,0.043832037995250483
140,random_closure,0.15,test_invalid,invalid,0.04414031248342287
141,random_closure,0.15,test_invalid,invalid,0.04444848758198605
142,random_closure,0.15,test_invalid,invalid,0.044756563322983944
143,random_closure,0.15,test_invalid,invalid,0.04506453973844993
144,random_closure,0.15,test_invalid,invalid,0.04537241686040716
145,random_closure,0.15,test_invalid,invalid,0.045680194720868705
146,random_closure,0.15,test_invalid,invalid,0.04598787335183674
147,random_closure,0.15,test_invalid,invalid,0.04629545278530378
148,random_closure,0.15,test_invalid,invalid,0.04660293305325158
149,random_closure,0.15,test_invalid,invalid,0.04691031418765168
150,random_closure,0.15,test_invalid,invalid,0.047217596220465397
151,random_closure,0.15,test_invalid,invalid,0.04752477918364373
152,random_closure,0.15,test_invalid,invalid,0.04783186310912735
153,random_closure,0.15,test_invalid,invalid,0.048138848028846604
154,random_closure,0.15,test_invalid,invalid,0.048445733974721406
155,random_closure,0.15,test_invalid,invalid,0.048752520978661784
156,random_closure,0.15,test_invalid,invalid,0.04905920907256711
157,random_closure,0.15,test_invalid,invalid,0.04936579828832666
158,random_closure,0.15,test_invalid,invalid,0.04967228865781925
159,random_closure,0.15,test_invalid,invalid,0.04997868021291363
160,random_closure,0.15,test_invalid,invalid,0.05028497298546819
161,random_closure,0.15,test_invalid,invalid,0.050591167007330906
162,random_closure,0.15,test_invalid,invalid,0.05089726231033975
163,random_closure,0.15,test_invalid,invalid,0.05120325892632216
164,random_closure,0.15,test_invalid,invalid,0.051509156887095564
165,random_closure,0.15,test_invalid,invalid,0.05181495622446708
166,random_closure,0.15,test_invalid,invalid,0.05212065697023327
167,random_closure,0.15,test_invalid,invalid,0.05242625915618082
168,random_closure,0.15,test_invalid,invalid,0.05273176281408609
169,random_closure,0.15,test_invalid,invalid,0.053037167975715005
170,random_closure,0.15,test_invalid,invalid,0.05334247467282338
171,random_closure,0.15,test_invalid,invalid,0.05364768293715694
172,random_closure,0.15,test_invalid,invalid,0.053952792800450844
173,random_closure,0.15,test_invalid,invalid,0.05425780429443028
174,random_closure,0.15,test_invalid,invalid,0.054562717450810205
175,random_closure,0.15,test_invalid,invalid,0.05486753230129515
176,random_closure,0.15,test_invalid,invalid,0.055172248877579544
177,random_closure,0.15,test_invalid,invalid,0.0554768672113477
178,random_closure,0.15,test_invalid,invalid,0.05578138733427351
179,random_closure,0.15,test_invalid,invalid,0.05608580927802076
180,random_closure,0.15,test_invalid,invalid,0.05639013307424312
181,random_closure,0.15,test_invalid,invalid,0.05669435875458395
182,random_closure,0.15,test_invalid,invalid,0.05699848635067628
183,random_closure,0.15,test_invalid,invalid,0.05730251589414326
184,random_closure,0.15,test_invalid,invalid,0.057606447416597595
185,random_closure,0.15,test_invalid,invalid,0.05791028094964179
186,random_closure,0.15,test_invalid,invalid,0.05821401652486835
187,random_closure,0.15,test_invalid,invalid,0.05851765417385946
188,random_closure,0.15,test_invalid,invalid,0.05882119392818719
189,random_closure,0.15,test_invalid,invalid,0.059124635819413185
190,random_closure,0.15,test_invalid,invalid,0.05942797987908932
191,random_closure,0.15,test_invalid,invalid,0.05973122613875714
192,random_closure,0.15,test_invalid,invalid,0.06003437462994776
193,random_closure,0.15,test_invalid,invalid,0.06033742538418241
194,random_closure,0.15,test_invalid,invalid,0.06064037843297221
195,random_closure,0.15,test_invalid,invalid,0.060943233807817965
196,random_closure,0.15,test_invalid,invalid,0.061245991540210154
197,random_closure,0.15,test_invalid,invalid,0.061548651661629594
198,random_closure,0.15,test_invalid,invalid,0.061851214203546556
199,random_closure,0.15,test_invalid,invalid,0.06215367919742132
200,random_closure,0.15,test_invalid,invalid,0.062456046674703836
201,random_closure,0.15,test_invalid,invalid,0.06275831666683418
202,random_closure,0.15,test_invalid,invalid,0.06306048920524221
203,random_closure,0.15,test_invalid,invalid,0.06336256432134746
204,random_closure,0.15,test_invalid,invalid,0.06366454204655969
205,random_closure,0.15,test_invalid,invalid,0.06396642241227812
206,random_closure,0.15,test_invalid,invalid,0.0642682054498922
207,random_closure,0.15,test_invalid,invalid,0.06456989119078105
208,random_closure,0.15,test_invalid,invalid,0.06487147966631368
209,random_closure,0.15,test_invalid,invalid,0.06517297090784924
210,random_closure,0.15,test_invalid,invalid,0.06547436494673631
211,random_closure,0.15,test_invalid,invalid,0.06577566181431393
212,random_closure,0.15,test_invalid,invalid,0.0660768615419105
213,random_closure,0.15,test_invalid,invalid,0.06637796416084463
214,random_closure,0.15,test_invalid,invalid,0.0666789697024247
215,random_closure,0.15,test_invalid,invalid,0.06697987819794915
216,random_closure,0.15,test_invalid,invalid,0.06728068967870615
217,random_closure,0.15,test_invalid,invalid,0.06758140417597391
218,random_closure,0.15,test_invalid,invalid,0.06788202172102054
219,random_closure,0.15,test_invalid,invalid,0.0681825423451039
220,random_closure,0.15,test_invalid,invalid,0.06848296607947213
221,random_closure,0.15,test_invalid,invalid,0.0687832929553629
222,random_closure,0.15,test_invalid,invalid,0.069083523004004
223,random_closure,0.15,test_invalid,invalid,0.06938365625661314
224,random_closure,0.15,test_invalid,invalid,0.06968369274439812
225,random_closure,0.15,test_invalid,invalid,0.06998363249855633
226,random_closure,0.15,test_invalid,invalid,0.07028347555027536
227,random_closure,0.15,test_invalid,invalid,0.07058322193073263
228,random_closure,0.15,test_invalid,invalid,0.07088287167109564
229,random_closure,0.15,test_invalid,invalid,0.07118242480252168
230,random_closure,0.15,test_invalid,invalid,0.07148188135615818
231,random_closure,0.15,test_invalid,invalid,0.07178124136314223
232,random_closure,0.15,test_invalid,invalid,0.07208050485460127
233,random_closure,0.15,test_invalid,invalid,0.0723796718616524
234,random_closure,0.15,test_invalid,invalid,0.07267874241540284
235,random_closure,0.15,test_invalid,invalid,0.07297771654694962
236,random_closure,0.15,test_invalid,invalid,0.07327659428737998
237,random_closure,0.15,test_invalid,invalid,0.07357537566777106
238,random_closure,0.15,test_invalid,invalid,0.07387406071918978
239,random_closure,0.15,test_invalid,invalid,0.0741726494726932
240,random_closure,0.15,test_invalid,invalid,0.07447114195932858
241,random_closure,0.15,test_invalid,invalid,0.07476953821013277
242,random_closure,0.15,test_invalid,invalid,0.07506783825613272
243,random_closure,0.15,test_invalid,invalid,0.07536604212834574
244,random_closure,0.15,test_invalid,invalid,0.07566414985777858
245,random_closure,0.15,test_invalid,invalid,0.07596216147542845
246,random_closure,0.15,test_invalid,invalid,0.07626007701228232
247,random_closure,0.15,test_invalid,invalid,0.07655789649931721
248,random_closure,0.15,test_invalid,invalid,0.07685561996750012
249,random_closure,0.15,test_invalid,invalid,0.07715324744778829
250,random_closure,0.15,test_invalid,invalid,0.07745077897112873
251,random_closure,0.15,test_invalid,invalid,0.0777482145684586
252,random_closure,0.15,test_invalid,invalid,0.07804555427070492
253,random_closure,0.15,test_invalid,invalid,0.07834279810878497
254,random_closure,0.15,test_invalid,invalid,0.07863994611360592
255,random_closure,0.15,test_invalid,invalid,0.07893699831606504
256,random_closure,0.15,test_invalid,invalid,0.07923395474704953
257,random_closure,0.15,test_invalid,invalid,0.07953081543743667
258,random_closure,0.15,test_invalid,invalid,0.07982758041809401
259,random_closure,0.15,test_invalid,invalid,0.08012424971987886
260,random_closure,0.15,test_invalid,invalid,0.08042082337363865
261,random_closure,0.15,test_invalid,invalid,0.08071730141021094
262,random_closure,0.15,test_invalid,invalid,0.08101368386042329
263,random_closure,0.15,test_invalid,invalid,0.08130997075509327
264,random_closure,0.15,test_invalid,invalid,0.08160616212502869
265,random_closure,0.15,test_invalid,invalid,0.08190225800102735
266,random_closure,0.15,test_invalid,invalid,0.08219825841387696
267,random_closure,0.15,test_invalid,invalid,0.08249416339435545
268,random_closure,0.15,test_invalid,invalid,0.08278997297323087
269,random_closure,0.15,test_invalid,invalid,0.0830856871812613
270,random_closure,0.15,test_invalid,invalid,0.0833813060491948
271,random_closure,0.15,test_invalid,invalid,0.08367682960776968
272,random_closure,0.15,test_invalid,invalid,0.08397225788771423
273,random_closure,0.15,test_invalid,invalid,0.0842675909197469
274,random_closure,0.15,test_invalid,invalid,0.08456282873457621
275,random_closure,0.15,test_invalid,invalid,0.08485797136290085
276,random_closure,0.15,test_invalid,invalid,0.08515301883540938
277,random_closure,0.15,test_invalid,invalid,0.08544797118278069
278,random_closure,0.15,test_invalid,invalid,0.08574282843568382
279,random_closure,0.15,test_invalid,invalid,0.08603759062477767
280,random_closure,0.15,test_invalid,invalid,0.08633225778071152
281,random_closure,0.15,test_invalid,invalid,0.08662682993412452
282,random_closure,0.15,test_invalid,invalid,0.08692130711564616
283,random_closure,0.15,test_invalid,invalid,0.08721568935589596
284,random_closure,0.15,test_invalid,invalid,0.08750997668548355
285,random_closure,0.15,test_invalid,invalid,0.08780416913500877
286,random_closure,0.15,test_invalid,invalid,0.08809826673506149
287,random_closure,0.15,test_invalid,invalid,0.08839226951622181
288,random_closure,0.15,test_invalid,invalid,0.08868617750905983
289,random_closure,0.15,test_invalid,invalid,0.0889799907441361
290,random_closure,0.15,test_invalid,invalid,0.08927370925200084
291,random_closure,0.15,test_invalid,invalid,0.08956733306319486
292,random_closure,0.15,test_invalid,invalid,0.08986086220824896
293,random_closure,0.15,test_invalid,invalid,0.09015429671768416
294,random_closure,0.15,test_invalid,invalid,0.09044763662201127
295,random_closure,0.15,test_invalid,invalid,0.09074088195173191
296,random_closure,0.15,test_invalid,invalid,0.09103403273733734
297,random_closure,0.15,test_invalid,invalid,0.09132708900930919
298,random_closure,0.15,test_invalid,invalid,0.09162005079811919
299,random_closure,0.15,test_invalid,invalid,0.09191291813422942
300,random_closure,0.15,test_invalid,invalid,0.09220569104809195
301,random_closure,0.15,test_invalid,invalid,0.09249836957014912
302,random_closure,0.15,test_invalid,invalid,0.09279095373083346
303,random_closure,0.15,test_invalid,invalid,0.09308344356056752
304,random_closure,0.15,test_invalid,invalid,0.09337583908976443
305,random_closure,0.15,test_invalid,invalid,0.09366814034882698
306,random_closure,0.15,test_invalid,invalid,0.09396034736814873
307,random_closure,0.15,test_invalid,invalid,0.09425246017811295
308,random_closure,0.15,test_invalid,invalid,0.09454447880909345
309,random_closure,0.15,test_invalid,invalid,0.09483640329145393
310,random_closure,0.15,test_invalid,invalid,0.09512823365554879
311,random_closure,0.15,test_invalid,invalid,0.09541996993172208
312,random_closure,0.15,test_invalid,invalid,0.09571161215030843
313,random_closure,0.15,test_invalid,invalid,0.09600316034163259
314,random_closure,0.15,test_invalid,invalid,0.09629461453600963
315,random_closure,0.15,test_invalid,invalid,0.09658597476374453
316,random_closure,0.15,test_invalid,invalid,0.09687724105513285
317,random_closure,0.15,test_invalid,invalid,0.09716841344046023
318,random_closure,0.15,test_invalid,invalid,0.09745949195000259
319,random_closure,0.15,test_invalid,invalid,0.09775047661402614
320,random_closure,0.15,test_invalid,invalid,0.09804136746278713
321,random_closure,0.15,test_invalid,invalid,0.09833216452653215
322,random_closure,0.15,test_invalid,invalid,0.09862286783549823
323,random_closure,0.15,test_invalid,invalid,0.0989134774199123
324,random_closure,0.15,test_invalid,invalid,0.09920399330999197
325,random_closure,0.15,test_invalid,invalid,0.09949441553594462
326,random_closure,0.15,test_invalid,invalid,0.09978474412796845
327,random_closure,0.15,test_invalid,invalid,0.1000749791162513
328,random_closure,0.15,test_invalid,invalid,0.1003651205309718
329,random_closure,0.15,test_invalid,invalid,0.1006551684022986
330,random_closure,0.15,test_invalid,invalid,0.1009451227603907
331,random_closure,0.15,test_invalid,invalid,0.10123498363539718
332,random_closure,0.15,test_invalid,invalid,0.10152475105745784
333,random_closure,0.15,test_invalid,invalid,0.10181442505670224
334,random_closure,0.15,test_invalid,invalid,0.10210400566325062
335,random_closure,0.15,test_invalid,invalid,0.10239349290721333
336,random_closure,0.15,test_invalid,invalid,0.10268288681869109
337,random_closure,0.15,test_invalid,invalid,0.10297218742777481
338,random_closure,0.15,test_invalid,invalid,0.10326139476454577
339,random_closure,0.15,test_invalid,invalid,0.10355050885907557
340,random_closure,0.15,test_invalid,invalid,0.10383952974142607
341,random_closure,0.15,test_invalid,invalid,0.10412845744164945
342,random_closure,0.15,test_invalid,invalid,0.10441729198978811
343,random_closure,0.15,test_invalid,invalid,0.10470603341587514
344,random_closure,0.15,test_invalid,invalid,0.10499468174993332
345,random_closure,0.15,test_invalid,invalid,0.1052832370219764
346,random_closure,0.15,test_invalid,invalid,0.10557169926200793
347,random_closure,0.15,test_invalid,invalid,0.10586006850002216
348,random_closure,0.15,test_invalid,invalid,0.10614834476600343
349,random_closure,0.15,test_invalid,invalid,0.10643652808992654
350,random_closure,0.15,test_invalid,invalid,0.10672461850175663
351,random_closure,0.15,test_invalid,invalid,0.10701261603144896
352,random_closure,0.15,test_invalid,invalid,0.10730052070894947
353,random_closure,0.15,test_invalid,invalid,0.10758833256419431
354,random_closure,0.15,test_invalid,invalid,0.10787605162710978
355,random_closure,0.15,test_invalid,invalid,0.10816367792761283
356,random_closure,0.15,test_invalid,invalid,0.10845121149561066
357,random_closure,0.15,test_invalid,invalid,0.10873865236100078
358,random_closure,0.15,test_invalid,invalid,0.10902600055367107
359,random_closure,0.15,test_invalid,invalid,0.10931325610349973
360,random_closure,0.15,test_invalid,invalid,0.10960041904035545
361,random_closure,0.15,test_invalid,invalid,0.1098874893940972
362,random_closure,0.15,test_invalid,invalid,0.11017446719457435
363,random_closure,0.15,test_invalid,invalid,0.1104613524716267
364,random_closure,0.15,test_invalid,invalid,0.11074814525508436
365,random_closure,0.15,test_invalid,invalid,0.11103484557476784
366,random_closure,0.15,test_invalid,invalid,0.11132145346048805
367,random_closure,0.15,test_invalid,invalid,0.11160796894204617
368,random_closure,0.15,test_invalid,invalid,0.1118943920492339
369,random_closure,0.15,test_invalid,invalid,0.11218072281183344
370,random_closure,0.15,test_invalid,invalid,0.11246696125961719
371,random_closure,0.15,test_invalid,invalid,0.11275310742234801
372,random_closure,0.15,test_invalid,invalid,0.11303916132977909
373,random_closure,0.15,test_invalid,invalid,0.11332512301165432
374,random_closure,0.15,test_invalid,invalid,0.11361099249770756
375,random_closure,0.15,test_invalid,invalid,0.1138967698176635
376,random_closure,0.15,test_invalid,invalid,0.11418245500123692
377,random_closure,0.15,test_invalid,invalid,0.11446804807813327
378,random_closure,0.15,test_invalid,invalid,0.11475354907804824
379,random_closure,0.15,test_invalid,invalid,0.11503895803066799
380,random_closure,0.15,test_invalid,invalid,0.11532427496566933
381,random_closure,0.15,test_invalid,invalid,0.11560949991271907
382,random_closure,0.15,test_invalid,invalid,0.11589463290147484
383,random_closure,0.15,test_invalid,invalid,0.11617967396158457
384,random_closure,0.15,test_invalid,invalid,0.11646462312268657
385,random_closure,0.15,test_invalid,invalid,0.11674948041440969
386,random_closure,0.15,test_invalid,invalid,0.11703424586637312
387,random_closure,0.15,test_invalid,invalid,0.11731891950818663
388,random_closure,0.15,test_invalid,invalid,0.1176035013694503
389,random_closure,0.15,test_invalid,invalid,0.11788799147975493
390,random_closure,0.15,test_invalid,invalid,0.1181723898686815
391,random_closure,0.15,test_invalid,invalid,0.11845669656580149
392,random_closure,0.15,test_invalid,invalid,0.1187409116006769
393,random_closure,0.15,test_invalid,invalid,0.11902503500286032
394,random_closure,0.15,test_invalid,invalid,0.11930906680189468
395,random_closure,0.15,test_invalid,invalid,0.11959300702731335
396,random_closure,0.15,test_invalid,invalid,0.11987685570864015
397,random_closure,0.15,test_invalid,invalid,0.1201606128753897
398,random_closure,0.15,test_invalid,invalid,0.12044427855706663
399,random_closure,0.15,test_invalid,invalid,0.12072785278316644
400,random_closure,0.15,test_invalid,invalid,0.1210113355831749
401,random_closure,0.15,test_invalid,invalid,0.1212947269865684
402,random_closure,0.15,test_invalid,invalid,0.12157802702281384
403,random_closure,0.15,test_invalid,invalid,0.12186123572136831
404,random_closure,0.15,test_invalid,invalid,0.12214435311167993
405,random_closure,0.15,test_invalid,invalid,0.12242737922318692
406,random_closure,0.15,test_invalid,invalid,0.12271031408531807
407,random_closure,0.15,test_invalid,invalid,0.12299315772749286
408,random_closure,0.15,test_invalid,invalid,0.1232759101791212
409,random_closure,0.15,test_invalid,invalid,0.12355857146960336
410,random_closure,0.15,test_invalid,invalid,0.12384114162833026
411,random_closure,0.15,test_invalid,invalid,0.12412362068468341
412,random_closure,0.15,test_invalid,invalid,0.12440600866803486
413,random_closure,0.15,test_invalid,invalid,0.12468830560774691
414,random_closure,0.15,test_invalid,invalid,0.12497051153317273
415,random_closure,0.15,test_invalid,invalid,0.12525262647365587
416,random_closure,0.15,test_invalid,invalid,0.12553465045853052
417,random_closure,0.15,test_invalid,invalid,0.1258165835171211
418,random_closure,0.15,test_invalid,invalid,0.12609842567874308
419,random_closure,0.15,test_invalid,invalid,0.12638017697270199
420,random_closure,0.15,test_invalid,invalid,0.1266618374282943
421,random_closure,0.15,test_invalid,invalid,0.12694340707480678
422,random_closure,0.15,test_invalid,invalid,0.12722488594151682
423,random_closure,0.15,test_invalid,invalid,0.12750627405769244
424,random_closure,0.15,test_invalid,invalid,0.12778757145259212
425,random_closure,0.15,test_invalid,invalid,0.12806877815546502
426,random_closure,0.15,test_invalid,invalid,0.12834989419555076
427,random_closure,0.15,test_invalid,invalid,0.12863091960207962
428,random_closure,0.15,test_invalid,invalid,0.12891185440427244
429,random_closure,0.15,test_invalid,invalid,0.12919269863134064
430,random_closure,0.15,test_invalid,invalid,0.1294734523124862
431,random_closure,0.15,test_invalid,invalid,0.12975411547690152
432,random_closure,0.15,test_invalid,invalid,0.13003468815376995
433,random_closure,0.15,test_invalid,invalid,0.13031517037226514
434,random_closure,0.15,test_invalid,invalid,0.13059556216155144
435,random_closure,0.15,test_invalid,invalid,0.13087586355078396
436,random_closure,0.15,test_invalid,invalid,0.13115607456910794
437,random_closure,0.15,test_invalid,invalid,0.13143619524565975
438,random_closure,0.15,test_invalid,invalid,0.13171622560956597
439,random_closure,0.15,test_invalid,invalid,0.1319961656899441
440,random_closure,0.15,test_invalid,invalid,0.13227601551590207
441,random_closure,0.15,test_invalid,invalid,0.1325557751165385
442,random_closure,0.15,test_invalid,invalid,0.13283544452094243
443,random_closure,0.15,test_invalid,invalid,0.13311502375819395
444,random_closure,0.15,test_invalid,invalid,0.13339451285736326
445,random_closure,0.15,test_invalid,invalid,0.13367391184751154
446,random_closure,0.15,test_invalid,invalid,0.13395322075769056
447,random_closure,0.15,test_invalid,invalid,0.13423243961694253
448,random_closure,0.15,test_invalid,invalid,0.13451156845430057
449,random_closure,0.15,test_invalid,invalid,0.1347906072987881
450,random_closure,0.15,test_invalid,invalid,0.13506955617941963
451,random_closure,0.15,test_invalid,invalid,0.1353484151251999
452,random_closure,0.15,test_invalid,invalid,0.13562718416512454
453,random_closure,0.15,test_invalid,invalid,0.13590586332817967
454,random_closure,0.15,test_invalid,invalid,0.13618445264334222
455,random_closure,0.15,test_invalid,invalid,0.1364629521395797
456,random_closure,0.15,test_invalid,invalid,0.13674136184585028
457,random_closure,0.15,test_invalid,invalid,0.1370196817911028
458,random_closure,0.15,test_invalid,invalid,0.13729791200427677
459,random_closure,0.15,test_invalid,invalid,0.13757605251430238
460,random_closure,0.15,test_invalid,invalid,0.1378541033501004
461,random_closure,0.15,test_invalid,invalid,0.13813206454058247
462,random_closure,0.15,test_invalid,invalid,0.1384099361146508
463,random_closure,0.15,test_invalid,invalid,0.1386877181011983
464,random_closure,0.15,test_invalid,invalid,0.13896541052910838
465,random_closure,0.15,test_invalid,invalid,0.13924301342725542
466,random_closure,0.15,test_invalid,invalid,0.13952052682450433
467,random_closure,0.15,test_invalid,invalid,0.1397979507497108
468,random_closure,0.15,test_invalid,invalid,0.1400752852317212
469,random_closure,0.15,test_invalid,invalid,0.14035253029937245
470,random_closure,0.15,test_invalid,invalid,0.1406296859814924
471,random_closure,0.15,test_invalid,invalid,0.14090675230689942
472,random_closure,0.15,test_invalid,invalid,0.1411837293044027
473,random_closure,0.15,test_invalid,invalid,0.1414606170028022
474,random_closure,0.15,test_invalid,invalid,0.14173741543088847
475,random_closure,0.15,test_invalid,invalid,0.14201412461744267
476,random_closure,0.15,test_invalid,invalid,0.14229074459123703
477,random_closure,0.15,test_invalid,invalid,0.1425672753810341
478,random_closure,0.15,test_invalid,invalid,0.1428437170155875
479,random_closure,0.15,test_invalid,invalid,0.1431200695236413
480,random_closure,0.15,test_invalid,invalid,0.14339633293393061
481,random_closure,0.15,test_invalid,invalid,0.143672507275181
482,random_closure,0.15,test_invalid,invalid,0.14394859257610892
483,random_closure,0.15,test_invalid,invalid,0.14422458886542144
484,random_closure,0.15,test_invalid,invalid,0.1445004961718166
485,random_closure,0.15,test_invalid,invalid,0.14477631452398287
486,random_closure,0.15,test_invalid,invalid,0.14505204395059978
487,random_closure,0.15,test_invalid,invalid,0.1453276844803375
488,random_closure,0.15,test_invalid,invalid,0.14560323614185677
489,random_closure,0.15,test_invalid,invalid,0.14587869896380945
490,random_closure,0.15,test_invalid,invalid,0.14615407297483785
491,random_closure,0.15,test_invalid,invalid,0.14642935820357517
492,random_closure,0.15,test_invalid,invalid,0.1467045546786453
493,random_closure,0.15,test_invalid,invalid,0.14697966242866323
494,random_closure,0.15,test_invalid,invalid,0.1472546814822342
495,random_closure,0.15,test_invalid,invalid,0.14752961186795455
496,random_closure,0.15,test_invalid,invalid,0.14780445361441152
497,random_closure,0.15,test_invalid,invalid,0.1480792067501827
498,random_closure,0.15,test_invalid,invalid,0.14835387130383704
499,random_closure,0.15,test_invalid,invalid,0.14862844730393365
500,random_closure,0.15,test_invalid,invalid,0.14890293477902283
501,random_closure,0.15,test_invalid,invalid,0.14917733375764575
502,random_closure,0.15,test_invalid,invalid,0.14945164426833413
503,random_closure,0.15,test_invalid,invalid,0.1497258663396105
504,random_closure,0.15,test_invalid,invalid,0.14999999999998825
